job_key,company_id,序号,公司名称,是否匹配企业池,企业等级,所属行业,职位名称,工作地,location_text,province,city,district,location_cities,location_confidence,职能类别,招聘类型,发布日期,薪资信息,经验要求,学历要求,招聘人数,招聘人数原文,职位描述,任职要求,福利信息,url_type,is_direct_detail,detail_url_confidence,职位详情URL,来源招聘入口,是否官方来源,official_source,来源_channel,首次发现日期,最近核验日期,页面当前状态,是否能确认仍在招聘,验证日期,备注,来源可信度
CD0005|成都迈克生物股份有限公司|产品经理（临检方向）(J11943)|成都市,CD0005,1,成都迈克生物股份有限公司,是,A,医疗器械,产品经理（临检方向）(J11943),四川省成都市,四川省成都市,四川省,成都市,,成都,confirmed,产品,社会招聘,2026-09-20,,,,,,,,,listing_page,否,low,https://maccura.zhiye.com/jobs,https://maccura.zhiye.com/jobs,是,true,V1.2/V1.3,2026-09-28,2026-09-28,公开招聘中,,2026-09-28,,
CD0005|成都迈克生物股份有限公司|光学工程师(J11941)|成都市,CD0005,2,成都迈克生物股份有限公司,是,A,医疗器械,光学工程师(J11941),四川省成都市,四川省成都市,四川省,成都市,,成都,confirmed,研发,社会招聘,2026-09-17,,,,,,,,,listing_page,否,low,https://maccura.zhiye.com/jobs,https://maccura.zhiye.com/jobs,是,true,V1.2/V1.3,2026-09-28,2026-09-28,公开招聘中,,2026-09-28,,
CD0005|成都迈克生物股份有限公司|制造工程师（化学方向）(J11925)|成都市,CD0005,3,成都迈克生物股份有限公司,是,A,医疗器械,制造工程师（化学方向）(J11925),四川省成都市,四川省成都市,四川省,成都市,,成都,confirmed,生产制造,社会招聘,2026-09-01,,,,,,,,,listing_page,否,low,https://maccura.zhiye.com/jobs,https://maccura.zhiye.com/jobs,是,true,V1.2/V1.3,2026-09-28,2026-09-28,公开招聘中,,2026-09-28,,
CD0005|成都迈克生物股份有限公司|机械结构工程师(J11944)|成都市,CD0005,4,成都迈克生物股份有限公司,是,A,医疗器械,机械结构工程师(J11944),四川省成都市,四川省成都市,四川省,成都市,,成都,confirmed,研发,社会招聘,2026-09-22,,,,,,,,,listing_page,否,low,https://maccura.zhiye.com/jobs,https://maccura.zhiye.com/jobs,是,true,V1.2/V1.3,2026-09-28,2026-09-28,公开招聘中,,2026-09-28,,
CD0005|成都迈克生物股份有限公司|算法工程师（大模型应用方向）(J11777)|成都市,CD0005,5,成都迈克生物股份有限公司,是,A,医疗器械,算法工程师（大模型应用方向）(J11777),四川省成都市,四川省成都市,四川省,成都市,,成都,confirmed,算法,社会招聘,2026-09-21,,,,,,,,,listing_page,否,low,https://maccura.zhiye.com/jobs,https://maccura.zhiye.com/jobs,是,true,V1.2/V1.3,2026-09-28,2026-09-28,公开招聘中,,2026-09-28,,
CD0007:705,CD0007,6,成都仕芯半导体有限公司,是,A,半导体与集成电路,模拟ic设计师,成都(推定),成都(推定),四川省,成都市,,成都,inferred,研发,社会招聘,2024-09-12,,,,,,,,,direct_detail,是,medium,https://www.sicoresemi.com/News_Show.php?theId=705,https://www.sicoresemi.com/News_Show.php?theId=705,是,true,V1.2/V1.3,2026-09-28,2026-09-28,公开招聘中,,2026-09-28,官网新闻页发布的招聘信息，页面未标注工作城市,
CD0008|成都锐成芯微科技股份有限公司|存储器设计工程师|成都市,CD0008,7,成都锐成芯微科技股份有限公司,是,A,半导体与集成电路,存储器设计工程师,成都/上海,成都/上海,四川省,成都市,,成都|上海,confirmed,研发,社会招聘,,,,,,,,,,listing_page,否,low,https://analogcircuit.cn/recruit/800.html,https://analogcircuit.cn/recruit/800.html,是,true,V1.2/V1.3,2026-09-28,2026-09-28,公开招聘中,,2026-09-28,页面Base标注为成都/上海,
CD0010|英特尔产品（成都）有限公司|AI/ML Software App Development Intern|成都市,CD0010,8,英特尔产品（成都）有限公司,是,A,半导体与集成电路,AI/ML Software App Development Intern,四川省成都市,四川省成都市,四川省,成都市,,成都,confirmed,生产制造,实习,2026-09-07,,,,,,,,,listing_page,否,low,https://chinacampus.jobs.intel.cn/intel/position/index,https://chinacampus.jobs.intel.cn/intel/position/index,是,true,V1.2/V1.3,2026-09-28,2026-09-28,公开招聘中,,2026-09-28,,
"CD0010|英特尔产品（成都）有限公司|Foundry Program Manager, Service Operations and Program Management|成都市",CD0010,9,英特尔产品（成都）有限公司,是,A,半导体与集成电路,"Foundry Program Manager, Service Operations and Program Management",四川省成都市高新区,四川省成都市高新区,四川省,成都市,高新区,成都,confirmed,研发,未知,2026-09-17,,,,,,,,,listing_page,否,low,https://chinacampus.jobs.intel.cn/intel/position/index,https://chinacampus.jobs.intel.cn/intel/position/index,是,true,V1.2/V1.3,2026-09-28,2026-09-28,公开招聘中,,2026-09-28,,
CD0010|英特尔产品（成都）有限公司|Industry Engineer|成都市,CD0010,10,英特尔产品（成都）有限公司,是,A,半导体与集成电路,Industry Engineer,四川省成都市,四川省成都市,四川省,成都市,,成都,confirmed,生产制造,未知,2026-09-24,,,,,,,,,listing_page,否,low,https://chinacampus.jobs.intel.cn/intel/position/index,https://chinacampus.jobs.intel.cn/intel/position/index,是,true,V1.2/V1.3,2026-09-28,2026-09-28,公开招聘中,,2026-09-28,,
CD0010|英特尔产品（成都）有限公司|Operations Research Engineer Intern|成都市,CD0010,11,英特尔产品（成都）有限公司,是,A,半导体与集成电路,Operations Research Engineer Intern,四川省成都市,四川省成都市,四川省,成都市,,成都,confirmed,职能支持,实习,2026-09-10,,,,,,,,,listing_page,否,low,https://chinacampus.jobs.intel.cn/intel/position/index,https://chinacampus.jobs.intel.cn/intel/position/index,是,true,V1.2/V1.3,2026-09-28,2026-09-28,公开招聘中,,2026-09-28,,
CD0010|英特尔产品（成都）有限公司|Site Service Specialist|成都市,CD0010,12,英特尔产品（成都）有限公司,是,A,半导体与集成电路,Site Service Specialist,四川省成都市,四川省成都市,四川省,成都市,,成都,confirmed,职能支持,未知,2026-07-07,,,,,,,,,listing_page,否,low,https://chinacampus.jobs.intel.cn/intel/position/index,https://chinacampus.jobs.intel.cn/intel/position/index,是,true,V1.2/V1.3,2026-09-28,2026-09-28,公开招聘中,,2026-09-28,,
CD0012|成都光明光电股份有限公司|产品开发|成都市,CD0012,13,成都光明光电股份有限公司,是,A,新材料,产品开发,成都市龙泉驿区,成都市龙泉驿区,四川省,成都市,龙泉驿区,成都,confirmed,研发,校园招聘,,,,,,,,,,listing_page,否,low,https://www.cdgmgd.com/templates/www.cdgmgd.com/zh_CN/pc/tempmsg/recruitment.htm,https://www.cdgmgd.com/templates/www.cdgmgd.com/zh_CN/pc/tempmsg/recruitment.htm,是,true,V1.2/V1.3,2026-09-28,2026-09-28,公开招聘中,,2026-09-28,,
CD0012|成都光明光电股份有限公司|信息系统研发|成都市,CD0012,14,成都光明光电股份有限公司,是,A,新材料,信息系统研发,成都市龙泉驿区,成都市龙泉驿区,四川省,成都市,龙泉驿区,成都,confirmed,研发,校园招聘,,,,,,,,,,listing_page,否,low,https://www.cdgmgd.com/templates/www.cdgmgd.com/zh_CN/pc/tempmsg/recruitment.htm,https://www.cdgmgd.com/templates/www.cdgmgd.com/zh_CN/pc/tempmsg/recruitment.htm,是,true,V1.2/V1.3,2026-09-28,2026-09-28,公开招聘中,,2026-09-28,,
CD0012|成都光明光电股份有限公司|控制技术|成都市,CD0012,15,成都光明光电股份有限公司,是,A,新材料,控制技术,成都市龙泉驿区,成都市龙泉驿区,四川省,成都市,龙泉驿区,成都,confirmed,研发,校园招聘,,,,,,,,,,listing_page,否,low,https://www.cdgmgd.com/templates/www.cdgmgd.com/zh_CN/pc/tempmsg/recruitment.htm,https://www.cdgmgd.com/templates/www.cdgmgd.com/zh_CN/pc/tempmsg/recruitment.htm,是,true,V1.2/V1.3,2026-09-28,2026-09-28,公开招聘中,,2026-09-28,,
CD0012|成都光明光电股份有限公司|炉窑结构研究|成都市,CD0012,16,成都光明光电股份有限公司,是,A,新材料,炉窑结构研究,成都市龙泉驿区,成都市龙泉驿区,四川省,成都市,龙泉驿区,成都,confirmed,研发,校园招聘,,,,,,,,,,listing_page,否,low,https://www.cdgmgd.com/templates/www.cdgmgd.com/zh_CN/pc/tempmsg/recruitment.htm,https://www.cdgmgd.com/templates/www.cdgmgd.com/zh_CN/pc/tempmsg/recruitment.htm,是,true,V1.2/V1.3,2026-09-28,2026-09-28,公开招聘中,,2026-09-28,,
CD0012|成都光明光电股份有限公司|销售业务员|成都市,CD0012,17,成都光明光电股份有限公司,是,A,新材料,销售业务员,成都市龙泉驿区,成都市龙泉驿区,四川省,成都市,龙泉驿区,成都,confirmed,销售,校园招聘,,,,,,,,,,listing_page,否,low,https://www.cdgmgd.com/templates/www.cdgmgd.com/zh_CN/pc/tempmsg/recruitment.htm,https://www.cdgmgd.com/templates/www.cdgmgd.com/zh_CN/pc/tempmsg/recruitment.htm,是,true,V1.2/V1.3,2026-09-28,2026-09-28,公开招聘中,,2026-09-28,,
CD0020|成都迅游网络科技股份有限公司|C++开发工程师（成都）|成都市,CD0020,18,成都迅游网络科技股份有限公司,是,A,游戏,C++开发工程师（成都）,成都,成都,四川省,成都市,,成都,confirmed,研发,社会招聘,,,,,,,,,,listing_page,否,low,https://www.xunyou.com/2014hr/position.shtml,https://www.xunyou.com/2014hr/position.shtml,是,true,V1.2/V1.3,2026-09-28,2026-09-28,公开招聘中,,2026-09-28,,
CD0020|成都迅游网络科技股份有限公司|C/C++客户端开发工程师（成都）|成都市,CD0020,19,成都迅游网络科技股份有限公司,是,A,游戏,C/C++客户端开发工程师（成都）,成都,成都,四川省,成都市,,成都,confirmed,研发,社会招聘,,,,,,,,,,listing_page,否,low,https://www.xunyou.com/2014hr/position.shtml,https://www.xunyou.com/2014hr/position.shtml,是,true,V1.2/V1.3,2026-09-28,2026-09-28,公开招聘中,,2026-09-28,,
CD0020|成都迅游网络科技股份有限公司|自动化测试工程师（成都）|成都市,CD0020,20,成都迅游网络科技股份有限公司,是,A,游戏,自动化测试工程师（成都）,成都,成都,四川省,成都市,,成都,confirmed,研发,社会招聘,,,,,,,,,,listing_page,否,low,https://www.xunyou.com/2014hr/position.shtml,https://www.xunyou.com/2014hr/position.shtml,是,true,V1.2/V1.3,2026-09-28,2026-09-28,公开招聘中,,2026-09-28,,
CD0020|成都迅游网络科技股份有限公司|软件测试（成都）|成都市,CD0020,21,成都迅游网络科技股份有限公司,是,A,游戏,软件测试（成都）,成都,成都,四川省,成都市,,成都,confirmed,研发,社会招聘,,,,,,,,,,listing_page,否,low,https://www.xunyou.com/2014hr/position.shtml,https://www.xunyou.com/2014hr/position.shtml,是,true,V1.2/V1.3,2026-09-28,2026-09-28,公开招聘中,,2026-09-28,,
CD0020|成都迅游网络科技股份有限公司|运维开发工程师（成都）|成都市,CD0020,22,成都迅游网络科技股份有限公司,是,A,游戏,运维开发工程师（成都）,成都,成都,四川省,成都市,,成都,confirmed,研发,社会招聘,,,,,,,,,,listing_page,否,low,https://www.xunyou.com/2014hr/position.shtml,https://www.xunyou.com/2014hr/position.shtml,是,true,V1.2/V1.3,2026-09-28,2026-09-28,公开招聘中,,2026-09-28,,
CD0022|成都龙渊网络科技有限公司|原画设计师实习生（物华弥新项目）|成都市,CD0022,23,成都龙渊网络科技有限公司,是,A,游戏,原画设计师实习生（物华弥新项目）,成都,成都,四川省,成都市,,成都市,confirmed,其他,实习,,,,,,,,,,listing_page,否,low,https://www.ilongyuan.com.cn/index/campusrecruit.html,https://www.ilongyuan.com.cn/index/campusrecruit.html,是,true,V1.2/V1.3,2026-09-28,2026-09-28,公开招聘中,,2026-09-28,2026-09-26复核：龙渊中文官网校园招聘页直接显示该职位原名、类别“美术”和地点“成都”；页面为职位列表页，未标发布日期。,
CD0023:230901690,CD0023,24,四川科伦博泰生物医药股份有限公司,是,A,生物医药,科伦博泰-临床试验助理(CTA）(J10125),四川省成都市,四川省成都市,四川省,成都市,,成都,confirmed,研发,社会招聘,2026-05-07,,,,,,,,,direct_detail,是,high,https://kelunbotai.zhiye.com/zpdetail/230901690,https://kelunbotai.zhiye.com/social/,是,true,V1.2/V1.3,2026-09-28,2026-09-28,公开招聘中,,2026-09-28,,
CD0023:230904233,CD0023,25,四川科伦博泰生物医药股份有限公司,是,A,生物医药,科伦博泰-（高级）招聘经理(J13232),四川省成都市,四川省成都市,四川省,成都市,,成都,confirmed,职能支持,社会招聘,2026-05-14,,,,,,,,,direct_detail,是,high,https://kelunbotai.zhiye.com/zpdetail/230904233,https://kelunbotai.zhiye.com/social/,是,true,V1.2/V1.3,2026-09-28,2026-09-28,公开招聘中,,2026-09-28,,
CD0023:230914698,CD0023,26,四川科伦博泰生物医药股份有限公司,是,A,生物医药,科伦博泰-合规专员（成都）(J13350),四川省成都市,四川省成都市,四川省,成都市,,成都,confirmed,职能支持,社会招聘,2026-06-24,,,,,,,,,direct_detail,是,high,https://kelunbotai.zhiye.com/zpdetail/230914698,https://kelunbotai.zhiye.com/social/,是,true,V1.2/V1.3,2026-09-28,2026-09-28,公开招聘中,,2026-09-28,,
CD0023:230926854,CD0023,27,四川科伦博泰生物医药股份有限公司,是,A,生物医药,科伦博泰-毒理研究科学家(J13413),四川省成都市,四川省成都市,四川省,成都市,,成都,confirmed,研发,社会招聘,2026-08-07,,,,,,,,,direct_detail,是,high,https://kelunbotai.zhiye.com/zpdetail/230926854,https://kelunbotai.zhiye.com/social/,是,true,V1.2/V1.3,2026-09-28,2026-09-28,公开招聘中,,2026-09-28,,
CD0023:230943304,CD0023,28,四川科伦博泰生物医药股份有限公司,是,A,生物医药,科伦博泰-药效研究助理科学家/科学家(J13516),四川省成都市,四川省成都市,四川省,成都市,,成都,confirmed,研发,社会招聘,2026-09-20,,,,,,,,,direct_detail,是,high,https://kelunbotai.zhiye.com/zpdetail/230943304,https://kelunbotai.zhiye.com/social/,是,true,V1.2/V1.3,2026-09-28,2026-09-28,公开招聘中,,2026-09-28,,
CD0024:230939214,CD0024,29,四川科伦药业股份有限公司（成都）,是,A,生物医药,科伦药业-集团质量副总裁(J13460),四川省成都市,四川省成都市,四川省,成都市,,成都,confirmed,生产制造,社会招聘,,,,,,,,,,direct_detail,是,high,https://kelun.zhiye.com/job_show/230939214,https://kelun.zhiye.com/social/,是,true,V1.2/V1.3,2026-09-28,2026-09-28,公开招聘中,,2026-09-28,,
CD0024:230943069,CD0024,30,四川科伦药业股份有限公司（成都）,是,A,生物医药,科伦研究院-药物化学科学家(J13501),四川省成都市,四川省成都市,四川省,成都市,,成都,confirmed,研发,社会招聘,,,,,,,,,,direct_detail,是,high,https://kelun.zhiye.com/job_show/230943069,https://kelun.zhiye.com/social/,是,true,V1.2/V1.3,2026-09-28,2026-09-28,公开招聘中,,2026-09-28,,
CD0024:230943303,CD0024,31,四川科伦药业股份有限公司（成都）,是,A,生物医药,科伦博泰-药效研究助理科学家/科学家(J13516),四川省成都市,四川省成都市,四川省,成都市,,成都,confirmed,研发,社会招聘,,,,,,,,,,direct_detail,是,high,https://kelun.zhiye.com/job_show/230943303,https://kelun.zhiye.com/social/,是,true,V1.2/V1.3,2026-09-28,2026-09-28,公开招聘中,,2026-09-28,,
CD0024:230943521,CD0024,32,四川科伦药业股份有限公司（成都）,是,A,生物医药,新开元-体系QA(J13520),四川省成都市,四川省成都市,四川省,成都市,,成都,confirmed,生产制造,社会招聘,,,,,,,,,,direct_detail,是,high,https://kelun.zhiye.com/job_show/230943521,https://kelun.zhiye.com/social/,是,true,V1.2/V1.3,2026-09-28,2026-09-28,公开招聘中,,2026-09-28,,
CD0025|成都倍特药业股份有限公司|人力信息主管（HRIS）(J13405)|成都市,CD0025,33,成都倍特药业股份有限公司,是,A,生物医药,人力信息主管（HRIS）(J13405),四川省成都市双流区,四川省成都市双流区,四川省,成都市,双流区,成都,confirmed,职能支持,社会招聘,2026-09-24,,,,,,,,,listing_page,否,low,https://btyy.zhiye.com/social/jobs,https://btyy.zhiye.com/social/jobs,是,true,V1.2/V1.3,2026-09-28,2026-09-28,公开招聘中,,2026-09-28,,
CD0025|成都倍特药业股份有限公司|人力资源主管(J13391)|成都市,CD0025,34,成都倍特药业股份有限公司,是,A,生物医药,人力资源主管(J13391),四川省成都市,四川省成都市,四川省,成都市,,成都,confirmed,职能支持,社会招聘,2026-07-17,,,,,,,,,listing_page,否,low,https://btyy.zhiye.com/social/jobs,https://btyy.zhiye.com/social/jobs,是,true,V1.2/V1.3,2026-09-28,2026-09-28,公开招聘中,,2026-09-28,,
CD0025|成都倍特药业股份有限公司|发酵车间主任(J13417)|成都市,CD0025,35,成都倍特药业股份有限公司,是,A,生物医药,发酵车间主任(J13417),四川省成都市双流区,四川省成都市双流区,四川省,成都市,双流区,成都,confirmed,生产制造,社会招聘,2026-09-24,,,,,,,,,listing_page,否,low,https://btyy.zhiye.com/social/jobs,https://btyy.zhiye.com/social/jobs,是,true,V1.2/V1.3,2026-09-28,2026-09-28,公开招聘中,,2026-09-28,,
CD0025|成都倍特药业股份有限公司|成本会计(J13363)|成都市,CD0025,36,成都倍特药业股份有限公司,是,A,生物医药,成本会计(J13363),四川省成都市,四川省成都市,四川省,成都市,,成都,confirmed,职能支持,社会招聘,2026-06-10,,,,,,,,,listing_page,否,low,https://btyy.zhiye.com/social/jobs,https://btyy.zhiye.com/social/jobs,是,true,V1.2/V1.3,2026-09-28,2026-09-28,公开招聘中,,2026-09-28,,
CD0025|成都倍特药业股份有限公司|采购主管(J13418)|成都市,CD0025,37,成都倍特药业股份有限公司,是,A,生物医药,采购主管(J13418),四川省成都市双流区,四川省成都市双流区,四川省,成都市,双流区,成都,confirmed,供应链,社会招聘,2026-09-24,,,,,,,,,listing_page,否,low,https://btyy.zhiye.com/social/jobs,https://btyy.zhiye.com/social/jobs,是,true,V1.2/V1.3,2026-09-28,2026-09-28,公开招聘中,,2026-09-28,,
CD0027|成都欧林生物科技股份有限公司|R&D Project Lead|成都市,CD0027,38,成都欧林生物科技股份有限公司,是,A,生物医药,R&D Project Lead,成都(推定),成都(推定),四川省,成都市,,成都,inferred,研发,社会招聘,,,,,,,,,,listing_page,否,low,https://www.olymvax.com/talent.aspx?t=24,https://www.olymvax.com/talent.aspx?t=24,是,true,V1.2/V1.3,2026-09-28,2026-09-28,公开招聘中,,2026-09-28,,
CD0027|成都欧林生物科技股份有限公司|助理技术员（发酵）|成都市,CD0027,39,成都欧林生物科技股份有限公司,是,A,生物医药,助理技术员（发酵）,成都(推定),成都(推定),四川省,成都市,,成都,inferred,研发,社会招聘,,,,,,,,,,listing_page,否,low,https://www.olymvax.com/talent.aspx?t=24,https://www.olymvax.com/talent.aspx?t=24,是,true,V1.2/V1.3,2026-09-28,2026-09-28,公开招聘中,,2026-09-28,,
CD0027|成都欧林生物科技股份有限公司|助理技术员（纯化）|成都市,CD0027,40,成都欧林生物科技股份有限公司,是,A,生物医药,助理技术员（纯化）,成都(推定),成都(推定),四川省,成都市,,成都,inferred,研发,社会招聘,,,,,,,,,,listing_page,否,low,https://www.olymvax.com/talent.aspx?t=24,https://www.olymvax.com/talent.aspx?t=24,是,true,V1.2/V1.3,2026-09-28,2026-09-28,公开招聘中,,2026-09-28,,
CD0027|成都欧林生物科技股份有限公司|助理技术员（质量研究）|成都市,CD0027,41,成都欧林生物科技股份有限公司,是,A,生物医药,助理技术员（质量研究）,成都(推定),成都(推定),四川省,成都市,,成都,inferred,研发,社会招聘,,,,,,,,,,listing_page,否,low,https://www.olymvax.com/talent.aspx?t=24,https://www.olymvax.com/talent.aspx?t=24,是,true,V1.2/V1.3,2026-09-28,2026-09-28,公开招聘中,,2026-09-28,,
CD0027|成都欧林生物科技股份有限公司|质量技术员|成都市,CD0027,42,成都欧林生物科技股份有限公司,是,A,生物医药,质量技术员,成都(推定),成都(推定),四川省,成都市,,成都,inferred,研发,社会招聘,,,,,,,,,,listing_page,否,low,https://www.olymvax.com/talent.aspx?t=24,https://www.olymvax.com/talent.aspx?t=24,是,true,V1.2/V1.3,2026-09-28,2026-09-28,公开招聘中,,2026-09-28,,
CD0028|成都海创药业股份有限公司|医学联络官MSL|成都市,CD0028,43,成都海创药业股份有限公司,是,A,生物医药,医学联络官MSL,成都,成都,四川省,成都市,,成都,confirmed,其他,社会招聘,2026-08-04,,,,,,,,,listing_page,否,low,https://www.hinovapharma.com/recruit/index.html,https://www.hinovapharma.com/recruit/index.html,是,true,V1.2/V1.3,2026-09-28,2026-09-28,公开招聘中,,2026-09-28,,
CD0028|成都海创药业股份有限公司|审计经理|成都市,CD0028,44,成都海创药业股份有限公司,是,A,生物医药,审计经理,成都,成都,四川省,成都市,,成都,confirmed,职能支持,社会招聘,2026-08-03,,,,,,,,,listing_page,否,low,https://www.hinovapharma.com/recruit/index.html,https://www.hinovapharma.com/recruit/index.html,是,true,V1.2/V1.3,2026-09-28,2026-09-28,公开招聘中,,2026-09-28,,
CD0028|成都海创药业股份有限公司|生物副研究员|成都市,CD0028,45,成都海创药业股份有限公司,是,A,生物医药,生物副研究员,成都,成都,四川省,成都市,,成都,confirmed,研发,社会招聘,2026-08-03,,,,,,,,,listing_page,否,low,https://www.hinovapharma.com/recruit/index.html,https://www.hinovapharma.com/recruit/index.html,是,true,V1.2/V1.3,2026-09-28,2026-09-28,公开招聘中,,2026-09-28,,
CD0028|成都海创药业股份有限公司|药代毒理总监|成都市,CD0028,46,成都海创药业股份有限公司,是,A,生物医药,药代毒理总监,成都,成都,四川省,成都市,,成都,confirmed,研发,社会招聘,2026-04-21,,,,,,,,,listing_page,否,low,https://www.hinovapharma.com/recruit/index.html,https://www.hinovapharma.com/recruit/index.html,是,true,V1.2/V1.3,2026-09-28,2026-09-28,公开招聘中,,2026-09-28,,
CD0028|成都海创药业股份有限公司|药物化学博士研究员|成都市,CD0028,47,成都海创药业股份有限公司,是,A,生物医药,药物化学博士研究员,成都(推定),成都(推定),四川省,成都市,,成都,inferred,研发,社会招聘,2026-04-21,,,,,,,,,listing_page,否,low,https://www.hinovapharma.com/recruit/index.html,https://www.hinovapharma.com/recruit/index.html,是,true,V1.2/V1.3,2026-09-28,2026-09-28,公开招聘中,,2026-09-28,该条页面未单独标注城市，公司招聘页其余岗位均标注成都,
CD0029:243,CD0029,48,成都迪康药业股份有限公司,是,A,生物医药,产品组经理,成都,成都,四川省,成都市,,成都,confirmed,市场,社会招聘,2026-03-09,,,,,,,,,direct_detail,是,medium,https://www.dikangyaoye.com/Fjob/show?job_id=243&catid=63,https://www.dikangyaoye.com/shehuizhaopin,是,true,V1.2/V1.3,2026-09-28,2026-09-28,公开招聘中,,2026-09-28,,
CD0029:245,CD0029,49,成都迪康药业股份有限公司,是,A,生物医药,高级品牌经理,成都,成都,四川省,成都市,,成都,confirmed,市场,社会招聘,2026-03-09,,,,,,,,,direct_detail,是,medium,https://www.dikangyaoye.com/Fjob/show?job_id=245&catid=63,https://www.dikangyaoye.com/shehuizhaopin,是,true,V1.2/V1.3,2026-09-28,2026-09-28,公开招聘中,,2026-09-28,,
CD0029:246,CD0029,50,成都迪康药业股份有限公司,是,A,生物医药,财务分析师,成都,成都,四川省,成都市,,成都,confirmed,职能支持,社会招聘,2026-03-09,,,,,,,,,direct_detail,是,medium,https://www.dikangyaoye.com/Fjob/show?job_id=246&catid=63,https://www.dikangyaoye.com/shehuizhaopin,是,true,V1.2/V1.3,2026-09-28,2026-09-28,公开招聘中,,2026-09-28,,
CD0029:254,CD0029,51,成都迪康药业股份有限公司,是,A,生物医药,电商经理,成都,成都,四川省,成都市,,成都,confirmed,销售,社会招聘,2026-06-05,,,,,,,,,direct_detail,是,medium,https://www.dikangyaoye.com/Fjob/show?job_id=254&catid=63,https://www.dikangyaoye.com/shehuizhaopin,是,true,V1.2/V1.3,2026-09-28,2026-09-28,公开招聘中,,2026-09-28,,
CD0029:255,CD0029,52,成都迪康药业股份有限公司,是,A,生物医药,设备部经理,成都,成都,四川省,成都市,,成都,confirmed,生产制造,社会招聘,2026-06-05,,,,,,,,,direct_detail,是,medium,https://www.dikangyaoye.com/Fjob/show?job_id=255&catid=63,https://www.dikangyaoye.com/shehuizhaopin,是,true,V1.2/V1.3,2026-09-28,2026-09-28,公开招聘中,,2026-09-28,,
CD0035|鸿富锦精密电子（成都）有限公司|仓管|成都市,CD0035,53,鸿富锦精密电子（成都）有限公司,是,A,电子信息制造,仓管,成都,成都,四川省,成都市,,成都,confirmed,供应链,社会招聘,,,,,,,,,,company_careers_home,否,low,https://www.51pin.foxconn.com/,https://www.51pin.foxconn.com/,是,true,V1.2/V1.3,2026-09-28,2026-09-28,公开招聘中,,2026-09-28,,
CD0035|鸿富锦精密电子（成都）有限公司|品管|成都市,CD0035,54,鸿富锦精密电子（成都）有限公司,是,A,电子信息制造,品管,成都,成都,四川省,成都市,,成都,confirmed,生产制造,社会招聘,,,,,,,,,,company_careers_home,否,low,https://www.51pin.foxconn.com/,https://www.51pin.foxconn.com/,是,true,V1.2/V1.3,2026-09-28,2026-09-28,公开招聘中,,2026-09-28,,
CD0035|鸿富锦精密电子（成都）有限公司|测试|成都市,CD0035,55,鸿富锦精密电子（成都）有限公司,是,A,电子信息制造,测试,成都,成都,四川省,成都市,,成都,confirmed,生产制造,社会招聘,,,,,,,,,,company_careers_home,否,low,https://www.51pin.foxconn.com/,https://www.51pin.foxconn.com/,是,true,V1.2/V1.3,2026-09-28,2026-09-28,公开招聘中,,2026-09-28,,
CD0035|鸿富锦精密电子（成都）有限公司|组装|成都市,CD0035,56,鸿富锦精密电子（成都）有限公司,是,A,电子信息制造,组装,成都,成都,四川省,成都市,,成都,confirmed,生产制造,社会招聘,,,,,,,,,,company_careers_home,否,low,https://www.51pin.foxconn.com/,https://www.51pin.foxconn.com/,是,true,V1.2/V1.3,2026-09-28,2026-09-28,公开招聘中,,2026-09-28,,
CD0035|鸿富锦精密电子（成都）有限公司|维修|成都市,CD0035,57,鸿富锦精密电子（成都）有限公司,是,A,电子信息制造,维修,成都,成都,四川省,成都市,,成都,confirmed,生产制造,社会招聘,,,,,,,,,,company_careers_home,否,low,https://www.51pin.foxconn.com/,https://www.51pin.foxconn.com/,是,true,V1.2/V1.3,2026-09-28,2026-09-28,公开招聘中,,2026-09-28,,
CD0036:351608572,CD0036,58,中航（成都）无人机系统股份有限公司,是,A,航空航天,结构强度研发岗(J10232),四川省成都市,四川省成都市,四川省,成都市,,成都,confirmed,研发,社会招聘,2026-09-03,,,,,,,,,direct_detail,是,high,https://avicuas.zhiye.com/zpdetail/351608572,https://avicuas.zhiye.com/alljob/,是,true,V1.2/V1.3,2026-09-28,2026-09-28,公开招聘中,,2026-09-28,,
CD0036:351609456,CD0036,59,中航（成都）无人机系统股份有限公司,是,A,航空航天,财经管理岗(J10398),四川省成都市,四川省成都市,四川省,成都市,,成都,confirmed,职能支持,社会招聘,2026-09-04,,,,,,,,,direct_detail,是,high,https://avicuas.zhiye.com/zpdetail/351609456,https://avicuas.zhiye.com/alljob/,是,true,V1.2/V1.3,2026-09-28,2026-09-28,公开招聘中,,2026-09-28,,
CD0036:351612930,CD0036,60,中航（成都）无人机系统股份有限公司,是,A,航空航天,总体研发岗（气动综合）(J10377),四川省成都市,四川省成都市,四川省,成都市,,成都,confirmed,研发,社会招聘,2026-09-11,,,,,,,,,direct_detail,是,high,https://avicuas.zhiye.com/zpdetail/351612930,https://avicuas.zhiye.com/alljob/,是,true,V1.2/V1.3,2026-09-28,2026-09-28,公开招聘中,,2026-09-28,,
CD0036:351615583,CD0036,61,中航（成都）无人机系统股份有限公司,是,A,航空航天,服务保障岗(J10467),四川省成都市,四川省成都市,四川省,成都市,,成都,confirmed,其他,社会招聘,2026-09-20,,,,,,,,,direct_detail,是,high,https://avicuas.zhiye.com/zpdetail/351615583,https://avicuas.zhiye.com/alljob/,是,true,V1.2/V1.3,2026-09-28,2026-09-28,公开招聘中,,2026-09-28,,
CD0036:351615596,CD0036,62,中航（成都）无人机系统股份有限公司,是,A,航空航天,任务系统研发岗（射频专业）(J10468),四川省成都市,四川省成都市,四川省,成都市,,成都,confirmed,研发,社会招聘,2026-09-20,,,,,,,,,direct_detail,是,high,https://avicuas.zhiye.com/zpdetail/351615596,https://avicuas.zhiye.com/alljob/,是,true,V1.2/V1.3,2026-09-28,2026-09-28,公开招聘中,,2026-09-28,,
CD0037:6,CD0037,63,成都爱乐达航空设备制造股份有限公司,是,A,航空航天,机械工程师,成都,成都,四川省,成都市,,成都,confirmed,生产制造,社会招聘,2023-12-14,,,,,,,,,direct_detail,是,medium,https://www.cdald.com/recruit-details.aspx?Id=6,https://www.cdald.com/hr-culture.aspx?t=14,是,true,V1.2/V1.3,2026-09-28,2026-09-28,公开招聘中,,2026-09-28,,
CD0038|北京三快在线科技有限公司成都分公司|充电宝大客户经理-商场休娱组（大型商场方向）|成都市,CD0038,64,北京三快在线科技有限公司成都分公司,是,A,软件与互联网服务,充电宝大客户经理-商场休娱组（大型商场方向）,成都市,成都市,四川省,成都市,,成都,confirmed,销售,社会招聘,2026-09-24,,,,,,,,,listing_page,否,low,https://zhaopin.meituan.com/web/social?cityList=001027001,https://zhaopin.meituan.com/web/social?cityList=001027001,是,true,V1.2/V1.3,2026-09-28,2026-09-28,公开招聘中,,2026-09-28,2026-09-28 复测 200 但招聘关键词命中少,
CD0038|北京三快在线科技有限公司成都分公司|医疗服务业务部/口腔全国销售中心/口腔CBD区域|成都市,CD0038,65,北京三快在线科技有限公司成都分公司,是,A,软件与互联网服务,医疗服务业务部/口腔全国销售中心/口腔CBD区域,成都市,成都市,四川省,成都市,,成都,confirmed,销售,社会招聘,2026-09-20,,,,,,,,,listing_page,否,low,https://zhaopin.meituan.com/web/social?cityList=001027001,https://zhaopin.meituan.com/web/social?cityList=001027001,是,true,V1.2/V1.3,2026-09-28,2026-09-28,公开招聘中,,2026-09-28,2026-09-28 复测 200 但招聘关键词命中少,
CD0038|北京三快在线科技有限公司成都分公司|安全事务经理|成都市,CD0038,66,北京三快在线科技有限公司成都分公司,是,A,软件与互联网服务,安全事务经理,成都市,成都市,四川省,成都市,,成都,confirmed,职能支持,社会招聘,2026-09-26,,,,,,,,,listing_page,否,low,https://zhaopin.meituan.com/web/social?cityList=001027001,https://zhaopin.meituan.com/web/social?cityList=001027001,是,true,V1.2/V1.3,2026-09-28,2026-09-28,公开招聘中,,2026-09-28,2026-09-28 复测 200 但招聘关键词命中少,
CD0038|北京三快在线科技有限公司成都分公司|履约业务HRBP|成都市,CD0038,67,北京三快在线科技有限公司成都分公司,是,A,软件与互联网服务,履约业务HRBP,成都市,成都市,四川省,成都市,,成都,confirmed,职能支持,社会招聘,2026-09-25,,,,,,,,,listing_page,否,low,https://zhaopin.meituan.com/web/social?cityList=001027001,https://zhaopin.meituan.com/web/social?cityList=001027001,是,true,V1.2/V1.3,2026-09-28,2026-09-28,公开招聘中,,2026-09-28,2026-09-28 复测 200 但招聘关键词命中少,
CD0038|北京三快在线科技有限公司成都分公司|美团充电宝直营-城市经理-中西-（base地多城可选）|成都市,CD0038,68,北京三快在线科技有限公司成都分公司,是,A,软件与互联网服务,美团充电宝直营-城市经理-中西-（base地多城可选）,成都市,成都市,四川省,成都市,,成都,confirmed,销售,社会招聘,2026-09-26,,,,,,,,,listing_page,否,low,https://zhaopin.meituan.com/web/social?cityList=001027001,https://zhaopin.meituan.com/web/social?cityList=001027001,是,true,V1.2/V1.3,2026-09-28,2026-09-28,公开招聘中,,2026-09-28,2026-09-28 复测 200 但招聘关键词命中少,
CD0040:7665291531588258053,CD0040,69,北京字节跳动科技有限公司成都分公司,是,A,软件与互联网服务,模型运营（广告方向） - 内容质量与数据服务平台,成都,成都,四川省,成都市,,成都,confirmed,运营,校园招聘,,,,,,,,,,direct_detail,是,high,https://jobs.bytedance.com/campus/position/7665291531588258053/detail,https://jobs.bytedance.com/campus/position?keywords=成都,是,true,V1.2/V1.3,2026-09-28,2026-09-28,公开招聘中,,2026-09-28,,
CD0040:7666319253851441461,CD0040,70,北京字节跳动科技有限公司成都分公司,是,A,软件与互联网服务,数据库开发工程师 - AI算力基础设施,成都,成都,四川省,成都市,,成都,confirmed,研发,校园招聘,,,,,,,,,,direct_detail,是,high,https://jobs.bytedance.com/campus/position/7666319253851441461/detail,https://jobs.bytedance.com/campus/position?keywords=成都,是,true,V1.2/V1.3,2026-09-28,2026-09-28,公开招聘中,,2026-09-28,,
CD0040:7667113601964329221,CD0040,71,北京字节跳动科技有限公司成都分公司,是,A,软件与互联网服务,AI全栈开发工程师 - 抖音平台产品,成都,成都,四川省,成都市,,成都,confirmed,研发,校园招聘,,,,,,,,,,direct_detail,是,high,https://jobs.bytedance.com/campus/position/7667113601964329221/detail,https://jobs.bytedance.com/campus/position?keywords=成都,是,true,V1.2/V1.3,2026-09-28,2026-09-28,公开招聘中,,2026-09-28,,
CD0040:7683445224186775861,CD0040,72,北京字节跳动科技有限公司成都分公司,是,A,软件与互联网服务,模型搜索资源引入专项运营 - AI数据与安全,成都,成都,四川省,成都市,,成都,confirmed,运营,校园招聘,,,,,,,,,,direct_detail,是,high,https://jobs.bytedance.com/campus/position/7683445224186775861/detail,https://jobs.bytedance.com/campus/position?keywords=成都,是,true,V1.2/V1.3,2026-09-28,2026-09-28,公开招聘中,,2026-09-28,,
CD0040:7683446298945210629,CD0040,73,北京字节跳动科技有限公司成都分公司,是,A,软件与互联网服务,模型搜索专项运营 - AI数据与安全,成都,成都,四川省,成都市,,成都,confirmed,运营,校园招聘,,,,,,,,,,direct_detail,是,high,https://jobs.bytedance.com/campus/position/7683446298945210629/detail,https://jobs.bytedance.com/campus/position?keywords=成都,是,true,V1.2/V1.3,2026-09-28,2026-09-28,公开招聘中,,2026-09-28,,
CD0043|成都云智天下科技股份有限公司|商务经理|成都市,CD0043,74,成都云智天下科技股份有限公司,是,A,软件与互联网服务,商务经理,成都(推定),成都(推定),四川省,成都市,,成都,inferred,销售,社会招聘,,,,,,,,,,listing_page,否,low,https://yunzhicloud.com/web-aboutyz/joinus/hiring,https://yunzhicloud.com/web-aboutyz/joinus/hiring,是,true,V1.2/V1.3,2026-09-28,2026-09-28,公开招聘中,,2026-09-28,页面未标注工作城市,
CD0043|成都云智天下科技股份有限公司|解决方案工程师|成都市,CD0043,75,成都云智天下科技股份有限公司,是,A,软件与互联网服务,解决方案工程师,成都(推定),成都(推定),四川省,成都市,,成都,inferred,销售,社会招聘,,,,,,,,,,listing_page,否,low,https://yunzhicloud.com/web-aboutyz/joinus/hiring,https://yunzhicloud.com/web-aboutyz/joinus/hiring,是,true,V1.2/V1.3,2026-09-28,2026-09-28,公开招聘中,,2026-09-28,页面未标注工作城市,
CD0043|成都云智天下科技股份有限公司|高级产品经理|成都市,CD0043,76,成都云智天下科技股份有限公司,是,A,软件与互联网服务,高级产品经理,成都(推定),成都(推定),四川省,成都市,,成都,inferred,产品,社会招聘,,,,,,,,,,listing_page,否,low,https://yunzhicloud.com/web-aboutyz/joinus/hiring,https://yunzhicloud.com/web-aboutyz/joinus/hiring,是,true,V1.2/V1.3,2026-09-28,2026-09-28,公开招聘中,,2026-09-28,页面未标注工作城市,
CD0045:2082418129375506432,CD0045,77,腾讯科技（成都）有限公司,是,A,软件与互联网服务,腾讯云-金融售前架构师-成都/重庆,成都,成都,四川省,成都市,,成都市,confirmed,产品,社会招聘,,,,,,,,,,direct_detail,是,high,https://careers.tencent.com/jobdesc.html?postId=2082418129375506432,https://careers.tencent.com/,是,true,V1.2/V1.3,2026-09-28,2026-09-28,公开招聘中,,2026-09-28,careers.tencent.com 官方职位详情页，页面标注工作地「成都」、职类「产品」、五年以上工作经验，更新于2026年08月10日；标题含成都/重庆，工作地字段明确为成都,
CD0045|腾讯科技（成都）有限公司|《王者万象棋》3D角色|成都市,CD0045,78,腾讯科技（成都）有限公司,是,A,软件与互联网服务,《王者万象棋》3D角色,成都,成都,四川省,成都市,,成都市,confirmed,其他,社会招聘,,,,,,,,,,listing_page,否,low,https://careers.tencent.com/cityinfo.html?city=8,https://careers.tencent.com/cityinfo.html?city=8,是,true,V1.2/V1.3,2026-09-28,2026-09-28,公开招聘中,,2026-09-28,腾讯招聘官网成都城市页逐条列出，工作地标注「成都」，部门 IEG，职类设计，页面显示更新于 2026年09月22日；2026-09-28 复测 200 但招聘关键词命中少,
CD0045|腾讯科技（成都）有限公司|《王者万象棋》项目经理-合作专项|成都市,CD0045,79,腾讯科技（成都）有限公司,是,A,软件与互联网服务,《王者万象棋》项目经理-合作专项,成都,成都,四川省,成都市,,成都市,confirmed,产品,社会招聘,,,,,,,,,,listing_page,否,low,https://careers.tencent.com/cityinfo.html?city=8,https://careers.tencent.com/cityinfo.html?city=8,是,true,V1.2/V1.3,2026-09-28,2026-09-28,公开招聘中,,2026-09-28,腾讯招聘官网成都城市页逐条列出，工作地标注「成都」，部门 IEG，职类产品，页面显示更新于 2026年09月22日；2026-09-28 复测 200 但招聘关键词命中少,
CD0045|腾讯科技（成都）有限公司|《王者荣耀》资深影视场景概念设计|成都市,CD0045,80,腾讯科技（成都）有限公司,是,A,软件与互联网服务,《王者荣耀》资深影视场景概念设计,成都,成都,四川省,成都市,,成都市,confirmed,其他,社会招聘,,,,,,,,,,listing_page,否,low,https://careers.tencent.com/cityinfo.html?city=8,https://careers.tencent.com/cityinfo.html?city=8,是,true,V1.2/V1.3,2026-09-28,2026-09-28,公开招聘中,,2026-09-28,腾讯招聘官网成都城市页逐条列出，工作地标注「成都」，部门 IEG，职类设计，页面显示更新于 2026年09月23日；2026-09-28 复测 200 但招聘关键词命中少,
CD0045|腾讯科技（成都）有限公司|和平精英-资深动画师|成都市,CD0045,81,腾讯科技（成都）有限公司,是,A,软件与互联网服务,和平精英-资深动画师,成都,成都,四川省,成都市,,成都市,confirmed,其他,社会招聘,,,,,,,,,,listing_page,否,low,https://careers.tencent.com/cityinfo.html?city=8,https://careers.tencent.com/cityinfo.html?city=8,是,true,V1.2/V1.3,2026-09-28,2026-09-28,公开招聘中,,2026-09-28,腾讯招聘官网成都城市页逐条列出，工作地标注「成都」，部门 IEG，职类设计，页面显示更新于 2026年09月24日（非发布日期，故 posting_date 留空）；2026-09-28 复测 200 但招聘关键词命中少,
CD0045|腾讯科技（成都）有限公司|天美游戏-综合项目管理|成都市,CD0045,82,腾讯科技（成都）有限公司,是,A,软件与互联网服务,天美游戏-综合项目管理,成都,成都,四川省,成都市,,成都市,confirmed,产品,社会招聘,,,,,,,,,,listing_page,否,low,https://careers.tencent.com/cityinfo.html?city=8,https://careers.tencent.com/cityinfo.html?city=8,是,true,V1.2/V1.3,2026-09-28,2026-09-28,公开招聘中,,2026-09-28,腾讯招聘官网成都城市页逐条列出，工作地标注「成都」，部门 IEG，职类产品，页面显示更新于 2026年09月23日；2026-09-28 复测 200 但招聘关键词命中少,
CD0045|腾讯科技（成都）有限公司|存储业务后台研发工程师|成都市,CD0045,83,腾讯科技（成都）有限公司,是,A,软件与互联网服务,存储业务后台研发工程师,成都,成都,四川省,成都市,,成都市,confirmed,研发,社会招聘,,,,,,,,,,listing_page,否,low,https://careers.tencent.com/cityinfo.html?city=8,https://careers.tencent.com/cityinfo.html?city=8,是,true,V1.2/V1.3,2026-09-28,2026-09-28,公开招聘中,,2026-09-28,腾讯招聘官网成都城市页逐条列出，工作地标注「成都」，部门 TEG，职类技术，页面显示更新于 2026年09月23日；2026-09-28 复测 200 但招聘关键词命中少,
CD0046:199907640056,CD0046,84,阿里巴巴（中国）有限公司成都分公司,是,A,软件与互联网服务,AI Infra工程师,北京 / 成都 / 广州 / 杭州 / 上海 / 深圳,北京 / 成都 / 广州 / 杭州 / 上海 / 深圳,四川省,成都市,,成都市,confirmed,研发,校园招聘,,,,,,,,,,direct_detail,是,high,https://campus-talent.alibaba.com/campus/position/199907640056?deptCodes=,https://campus-talent.alibaba.com/campus/position-list?campusType=freshman,是,true,V1.2/V1.3,2026-09-28,2026-09-28,公开招聘中,,2026-09-28,阿里巴巴校园招聘官网职位列表页（2027届应届生），该职位工作地点字段明确列出成都，职类技术类，页面显示更新于 2026-08-24,
CD0048:41276,CD0048,85,华为技术有限公司成都研究所,是,A,通信与网络设备,软件验证工程师,成都,成都,四川省,成都市,,成都市,confirmed,测试,社会招聘,,,,,,,,,,direct_detail,是,high,https://career.huawei.com/cn/job-details?advertisementId=41276,https://career.huawei.com/,是,true,V1.2/V1.3,2026-09-28,2026-09-28,公开招聘中,,2026-09-28,career.huawei.com 官方职位详情页，页面标注「研发族 成都 ICT BG 一年以上工作经验」，正文工作地点=成都、入职部门=ICT BG，更新于2026-09-08,
CD0049|成都优博创通信技术股份有限公司|光模块硬件工程师|成都市,CD0049,86,成都优博创通信技术股份有限公司,是,A,通信与网络设备,光模块硬件工程师,成都市双流区,成都市双流区,四川省,成都市,双流区,成都,confirmed,研发,社会招聘,,,,,,,,,,listing_page,否,low,https://www.superxon.cn/jrwm,https://www.superxon.cn/jrwm,是,true,V1.2/V1.3,2026-09-28,2026-09-28,公开招聘中,,2026-09-28,,
CD0049|成都优博创通信技术股份有限公司|国际营销总监|成都市,CD0049,87,成都优博创通信技术股份有限公司,是,A,通信与网络设备,国际营销总监,成都市双流区,成都市双流区,四川省,成都市,双流区,成都,confirmed,销售,社会招聘,,,,,,,,,,listing_page,否,low,https://www.superxon.cn/jrwm,https://www.superxon.cn/jrwm,是,true,V1.2/V1.3,2026-09-28,2026-09-28,公开招聘中,,2026-09-28,,
CD0049|成都优博创通信技术股份有限公司|数通光模块硬件总监|成都市,CD0049,88,成都优博创通信技术股份有限公司,是,A,通信与网络设备,数通光模块硬件总监,成都市双流区,成都市双流区,四川省,成都市,双流区,成都,confirmed,研发,社会招聘,,,,,,,,,,listing_page,否,low,https://www.superxon.cn/jrwm,https://www.superxon.cn/jrwm,是,true,V1.2/V1.3,2026-09-28,2026-09-28,公开招聘中,,2026-09-28,,
CD0050:10022,CD0050,89,成都华日通讯技术股份有限公司,是,A,通信与网络设备,硬件工程师,成都,成都,四川省,成都市,,成都,confirmed,研发,社会招聘,2023-12-04,,,,,,,,,direct_detail,是,medium,http://www.cdhuari.com/job-detail.html?id=10022,http://www.cdhuari.com/job-detail.html?id=10022,是,true,V1.2/V1.3,2026-09-28,2026-09-28,公开招聘中,,2026-09-28,,
CD0052:J10579,CD0052,90,成都新易盛通信科技股份有限公司,是,A,通信与网络设备,光芯片设计工程师(J10579),四川省·成都市·双流区,四川省·成都市·双流区,四川省,成都市,双流区,成都市,confirmed,研发,校园招聘,2026-08-26,,,,,,,,,listing_page,否,low,https://eoptolink.zhiye.com/campus/jobs,https://eoptolink.zhiye.com/campus/jobs,是,true,V1.2/V1.3,2026-09-28,2026-09-28,公开招聘中,,2026-09-28,官方 ATS 校招列表页逐条列出，工作地点字段写「四川省·成都市·双流区」，页面标注 2026-08-26 发布,
CD0052:J10580,CD0052,91,成都新易盛通信科技股份有限公司,是,A,通信与网络设备,MEMS芯片设计工程师(J10580),四川省·成都市·双流区,四川省·成都市·双流区,四川省,成都市,双流区,成都市,confirmed,研发,校园招聘,2026-08-26,,,,,,,,,listing_page,否,low,https://eoptolink.zhiye.com/campus/jobs,https://eoptolink.zhiye.com/campus/jobs,是,true,V1.2/V1.3,2026-09-28,2026-09-28,公开招聘中,,2026-09-28,官方 ATS 校招列表页逐条列出，工作地点字段写「四川省·成都市·双流区」，页面标注 2026-08-26 发布,
CD0052:J10581,CD0052,92,成都新易盛通信科技股份有限公司,是,A,通信与网络设备,硅光工艺整合工程师(J10581),四川省·成都市·双流区,四川省·成都市·双流区,四川省,成都市,双流区,成都市,confirmed,生产制造,校园招聘,2026-08-26,,,,,,,,,listing_page,否,low,https://eoptolink.zhiye.com/campus/jobs,https://eoptolink.zhiye.com/campus/jobs,是,true,V1.2/V1.3,2026-09-28,2026-09-28,公开招聘中,,2026-09-28,官方 ATS 校招列表页逐条列出，工作地点字段写「四川省·成都市·双流区」，页面标注 2026-08-26 发布,
CD0052:J10582,CD0052,93,成都新易盛通信科技股份有限公司,是,A,通信与网络设备,结构工程师(J10582),四川省·成都市·双流区,四川省·成都市·双流区,四川省,成都市,双流区,成都市,confirmed,研发,校园招聘,2026-08-26,,,,,,,,,listing_page,否,low,https://eoptolink.zhiye.com/campus/jobs,https://eoptolink.zhiye.com/campus/jobs,是,true,V1.2/V1.3,2026-09-28,2026-09-28,公开招聘中,,2026-09-28,官方 ATS 校招列表页逐条列出，工作地点字段写「四川省·成都市·双流区」，页面标注 2026-08-26 发布,
CD0052:J10583,CD0052,94,成都新易盛通信科技股份有限公司,是,A,通信与网络设备,硅光芯片测试工程师(J10583),四川省·成都市·双流区,四川省·成都市·双流区,四川省,成都市,双流区,成都市,confirmed,测试,校园招聘,2026-08-26,,,,,,,,,listing_page,否,low,https://eoptolink.zhiye.com/campus/jobs,https://eoptolink.zhiye.com/campus/jobs,是,true,V1.2/V1.3,2026-09-28,2026-09-28,公开招聘中,,2026-09-28,官方 ATS 校招列表页逐条列出，工作地点字段写「四川省·成都市·双流区」，页面标注 2026-08-26 发布,
CD0052:J10585,CD0052,95,成都新易盛通信科技股份有限公司,是,A,通信与网络设备,光封装设计工程师(J10585),四川省·成都市·双流区,四川省·成都市·双流区,四川省,成都市,双流区,成都市,confirmed,研发,校园招聘,2026-08-26,,,,,,,,,listing_page,否,low,https://eoptolink.zhiye.com/campus/jobs,https://eoptolink.zhiye.com/campus/jobs,是,true,V1.2/V1.3,2026-09-28,2026-09-28,公开招聘中,,2026-09-28,官方 ATS 校招列表页逐条列出，工作地点字段写「四川省·成都市·双流区」，页面标注 2026-08-26 发布,
CD0052:J10586,CD0052,96,成都新易盛通信科技股份有限公司,是,A,通信与网络设备,光学设计工程师(J10586),四川省·成都市·双流区,四川省·成都市·双流区,四川省,成都市,双流区,成都市,confirmed,研发,校园招聘,2026-08-26,,,,,,,,,listing_page,否,low,https://eoptolink.zhiye.com/campus/jobs,https://eoptolink.zhiye.com/campus/jobs,是,true,V1.2/V1.3,2026-09-28,2026-09-28,公开招聘中,,2026-09-28,官方 ATS 校招列表页逐条列出，工作地点字段写「四川省·成都市·双流区」，页面标注 2026-08-26 发布,
CD0052:J10587,CD0052,97,成都新易盛通信科技股份有限公司,是,A,通信与网络设备,嵌入式软件开发工程师(J10587),四川省·成都市·双流区,四川省·成都市·双流区,四川省,成都市,双流区,成都市,confirmed,研发,校园招聘,2026-08-26,,,,,,,,,listing_page,否,low,https://eoptolink.zhiye.com/campus/jobs,https://eoptolink.zhiye.com/campus/jobs,是,true,V1.2/V1.3,2026-09-28,2026-09-28,公开招聘中,,2026-09-28,官方 ATS 校招列表页逐条列出，工作地点字段写「四川省·成都市·双流区」，页面标注 2026-08-26 发布,
CD0084:GY-S-007,CD0084,98,成都中科信息股份有限公司,是,A,人工智能与大数据,人力专员(GY-S-007),四川·成都市,四川·成都市,四川省,成都市,,成都市,confirmed,职能支持,校园招聘,,,,,,,,,,listing_page,否,low,https://app.mokahr.com/campus_apply/casit/36780,https://app.mokahr.com/campus_apply/casit/36780,是,true,V1.2/V1.3,2026-09-28,2026-09-28,公开招聘中,,2026-09-28,Moka 校招站列表页标注工作地「四川·成都市」；职能支持类岗位；动态渲染页（重定向/SPA），浏览器访问正常,
CD0084:GY-T-011,CD0084,99,成都中科信息股份有限公司,是,A,人工智能与大数据,实施工程师(GY-T-011),四川·成都市,四川·成都市,四川省,成都市,,成都市,confirmed,其他,校园招聘,,,,,,,,,,listing_page,否,low,https://app.mokahr.com/campus_apply/casit/36780,https://app.mokahr.com/campus_apply/casit/36780,是,true,V1.2/V1.3,2026-09-28,2026-09-28,公开招聘中,,2026-09-28,Moka 校招站列表页标注工作地「四川·成都市」；项目实施/交付方向，按可选分类归入其他；动态渲染页（重定向/SPA），浏览器访问正常,
CD0084:GY-T-018,CD0084,100,成都中科信息股份有限公司,是,A,人工智能与大数据,UI工程师(GY-T-018),四川·成都市,四川·成都市,四川省,成都市,,成都市,confirmed,研发,校园招聘,,,,,,,,,,listing_page,否,low,https://app.mokahr.com/campus_apply/casit/36780,https://app.mokahr.com/campus_apply/casit/36780,是,true,V1.2/V1.3,2026-09-28,2026-09-28,公开招聘中,,2026-09-28,Moka 校招站列表页标注工作地「四川·成都市」；前端/界面开发方向归入研发；动态渲染页（重定向/SPA），浏览器访问正常,
CD0084:ZX-T-010,CD0084,101,成都中科信息股份有限公司,是,A,人工智能与大数据,硬件研发工程师(ZX-T-010),四川·成都市,四川·成都市,四川省,成都市,,成都市,confirmed,研发,校园招聘,,,,,,,,,,listing_page,否,low,https://app.mokahr.com/campus_apply/casit/36780,https://app.mokahr.com/campus_apply/casit/36780,是,true,V1.2/V1.3,2026-09-28,2026-09-28,公开招聘中,,2026-09-28,Moka 校招站列表页标注工作地「四川·成都市」；硬件研发方向；动态渲染页（重定向/SPA），浏览器访问正常,
CD0084:ZX-T-013,CD0084,102,成都中科信息股份有限公司,是,A,人工智能与大数据,C++开发工程师(ZX-T-013),四川·成都市,四川·成都市,四川省,成都市,,成都市,confirmed,研发,校园招聘,,,,,,,,,,listing_page,否,low,https://app.mokahr.com/campus_apply/casit/36780,https://app.mokahr.com/campus_apply/casit/36780,是,true,V1.2/V1.3,2026-09-28,2026-09-28,公开招聘中,,2026-09-28,Moka 校招站列表页标注工作地「四川·成都市」；软件开发方向，官方来源为企业专属 Moka 门户；动态渲染页（重定向/SPA），浏览器访问正常,
CD0084:ZX-T-027,CD0084,103,成都中科信息股份有限公司,是,A,人工智能与大数据,售前工程师(ZX-T-027),四川·成都市,四川·成都市,四川省,成都市,,成都市,confirmed,销售,校园招聘,,,,,,,,,,listing_page,否,low,https://app.mokahr.com/campus_apply/casit/36780,https://app.mokahr.com/campus_apply/casit/36780,是,true,V1.2/V1.3,2026-09-28,2026-09-28,公开招聘中,,2026-09-28,Moka 校招站列表页标注工作地「四川·成都市」；售前技术支持归入销售；动态渲染页（重定向/SPA），浏览器访问正常,
CD0084:ZX-T-11-005,CD0084,104,成都中科信息股份有限公司,是,A,人工智能与大数据,产品经理(ZX-T-11-005),四川·成都市,四川·成都市,四川省,成都市,,成都市,confirmed,产品,校园招聘,,,,,,,,,,listing_page,否,low,https://app.mokahr.com/campus_apply/casit/36780,https://app.mokahr.com/campus_apply/casit/36780,是,true,V1.2/V1.3,2026-09-28,2026-09-28,公开招聘中,,2026-09-28,来自企业专属 Moka 校招站（app.mokahr.com/campus_apply/casit/36780）的校招职位列表，职位名后明确标注工作地「四川·成都市」；页面为 JS 渲染，职位信息取自该 URL 的检索快照，故 URL 记为列表页而非详情页；动态渲染页（重定向/SPA），浏览器访问正常,
CD0118|成都阿加犀智能科技有限公司|Android开发工程师|成都市,CD0118,105,成都阿加犀智能科技有限公司,是,A,人工智能与大数据,Android开发工程师,成都,成都,四川省,成都市,,成都市,inferred,研发,未知,,,,,,,,,,listing_page,否,low,https://www.aidlux.com/about/join,https://www.aidlux.com/about/join,是,true,V1.2/V1.3,2026-09-28,2026-09-28,公开招聘中,,2026-09-28,官网『加入我们』页面在招岗位之一；成都工作地按公司主体所在地推定,
CD0118|成都阿加犀智能科技有限公司|ROS/SLAM开发工程师|成都市,CD0118,106,成都阿加犀智能科技有限公司,是,A,人工智能与大数据,ROS/SLAM开发工程师,成都,成都,四川省,成都市,,成都市,inferred,研发,未知,,,,,,,,,,listing_page,否,low,https://www.aidlux.com/about/join,https://www.aidlux.com/about/join,是,true,V1.2/V1.3,2026-09-28,2026-09-28,公开招聘中,,2026-09-28,官网『加入我们』页面在招岗位之一，岗位职责含基于ROS/ROS2的机器人建模与多传感器融合SLAM算法研发；成都工作地按公司主体所在地推定,
CD0118|成都阿加犀智能科技有限公司|c++工程师|成都市,CD0118,107,成都阿加犀智能科技有限公司,是,A,人工智能与大数据,c++工程师,成都,成都,四川省,成都市,,成都市,inferred,研发,未知,,,,,,,,,,listing_page,否,low,https://www.aidlux.com/about/join,https://www.aidlux.com/about/join,是,true,V1.2/V1.3,2026-09-28,2026-09-28,公开招聘中,,2026-09-28,官网『加入我们』页面在招岗位之一（职位名保留原文大小写 c++工程师）；成都工作地按公司主体所在地推定,
CD0118|成都阿加犀智能科技有限公司|产品经理（平台方向）|成都市,CD0118,108,成都阿加犀智能科技有限公司,是,A,人工智能与大数据,产品经理（平台方向）,成都,成都,四川省,成都市,,成都市,inferred,产品,未知,,,,,,,,,,listing_page,否,low,https://www.aidlux.com/about/join,https://www.aidlux.com/about/join,是,true,V1.2/V1.3,2026-09-28,2026-09-28,公开招聘中,,2026-09-28,官网『加入我们』页面在招岗位之一，面向 AidLux（基于ARM架构的AIoT应用开发与部署平台）；成都工作地按公司主体所在地推定,
CD0118|成都阿加犀智能科技有限公司|嵌入式开发工程师|成都市,CD0118,109,成都阿加犀智能科技有限公司,是,A,人工智能与大数据,嵌入式开发工程师,成都,成都,四川省,成都市,,成都市,inferred,研发,未知,,,,,,,,,,listing_page,否,low,https://www.aidlux.com/about/join,https://www.aidlux.com/about/join,是,true,V1.2/V1.3,2026-09-28,2026-09-28,公开招聘中,,2026-09-28,官网『加入我们』页面在招岗位之一；成都工作地按公司主体所在地推定,
CD0118|成都阿加犀智能科技有限公司|深度学习算法工程师|成都市,CD0118,110,成都阿加犀智能科技有限公司,是,A,人工智能与大数据,深度学习算法工程师,成都,成都,四川省,成都市,,成都市,inferred,算法,未知,,,,,,,,,,listing_page,否,low,https://www.aidlux.com/about/join,https://www.aidlux.com/about/join,是,true,V1.2/V1.3,2026-09-28,2026-09-28,公开招聘中,,2026-09-28,官网『加入我们』页面在招岗位之一；成都工作地按公司主体所在地推定,
CD0118|成都阿加犀智能科技有限公司|现场实施工程师|成都市,CD0118,111,成都阿加犀智能科技有限公司,是,A,人工智能与大数据,现场实施工程师,成都,成都,四川省,成都市,,成都市,inferred,其他,未知,,,,,,,,,,listing_page,否,low,https://www.aidlux.com/about/join,https://www.aidlux.com/about/join,是,true,V1.2/V1.3,2026-09-28,2026-09-28,公开招聘中,,2026-09-28,官网『加入我们』页面在招岗位之一；页面未逐条标注城市，成都工作地按公司主体所在地（成都阿加犀智能科技有限公司）推定,
CD0119|成都超有爱科技有限公司|AE 动画师|成都市,CD0119,112,成都超有爱科技有限公司,是,A,软件与互联网服务,AE 动画师,成都,成都,四川省,成都市,,成都市,confirmed,其他,校园招聘,,,,,,,,,,listing_page,否,low,https://www.baicizhan.com/mobile/campus.html,https://www.baicizhan.com/mobile/campus.html,是,true,V1.2/V1.3,2026-09-28,2026-09-28,公开招聘中,,2026-09-28,官网校招页『今年校招职位』原文职位名，公司所在地成都,
CD0119|成都超有爱科技有限公司|Android 客户端开发工程师|成都市,CD0119,113,成都超有爱科技有限公司,是,A,软件与互联网服务,Android 客户端开发工程师,成都,成都,四川省,成都市,,成都市,confirmed,研发,校园招聘,,,,,,,,,,listing_page,否,low,https://www.baicizhan.com/mobile/campus.html,https://www.baicizhan.com/mobile/campus.html,是,true,V1.2/V1.3,2026-09-28,2026-09-28,公开招聘中,,2026-09-28,官网校招页『今年校招职位』原文职位名，公司所在地成都,
CD0119|成都超有爱科技有限公司|Server 服务器端开发工程师|成都市,CD0119,114,成都超有爱科技有限公司,是,A,软件与互联网服务,Server 服务器端开发工程师,成都,成都,四川省,成都市,,成都市,confirmed,研发,校园招聘,,,,,,,,,,listing_page,否,low,https://www.baicizhan.com/mobile/campus.html,https://www.baicizhan.com/mobile/campus.html,是,true,V1.2/V1.3,2026-09-28,2026-09-28,公开招聘中,,2026-09-28,官网校招页『今年校招职位』原文职位名，公司所在地成都,
CD0119|成都超有爱科技有限公司|UI 设计师|成都市,CD0119,115,成都超有爱科技有限公司,是,A,软件与互联网服务,UI 设计师,成都,成都,四川省,成都市,,成都市,confirmed,其他,校园招聘,,,,,,,,,,listing_page,否,low,https://www.baicizhan.com/mobile/campus.html,https://www.baicizhan.com/mobile/campus.html,是,true,V1.2/V1.3,2026-09-28,2026-09-28,公开招聘中,,2026-09-28,官网校招页『今年校招职位』原文职位名，公司所在地成都；同页另有『平面设计师』未超出每家8条上限故未收录,
CD0119|成都超有爱科技有限公司|Web 前端开发工程师|成都市,CD0119,116,成都超有爱科技有限公司,是,A,软件与互联网服务,Web 前端开发工程师,成都,成都,四川省,成都市,,成都市,confirmed,研发,校园招聘,,,,,,,,,,listing_page,否,low,https://www.baicizhan.com/mobile/campus.html,https://www.baicizhan.com/mobile/campus.html,是,true,V1.2/V1.3,2026-09-28,2026-09-28,公开招聘中,,2026-09-28,官网校招页『今年校招职位』原文职位名，公司所在地成都,
CD0119|成都超有爱科技有限公司|iOS 客户端开发工程师|成都市,CD0119,117,成都超有爱科技有限公司,是,A,软件与互联网服务,iOS 客户端开发工程师,成都,成都,四川省,成都市,,成都市,confirmed,研发,校园招聘,,,,,,,,,,listing_page,否,low,https://www.baicizhan.com/mobile/campus.html,https://www.baicizhan.com/mobile/campus.html,是,true,V1.2/V1.3,2026-09-28,2026-09-28,公开招聘中,,2026-09-28,官网校招页『今年校招职位』第1条，同页写明『公司所在地: 成都』，简历投递邮箱 xzhr@baicizhan.com,
CD0119|成都超有爱科技有限公司|测试工程师|成都市,CD0119,118,成都超有爱科技有限公司,是,A,软件与互联网服务,测试工程师,成都,成都,四川省,成都市,,成都市,confirmed,测试,校园招聘,,,,,,,,,,listing_page,否,low,https://www.baicizhan.com/mobile/campus.html,https://www.baicizhan.com/mobile/campus.html,是,true,V1.2/V1.3,2026-09-28,2026-09-28,公开招聘中,,2026-09-28,官网校招页『今年校招职位』原文职位名，公司所在地成都,
CD0119|成都超有爱科技有限公司|营销管培生|成都市,CD0119,119,成都超有爱科技有限公司,是,A,软件与互联网服务,营销管培生,成都,成都,四川省,成都市,,成都市,confirmed,市场,校园招聘,,,,,,,,,,listing_page,否,low,https://www.baicizhan.com/mobile/campus.html,https://www.baicizhan.com/mobile/campus.html,是,true,V1.2/V1.3,2026-09-28,2026-09-28,公开招聘中,,2026-09-28,官网校招页『今年校招职位』原文职位名，公司所在地成都,
CD0121|四川锦云数智信息技术有限公司|AI研发工程师|成都市,CD0121,120,四川锦云数智信息技术有限公司,是,A,软件与互联网服务,AI研发工程师,成都,成都,四川省,成都市,,成都市,confirmed,研发,社会招聘,,,,,,,,,,listing_page,否,low,http://jinyunsz.com/channels/195.html,http://jinyunsz.com/channels/195.html,是,true,V1.2/V1.3,2026-09-28,2026-09-28,公开招聘中,,2026-09-28,官网『加入我们』招聘表格：招聘职位 AI研发工程师 / 工作地点 成都 / 招聘人数 2人，投递邮箱 hr@jinyunsz.com；岗位含大模型 Agent 应用开发与模型部署调优,
CD0121|四川锦云数智信息技术有限公司|大客户销售|成都市,CD0121,121,四川锦云数智信息技术有限公司,是,A,软件与互联网服务,大客户销售,成都,成都,四川省,成都市,,成都市,confirmed,销售,社会招聘,,,,,,,,,,listing_page,否,low,http://jinyunsz.com/channels/195.html,http://jinyunsz.com/channels/195.html,是,true,V1.2/V1.3,2026-09-28,2026-09-28,公开招聘中,,2026-09-28,官网『加入我们』招聘表格：招聘职位 大客户销售 / 工作地点 成都 / 招聘人数 4人,
CD0121|四川锦云数智信息技术有限公司|销售代表|成都市,CD0121,122,四川锦云数智信息技术有限公司,是,A,软件与互联网服务,销售代表,成都,成都,四川省,成都市,,成都市,confirmed,销售,社会招聘,,,,,,,,,,listing_page,否,low,http://jinyunsz.com/channels/195.html,http://jinyunsz.com/channels/195.html,是,true,V1.2/V1.3,2026-09-28,2026-09-28,公开招聘中,,2026-09-28,官网『加入我们』招聘表格（第二组）：招聘职位 销售代表 / 工作地点 成都 / 招聘人数 4人,
CD0123:037cb6e5-be9b-485c-8a50-86a3ed91fc71,CD0123,123,中移（成都）信息通信科技有限公司,是,A,软件与互联网服务,空域运行工程师-金种子,四川省-成都市,四川省-成都市,四川省,成都市,,成都市,confirmed,其他,校园招聘,2026-09-10,,,,,,,,,direct_detail,是,high,https://job.10086.cn/personal/job/detail.html?id=037cb6e5-be9b-485c-8a50-86a3ed91fc71&typess=1,https://job.10086.cn/personal/campus/campus_job_list.html?cId=91,是,true,V1.2/V1.3,2026-09-28,2026-09-28,公开招聘中,,2026-09-28,中国移动集团统一招聘平台『成都产业研究院-中移（成都）产业研究院』职位列表第1条，工作地点四川省-成都市，技术类，博士研究生，全职，发布时间2026-09-10,
CD0123:5be62a64-ca90-4f7d-9539-9222d83069bf,CD0123,124,中移（成都）信息通信科技有限公司,是,A,软件与互联网服务,信息安全工程师-金种子,四川省-成都市,四川省-成都市,四川省,成都市,,成都市,confirmed,其他,校园招聘,2026-09-10,,,,,,,,,direct_detail,是,high,https://job.10086.cn/personal/job/detail.html?id=5be62a64-ca90-4f7d-9539-9222d83069bf&typess=1,https://job.10086.cn/personal/campus/campus_job_list.html?cId=91,是,true,V1.2/V1.3,2026-09-28,2026-09-28,公开招聘中,,2026-09-28,集团招聘平台成都产业研究院职位列表第2条，工作地点四川省-成都市，技术类，博士研究生，全职，发布时间2026-09-10,
CD0123:8826a095-fc70-4fbc-b42b-35db0349a024,CD0123,125,中移（成都）信息通信科技有限公司,是,A,软件与互联网服务,信息安全工程师,四川省-成都市,四川省-成都市,四川省,成都市,,成都市,confirmed,其他,校园招聘,2026-09-03,,,,,,,,,direct_detail,是,high,https://job.10086.cn/personal/job/detail.html?id=8826a095-fc70-4fbc-b42b-35db0349a024&typess=1,https://job.10086.cn/personal/campus/campus_job_list.html?cId=91,是,true,V1.2/V1.3,2026-09-28,2026-09-28,公开招聘中,,2026-09-28,集团招聘平台成都产业研究院职位列表第5条，工作地点四川省-成都市，技术类，硕士研究生，全职，发布时间2026-09-03,
CD0123:a5e099d4-cb7d-4512-a076-ddeddb2ab503,CD0123,126,中移（成都）信息通信科技有限公司,是,A,软件与互联网服务,Agent开发工程师,四川省-成都市,四川省-成都市,四川省,成都市,,成都市,confirmed,研发,校园招聘,2026-09-03,,,,,,,,,direct_detail,是,high,https://job.10086.cn/personal/job/detail.html?id=a5e099d4-cb7d-4512-a076-ddeddb2ab503&typess=1,https://job.10086.cn/personal/campus/campus_job_list.html?cId=91,是,true,V1.2/V1.3,2026-09-28,2026-09-28,公开招聘中,,2026-09-28,集团招聘平台成都产业研究院职位列表第6条，工作地点四川省-成都市，技术类，硕士研究生，全职，发布时间2026-09-03,
CD0123:d3dd3d32-25fb-4c16-a10c-49de2062ef77,CD0123,127,中移（成都）信息通信科技有限公司,是,A,软件与互联网服务,空域运行工程师,四川省-成都市,四川省-成都市,四川省,成都市,,成都市,confirmed,其他,校园招聘,2026-09-03,,,,,,,,,direct_detail,是,high,https://job.10086.cn/personal/job/detail.html?id=d3dd3d32-25fb-4c16-a10c-49de2062ef77&typess=1,https://job.10086.cn/personal/campus/campus_job_list.html?cId=91,是,true,V1.2/V1.3,2026-09-28,2026-09-28,公开招聘中,,2026-09-28,集团招聘平台成都产业研究院职位列表第7条，工作地点四川省-成都市，技术类，硕士研究生，全职，发布时间2026-09-03,
CD0123:deaf515a-77a2-478b-a5c0-558e3083d0e3,CD0123,128,中移（成都）信息通信科技有限公司,是,A,软件与互联网服务,AI全栈工程师,四川省-成都市,四川省-成都市,四川省,成都市,,成都市,confirmed,研发,校园招聘,2026-09-03,,,,,,,,,direct_detail,是,high,https://job.10086.cn/personal/job/detail.html?id=deaf515a-77a2-478b-a5c0-558e3083d0e3&typess=1,https://job.10086.cn/personal/campus/campus_job_list.html?cId=91,是,true,V1.2/V1.3,2026-09-28,2026-09-28,公开招聘中,,2026-09-28,集团招聘平台成都产业研究院职位列表第8条（共8条），工作地点四川省-成都市，技术类，硕士研究生，全职，发布时间2026-09-03,
CD0123:f65ddb12-751b-4015-ae9b-98379814e9fe,CD0123,129,中移（成都）信息通信科技有限公司,是,A,软件与互联网服务,AI全栈工程师-金种子,四川省-成都市,四川省-成都市,四川省,成都市,,成都市,confirmed,研发,校园招聘,2026-09-10,,,,,,,,,direct_detail,是,high,https://job.10086.cn/personal/job/detail.html?id=f65ddb12-751b-4015-ae9b-98379814e9fe&typess=1,https://job.10086.cn/personal/campus/campus_job_list.html?cId=91,是,true,V1.2/V1.3,2026-09-28,2026-09-28,公开招聘中,,2026-09-28,集团招聘平台成都产业研究院职位列表第3条，工作地点四川省-成都市，技术类，博士研究生，全职，发布时间2026-09-10,
CD0123:fb70c4dc-a914-43cb-9982-0e56c6ee8a80,CD0123,130,中移（成都）信息通信科技有限公司,是,A,软件与互联网服务,Agent开发工程师-金种子,四川省-成都市,四川省-成都市,四川省,成都市,,成都市,confirmed,研发,校园招聘,2026-09-10,,,,,,,,,direct_detail,是,high,https://job.10086.cn/personal/job/detail.html?id=fb70c4dc-a914-43cb-9982-0e56c6ee8a80&typess=1,https://job.10086.cn/personal/campus/campus_job_list.html?cId=91,是,true,V1.2/V1.3,2026-09-28,2026-09-28,公开招聘中,,2026-09-28,集团招聘平台成都产业研究院职位列表第4条，工作地点四川省-成都市，技术类，博士研究生，全职，发布时间2026-09-10,
CD0124:230849359,CD0124,131,时时同云科技（成都）有限责任公司,是,A,软件与互联网服务,中/高级JAVA开发工程师-履约(J10643),四川省-成都市,四川省-成都市,四川省,成都市,,成都市,confirmed,研发,社会招聘,,,,,,,,,,direct_detail,是,high,https://keruyun.zhiye.com/zpdetail/230849359,https://keruyun.zhiye.com/social?r=&p=&c=5101&d=&k=,是,true,V1.2/V1.3,2026-09-28,2026-09-28,公开招聘中,,2026-09-28,已实际打开详情页 https://keruyun.zhiye.com/zpdetail/230849359 ，页面「工作地点：四川省-成都市」明确标注；来源为官方招聘系统社招列表按工作地点=成都筛选页,
CD0124:230850008,CD0124,132,时时同云科技（成都）有限责任公司,是,A,软件与互联网服务,中/高级JAVA开发工程师-支付(J10645),四川省-成都市,四川省-成都市,四川省,成都市,,成都市,confirmed,研发,社会招聘,,,,,,,,,,direct_detail,是,high,https://keruyun.zhiye.com/zpdetail/230850008,https://keruyun.zhiye.com/social?r=&p=&c=5101&d=&k=,是,true,V1.2/V1.3,2026-09-28,2026-09-28,公开招聘中,,2026-09-28,已实际打开详情页 https://keruyun.zhiye.com/zpdetail/230850008 ，页面「工作地点：四川省-成都市」明确标注；来源为官方招聘系统社招列表按工作地点=成都筛选页,
CD0124:230853981,CD0124,133,时时同云科技（成都）有限责任公司,是,A,软件与互联网服务,B端产品专家-供应链方向（成都）(J10650),四川省-成都市,四川省-成都市,四川省,成都市,,成都市,confirmed,产品,社会招聘,,,,,,,,,,direct_detail,是,high,https://keruyun.zhiye.com/zpdetail/230853981,https://keruyun.zhiye.com/social?r=&p=&c=5101&d=&k=,是,true,V1.2/V1.3,2026-09-28,2026-09-28,公开招聘中,,2026-09-28,已实际打开详情页 https://keruyun.zhiye.com/zpdetail/230853981 ，页面「工作地点：四川省-成都市」明确标注；来源为官方招聘系统社招列表按工作地点=成都筛选页,
CD0124:230861573,CD0124,134,时时同云科技（成都）有限责任公司,是,A,软件与互联网服务,技术支持专家（知识运营方向）(J10658),四川省-成都市,四川省-成都市,四川省,成都市,,成都市,confirmed,运营,社会招聘,,,,,,,,,,direct_detail,是,high,https://keruyun.zhiye.com/zpdetail/230861573,https://keruyun.zhiye.com/social?r=&p=&c=5101&d=&k=,是,true,V1.2/V1.3,2026-09-28,2026-09-28,公开招聘中,,2026-09-28,已实际打开详情页 https://keruyun.zhiye.com/zpdetail/230861573 ，页面「工作地点：四川省-成都市」明确标注；来源为官方招聘系统社招列表按工作地点=成都筛选页,
CD0124:230861636,CD0124,135,时时同云科技（成都）有限责任公司,是,A,软件与互联网服务,智能体运营经理(J10659),四川省-成都市,四川省-成都市,四川省,成都市,,成都市,confirmed,运营,社会招聘,,,,,,,,,,direct_detail,是,high,https://keruyun.zhiye.com/zpdetail/230861636,https://keruyun.zhiye.com/social?r=&p=&c=5101&d=&k=,是,true,V1.2/V1.3,2026-09-28,2026-09-28,公开招聘中,,2026-09-28,已实际打开详情页 https://keruyun.zhiye.com/zpdetail/230861636 ，页面「工作地点：四川省-成都市」明确标注；来源为官方招聘系统社招列表按工作地点=成都筛选页,
CD0124:230902886,CD0124,136,时时同云科技（成都）有限责任公司,是,A,软件与互联网服务,客服督导(J10692),四川省-成都市,四川省-成都市,四川省,成都市,,成都市,confirmed,职能支持,社会招聘,,,,,,,,,,direct_detail,是,high,https://keruyun.zhiye.com/zpdetail/230902886,https://keruyun.zhiye.com/social?r=&p=&c=5101&d=&k=,是,true,V1.2/V1.3,2026-09-28,2026-09-28,公开招聘中,,2026-09-28,已实际打开详情页 https://keruyun.zhiye.com/zpdetail/230902886 ，页面「工作地点：四川省-成都市」明确标注；来源为官方招聘系统社招列表按工作地点=成都筛选页,
CD0124:230903747,CD0124,137,时时同云科技（成都）有限责任公司,是,A,软件与互联网服务,SVIP主管(J10693),四川省-成都市,四川省-成都市,四川省,成都市,,成都市,confirmed,运营,社会招聘,,,,,,,,,,direct_detail,是,high,https://keruyun.zhiye.com/zpdetail/230903747,https://keruyun.zhiye.com/social?r=&p=&c=5101&d=&k=,是,true,V1.2/V1.3,2026-09-28,2026-09-28,公开招聘中,,2026-09-28,已实际打开详情页 https://keruyun.zhiye.com/zpdetail/230903747 ，页面「工作地点：四川省-成都市」明确标注；来源为官方招聘系统社招列表按工作地点=成都筛选页,
CD0124:230905222,CD0124,138,时时同云科技（成都）有限责任公司,是,A,软件与互联网服务,技术服务工程师（商业化服务组）(J10694),四川省-成都市,四川省-成都市,四川省,成都市,,成都市,confirmed,其他,社会招聘,,,,,,,,,,direct_detail,是,high,https://keruyun.zhiye.com/zpdetail/230905222,https://keruyun.zhiye.com/social?r=&p=&c=5101&d=&k=,是,true,V1.2/V1.3,2026-09-28,2026-09-28,公开招聘中,,2026-09-28,已实际打开详情页 https://keruyun.zhiye.com/zpdetail/230905222 ，页面「工作地点：四川省-成都市」明确标注；来源为官方招聘系统社招列表按工作地点=成都筛选页,
CD0124:230917638,CD0124,139,时时同云科技（成都）有限责任公司,是,A,软件与互联网服务,供应链售后顾问(J10706),四川省-成都市,四川省-成都市,四川省,成都市,,成都市,confirmed,供应链,社会招聘,,,,,,,,,,direct_detail,是,high,https://keruyun.zhiye.com/zpdetail/230917638,https://keruyun.zhiye.com/social/jobs,是,true,V1.2/V1.3,2026-09-28,2026-09-28,公开招聘中,,2026-09-28,客如云招聘系统社招列表页该职位标注工作地点为四川省-成都市,
CD0124:230918158,CD0124,140,时时同云科技（成都）有限责任公司,是,A,软件与互联网服务,客户服务顾问(J10707),四川省-成都市,四川省-成都市,四川省,成都市,,成都市,confirmed,职能支持,社会招聘,,,,,,,,,,direct_detail,是,high,https://keruyun.zhiye.com/zpdetail/230918158,https://keruyun.zhiye.com/social/jobs,是,true,V1.2/V1.3,2026-09-28,2026-09-28,公开招聘中,,2026-09-28,客如云招聘系统社招列表页该职位标注工作地点为四川省-成都市，详情页链接为列表页给出,
CD0124:J10585,CD0124,141,时时同云科技（成都）有限责任公司,是,A,软件与互联网服务,Java开发工程师-数据平台方向(J10585),四川省-成都市,四川省-成都市,四川省,成都市,,成都市,confirmed,研发,社会招聘,,,,,,,,,,direct_detail,是,high,https://keruyun.zhiye.com/zpdetail/230805722,https://keruyun.zhiye.com/home,是,true,V1.2/V1.3,2026-09-28,2026-09-28,公开招聘中,,2026-09-28,"企业专属 ATS keruyun.zhiye.com 职位详情页『工作地点：四川省,四川省-成都市』，岗位为客如云餐饮SaaS收银与大数据中台相关系统建设",
CD0124:J10590,CD0124,142,时时同云科技（成都）有限责任公司,是,A,软件与互联网服务,中级测开工程师(J10590),四川省-成都市,四川省-成都市,四川省,成都市,,成都市,confirmed,测试,社会招聘,,,,,,,,,,direct_detail,是,high,https://keruyun.zhiye.com/zpdetail/230805650,https://keruyun.zhiye.com/home,是,true,V1.2/V1.3,2026-09-28,2026-09-28,公开招聘中,,2026-09-28,企业专属 ATS keruyun.zhiye.com 职位详情页『工作地点：四川省-成都市』，负责客如云技术部业务端到端测试,
CD0126|成都链安科技有限公司|AI Agent开发工程师|成都市,CD0126,143,成都链安科技有限公司,是,A,软件与互联网服务,AI Agent开发工程师,四川成都,四川成都,四川省,成都市,,成都市,confirmed,研发,未知,,,,,,,,,,company_careers_home,否,low,https://www.lianantech.com,https://www.lianantech.com,是,true,V1.2/V1.3,2026-09-28,2026-09-28,公开招聘中,,2026-09-28,官网首页『招聘岗位』板块逐条标注：AI Agent开发工程师 / 研发类 / 四川成都；2026-09-28 复测 200 但招聘关键词命中少,
CD0126|成都链安科技有限公司|安全研究工程师|成都市,CD0126,144,成都链安科技有限公司,是,A,软件与互联网服务,安全研究工程师,四川成都,四川成都,四川省,成都市,,成都市,confirmed,研发,未知,,,,,,,,,,company_careers_home,否,low,https://www.lianantech.com,https://www.lianantech.com,是,true,V1.2/V1.3,2026-09-28,2026-09-28,公开招聘中,,2026-09-28,官网首页『招聘岗位』板块逐条标注：安全研究工程师 / 安全类 / 四川成都；2026-09-28 复测 200 但招聘关键词命中少,
CD0126|成都链安科技有限公司|海外售前工程师|成都市,CD0126,145,成都链安科技有限公司,是,A,软件与互联网服务,海外售前工程师,四川成都,四川成都,四川省,成都市,,成都市,confirmed,销售,未知,,,,,,,,,,company_careers_home,否,low,https://www.lianantech.com,https://www.lianantech.com,是,true,V1.2/V1.3,2026-09-28,2026-09-28,公开招聘中,,2026-09-28,官网首页『招聘岗位』板块逐条标注：海外售前工程师 / 安全类 / 四川成都，成都为官方页面明确写法；2026-09-28 复测 200 但招聘关键词命中少,
CD0127:78572,CD0127,146,成都数据集团股份有限公司,是,A,人工智能与大数据,人工智能与算力事业部副总经理,成都市锦江区,成都市锦江区,四川省,成都市,锦江区,成都市,confirmed,其他,社会招聘,2026-04-23,,,,,,,,,direct_detail,是,high,https://www.cdbdata.cn/jobinfo.thtml?t=1309&cid=78572&pn=,https://www.cdbdata.cn/job.thtml?t=1309&cid=1,是,true,V1.2/V1.3,2026-09-28,2026-09-28,公开招聘中,,2026-09-28,官网『员工招聘-招聘公告』内的《成都产业投资集团有限公司所属企业成都数据集团股份有限公司市场化选聘中层管理人员的公告》，岗位表明确『工作地点：成都市锦江区』『招聘人数1名』『薪酬不低于40万元/年』；报名时间为2026年4月23日至5月23日，已过报名期，仅作官方证据留存,
CD0128|中科创达软件股份有限公司（成都研发中心）|2026 校园招聘 — 测试工程师|成都市,CD0128,147,中科创达软件股份有限公司（成都研发中心）,是,A,软件与互联网服务,2026 校园招聘 — 测试工程师,成都 / 上海,成都 / 上海,四川省,成都市,,成都市,confirmed,测试,校园招聘,,,,,,,,,,listing_page,否,low,https://www.thundersoft.com/careers/campus,https://www.thundersoft.com/careers/campus,是,true,V1.2/V1.3,2026-09-28,2026-09-28,公开招聘中,,2026-09-28,中科创达官网校招页『在招岗位』原文标注『成都 / 上海 · 全职』，成都为官方页面明确列出的工作城市,
CD0128|中科创达软件股份有限公司（成都研发中心）|2026 校园招聘 — 研发工程师|成都市,CD0128,148,中科创达软件股份有限公司（成都研发中心）,是,A,软件与互联网服务,2026 校园招聘 — 研发工程师,北京 / 上海 / 深圳 / 成都,北京 / 上海 / 深圳 / 成都,四川省,成都市,,成都市,confirmed,研发,校园招聘,,,,,,,,,,listing_page,否,low,https://www.thundersoft.com/careers/campus,https://www.thundersoft.com/careers/campus,是,true,V1.2/V1.3,2026-09-28,2026-09-28,公开招聘中,,2026-09-28,中科创达官网校招页『在招岗位』原文标注『北京 / 上海 / 深圳 / 成都 · 全职』，成都为官方页面明确列出的工作城市,
CD0129|深信服科技股份有限公司（成都）|深信服27届—技术研发工程师（AI潜力方向）|成都市,CD0129,149,深信服科技股份有限公司（成都）,是,A,软件与互联网服务,深信服27届—技术研发工程师（AI潜力方向）,"深圳市,长沙市,北京市,成都市","深圳市,长沙市,北京市,成都市",四川省,成都市,,成都市,confirmed,研发,校园招聘,,,,,,,,,,listing_page,否,low,https://hr.sangfor.com/schoolRecruitment,https://hr.sangfor.com/schoolRecruitment,是,true,V1.2/V1.3,2026-09-28,2026-09-28,公开招聘中,,2026-09-28,"深信服官方招聘系统 hr.sangfor.com 校招页面原文『工作城市：深圳市,长沙市,北京市,成都市』，成都为官方 ATS 明确列出的工作城市",
CD0130|奇安信科技集团股份有限公司（成都）|安全工程师 - Web漏洞方向|成都市,CD0130,150,奇安信科技集团股份有限公司（成都）,是,A,软件与互联网服务,安全工程师 - Web漏洞方向,南京、成都、西安,南京、成都、西安,四川省,成都市,,成都市,confirmed,其他,未知,,,,,,,,,,listing_page,否,low,https://poc.qianxin.com/join-us,https://poc.qianxin.com/join-us,是,true,V1.2/V1.3,2026-09-28,2026-09-28,公开招聘中,,2026-09-28,奇安信天工实验室官网招聘页『开放职位 01 安全工程师 - Web漏洞方向 工作地点: 南京､成都､西安』，成都为官方页面明确列出的工作城市；2026-09-28 复测 200 但招聘关键词命中少,
CD0130|奇安信科技集团股份有限公司（成都）|渗透测试工程师(安服)|成都市,CD0130,151,奇安信科技集团股份有限公司（成都）,是,A,软件与互联网服务,渗透测试工程师(安服),"北京,广州,成都,深圳,上海","北京,广州,成都,深圳,上海",四川省,成都市,,成都市,confirmed,其他,未知,,,,,,,,,,listing_page,否,low,https://www.qianxin.com/campus/internJobSearch,https://www.qianxin.com/campus/internJobSearch,是,true,V1.2/V1.3,2026-09-28,2026-09-28,公开招聘中,,2026-09-28,"奇安信官网校招职位页原文『渗透测试工程师(安服) 安全类 北京,广州,成都,深圳,上海』，成都为官方页面明确列出的工作城市",
CD0130|奇安信科技集团股份有限公司（成都）|渗透测试工程师（攻防方向）|成都市,CD0130,152,奇安信科技集团股份有限公司（成都）,是,A,软件与互联网服务,渗透测试工程师（攻防方向）,"北京,杭州,广州,成都,南京,重庆,深圳","北京,杭州,广州,成都,南京,重庆,深圳",四川省,成都市,,成都市,confirmed,测试,校园招聘,,,,,,,,,,direct_detail,是,medium,https://app.mokahr.com/m/campus-recruitment/qianxin/29182?hash=%23%2Fjob%2F3b4ba1fc-6f2a-43c7-b62b-dfcf497ff237%3Ffrom%3Dqrcode,https://www.qianxin.com/campus/internJobSearch,是,true,V1.2/V1.3,2026-09-28,2026-09-28,公开招聘中,,2026-09-28,奇安信校招页面该岗位工作地包含成都，详情页链接为页面「立即申请」按钮给出的地址；动态渲染页（重定向/SPA），浏览器访问正常,
CD0130|奇安信科技集团股份有限公司（成都）|青少班-市场营销方向|成都市,CD0130,153,奇安信科技集团股份有限公司（成都）,是,A,软件与互联网服务,青少班-市场营销方向,"北京,杭州,广州,成都,南京,青岛,深圳,上海,济南","北京,杭州,广州,成都,南京,青岛,深圳,上海,济南",四川省,成都市,,成都市,confirmed,市场,校园招聘,,,,,,,,,,direct_detail,是,medium,https://app.mokahr.com/m/campus-recruitment/qianxin/29182?hash=%23%2Fjob%2Ff9de789f-4c3a-421e-901f-ffc34d25c71b%3Ffrom%3Dqrcode,https://www.qianxin.com/campus/internJobSearch,是,true,V1.2/V1.3,2026-09-28,2026-09-28,公开招聘中,,2026-09-28,奇安信校招页面该岗位工作地包含成都，详情页链接为页面「立即申请」按钮给出的地址；动态渲染页（重定向/SPA），浏览器访问正常,
CD0133|成都中科大旗软件股份有限公司|Java开发工程师|成都市,CD0133,154,成都中科大旗软件股份有限公司,是,A,软件与互联网服务,Java开发工程师,成都,成都,四川省,成都市,,成都市,confirmed,研发,未知,2022-11-08,,,,,,,,,listing_page,否,low,https://www.daqsoft.com/join-us.html?code=gywm&channelCode=jrwm,https://www.daqsoft.com/join-us.html?code=gywm&channelCode=jrwm,是,true,V1.2/V1.3,2026-09-28,2026-09-28,公开招聘中,,2026-09-28,官网『加入我们』页面职位列表原文：Java开发工程师 产品中心 成都 2022-11-08,
CD0133|成都中科大旗软件股份有限公司|hadoop大数据开发工程师|成都市,CD0133,155,成都中科大旗软件股份有限公司,是,A,软件与互联网服务,hadoop大数据开发工程师,成都,成都,四川省,成都市,,成都市,confirmed,研发,未知,2022-11-08,,,,,,,,,listing_page,否,low,https://www.daqsoft.com/join-us.html?code=gywm&channelCode=jrwm,https://www.daqsoft.com/join-us.html?code=gywm&channelCode=jrwm,是,true,V1.2/V1.3,2026-09-28,2026-09-28,公开招聘中,,2026-09-28,官网『加入我们』页面职位列表原文：hadoop大数据开发工程师 技术中心 成都 2022-11-08,
CD0133|成都中科大旗软件股份有限公司|web前端开发工程师|成都市,CD0133,156,成都中科大旗软件股份有限公司,是,A,软件与互联网服务,web前端开发工程师,成都,成都,四川省,成都市,,成都市,confirmed,研发,未知,2022-11-08,,,,,,,,,listing_page,否,low,https://www.daqsoft.com/join-us.html?code=gywm&channelCode=jrwm,https://www.daqsoft.com/join-us.html?code=gywm&channelCode=jrwm,是,true,V1.2/V1.3,2026-09-28,2026-09-28,公开招聘中,,2026-09-28,官网『加入我们』页面职位列表原文：web前端开发工程师 产品中心/技术中心 成都 2022-11-08,
CD0133|成都中科大旗软件股份有限公司|大数据运维工程师|成都市,CD0133,157,成都中科大旗软件股份有限公司,是,A,软件与互联网服务,大数据运维工程师,成都,成都,四川省,成都市,,成都市,confirmed,研发,未知,2022-11-08,,,,,,,,,listing_page,否,low,https://www.daqsoft.com/join-us.html?code=gywm&channelCode=jrwm,https://www.daqsoft.com/join-us.html?code=gywm&channelCode=jrwm,是,true,V1.2/V1.3,2026-09-28,2026-09-28,公开招聘中,,2026-09-28,官网『加入我们』页面职位列表原文：大数据运维工程师 技术中心 成都 2022-11-08,
CD0133|成都中科大旗软件股份有限公司|实习生|成都市,CD0133,158,成都中科大旗软件股份有限公司,是,A,软件与互联网服务,实习生,成都,成都,四川省,成都市,,成都市,confirmed,职能支持,实习,2022-11-08,,,,,,,,,listing_page,否,low,https://www.daqsoft.com/join-us.html?code=gywm&channelCode=jrwm,https://www.daqsoft.com/join-us.html?code=gywm&channelCode=jrwm,是,true,V1.2/V1.3,2026-09-28,2026-09-28,公开招聘中,,2026-09-28,官网『加入我们』页面职位列表原文：实习生 综合管理部 成都 2022-11-08，招聘部门综合管理部，招聘人数5,
CD0133|成都中科大旗软件股份有限公司|高级Java开发工程师(大数据方向）|成都市,CD0133,159,成都中科大旗软件股份有限公司,是,A,软件与互联网服务,高级Java开发工程师(大数据方向）,成都,成都,四川省,成都市,,成都市,confirmed,研发,未知,2022-11-08,,,,,,,,,listing_page,否,low,https://www.daqsoft.com/join-us.html?code=gywm&channelCode=jrwm,https://www.daqsoft.com/join-us.html?code=gywm&channelCode=jrwm,是,true,V1.2/V1.3,2026-09-28,2026-09-28,公开招聘中,,2026-09-28,官网『加入我们』页面职位列表原文：高级Java开发工程师(大数据方向） 技术中心 成都 2022-11-08（职位名保留原文括号与全角右括号）,
CD0133|成都中科大旗软件股份有限公司|高级大数据架构师|成都市,CD0133,160,成都中科大旗软件股份有限公司,是,A,软件与互联网服务,高级大数据架构师,成都,成都,四川省,成都市,,成都市,confirmed,研发,未知,2022-11-08,,,,,,,,,listing_page,否,low,https://www.daqsoft.com/join-us.html?code=gywm&channelCode=jrwm,https://www.daqsoft.com/join-us.html?code=gywm&channelCode=jrwm,是,true,V1.2/V1.3,2026-09-28,2026-09-28,公开招聘中,,2026-09-28,官网『加入我们』页面职位列表原文：高级大数据架构师 技术中心 成都 2022-11-08,
CD0133|成都中科大旗软件股份有限公司|高级项目经理|成都市,CD0133,161,成都中科大旗软件股份有限公司,是,A,软件与互联网服务,高级项目经理,成都,成都,四川省,成都市,,成都市,confirmed,其他,未知,2022-11-08,,,,,,,,,listing_page,否,low,https://www.daqsoft.com/join-us.html?code=gywm&channelCode=jrwm,https://www.daqsoft.com/join-us.html?code=gywm&channelCode=jrwm,是,true,V1.2/V1.3,2026-09-28,2026-09-28,公开招聘中,,2026-09-28,官网『加入我们』页面职位列表原文：高级项目经理 交付中心 成都 2022-11-08；同页『销售经理』标注为『全国』，未计入成都职位,
CD0134|成都赤轮动画设计有限公司|次世代场景模型师(含实习生）|成都市,CD0134,162,成都赤轮动画设计有限公司,是,A,数字内容,次世代场景模型师(含实习生）,成都（推定）,成都（推定）,四川省,成都市,,成都市,inferred,其他,社会招聘,,,,,,,,,,listing_page,否,low,http://www.cgturbo.cn/index.php?c=category&id=16,http://www.cgturbo.cn/index.php?c=category&id=16,是,true,V1.2/V1.3,2026-09-28,2026-09-28,公开招聘中,,2026-09-28,官网「人才招聘」页原文职位名；工作城市按推定。,
CD0134|成都赤轮动画设计有限公司|次世代角色模型师(含实习生）|成都市,CD0134,163,成都赤轮动画设计有限公司,是,A,数字内容,次世代角色模型师(含实习生）,成都（推定）,成都（推定）,四川省,成都市,,成都市,inferred,其他,社会招聘,,,,,,,,,,listing_page,否,low,http://www.cgturbo.cn/index.php?c=category&id=16,http://www.cgturbo.cn/index.php?c=category&id=16,是,true,V1.2/V1.3,2026-09-28,2026-09-28,公开招聘中,,2026-09-28,官网「人才招聘」页原文职位名（含全角括号）；页面未逐条标注城市，成都归属按「成都赤轮动画设计有限公司」及其简介「成都赤轮是国内专业游戏美术外包企业」推定。投递邮箱 hr@cgturbo.cn。,
CD0134|成都赤轮动画设计有限公司|管理培训生|成都市,CD0134,164,成都赤轮动画设计有限公司,是,A,数字内容,管理培训生,成都（推定）,成都（推定）,四川省,成都市,,成都市,inferred,其他,校园招聘,,,,,,,,,,listing_page,否,low,http://www.cgturbo.cn/index.php?c=category&id=16,http://www.cgturbo.cn/index.php?c=category&id=16,是,true,V1.2/V1.3,2026-09-28,2026-09-28,公开招聘中,,2026-09-28,官网「人才招聘」页原文职位名；工作城市按推定。,
CD0135:61df9ec36170823b0ab66873,CD0135,165,成都品果科技有限公司,是,A,数字内容,KOL运营实习生,成都,成都,四川省,成都市,,成都市,confirmed,运营,实习,,,,,,,,,,direct_detail,是,high,https://hr.camera360.com/positionDetail.html?id=61df9ec36170823b0ab66873&channel=school,http://hr.camera360.com/,是,true,V1.2/V1.3,2026-09-28,2026-09-28,公开招聘中,,2026-09-28,企业自有招聘站职位详情页，列表页工作地点列明「成都」，招聘对象为「27届及以上同学」。,
CD0135:684d91816170828e14b66a4f,CD0135,166,成都品果科技有限公司,是,A,数字内容,内容运营实习生,成都,成都,四川省,成都市,,成都市,confirmed,运营,实习,,,,,,,,,,direct_detail,是,high,https://hr.camera360.com/positionDetail.html?id=684d91816170828e14b66a4f&channel=school,http://hr.camera360.com/,是,true,V1.2/V1.3,2026-09-28,2026-09-28,公开招聘中,,2026-09-28,企业自有招聘站职位详情页，列表页工作地点列明「成都」，招聘对象为「27届及以上同学」。,
CD0136:HR260211135913365-202,CD0136,167,成都锐拓传媒广告有限公司,是,A,数字内容,动漫编剧实习生,成都（推定）,成都（推定）,四川省,成都市,,成都市,inferred,其他,实习,,,,,,,,,,direct_detail,是,high,https://www.rightol.com/info/hr/HR260211135913365-202.html,https://www.rightol.com/info/hr,是,true,V1.2/V1.3,2026-09-28,2026-09-28,公开招聘中,,2026-09-28,官网招聘频道职位详情页，所属部门「出版事业中心」，招5名，有效期至 2026-12-31；详情页工作地点字段为空，成都归属按高校就业网转载的企业招聘公告（成都市青羊区日月大道一段1501号万和中心2栋1609号）推定。,
CD0137|成都潮我看文化传媒有限公司|AI创作者|成都市,CD0137,168,成都潮我看文化传媒有限公司,是,A,数字内容,AI创作者,成都（公司总部；岗位标注地点灵活/可远程）,成都（公司总部；岗位标注地点灵活/可远程）,四川省,成都市,,成都市,inferred,其他,未知,,,,,,,,,,listing_page,否,low,https://www.cwkwh.com/index.html,https://www.cwkwh.com/index.html,是,true,V1.2/V1.3,2026-09-28,2026-09-28,公开招聘中,,2026-09-28,OST传媒官方直招页岗位，劳务报酬8-15K/月，标注「地点灵活·可远程」；页面公司介绍明确公司主体为成都潮我看文化传媒有限公司、总部位于成都市锦江区红豆树街77号。,
CD0137|成都潮我看文化传媒有限公司|AI数字人制作师|成都市,CD0137,169,成都潮我看文化传媒有限公司,是,A,数字内容,AI数字人制作师,成都（公司总部；岗位标注地点灵活/可远程）,成都（公司总部；岗位标注地点灵活/可远程）,四川省,成都市,,成都市,inferred,其他,未知,,,,,,,,,,listing_page,否,low,https://www.cwkwh.com/index.html,https://www.cwkwh.com/index.html,是,true,V1.2/V1.3,2026-09-28,2026-09-28,公开招聘中,,2026-09-28,OST传媒官方直招页岗位，劳务报酬8-15K/月。,
CD0137|成都潮我看文化传媒有限公司|AI文案撰稿人|成都市,CD0137,170,成都潮我看文化传媒有限公司,是,A,数字内容,AI文案撰稿人,成都（公司总部；岗位标注地点灵活/可远程）,成都（公司总部；岗位标注地点灵活/可远程）,四川省,成都市,,成都市,inferred,其他,未知,,,,,,,,,,listing_page,否,low,https://www.cwkwh.com/index.html,https://www.cwkwh.com/index.html,是,true,V1.2/V1.3,2026-09-28,2026-09-28,公开招聘中,,2026-09-28,OST传媒官方直招页岗位，劳务报酬4-8K/月。,
CD0137|成都潮我看文化传媒有限公司|AI短视频剪辑师|成都市,CD0137,171,成都潮我看文化传媒有限公司,是,A,数字内容,AI短视频剪辑师,成都（公司总部；岗位标注地点灵活/可远程）,成都（公司总部；岗位标注地点灵活/可远程）,四川省,成都市,,成都市,inferred,其他,未知,,,,,,,,,,listing_page,否,low,https://www.cwkwh.com/index.html,https://www.cwkwh.com/index.html,是,true,V1.2/V1.3,2026-09-28,2026-09-28,公开招聘中,,2026-09-28,OST传媒官方直招页岗位，劳务报酬6-10K/月，可远程。,
CD0137|成都潮我看文化传媒有限公司|AI绘画创作者|成都市,CD0137,172,成都潮我看文化传媒有限公司,是,A,数字内容,AI绘画创作者,成都（公司总部；岗位标注全国·远程可做）,成都（公司总部；岗位标注全国·远程可做）,四川省,成都市,,成都市,inferred,其他,未知,,,,,,,,,,listing_page,否,low,https://www.cwkwh.com/index.html,https://www.cwkwh.com/index.html,是,true,V1.2/V1.3,2026-09-28,2026-09-28,公开招聘中,,2026-09-28,OST传媒官方直招页岗位，劳务报酬5-8K/月，新上线岗位。,
CD0137|成都潮我看文化传媒有限公司|AI音频内容创作|成都市,CD0137,173,成都潮我看文化传媒有限公司,是,A,数字内容,AI音频内容创作,成都（公司总部；岗位标注地点灵活/可远程）,成都（公司总部；岗位标注地点灵活/可远程）,四川省,成都市,,成都市,inferred,其他,未知,,,,,,,,,,listing_page,否,low,https://www.cwkwh.com/index.html,https://www.cwkwh.com/index.html,是,true,V1.2/V1.3,2026-09-28,2026-09-28,公开招聘中,,2026-09-28,OST传媒官方直招页岗位，劳务报酬3-8K/月。,
CD0140|成都银行股份有限公司|总行中小企业部产品经理|成都市,CD0140,174,成都银行股份有限公司,是,B,金融科技,总行中小企业部产品经理,成都（总行）,成都（总行）,四川省,成都市,,成都市,inferred,产品,社会招聘,2025-12-18,,,,,,,,,listing_page,否,low,https://www.bocd.com.cn/zyxxfb/rczp/zhaopingonggao/1199002198508441600.html,https://www.bocd.com.cn/zyxxfb/rczp/zhaopingonggao/1199002198508441600.html,是,true,V1.2/V1.3,2026-09-28,2026-09-28,公开招聘中,,2026-09-28,官方招聘公告原文岗位名；总行岗位，公告未单列城市字段故按推定。报名期已结束。,
CD0140|成都银行股份有限公司|总行信用审批部专职信用审批人|成都市,CD0140,175,成都银行股份有限公司,是,B,金融科技,总行信用审批部专职信用审批人,成都（总行）,成都（总行）,四川省,成都市,,成都市,inferred,其他,社会招聘,2025-12-18,,,,,,,,,listing_page,否,low,https://www.bocd.com.cn/zyxxfb/rczp/zhaopingonggao/1199002198508441600.html,https://www.bocd.com.cn/zyxxfb/rczp/zhaopingonggao/1199002198508441600.html,是,true,V1.2/V1.3,2026-09-28,2026-09-28,公开招聘中,,2026-09-28,官方招聘公告原文岗位名；总行岗位，成都银行总行地址为成都市青羊区西御街16号（官网首页披露），公告未单列城市字段故按推定。该公告报名期 2025-12-18 至 2025-12-31 已结束。,
CD0141:43,CD0141,176,四川锦程消费金融有限责任公司,是,A,金融科技,数据分析岗,四川成都,四川成都,四川省,成都市,,成都市,confirmed,其他,未知,,,,,,,,,,direct_detail,是,high,https://www.jccfc.com/jobs/43,https://www.jccfc.com/jobs,是,true,V1.2/V1.3,2026-09-28,2026-09-28,公开招聘中,,2026-09-28,官网职位详情页字段「工作地点：四川成都」，招1人，本科及以上。,
CD0141:48,CD0141,177,四川锦程消费金融有限责任公司,是,A,金融科技,业务综合岗,四川成都,四川成都,四川省,成都市,,成都市,confirmed,其他,未知,,,,,,,,,,direct_detail,是,high,https://www.jccfc.com/jobs/48,https://www.jccfc.com/jobs,是,true,V1.2/V1.3,2026-09-28,2026-09-28,公开招聘中,,2026-09-28,官网职位详情页字段「工作地点：四川成都」，招2人，本科及以上。,
CD0142:267,CD0142,178,成都农村商业银行股份有限公司,是,A,金融科技,分支行综合柜员岗（中心城区）,成都（中心城区支行）,成都（中心城区支行）,四川省,成都市,,成都市,confirmed,其他,校园招聘,,,,,,,,,,listing_page,否,low,https://www.cdrcb.com/pin/zpdetail.htm?id=267,https://www.cdrcb.com/pin/zpdetail.htm?id=267,是,true,V1.2/V1.3,2026-09-28,2026-09-28,公开招聘中,,2026-09-28,官网2027年校园招聘公告原文岗位名，招聘90人，中心城区支行名单见公告附件2；报名时间 2026-09-17 至 2026-10-25，核验时处于开放期。,
CD0144:235,CD0144,179,国宝人寿保险股份有限公司,是,A,金融科技,精算评估岗,成都,成都,四川省,成都市,,成都市,confirmed,其他,社会招聘,,,,,,,,,,direct_detail,是,high,https://www.panda-assets.com/Position/Detail/235,https://www.panda-assets.com/Position,是,true,V1.2/V1.3,2026-09-28,2026-09-28,公开招聘中,,2026-09-28,官网职位详情页字段「地点：成都」「部门：产品精算部」。,
CD0144:239,CD0144,180,国宝人寿保险股份有限公司,是,A,金融科技,资深/高级/中级核保（个险/团险）,成都,成都,四川省,成都市,,成都市,confirmed,其他,社会招聘,,,,,,,,,,direct_detail,是,high,https://www.panda-assets.com/Position/Detail/239,https://www.panda-assets.com/Position,是,true,V1.2/V1.3,2026-09-28,2026-09-28,公开招聘中,,2026-09-28,官网职位详情页字段「地点：成都」「部门：运营管理部」，投递邮箱 recruit@panda-assets.com。,
CD0144:264,CD0144,181,国宝人寿保险股份有限公司,是,A,金融科技,总公司投资业务部运营保障室负责人,成都,成都,四川省,成都市,,成都市,confirmed,其他,社会招聘,2025-12-05,,,,,,,,,direct_detail,是,high,http://panda-assets.com/Position/Detail/264,https://www.panda-assets.com/Position,是,true,V1.2/V1.3,2026-09-28,2026-09-28,公开招聘中,,2026-09-28,官网职位详情页字段「地点：成都」「部门：投资业务部」，页面写明报名时间 2025-12-05 至 2025-12-15，已过期。,
CD0144:267,CD0144,182,国宝人寿保险股份有限公司,是,A,金融科技,四川分公司办公室（组织人事部）IT支持兼综合管理岗,成都,成都,四川省,成都市,,成都市,confirmed,职能支持,社会招聘,,,,,,,,,,direct_detail,是,high,http://panda-assets.com/Position/Detail/267,https://www.panda-assets.com/Position,是,true,V1.2/V1.3,2026-09-28,2026-09-28,公开招聘中,,2026-09-28,官网职位详情页字段「地点：成都」「部门：办公室（组织人事部）」，第一批简历接收截止 2026-03-06。,
CD0145|成都星合互娱科技有限公司|数值策划|成都市,CD0145,183,成都星合互娱科技有限公司,是,A,游戏,数值策划,成都,成都,四川省,成都市,,成都市,confirmed,产品,社会招聘,,,,,,,,,,listing_page,否,low,https://www.staruniongame.com/cn/join,https://www.staruniongame.com/cn/join,是,true,V1.2/V1.3,2026-09-28,2026-09-28,公开招聘中,,2026-09-28,官网「加入我们」页列表字段：职位类别=产品策划，工作地点=成都，招聘类型=社会招聘。；2026-09-28 复测 200 但招聘关键词命中少,
CD0145|成都星合互娱科技有限公司|数据运营|成都市,CD0145,184,成都星合互娱科技有限公司,是,A,游戏,数据运营,成都,成都,四川省,成都市,,成都市,confirmed,运营,社会招聘,,,,,,,,,,listing_page,否,low,https://www.staruniongame.com/cn/join,https://www.staruniongame.com/cn/join,是,true,V1.2/V1.3,2026-09-28,2026-09-28,公开招聘中,,2026-09-28,官网「加入我们」页列表字段：职位类别=语言运营（数据运营），工作地点=成都，招聘类型=社会招聘。；2026-09-28 复测 200 但招聘关键词命中少,
CD0145|成都星合互娱科技有限公司|游戏制作人|成都市,CD0145,185,成都星合互娱科技有限公司,是,A,游戏,游戏制作人,成都,成都,四川省,成都市,,成都市,confirmed,产品,社会招聘,,,,,,,,,,listing_page,否,low,https://www.staruniongame.com/cn/join,https://www.staruniongame.com/cn/join,是,true,V1.2/V1.3,2026-09-28,2026-09-28,公开招聘中,,2026-09-28,官网「加入我们」页列表字段：职位类别=产品策划，工作地点=成都，招聘类型=社会招聘。该页为前端渲染，直接抓取未返回列表，职位内容取自检索结果对该官方页面正文的收录，建议浏览器端复核。；2026-09-28 复测 200 但招聘关键词命中少,
CD0145|成都星合互娱科技有限公司|系统策划|成都市,CD0145,186,成都星合互娱科技有限公司,是,A,游戏,系统策划,成都,成都,四川省,成都市,,成都市,confirmed,产品,社会招聘,,,,,,,,,,listing_page,否,low,https://www.staruniongame.com/cn/join,https://www.staruniongame.com/cn/join,是,true,V1.2/V1.3,2026-09-28,2026-09-28,公开招聘中,,2026-09-28,官网「加入我们」页列表字段：职位类别=产品策划，工作地点=成都，招聘类型=社会招聘。；2026-09-28 复测 200 但招聘关键词命中少,
CD0145|成都星合互娱科技有限公司|翻译兼GM（英语、越南语）|成都市,CD0145,187,成都星合互娱科技有限公司,是,A,游戏,翻译兼GM（英语、越南语）,成都,成都,四川省,成都市,,成都市,confirmed,运营,社会招聘,,,,,,,,,,listing_page,否,low,https://www.staruniongame.com/cn/join,https://www.staruniongame.com/cn/join,是,true,V1.2/V1.3,2026-09-28,2026-09-28,公开招聘中,,2026-09-28,官网「加入我们」页列表字段：职位类别=语言运营，工作地点=成都，招聘类型=社会招聘。；2026-09-28 复测 200 但招聘关键词命中少,
CD0146|成都力比科技有限公司|中级Unity游戏开发工程师|成都市,CD0146,188,成都力比科技有限公司,是,A,游戏,中级Unity游戏开发工程师,成都（推定）,成都（推定）,四川省,成都市,,成都市,inferred,研发,社会招聘,,,,,,,,,,listing_page,否,low,https://libii.cn/?page_id=225,https://libii.cn/?page_id=225,是,true,V1.2/V1.3,2026-09-28,2026-09-28,公开招聘中,,2026-09-28,官网招聘页原文职位名，标注 1 Post；工作城市按推定。,
CD0146|成都力比科技有限公司|休闲游戏资深关卡策划|成都市,CD0146,189,成都力比科技有限公司,是,A,游戏,休闲游戏资深关卡策划,成都（推定）,成都（推定）,四川省,成都市,,成都市,inferred,产品,社会招聘,,,,,,,,,,listing_page,否,low,https://libii.cn/?page_id=225,https://libii.cn/?page_id=225,是,true,V1.2/V1.3,2026-09-28,2026-09-28,公开招聘中,,2026-09-28,官网招聘页原文职位名，标注 1 Post；工作城市按推定。,
CD0146|成都力比科技有限公司|女生向游戏项目主美|成都市,CD0146,190,成都力比科技有限公司,是,A,游戏,女生向游戏项目主美,成都（推定）,成都（推定）,四川省,成都市,,成都市,inferred,其他,社会招聘,,,,,,,,,,listing_page,否,low,https://libii.cn/?page_id=225,https://libii.cn/?page_id=225,是,true,V1.2/V1.3,2026-09-28,2026-09-28,公开招聘中,,2026-09-28,官网招聘页「当前诚聘!」原文职位名，标注 1 Post；页面未标工作城市，成都归属按公司工商登记地（成都高新区府城大道西段399号）推定。,
CD0146|成都力比科技有限公司|高级Java服务器工程师|成都市,CD0146,191,成都力比科技有限公司,是,A,游戏,高级Java服务器工程师,成都（推定）,成都（推定）,四川省,成都市,,成都市,inferred,研发,社会招聘,,,,,,,,,,listing_page,否,low,https://libii.cn/?page_id=225,https://libii.cn/?page_id=225,是,true,V1.2/V1.3,2026-09-28,2026-09-28,公开招聘中,,2026-09-28,官网招聘页原文职位名（英文版 Senior Java Server Engineer），标注 1 Post；工作城市按推定。,
CD0147:280,CD0147,192,成都士兰半导体制造有限公司,是,A,半导体与集成电路,模拟 IC 设计师（2027届）,杭州、西安、北京、无锡、成都、上海,杭州、西安、北京、无锡、成都、上海,四川省,成都市,,成都市,confirmed,研发,校园招聘,2026-07-21,,,,,,,,,direct_detail,是,high,https://www.silan.com.cn/index.php/about/joindetails/280.html,https://www.silan.com.cn/index.php/about/post.html,是,true,V1.2/V1.3,2026-09-28,2026-09-28,公开招聘中,,2026-09-28,集团官网校招岗位表工作地点一栏明确列出「成都」，招聘人数 25，发布时间 2026/07/21,
CD0150:469,CD0150,193,四川赛狄信息技术股份公司,是,A,电子信息制造,硬件工程师,成都、西安,成都、西安,四川省,成都市,,成都市,confirmed,研发,社会招聘,2023-12-04,,,,,,,,,direct_detail,是,high,https://www.sdrising.com/content/content-469,https://www.sdrising.com/category/recruit-30,是,true,V1.2/V1.3,2026-09-28,2026-09-28,公开招聘中,,2026-09-28,赛狄官网社招列表页该职位写明工作地点成都、西安，发布日期2023-12-04,
CD0150:470,CD0150,194,四川赛狄信息技术股份公司,是,A,电子信息制造,软件工程师,成都、西安,成都、西安,四川省,成都市,,成都市,confirmed,研发,社会招聘,,,,,,,,,,direct_detail,是,high,https://sdrising.com/content/content-470,https://www.sdrising.com/category/topic-5,是,true,V1.2/V1.3,2026-09-28,2026-09-28,公开招聘中,,2026-09-28,官网职位详情页明确「工作地点：成都、西安」，薪资 20W-40W/年,
CD0150:471,CD0150,195,四川赛狄信息技术股份公司,是,A,电子信息制造,逻辑工程师,成都,成都,四川省,成都市,,成都市,inferred,研发,社会招聘,,,,,,,,,,direct_detail,是,high,https://www.sdrising.com/content/content-471,https://www.sdrising.com/category/topic-5,是,true,V1.2/V1.3,2026-09-28,2026-09-28,公开招聘中,,2026-09-28,官网职位详情页（FPGA逻辑设计，薪资 20W-40W/年）；未标城市，按公司地址成都高新西区推定,
CD0150:472,CD0150,196,四川赛狄信息技术股份公司,是,A,电子信息制造,试制工程师,成都,成都,四川省,成都市,,成都市,inferred,生产制造,社会招聘,,,,,,,,,,direct_detail,是,high,https://www.sdrising.com/content/content-472,https://www.sdrising.com/category/topic-5,是,true,V1.2/V1.3,2026-09-28,2026-09-28,公开招聘中,,2026-09-28,官网职位详情页（薪资 10W-20W/年）；未标城市，按公司地址成都高新西区推定,
CD0150:473,CD0150,197,四川赛狄信息技术股份公司,是,A,电子信息制造,售前方案工程师,成都,成都,四川省,成都市,,成都市,confirmed,其他,社会招聘,,,,,,,,,,direct_detail,是,high,https://sdrising.com/content/content-473,https://www.sdrising.com/category/topic-5,是,true,V1.2/V1.3,2026-09-28,2026-09-28,公开招聘中,,2026-09-28,官网职位详情页明确「工作地点：成都」，薪资 15W-25W/年,
CD0150:474,CD0150,198,四川赛狄信息技术股份公司,是,A,电子信息制造,技术支持工程师,成都,成都,四川省,成都市,,成都市,inferred,其他,社会招聘,,,,,,,,,,direct_detail,是,high,https://www.sdrising.com/content/content-474,https://www.sdrising.com/category/topic-5,是,true,V1.2/V1.3,2026-09-28,2026-09-28,公开招聘中,,2026-09-28,官网职位详情页（薪资 10W-20W/年）；未标城市，按公司地址成都高新西区新创路2号推定,
CD0151:495201286283591680,CD0151,199,成都运达科技股份有限公司,是,A,智能制造与装备,数据分析工程师,成都,成都,四川省,成都市,,成都市,inferred,算法,社会招聘,,,,,,,,,,direct_detail,是,high,https://www.yd-tec.com/jobinfo/495201286283591680.html,https://www.yd-tec.com/job.html,是,true,V1.2/V1.3,2026-09-28,2026-09-28,公开招聘中,,2026-09-28,官网人才招聘页职位详情页；未标城市，按公司总部成都郫都区推定,
CD0151:495201384359002112,CD0151,200,成都运达科技股份有限公司,是,A,智能制造与装备,软件开发工程师,成都,成都,四川省,成都市,,成都市,inferred,研发,社会招聘,,,,,,,,,,direct_detail,是,high,https://www.yd-tec.com/jobinfo/495201384359002112.html,https://www.yd-tec.com/job.html,是,true,V1.2/V1.3,2026-09-28,2026-09-28,公开招聘中,,2026-09-28,官网人才招聘页职位详情页（JD 内容为硬件开发方向）；未标城市，按公司总部成都郫都区推定,
CD0151:495242343893434368,CD0151,201,成都运达科技股份有限公司,是,A,智能制造与装备,嵌入式软件工程师,成都,成都,四川省,成都市,,成都市,inferred,研发,社会招聘,,,,,,,,,,direct_detail,是,high,https://www.yd-tec.com/jobinfo/495242343893434368.html,https://www.yd-tec.com/job.html,是,true,V1.2/V1.3,2026-09-28,2026-09-28,公开招聘中,,2026-09-28,官网人才招聘页职位详情页；未标城市，按公司总部成都郫都区推定,
CD0151:495242462491574272,CD0151,202,成都运达科技股份有限公司,是,A,智能制造与装备,成本主管,成都,成都,四川省,成都市,,成都市,inferred,职能支持,社会招聘,,,,,,,,,,direct_detail,是,high,https://www.yd-tec.com/jobinfo/495242462491574272.html,https://www.yd-tec.com/job.html,是,true,V1.2/V1.3,2026-09-28,2026-09-28,公开招聘中,,2026-09-28,官网人才招聘页职位详情页；未标城市，按公司总部成都郫都区推定,
CD0151:495242600169603072,CD0151,203,成都运达科技股份有限公司,是,A,智能制造与装备,C#软件工程师,成都,成都,四川省,成都市,,成都市,inferred,研发,社会招聘,,,,,,,,,,direct_detail,是,high,https://www.yd-tec.com/jobinfo/495242600169603072.html,https://www.yd-tec.com/job.html,是,true,V1.2/V1.3,2026-09-28,2026-09-28,公开招聘中,,2026-09-28,官网人才招聘页职位详情页；未标城市，按公司总部成都郫都区推定,
CD0151:495242729945563136,CD0151,204,成都运达科技股份有限公司,是,A,智能制造与装备,C++软件工程师,成都,成都,四川省,成都市,,成都市,inferred,研发,社会招聘,,,,,,,,,,direct_detail,是,high,https://www.yd-tec.com/jobinfo/495242729945563136.html,https://www.yd-tec.com/job.html,是,true,V1.2/V1.3,2026-09-28,2026-09-28,公开招聘中,,2026-09-28,官网人才招聘页职位详情页；简历投递 Recruitment@yunda-tec.com；未标城市，按公司总部成都郫都区推定,
CD0152|成都天箭科技股份有限公司|mems电路设计工程师|成都市,CD0152,205,成都天箭科技股份有限公司,是,A,电子信息制造,mems电路设计工程师,成都-锦江,成都-锦江,四川省,成都市,,成都市,confirmed,研发,社会招聘,,,,,,,,,,listing_page,否,low,https://www.tjian.com.cn/join/default.html,https://www.tjian.com.cn/join/default.html,是,true,V1.2/V1.3,2026-09-28,2026-09-28,公开招聘中,,2026-09-28,官网加入我们页明确标注「成都-锦江」，15-25k，招10人，硕士；英文站同步发布,
CD0152|成都天箭科技股份有限公司|mems结构设计工程师|成都市,CD0152,206,成都天箭科技股份有限公司,是,A,电子信息制造,mems结构设计工程师,成都-锦江,成都-锦江,四川省,成都市,,成都市,confirmed,研发,社会招聘,,,,,,,,,,listing_page,否,low,https://www.tjian.com.cn/join/default.html,https://www.tjian.com.cn/join/default.html,是,true,V1.2/V1.3,2026-09-28,2026-09-28,公开招聘中,,2026-09-28,官网加入我们页明确标注「成都-锦江」，15-25k，招5人，硕士，所属设计开发部,
CD0156:1026,CD0156,207,成都盟升电子技术股份有限公司,是,A,通信与网络设备,项目管理,成都,成都,四川省,成都市,,成都市,inferred,其他,社会招聘,,,,,,,,,,direct_detail,是,high,https://www.microwave-signal.com/join_detail.aspx?t=53&ContentId=1026,https://www.microwave-signal.com/join.aspx?t=53,是,true,V1.2/V1.3,2026-09-28,2026-09-28,公开招聘中,,2026-09-28,官网社招详情页；列表页薪资 12K-25K/月,
CD0156:1027,CD0156,208,成都盟升电子技术股份有限公司,是,A,通信与网络设备,雷达信号处理工程师,成都,成都,四川省,成都市,,成都市,inferred,研发,社会招聘,,,,,,,,,,direct_detail,是,high,https://www.microwave-signal.com/join_detail.aspx?t=53&ContentId=1027,https://www.microwave-signal.com/join.aspx?t=53,是,true,V1.2/V1.3,2026-09-28,2026-09-28,公开招聘中,,2026-09-28,官网社招详情页；列表页薪资 20-40K/月,
CD0156:1028,CD0156,209,成都盟升电子技术股份有限公司,是,A,通信与网络设备,雷达对抗总体工程师,成都,成都,四川省,成都市,,成都市,inferred,研发,社会招聘,,,,,,,,,,direct_detail,是,high,https://www.microwave-signal.com/join_detail.aspx?t=53&ContentId=1028,https://www.microwave-signal.com/join.aspx?t=53,是,true,V1.2/V1.3,2026-09-28,2026-09-28,公开招聘中,,2026-09-28,官网社招详情页；列表页薪资 20-40K/月,
CD0156:1029,CD0156,210,成都盟升电子技术股份有限公司,是,A,通信与网络设备,嵌入式软件工程师（通导）,成都,成都,四川省,成都市,,成都市,inferred,研发,社会招聘,,,,,,,,,,direct_detail,是,high,https://www.microwave-signal.com/join_detail.aspx?t=53&ContentId=1029,https://www.microwave-signal.com/join.aspx?t=53,是,true,V1.2/V1.3,2026-09-28,2026-09-28,公开招聘中,,2026-09-28,官网社招详情页；列表页薪资 7-15K/月,
CD0156:1030,CD0156,211,成都盟升电子技术股份有限公司,是,A,通信与网络设备,硬件工程师,成都,成都,四川省,成都市,,成都市,inferred,研发,社会招聘,,,,,,,,,,direct_detail,是,high,https://www.microwave-signal.com/join_detail.aspx?t=53&ContentId=1030,https://www.microwave-signal.com/join.aspx?t=53,是,true,V1.2/V1.3,2026-09-28,2026-09-28,公开招聘中,,2026-09-28,官网社招详情页；列表页薪资 15-28K/月,
CD0156:1031,CD0156,212,成都盟升电子技术股份有限公司,是,A,通信与网络设备,相控阵总体工程师,成都,成都,四川省,成都市,,成都市,inferred,研发,社会招聘,,,,,,,,,,direct_detail,是,high,https://www.microwave-signal.com/join_detail.aspx?t=53&ContentId=1031,https://www.microwave-signal.com/join.aspx?t=53,是,true,V1.2/V1.3,2026-09-28,2026-09-28,公开招聘中,,2026-09-28,官网社招详情页；列表页薪资 20-40K/月,
CD0156:1032,CD0156,213,成都盟升电子技术股份有限公司,是,A,通信与网络设备,FPGA工程师,成都,成都,四川省,成都市,,成都市,inferred,研发,社会招聘,,,,,,,,,,direct_detail,是,high,https://www.microwave-signal.com/join_detail.aspx?t=53&ContentId=1032,https://www.microwave-signal.com/join.aspx?t=53,是,true,V1.2/V1.3,2026-09-28,2026-09-28,公开招聘中,,2026-09-28,官网社招详情页；列表页薪资 15-30K/月,
CD0156:1033,CD0156,214,成都盟升电子技术股份有限公司,是,A,通信与网络设备,射频工程师,成都,成都,四川省,成都市,,成都市,inferred,研发,社会招聘,2023-09-04,,,,,,,,,direct_detail,是,high,https://www.microwave-signal.com/join_detail.aspx?t=53&ContentId=1033,https://www.microwave-signal.com/join.aspx?t=53,是,true,V1.2/V1.3,2026-09-28,2026-09-28,公开招聘中,,2026-09-28,官网详情页标注发布时间 2023.09.04；列表页薪资 15-30K/月。时效需人工复核,
CD0156:1034,CD0156,215,成都盟升电子技术股份有限公司,是,A,通信与网络设备,天线工程师,成都,成都,四川省,成都市,,成都市,inferred,研发,社会招聘,,,,,,,,,,direct_detail,是,high,https://www.microwave-signal.com/join_detail.aspx?t=53&ContentId=1034,https://www.microwave-signal.com/join.aspx?t=53,是,true,V1.2/V1.3,2026-09-28,2026-09-28,公开招聘中,,2026-09-28,官网社招详情页；列表页薪资 15-30K/月,
CD0156:1035,CD0156,216,成都盟升电子技术股份有限公司,是,A,通信与网络设备,嵌入式工程师,成都,成都,四川省,成都市,,成都市,inferred,研发,社会招聘,,,,,,,,,,direct_detail,是,high,https://www.microwave-signal.com/join_detail.aspx?t=53&ContentId=1035,https://www.microwave-signal.com/join.aspx?t=53,是,true,V1.2/V1.3,2026-09-28,2026-09-28,公开招聘中,,2026-09-28,官网社招详情页；列表页薪资 18-25K/月。职位页未标城市，按公司总部成都天府新区推定,
CD0156:1036,CD0156,217,成都盟升电子技术股份有限公司,是,A,通信与网络设备,天线测试工程师,成都,成都,四川省,成都市,,成都市,inferred,研发,社会招聘,,,,,,,,,,direct_detail,是,high,https://www.microwave-signal.com/join_detail.aspx?t=53&ContentId=1036,https://www.microwave-signal.com/join.aspx?t=53,是,true,V1.2/V1.3,2026-09-28,2026-09-28,公开招聘中,,2026-09-28,官网社招详情页；列表页薪资 7-12K/月。职位页未标城市，按公司总部成都天府新区推定,
CD0157:191,CD0157,218,成都亚光电子股份有限公司,是,B,半导体与集成电路,射频工程师（校招）,成都/长沙,成都/长沙,四川省,成都市,,成都市,confirmed,研发,校园招聘,2023-02-21,,,,,,,,,direct_detail,是,high,https://www.ygkjgroup.com/about/show-191.html,https://www.ygkjgroup.com/about/2.html,是,true,V1.2/V1.3,2026-09-28,2026-09-28,公开招聘中,,2026-09-28,集团官网人才招聘页明确「工作地点：成都/长沙」，招聘人数6人；发布日期2023-02-21，时效需人工复核,
CD0157:240,CD0157,219,成都亚光电子股份有限公司,是,B,半导体与集成电路,射频芯片设计师（校招）,成都/长沙,成都/长沙,四川省,成都市,,成都市,confirmed,研发,校园招聘,2023-02-22,,,,,,,,,direct_detail,是,high,https://www.ygkjgroup.com/about/show-240.html,https://www.ygkjgroup.com/about/2.html,是,true,V1.2/V1.3,2026-09-28,2026-09-28,公开招聘中,,2026-09-28,集团官网人才招聘页明确「工作地点：成都/长沙」，招聘人数4人；发布日期2023-02-22，时效需人工复核,
CD0157:241,CD0157,220,成都亚光电子股份有限公司,是,B,半导体与集成电路,微波工艺工程师（校招）,成都/长沙,成都/长沙,四川省,成都市,,成都市,confirmed,研发,校园招聘,2023-02-22,,,,,,,,,direct_detail,是,high,https://www.ygkjgroup.com/about/show-241.html,https://www.ygkjgroup.com/about/2.html,是,true,V1.2/V1.3,2026-09-28,2026-09-28,公开招聘中,,2026-09-28,集团官网人才招聘页明确「工作地点：成都/长沙」，招聘人数4人；发布日期2023-02-22，时效需人工复核,
CD0157:242,CD0157,221,成都亚光电子股份有限公司,是,B,半导体与集成电路,高级射频工程师（社招）,成都/长沙,成都/长沙,四川省,成都市,,成都市,confirmed,研发,社会招聘,2023-02-22,,,,,,,,,direct_detail,是,high,https://www.ygkjgroup.com/about/show-242.html,https://www.ygkjgroup.com/about/2.html,是,true,V1.2/V1.3,2026-09-28,2026-09-28,公开招聘中,,2026-09-28,集团官网人才招聘页明确「工作地点：成都/长沙」，招聘人数8人；发布日期2023-02-22，时效需人工复核,
CD0157:243,CD0157,222,成都亚光电子股份有限公司,是,B,半导体与集成电路,射频工程师（社招）,成都/长沙,成都/长沙,四川省,成都市,,成都市,confirmed,研发,社会招聘,2023-02-22,,,,,,,,,direct_detail,是,high,https://www.ygkjgroup.com/about/show-243.html,https://www.ygkjgroup.com/about/2.html,是,true,V1.2/V1.3,2026-09-28,2026-09-28,公开招聘中,,2026-09-28,亚光科技官网人才招聘页写明工作地点成都/长沙，发布日期2023-02-22,
CD0159|成都佳驰电子科技股份有限公司|2027届-材料研发工程师|成都市,CD0159,223,成都佳驰电子科技股份有限公司,是,A,新材料,2027届-材料研发工程师,成都,成都,四川省,成都市,,成都市,confirmed,研发,校园招聘,,,,,,,,,,listing_page,否,low,https://www.cdjc.com.cn/joinus,https://www.cdjc.com.cn/joinus,是,true,V1.2/V1.3,2026-09-28,2026-09-28,公开招聘中,,2026-09-28,官网人才招聘页招贤纳士逐条标注「成都」；专业：复合材料、材料科学与工程、高分子材料等；2026-09-28 复测 200 但招聘关键词命中少,
CD0159|成都佳驰电子科技股份有限公司|2027届-材料研发工程师成都|成都市,CD0159,224,成都佳驰电子科技股份有限公司,是,A,新材料,2027届-材料研发工程师成都,成都,成都,四川省,成都市,,成都市,confirmed,研发,校园招聘,,,,,,,,,,listing_page,否,low,https://www.cdjc.com.cn/joinus?rijsla=7oef71,https://www.cdjc.com.cn/joinus?rijsla=7oef71,是,true,V1.2/V1.3,2026-09-28,2026-09-28,公开招聘中,,2026-09-28,官网加入我们页职位名后直接标注工作地成都；复合材料/材料科学与工程/高分子材料等相关专业；2026-09-28 复测 200 但招聘关键词命中少,
CD0159|成都佳驰电子科技股份有限公司|2027届-电磁研发工程师|成都市,CD0159,225,成都佳驰电子科技股份有限公司,是,A,新材料,2027届-电磁研发工程师,成都,成都,四川省,成都市,,成都市,confirmed,研发,校园招聘,,,,,,,,,,listing_page,否,low,https://www.cdjc.com.cn/joinus,https://www.cdjc.com.cn/joinus,是,true,V1.2/V1.3,2026-09-28,2026-09-28,公开招聘中,,2026-09-28,官网人才招聘页招贤纳士逐条标注「成都」，硕士及以上，招若干人；网申通道为智联校园（第三方），故记为列表页；2026-09-28 复测 200 但招聘关键词命中少,
CD0159|成都佳驰电子科技股份有限公司|2027届-电磁研发工程师成都|成都市,CD0159,226,成都佳驰电子科技股份有限公司,是,A,新材料,2027届-电磁研发工程师成都,成都,成都,四川省,成都市,,成都市,confirmed,研发,校园招聘,,,,,,,,,,listing_page,否,low,https://www.cdjc.com.cn/joinus?rijsla=7oef71,https://www.cdjc.com.cn/joinus?rijsla=7oef71,是,true,V1.2/V1.3,2026-09-28,2026-09-28,公开招聘中,,2026-09-28,官网加入我们页职位名后直接标注工作地成都；要求硕士及以上，电子科学与技术/电磁场与微波技术等相关专业；2026-09-28 复测 200 但招聘关键词命中少,
CD0159|成都佳驰电子科技股份有限公司|2027届-结构研发工程师|成都市,CD0159,227,成都佳驰电子科技股份有限公司,是,A,新材料,2027届-结构研发工程师,成都,成都,四川省,成都市,,成都市,confirmed,研发,校园招聘,,,,,,,,,,listing_page,否,low,https://www.cdjc.com.cn/joinus,https://www.cdjc.com.cn/joinus,是,true,V1.2/V1.3,2026-09-28,2026-09-28,公开招聘中,,2026-09-28,官网人才招聘页招贤纳士逐条标注「成都」；专业：力学、结构强度、飞行器设计与工程等；2026-09-28 复测 200 但招聘关键词命中少,
CD0159|成都佳驰电子科技股份有限公司|2027届-结构研发工程师成都|成都市,CD0159,228,成都佳驰电子科技股份有限公司,是,A,新材料,2027届-结构研发工程师成都,成都,成都,四川省,成都市,,成都市,confirmed,研发,校园招聘,,,,,,,,,,listing_page,否,low,https://www.cdjc.com.cn/joinus?rijsla=7oef71,https://www.cdjc.com.cn/joinus?rijsla=7oef71,是,true,V1.2/V1.3,2026-09-28,2026-09-28,公开招聘中,,2026-09-28,官网加入我们页职位名后直接标注工作地成都；力学/结构强度/飞行器设计与工程等相关专业；2026-09-28 复测 200 但招聘关键词命中少,
CD0159|成都佳驰电子科技股份有限公司|2027届-飞控系统工程师|成都市,CD0159,229,成都佳驰电子科技股份有限公司,是,A,新材料,2027届-飞控系统工程师,成都,成都,四川省,成都市,,成都市,confirmed,研发,校园招聘,,,,,,,,,,listing_page,否,low,https://www.cdjc.com.cn/joinus,https://www.cdjc.com.cn/joinus,是,true,V1.2/V1.3,2026-09-28,2026-09-28,公开招聘中,,2026-09-28,官网人才招聘页招贤纳士逐条标注「成都」；专业：飞行器设计、控制工程、飞行器动力工程等；2026-09-28 复测 200 但招聘关键词命中少,
CD0159|成都佳驰电子科技股份有限公司|2027届-飞控系统工程师成都|成都市,CD0159,230,成都佳驰电子科技股份有限公司,是,A,新材料,2027届-飞控系统工程师成都,成都,成都,四川省,成都市,,成都市,confirmed,研发,校园招聘,,,,,,,,,,listing_page,否,low,https://www.cdjc.com.cn/joinus?rijsla=7oef71,https://www.cdjc.com.cn/joinus?rijsla=7oef71,是,true,V1.2/V1.3,2026-09-28,2026-09-28,公开招聘中,,2026-09-28,官网加入我们页职位名后直接标注工作地成都；飞行器设计/控制工程/飞行器动力工程等相关专业；2026-09-28 复测 200 但招聘关键词命中少,
CD0160|成都储翰科技股份有限公司|产品测试工程师|成都市,CD0160,231,成都储翰科技股份有限公司,是,A,通信与网络设备,产品测试工程师,成都,成都,四川省,成都市,,成都市,inferred,测试,社会招聘,,,,,,,,,,listing_page,否,low,http://www.tsuhan.cn/design/5.html,http://www.tsuhan.cn/design/5.html,是,true,V1.2/V1.3,2026-09-28,2026-09-28,公开招聘中,,2026-09-28,官网加入我们页列出，招聘人数2名；页脚公司地址成都市双流区黄甲街道牧科路8号，按唯一生产基地推定,
CD0160|成都储翰科技股份有限公司|产品研发工程师|成都市,CD0160,232,成都储翰科技股份有限公司,是,A,通信与网络设备,产品研发工程师,成都,成都,四川省,成都市,,成都市,inferred,研发,社会招聘,,,,,,,,,,listing_page,否,low,http://www.tsuhan.cn/design/5.html,http://www.tsuhan.cn/design/5.html,是,true,V1.2/V1.3,2026-09-28,2026-09-28,公开招聘中,,2026-09-28,官网加入我们页列出，招聘人数3名,
CD0160|成都储翰科技股份有限公司|固件工程师(单片机开发)|成都市,CD0160,233,成都储翰科技股份有限公司,是,A,通信与网络设备,固件工程师(单片机开发),成都,成都,四川省,成都市,,成都市,inferred,研发,社会招聘,,,,,,,,,,listing_page,否,low,http://www.tsuhan.cn/design/5.html,http://www.tsuhan.cn/design/5.html,是,true,V1.2/V1.3,2026-09-28,2026-09-28,公开招聘中,,2026-09-28,官网加入我们页列出，招聘人数1名,
CD0160|成都储翰科技股份有限公司|硬件工程师|成都市,CD0160,234,成都储翰科技股份有限公司,是,A,通信与网络设备,硬件工程师,成都,成都,四川省,成都市,,成都市,inferred,研发,社会招聘,,,,,,,,,,listing_page,否,low,http://www.tsuhan.cn/design/5.html,http://www.tsuhan.cn/design/5.html,是,true,V1.2/V1.3,2026-09-28,2026-09-28,公开招聘中,,2026-09-28,官网加入我们页列出，招聘人数2名,
CD0160|成都储翰科技股份有限公司|结构工程师|成都市,CD0160,235,成都储翰科技股份有限公司,是,A,通信与网络设备,结构工程师,成都,成都,四川省,成都市,,成都市,inferred,研发,社会招聘,,,,,,,,,,listing_page,否,low,http://www.tsuhan.cn/design/5.html,http://www.tsuhan.cn/design/5.html,是,true,V1.2/V1.3,2026-09-28,2026-09-28,公开招聘中,,2026-09-28,官网加入我们页列出，招聘人数1名,
CD0161|四川光恒通信技术有限公司|光器件研发工程师|成都市,CD0161,236,四川光恒通信技术有限公司,是,A,通信与网络设备,光器件研发工程师,成都,成都,四川省,成都市,,成都市,inferred,研发,社会招聘,,,,,,,,,,listing_page,否,low,https://www.cnsunstar.com/join.html?t=2,https://www.cnsunstar.com/join.html?t=2,是,true,V1.2/V1.3,2026-09-28,2026-09-28,公开招聘中,,2026-09-28,官网加入我们页列出完整JD；简历投递 hr@cnsunstar.com；公司唯一地址为成都市高新西区西区大道199号，按此推定,
CD0161|四川光恒通信技术有限公司|光模块研发工程师|成都市,CD0161,237,四川光恒通信技术有限公司,是,A,通信与网络设备,光模块研发工程师,成都,成都,四川省,成都市,,成都市,inferred,研发,社会招聘,,,,,,,,,,listing_page,否,low,https://www.cnsunstar.com/join.html?t=2,https://www.cnsunstar.com/join.html?t=2,是,true,V1.2/V1.3,2026-09-28,2026-09-28,公开招聘中,,2026-09-28,官网加入我们页列出完整JD（400G/800G/1.6T高速光模块）,
CD0161|四川光恒通信技术有限公司|海外销售经理/专员|成都市,CD0161,238,四川光恒通信技术有限公司,是,A,通信与网络设备,海外销售经理/专员,成都,成都,四川省,成都市,,成都市,inferred,销售,社会招聘,,,,,,,,,,listing_page,否,low,https://www.cnsunstar.com/join.html?t=2,https://www.cnsunstar.com/join.html?t=2,是,true,V1.2/V1.3,2026-09-28,2026-09-28,公开招聘中,,2026-09-28,官网加入我们页列出完整JD；岗位需短期海外出差，常驻地按公司成都高新西区推定,
CD0162|成都卡诺普机器人技术股份有限公司|测试组长|成都市,CD0162,239,成都卡诺普机器人技术股份有限公司,是,A,智能制造与装备,测试组长,成都,成都,四川省,成都市,,成都市,inferred,测试,社会招聘,,,,,,,,,,listing_page,否,low,https://crprobot.com/c/zhaopin.html,https://crprobot.com/c/zhaopin.html,是,true,V1.2/V1.3,2026-09-28,2026-09-28,公开招聘中,,2026-09-28,官网人才招聘页列出完整JD；职位页未标城市，按官网联系页公司地址成都市成华区华月路188号推定,
CD0162|成都卡诺普机器人技术股份有限公司|销售管理专员|成都市,CD0162,240,成都卡诺普机器人技术股份有限公司,是,A,智能制造与装备,销售管理专员,成都,成都,四川省,成都市,,成都市,inferred,销售,社会招聘,,,,,,,,,,listing_page,否,low,https://crprobot.com/c/zhaopin.html,https://crprobot.com/c/zhaopin.html,是,true,V1.2/V1.3,2026-09-28,2026-09-28,公开招聘中,,2026-09-28,官网人才招聘页列出；按公司总部成都成华区推定，实际驻地需人工复核,
CD0164|成都蓉生药业有限责任公司|2026年度博士后|成都市,CD0164,241,成都蓉生药业有限责任公司,是,A,生物医药,2026年度博士后,成都（成都市双流区菁园路280号）,成都（成都市双流区菁园路280号）,四川省,成都市,双流区,成都市,confirmed,研发,社会招聘,2026-01-21,,,,,,,,,listing_page,否,low,https://www.ronsen.com/list-45-1.html,https://www.ronsen.com/list-45-1.html,是,true,V1.2/V1.3,2026-09-28,2026-09-28,公开招聘中,,2026-09-28,官网人才招聘页招聘职位表列出「2026年度博士后」，发布日期2026.1.21，公告正文联系地址写明成都市双流区菁园路280号,
CD0165:006142,CD0165,242,海思科医药集团股份有限公司（四川海思科制药有限公司）,是,A,生物医药,生产操作工(制剂)(006142),成都市-温江区,成都市-温江区,四川省,成都市,温江区,成都市,confirmed,生产制造,社会招聘,2026-08-05,,,,,,,,,listing_page,否,low,https://wecruit.hotjob.cn/SU6663b85a1eb8051cd22556e3/pb/social.html,https://wecruit.hotjob.cn/SU6663b85a1eb8051cd22556e3/pb/social.html,是,true,V1.2/V1.3,2026-09-28,2026-09-28,公开招聘中,,2026-09-28,海思科企业专属ATS社招列表：生产类，成都市-温江区，招2人，更新日期2026-08-05；2026-09-28 复测 200 但招聘关键词命中少,
CD0165:006373,CD0165,243,海思科医药集团股份有限公司（四川海思科制药有限公司）,是,A,生物医药,分析研究员(006373),成都市-温江区,成都市-温江区,四川省,成都市,温江区,成都市,confirmed,研发,社会招聘,2026-07-29,,,,,,,,,listing_page,否,low,https://wecruit.hotjob.cn/SU6663b85a1eb8051cd22556e3/pb/social.html,https://wecruit.hotjob.cn/SU6663b85a1eb8051cd22556e3/pb/social.html,是,true,V1.2/V1.3,2026-09-28,2026-09-28,公开招聘中,,2026-09-28,海思科企业专属ATS社招列表：生产类，成都市-温江区，招1人，更新日期2026-07-29；2026-09-28 复测 200 但招聘关键词命中少,
CD0165:006399,CD0165,244,海思科医药集团股份有限公司（四川海思科制药有限公司）,是,A,生物医药,QA专家(体系)(006399),成都市-温江区,成都市-温江区,四川省,成都市,温江区,成都市,confirmed,生产制造,社会招聘,2026-08-03,,,,,,,,,listing_page,否,low,https://wecruit.hotjob.cn/SU6663b85a1eb8051cd22556e3/pb/social.html,https://wecruit.hotjob.cn/SU6663b85a1eb8051cd22556e3/pb/social.html,是,true,V1.2/V1.3,2026-09-28,2026-09-28,公开招聘中,,2026-09-28,海思科企业专属ATS社招列表：生产类，成都市-温江区，招1人，更新日期2026-08-03；2026-09-28 复测 200 但招聘关键词命中少,
CD0165:006766,CD0165,245,海思科医药集团股份有限公司（四川海思科制药有限公司）,是,A,生物医药,人力实习生(006766),成都市,成都市,四川省,成都市,,成都市,confirmed,职能支持,实习,2026-09-23,,,,,,,,,listing_page,否,low,https://wecruit.hotjob.cn/SU6663b85a1eb8051cd22556e3/pb/social.html,https://wecruit.hotjob.cn/SU6663b85a1eb8051cd22556e3/pb/social.html,是,true,V1.2/V1.3,2026-09-28,2026-09-28,公开招聘中,,2026-09-28,海思科企业专属ATS社招列表：运营类，成都市，招1人，更新日期2026-09-23；2026-09-28 复测 200 但招聘关键词命中少,
CD0165:006781,CD0165,246,海思科医药集团股份有限公司（四川海思科制药有限公司）,是,A,生物医药,环保高级主管(006781),成都市-温江区,成都市-温江区,四川省,成都市,温江区,成都市,confirmed,其他,社会招聘,2026-09-24,,,,,,,,,listing_page,否,low,https://wecruit.hotjob.cn/SU6663b85a1eb8051cd22556e3/pb/social.html,https://wecruit.hotjob.cn/SU6663b85a1eb8051cd22556e3/pb/social.html,是,true,V1.2/V1.3,2026-09-28,2026-09-28,公开招聘中,,2026-09-28,海思科企业专属ATS社招列表：生产类，成都市-温江区，招1人，更新日期2026-09-24；2026-09-28 复测 200 但招聘关键词命中少,
CD0165|海思科医药集团股份有限公司（四川海思科制药有限公司）|CTA|成都市,CD0165,247,海思科医药集团股份有限公司（四川海思科制药有限公司）,是,A,生物医药,CTA,成都市,成都市,四川省,成都市,,成都市,confirmed,研发,社会招聘,2026-09-10,,,,,,,,,listing_page,否,low,https://wecruit.hotjob.cn/SU6663b85a1eb8051cd22556e3/pb/social.html,https://wecruit.hotjob.cn/SU6663b85a1eb8051cd22556e3/pb/social.html,是,true,V1.2/V1.3,2026-09-28,2026-09-28,公开招聘中,,2026-09-28,海思科企业专属ATS社招列表：研发类，成都市，招2人，更新日期2026-09-10；2026-09-28 复测 200 但招聘关键词命中少,
CD0165|海思科医药集团股份有限公司（四川海思科制药有限公司）|咖啡师|成都市,CD0165,248,海思科医药集团股份有限公司（四川海思科制药有限公司）,是,A,生物医药,咖啡师,成都市-温江区,成都市-温江区,四川省,成都市,温江区,成都市,confirmed,其他,社会招聘,2026-07-29,,,,,,,,,listing_page,否,low,https://wecruit.hotjob.cn/SU6663b85a1eb8051cd22556e3/pb/social.html,https://wecruit.hotjob.cn/SU6663b85a1eb8051cd22556e3/pb/social.html,是,true,V1.2/V1.3,2026-09-28,2026-09-28,公开招聘中,,2026-09-28,海思科企业专属ATS社招列表：运营类，成都市-温江区，招1人，更新日期2026-07-29；2026-09-28 复测 200 但招聘关键词命中少,
CD0165|海思科医药集团股份有限公司（四川海思科制药有限公司）|研发HRBP|成都市,CD0165,249,海思科医药集团股份有限公司（四川海思科制药有限公司）,是,A,生物医药,研发HRBP,成都市,成都市,四川省,成都市,,成都市,confirmed,职能支持,社会招聘,2026-07-29,,,,,,,,,listing_page,否,low,https://wecruit.hotjob.cn/SU6663b85a1eb8051cd22556e3/pb/social.html,https://wecruit.hotjob.cn/SU6663b85a1eb8051cd22556e3/pb/social.html,是,true,V1.2/V1.3,2026-09-28,2026-09-28,公开招聘中,,2026-09-28,海思科企业专属ATS社招列表：运营类，成都市，招1人，更新日期2026-07-29；2026-09-28 复测 200 但招聘关键词命中少,
CD0166|成都美富特环保产业股份有限公司|售后服务工程师|成都市,CD0166,250,成都美富特环保产业股份有限公司,是,A,新材料,售后服务工程师,金堂淮口（成都市金堂县）,金堂淮口（成都市金堂县）,四川省,成都市,金堂县,成都市,confirmed,其他,社会招聘,2025-02-19,,,,,,,,,listing_page,否,low,http://mft-cn.com/join/68.html,http://mft-cn.com/join/68.html,是,true,V1.2/V1.3,2026-09-28,2026-09-28,公开招聘中,,2026-09-28,官网加入我们页职位「工作地址」写明金堂淮口（属成都市金堂县）,
CD0166|成都美富特环保产业股份有限公司|安全主管|成都市,CD0166,251,成都美富特环保产业股份有限公司,是,A,新材料,安全主管,成都-金牛区、金堂淮口,成都-金牛区、金堂淮口,四川省,成都市,金牛区,成都市,confirmed,其他,社会招聘,2025-02-19,,,,,,,,,listing_page,否,low,http://mft-cn.com/join/68.html,http://mft-cn.com/join/68.html,是,true,V1.2/V1.3,2026-09-28,2026-09-28,公开招聘中,,2026-09-28,官网加入我们页职位「工作地址」写明成都-金牛区、金堂淮口,
CD0166|成都美富特环保产业股份有限公司|实验工程师|成都市,CD0166,252,成都美富特环保产业股份有限公司,是,A,新材料,实验工程师,金堂淮口（成都市金堂县）,金堂淮口（成都市金堂县）,四川省,成都市,金堂县,成都市,confirmed,研发,社会招聘,2025-02-19,,,,,,,,,listing_page,否,low,http://mft-cn.com/join/68.html,http://mft-cn.com/join/68.html,是,true,V1.2/V1.3,2026-09-28,2026-09-28,公开招聘中,,2026-09-28,官网加入我们页职位「工作地址」写明金堂淮口（属成都市金堂县）,
CD0166|成都美富特环保产业股份有限公司|工艺设计工程师|成都市,CD0166,253,成都美富特环保产业股份有限公司,是,A,新材料,工艺设计工程师,成都-金牛区,成都-金牛区,四川省,成都市,金牛区,成都市,confirmed,研发,社会招聘,2025-02-19,,,,,,,,,listing_page,否,low,http://mft-cn.com/join/68.html,http://mft-cn.com/join/68.html,是,true,V1.2/V1.3,2026-09-28,2026-09-28,公开招聘中,,2026-09-28,官网加入我们页职位「工作地址」写明成都-金牛区,
CD0166|成都美富特环保产业股份有限公司|机械工程师|成都市,CD0166,254,成都美富特环保产业股份有限公司,是,A,新材料,机械工程师,成都-金牛区,成都-金牛区,四川省,成都市,金牛区,成都市,confirmed,研发,社会招聘,2025-12-26,,,,,,,,,listing_page,否,low,http://mft-cn.com/join/68.html,http://mft-cn.com/join/68.html,是,true,V1.2/V1.3,2026-09-28,2026-09-28,公开招聘中,,2026-09-28,官网加入我们页职位「工作地址」写明成都-金牛区,
CD0166|成都美富特环保产业股份有限公司|研发工程师|成都市,CD0166,255,成都美富特环保产业股份有限公司,是,A,新材料,研发工程师,金堂淮口（成都市金堂县）,金堂淮口（成都市金堂县）,四川省,成都市,金堂县,成都市,confirmed,研发,社会招聘,2025-02-19,,,,,,,,,listing_page,否,low,http://mft-cn.com/join/68.html,http://mft-cn.com/join/68.html,是,true,V1.2/V1.3,2026-09-28,2026-09-28,公开招聘中,,2026-09-28,官网加入我们页职位「工作地址」写明金堂淮口（属成都市金堂县）；化工/高分子材料/环保相关专业硕士及以上,
CD0167:J13314,CD0167,256,中创新航科技（成都）有限公司,是,A,新能源,BMS应用层软件主任工程师(J13314),"江苏省·常州市,四川省·成都市,上海市","江苏省·常州市,四川省·成都市,上海市",四川省,成都市,,成都市,confirmed,研发,社会招聘,2026-08-31,,,,,,,,,listing_page,否,low,https://calbjs.zhiye.com/social/jobs,https://calbjs.zhiye.com/social/jobs,是,true,V1.2/V1.3,2026-09-28,2026-09-28,公开招聘中,,2026-09-28,企业专属ATS（calbjs.zhiye.com）社招列表工作地点含四川省·成都市（多地点岗位）,
CD0167:J14647,CD0167,257,中创新航科技（成都）有限公司,是,A,新能源,关务专员(J14647),四川省·成都市,四川省·成都市,四川省,成都市,,成都市,confirmed,供应链,社会招聘,2026-09-01,,,,,,,,,listing_page,否,low,https://calbjs.zhiye.com/social/jobs,https://calbjs.zhiye.com/social/jobs,是,true,V1.2/V1.3,2026-09-28,2026-09-28,公开招聘中,,2026-09-28,企业专属ATS（calbjs.zhiye.com）社招列表明确标注工作地点四川省·成都市,
CD0169:2045025333799936001,CD0169,258,成都华神科技集团股份有限公司,是,A,生物医药,综合QA,成都（公司总部）,成都（公司总部）,四川省,成都市,,成都市,inferred,生产制造,社会招聘,2026-04-17,,,,,,,,,direct_detail,是,high,https://oa.huasungrp.com/html/web/jiaruwomen/shehuizhaopin/2045025333799936001.html,https://oa.huasungrp.com/html/web/jiaruwomen/shehuizhaopin/2045025333799936001.html,是,true,V1.2/V1.3,2026-09-28,2026-09-28,公开招聘中,,2026-09-28,企业自有域名招聘详情页，发布时间2026年04月17日；页面「地点」字段为空，工作地按集团成都总部推定；联系电话028-65589479、邮箱 hr@huasungrp.com,
CD0171:968537_379482,CD0171,259,中自科技股份有限公司,是,A,新材料,后端开发工程师（云平台）,成都（成都高新西区古楠街88号）,成都（成都高新西区古楠街88号）,四川省,成都市,高新西区,成都市,inferred,研发,社会招聘,2025-06-05,,,,,,,,,direct_detail,是,high,http://m.sinocat.com.cn/blog/_968537_379482.html,http://m.sinocat.com.cn/692830.html,是,true,V1.2/V1.3,2026-09-28,2026-09-28,公开招聘中,,2026-09-28,官网职位详情页，发布时间2025-06-05；页面未单列工作地点，页脚写明公司成都地址，按此推定,
CD0171|中自科技股份有限公司|AI数字化专家/总监/经理|成都市,CD0171,260,中自科技股份有限公司,是,A,新材料,AI数字化专家/总监/经理,成都市-高新西区,成都市-高新西区,四川省,成都市,高新西区,成都市,confirmed,研发,社会招聘,2026-09-22,,,,,,,,,listing_page,否,low,https://wecruit.hotjob.cn/SU6877128a8131aa76aa0b70da/pb/social.html,https://wecruit.hotjob.cn/SU6877128a8131aa76aa0b70da/pb/social.html,是,true,V1.2/V1.3,2026-09-28,2026-09-28,公开招聘中,,2026-09-28,官方招聘页写明工作地点成都市-高新西区，发布日期2026-09-22；2026-09-28 复测 200 但招聘关键词命中少,
CD0171|中自科技股份有限公司|CAIO（首席AI官）|成都市,CD0171,261,中自科技股份有限公司,是,A,新材料,CAIO（首席AI官）,成都市-高新西区,成都市-高新西区,四川省,成都市,高新西区,成都市,confirmed,其他,社会招聘,2026-09-22,,,,,,,,,listing_page,否,low,https://wecruit.hotjob.cn/SU6877128a8131aa76aa0b70da/pb/social.html,https://wecruit.hotjob.cn/SU6877128a8131aa76aa0b70da/pb/social.html,是,true,V1.2/V1.3,2026-09-28,2026-09-28,公开招聘中,,2026-09-28,中自科技官网「加入中自」跳转的官方招聘页，该职位工作地点写明成都市-高新西区，发布日期2026-09-22；2026-09-28 复测 200 但招聘关键词命中少,
CD0171|中自科技股份有限公司|储能工艺员|成都市,CD0171,262,中自科技股份有限公司,是,A,新材料,储能工艺员,成都市-郫都区,成都市-郫都区,四川省,成都市,郫都区,成都市,confirmed,生产制造,社会招聘,2026-09-22,,,,,,,,,listing_page,否,low,https://wecruit.hotjob.cn/SU6877128a8131aa76aa0b70da/pb/social.html,https://wecruit.hotjob.cn/SU6877128a8131aa76aa0b70da/pb/social.html,是,true,V1.2/V1.3,2026-09-28,2026-09-28,公开招聘中,,2026-09-28,官方招聘页写明工作地点成都市-郫都区，发布日期2026-09-22；2026-09-28 复测 200 但招聘关键词命中少,
CD0171|中自科技股份有限公司|储能测试工程师|成都市,CD0171,263,中自科技股份有限公司,是,A,新材料,储能测试工程师,成都市-郫都区,成都市-郫都区,四川省,成都市,郫都区,成都市,confirmed,测试,社会招聘,2026-09-22,,,,,,,,,listing_page,否,low,https://wecruit.hotjob.cn/SU6877128a8131aa76aa0b70da/pb/social.html,https://wecruit.hotjob.cn/SU6877128a8131aa76aa0b70da/pb/social.html,是,true,V1.2/V1.3,2026-09-28,2026-09-28,公开招聘中,,2026-09-28,官方招聘页写明工作地点成都市-郫都区，发布日期2026-09-22；2026-09-28 复测 200 但招聘关键词命中少,
CD0171|中自科技股份有限公司|储能物流工艺员|成都市,CD0171,264,中自科技股份有限公司,是,A,新材料,储能物流工艺员,成都市-郫都区,成都市-郫都区,四川省,成都市,郫都区,成都市,confirmed,供应链,社会招聘,2026-09-22,,,,,,,,,listing_page,否,low,https://wecruit.hotjob.cn/SU6877128a8131aa76aa0b70da/pb/social.html,https://wecruit.hotjob.cn/SU6877128a8131aa76aa0b70da/pb/social.html,是,true,V1.2/V1.3,2026-09-28,2026-09-28,公开招聘中,,2026-09-28,官方招聘页写明工作地点成都市-郫都区，发布日期2026-09-22；2026-09-28 复测 200 但招聘关键词命中少,
CD0171|中自科技股份有限公司|战略规划经理（新能源/化工/复材方向）|成都市,CD0171,265,中自科技股份有限公司,是,A,新材料,战略规划经理（新能源/化工/复材方向）,成都市-高新西区,成都市-高新西区,四川省,成都市,高新西区,成都市,confirmed,其他,社会招聘,2026-09-22,,,,,,,,,listing_page,否,low,https://wecruit.hotjob.cn/SU6877128a8131aa76aa0b70da/pb/social.html,https://wecruit.hotjob.cn/SU6877128a8131aa76aa0b70da/pb/social.html,是,true,V1.2/V1.3,2026-09-28,2026-09-28,公开招聘中,,2026-09-28,官方招聘页写明工作地点成都市-高新西区，发布日期2026-09-22；2026-09-28 复测 200 但招聘关键词命中少,
CD0171|中自科技股份有限公司|投融资经理|成都市,CD0171,266,中自科技股份有限公司,是,A,新材料,投融资经理,成都市-高新西区,成都市-高新西区,四川省,成都市,高新西区,成都市,confirmed,职能支持,社会招聘,2026-09-22,,,,,,,,,listing_page,否,low,https://wecruit.hotjob.cn/SU6877128a8131aa76aa0b70da/pb/social.html,https://wecruit.hotjob.cn/SU6877128a8131aa76aa0b70da/pb/social.html,是,true,V1.2/V1.3,2026-09-28,2026-09-28,公开招聘中,,2026-09-28,官方招聘页写明工作地点成都市-高新西区，发布日期2026-09-22；2026-09-28 复测 200 但招聘关键词命中少,
CD0172|四川南格尔生物医学股份有限公司|制剂QA|成都市,CD0172,267,四川南格尔生物医学股份有限公司,是,A,医疗器械,制剂QA,成都,成都,四川省,成都市,,成都市,confirmed,生产制造,社会招聘,2026-07-14,,,,,,,,,listing_page,否,low,https://nigale.cn/contact.html,https://nigale.cn/contact.html,是,true,V1.2/V1.3,2026-09-28,2026-09-28,公开招聘中,,2026-09-28,官网联系我们页内嵌招聘职位表：所属部门质量管理部，工作地点成都，招聘4人，发布时间2026-07-14,
CD0174:213,CD0174,268,成都百裕制药股份有限公司,是,A,生物医药,新药化学研究员,成都天府生命科技园,成都天府生命科技园,四川省,成都市,,成都市,confirmed,研发,社会招聘,,,,,,,,,,direct_detail,是,high,https://en.baiyujituan.com/shzp/213.html,https://en.baiyujituan.com/zhaoxiannashi/,是,true,V1.2/V1.3,2026-09-28,2026-09-28,公开招聘中,,2026-09-28,官网招贤纳士-社会招聘列表标注招聘人数2、地点成都天府生命科技园，并可直达详情页,
CD0174:214,CD0174,269,成都百裕制药股份有限公司,是,A,生物医药,管培生（生产）,成都温江区,成都温江区,四川省,成都市,温江区,成都市,confirmed,生产制造,校园招聘,,,,,,,,,,direct_detail,是,high,https://en.baiyujituan.com/xyzp/214.html,https://en.baiyujituan.com/zhaoxiannashi/,是,true,V1.2/V1.3,2026-09-28,2026-09-28,公开招聘中,,2026-09-28,官网招贤纳士-校园招聘列表标注招聘人数3、地点成都温江区，并可直达详情页,
CD0175:51,CD0175,270,成都第一制药有限公司,是,A,生物医药,助理产品经理,成都彭州,成都彭州,四川省,成都市,,成都市,confirmed,产品,社会招聘,,,,,,,,,,direct_detail,是,high,https://www.cddyyy.com/home/join/work_detail?work_id=51,https://www.cddyyy.com/home/join/index?001324,是,true,V1.2/V1.3,2026-09-28,2026-09-28,公开招聘中,,2026-09-28,官网加入我们页标注工作地点成都彭州、招聘人数1，详情页URL带 work_id,
CD0175:52,CD0175,271,成都第一制药有限公司,是,A,生物医药,工艺员,成都彭州,成都彭州,四川省,成都市,,成都市,confirmed,生产制造,社会招聘,,,,,,,,,,direct_detail,是,high,https://www.cddyyy.com/home/join/work_detail?work_id=52,https://www.cddyyy.com/home/join/index?001324,是,true,V1.2/V1.3,2026-09-28,2026-09-28,公开招聘中,,2026-09-28,官网加入我们页标注工作地点成都彭州、招聘人数1，详情页URL带 work_id,
CD0175:53,CD0175,272,成都第一制药有限公司,是,A,生物医药,QA,成都彭州,成都彭州,四川省,成都市,,成都市,confirmed,生产制造,社会招聘,,,,,,,,,,direct_detail,是,high,https://www.cddyyy.com/home/join/work_detail?work_id=53,https://www.cddyyy.com/home/join/index?001324,是,true,V1.2/V1.3,2026-09-28,2026-09-28,公开招聘中,,2026-09-28,官网加入我们页标注工作地点成都彭州、招聘人数2，详情页URL带 work_id,
CD0176|一汽丰田汽车（成都）有限公司|【26届三地招聘】操作工（该岗位通过邮箱投递）|成都市,CD0176,273,一汽丰田汽车（成都）有限公司,是,B,智能制造与装备,【26届三地招聘】操作工（该岗位通过邮箱投递）,成都市-龙泉驿区,成都市-龙泉驿区,四川省,成都市,龙泉驿区,成都市,confirmed,生产制造,校园招聘,2025-09-29,,,,,,,,,listing_page,否,low,https://faw-zhaopin.hotjob.cn/positionList?recruitType=1&projectId=203201,https://faw-zhaopin.hotjob.cn/positionList?recruitType=1&projectId=203201,是,true,V1.2/V1.3,2026-09-28,2026-09-28,公开招聘中,,2026-09-28,中国一汽集团招聘门户（一汽丰田 制造技术 成都市-龙泉驿区，发布时间2025-09-29）；本次静态抓取该页返回0个在招职位，条目来自官方门户检索快照，需人工复核；2026-09-28 复测 200 但招聘关键词命中少,
CD0177|成都特隆美储能技术有限公司|BMS软件工程师|成都市,CD0177,274,成都特隆美储能技术有限公司,是,A,新能源,BMS软件工程师,成都,成都,四川省,成都市,,成都市,confirmed,研发,社会招聘,,,,,,,,,,listing_page,否,low,http://www.tecloman.cn/join/,http://www.tecloman.cn/join/,是,true,V1.2/V1.3,2026-09-28,2026-09-28,公开招聘中,,2026-09-28,官网加入我们页职位表「工作地点」列标注成都，职位类别：技术,
CD0177|成都特隆美储能技术有限公司|外贸销售经理|成都市,CD0177,275,成都特隆美储能技术有限公司,是,A,新能源,外贸销售经理,成都,成都,四川省,成都市,,成都市,confirmed,销售,社会招聘,,,,,,,,,,listing_page,否,low,http://www.tecloman.cn/join/,http://www.tecloman.cn/join/,是,true,V1.2/V1.3,2026-09-28,2026-09-28,公开招聘中,,2026-09-28,官网加入我们页职位表「工作地点」列标注成都，职位类别：销售,
CD0177|成都特隆美储能技术有限公司|工艺工程师|成都市,CD0177,276,成都特隆美储能技术有限公司,是,A,新能源,工艺工程师,成都,成都,四川省,成都市,,成都市,confirmed,生产制造,社会招聘,,,,,,,,,,listing_page,否,low,http://www.tecloman.cn/join/,http://www.tecloman.cn/join/,是,true,V1.2/V1.3,2026-09-28,2026-09-28,公开招聘中,,2026-09-28,官网加入我们页职位表「工作地点」列标注成都，职位类别：技术,
CD0177|成都特隆美储能技术有限公司|测试工程师|成都市,CD0177,277,成都特隆美储能技术有限公司,是,A,新能源,测试工程师,成都,成都,四川省,成都市,,成都市,confirmed,测试,社会招聘,,,,,,,,,,listing_page,否,low,http://www.tecloman.cn/join/,http://www.tecloman.cn/join/,是,true,V1.2/V1.3,2026-09-28,2026-09-28,公开招聘中,,2026-09-28,官网加入我们页职位表「工作地点」列标注成都，职位类别：技术,
CD0177|成都特隆美储能技术有限公司|海外/国内售前技术支持|成都市,CD0177,278,成都特隆美储能技术有限公司,是,A,新能源,海外/国内售前技术支持,成都,成都,四川省,成都市,,成都市,confirmed,其他,社会招聘,,,,,,,,,,listing_page,否,low,http://www.tecloman.cn/join/,http://www.tecloman.cn/join/,是,true,V1.2/V1.3,2026-09-28,2026-09-28,公开招聘中,,2026-09-28,官网加入我们页职位表「工作地点」列标注成都，职位类别：售前,
CD0177|成都特隆美储能技术有限公司|海外/国内售后工程师|成都市,CD0177,279,成都特隆美储能技术有限公司,是,A,新能源,海外/国内售后工程师,成都,成都,四川省,成都市,,成都市,confirmed,其他,社会招聘,,,,,,,,,,listing_page,否,low,http://www.tecloman.cn/join/,http://www.tecloman.cn/join/,是,true,V1.2/V1.3,2026-09-28,2026-09-28,公开招聘中,,2026-09-28,官网加入我们页职位表「工作地点」列标注成都，职位类别：售后,
CD0177|成都特隆美储能技术有限公司|生产工艺工程师|成都市,CD0177,280,成都特隆美储能技术有限公司,是,A,新能源,生产工艺工程师,成都,成都,四川省,成都市,,成都市,confirmed,生产制造,社会招聘,,,,,,,,,,listing_page,否,low,http://www.tecloman.cn/join/,http://www.tecloman.cn/join/,是,true,V1.2/V1.3,2026-09-28,2026-09-28,公开招聘中,,2026-09-28,官网加入我们页职位表「工作地点」列标注成都，职位类别：技术,
CD0177|成都特隆美储能技术有限公司|电力电子软件工程师|成都市,CD0177,281,成都特隆美储能技术有限公司,是,A,新能源,电力电子软件工程师,成都,成都,四川省,成都市,,成都市,confirmed,研发,社会招聘,,,,,,,,,,listing_page,否,low,http://www.tecloman.cn/join/,http://www.tecloman.cn/join/,是,true,V1.2/V1.3,2026-09-28,2026-09-28,公开招聘中,,2026-09-28,官网加入我们页职位表「工作地点」列标注成都，职位类别：技术,
CD0178|成都天台山制药股份有限公司|生产技术员|成都市,CD0178,282,成都天台山制药股份有限公司,是,A,生物医药,生产技术员,成都（邛崃市天兴大道88号）,成都（邛崃市天兴大道88号）,四川省,成都市,邛崃市,成都市,inferred,生产制造,社会招聘,,,,,,,,,,listing_page,否,low,https://www.cdttszy.com/personnel/recruit,https://www.cdttszy.com/personnel/recruit,是,true,V1.2/V1.3,2026-09-28,2026-09-28,公开招聘中,,2026-09-28,官网人才招聘页列出该职位（招5人，制药工程/生物工程/药剂相关专业）；页面未单列工作地点，按公司成都邛崃地址推定,
CD0178|成都天台山制药股份有限公司|监察审计专员|成都市,CD0178,283,成都天台山制药股份有限公司,是,A,生物医药,监察审计专员,成都（邛崃市天兴大道88号）,成都（邛崃市天兴大道88号）,四川省,成都市,邛崃市,成都市,inferred,职能支持,社会招聘,,,,,,,,,,listing_page,否,low,https://www.cdttszy.com/personnel/recruit,https://www.cdttszy.com/personnel/recruit,是,true,V1.2/V1.3,2026-09-28,2026-09-28,公开招聘中,,2026-09-28,官网人才招聘页列出该职位（招1人，财务/审计/法律相关专业）；页面未单列工作地点，按公司成都邛崃地址推定,
CD0178|成都天台山制药股份有限公司|研发技术经理|成都市,CD0178,284,成都天台山制药股份有限公司,是,A,生物医药,研发技术经理,成都（邛崃市天兴大道88号）,成都（邛崃市天兴大道88号）,四川省,成都市,邛崃市,成都市,inferred,研发,社会招聘,,,,,,,,,,listing_page,否,low,https://www.cdttszy.com/personnel/recruit,https://www.cdttszy.com/personnel/recruit,是,true,V1.2/V1.3,2026-09-28,2026-09-28,公开招聘中,,2026-09-28,官网人才招聘页列出该职位（招2人）；页面未单列工作地点，按公司成都邛崃地址推定,
CD0178|成都天台山制药股份有限公司|质量保证QA|成都市,CD0178,285,成都天台山制药股份有限公司,是,A,生物医药,质量保证QA,成都（邛崃市天兴大道88号）,成都（邛崃市天兴大道88号）,四川省,成都市,邛崃市,成都市,inferred,生产制造,社会招聘,,,,,,,,,,listing_page,否,low,https://www.cdttszy.com/personnel/recruit,https://www.cdttszy.com/personnel/recruit,是,true,V1.2/V1.3,2026-09-28,2026-09-28,公开招聘中,,2026-09-28,官网人才招聘页列出该职位（招5人，月薪4000-6000元）；页面未单列工作地点，按公司成都邛崃地址推定,
CD0178|成都天台山制药股份有限公司|质量检测QC|成都市,CD0178,286,成都天台山制药股份有限公司,是,A,生物医药,质量检测QC,成都（邛崃市天兴大道88号）,成都（邛崃市天兴大道88号）,四川省,成都市,邛崃市,成都市,inferred,生产制造,社会招聘,,,,,,,,,,listing_page,否,low,https://www.cdttszy.com/personnel/recruit,https://www.cdttszy.com/personnel/recruit,是,true,V1.2/V1.3,2026-09-28,2026-09-28,公开招聘中,,2026-09-28,官网人才招聘页列出该职位（招5人，月薪4000-6000元）；页面未单列工作地点，按公司成都邛崃地址推定,
CD0179|四川顺丰速运有限公司|产品经理|成都市,CD0179,287,四川顺丰速运有限公司,是,A,物流供应链,产品经理,成都市,成都市,四川省,成都市,,成都市,confirmed,产品,社会招聘,2026-09-20,,,,,,,,,listing_page,否,low,https://hr.sf-express.com/jobMainHandler/main/baseinfo.do,https://crs-pub.sf-express.com/recruitcenter/?role=3,是,true,V1.2/V1.3,2026-09-28,2026-09-28,公开招聘中,,2026-09-28,顺丰自有域名招聘系统社招职位列表：产品经理 15k-25k 成都市 5-10年 本科 顺丰集团本部，更新2026-09-20,
"CD0181|EVS Tech Co., Ltd.|调试工程师|页面未说明（公司地址为四川省成都市金牛区金凤大道666号中国铁路工业园A区13号楼3单元5楼）",CD0181,288,"EVS Tech Co., Ltd.",是,A,智能制造与装备,调试工程师,页面未说明,页面未说明,四川省,成都市,金牛区,成都市,not_available,生产,社会招聘,页面未说明,页面未说明（原文仅写「谈判」，未标注具体薪资区间）,页面未说明,页面未说明,页面未说明,页面未说明,受聘为调试工程师，确保项目无缝启动，运用技术实力并关注细节。,技术专长：了解机器人技术、自动化和调试；实践经验：安装、配置机械臂并排除故障；注重细节：遵循程序并确保安全标准；有钢结构行业客户资源和经验者优先考虑。,页面未说明,listing_page,否,not_available,,https://www.evsint.com/zh-CN/recruitment/,是,true,A类·企业官方,2026-09-27,2026-09-27,公开招聘中,是,2026-09-27,页面原文为英文，已原样翻译摘录。；公司地址为四川省成都市金牛区金凤大道666号中国铁路工业园A区13号楼3单元5楼；该职位仅有列表页来源，无独立详情页,
"CD0181|EVS Tech Co., Ltd.|销售工程师|页面未说明（公司地址为四川省成都市金牛区金凤大道666号中国铁路工业园A区13号楼3单元5楼）",CD0181,289,"EVS Tech Co., Ltd.",是,A,智能制造与装备,销售工程师,页面未说明,页面未说明,四川省,成都市,金牛区,成都市,not_available,销售,社会招聘,页面未说明,页面未说明（原文仅写「谈判」，未标注具体薪资区间）,页面未说明,页面未说明,页面未说明,页面未说明,加入我们，成为一名销售工程师，利用您的技术专长和销售敏锐度，推动技术前沿解决方案以满足客户需求。,技术背景：了解机器人技术和机械工程；销售经验：具有技术产品销售成功经验；产品专业知识：对我们的机械臂有深入的了解；沟通技巧：建立融洽关系并清楚地解释技术细节；有钢结构行业客户资源和经验者优先考虑。,页面未说明,listing_page,否,not_available,,https://www.evsint.com/zh-CN/recruitment/,是,true,A类·企业官方,2026-09-27,2026-09-27,公开招聘中,是,2026-09-27,页面原文为英文，已原样翻译摘录；未标注工作地与学历经验。；公司地址为四川省成都市金牛区金凤大道666号中国铁路工业园A区13号楼3单元5楼；该职位仅有列表页来源，无独立详情页,
CD0184|中国重汽集团成都王牌商用车有限公司|EE架构工程师|页面未说明（企业办公地为成都市青白江区弥牟镇长城路8号）,CD0184,290,中国重汽集团成都王牌商用车有限公司,是,A,智能制造与装备,EE架构工程师,页面未说明,页面未说明,四川省,成都市,青白江区,成都市,not_available,研发,社会招聘,2026-02-25,页面未说明,页面未说明,页面未说明,2人,2人,公告正文仅列出岗位名称与人数，具体职责见随公告发布的《社会招聘需求汇总表.xlsx》。,公告仅规定基本条件，未列具体专业与经验。,页面未说明,listing_page,否,not_available,,https://cdw.sinotruk.com/cdwp/2024-04/08/article_2026031616585338045.html,是,true,A类·企业官方,2026-09-27,2026-09-27,公开招聘中,是,2026-09-27,官网正文未提供逐条职责。；企业办公地为成都市青白江区弥牟镇长城路8号；该职位仅有列表页来源，无独立详情页,
CD0184|中国重汽集团成都王牌商用车有限公司|VCU应用层软件开发工程师|页面未说明（企业办公地为成都市青白江区弥牟镇长城路8号）,CD0184,291,中国重汽集团成都王牌商用车有限公司,是,A,智能制造与装备,VCU应用层软件开发工程师,页面未说明,页面未说明,四川省,成都市,青白江区,成都市,not_available,研发,社会招聘,2026-02-25,页面未说明,页面未说明,页面未说明,2人,2人,公告正文仅列出岗位名称与人数，具体职责见随公告发布的《社会招聘需求汇总表.xlsx》。,公告仅规定基本条件，未列具体专业与经验。,页面未说明,listing_page,否,not_available,,https://cdw.sinotruk.com/cdwp/2024-04/08/article_2026031616585338045.html,是,true,A类·企业官方,2026-09-27,2026-09-27,公开招聘中,是,2026-09-27,官网正文未提供逐条职责。；企业办公地为成都市青白江区弥牟镇长城路8号；该职位仅有列表页来源，无独立详情页,
CD0184|中国重汽集团成都王牌商用车有限公司|三电系统匹配集成工程师|页面未说明（企业办公地为成都市青白江区弥牟镇长城路8号）,CD0184,292,中国重汽集团成都王牌商用车有限公司,是,A,智能制造与装备,三电系统匹配集成工程师,页面未说明,页面未说明,四川省,成都市,青白江区,成都市,not_available,研发,社会招聘,2026-02-25,页面未说明,页面未说明,页面未说明,2人,2人,公告正文仅列出岗位名称与人数，具体职责见随公告发布的《社会招聘需求汇总表.xlsx》。,公告仅规定基本条件，未列具体专业与经验。,页面未说明,listing_page,否,not_available,,https://cdw.sinotruk.com/cdwp/2024-04/08/article_2026031616585338045.html,是,true,A类·企业官方,2026-09-27,2026-09-27,公开招聘中,是,2026-09-27,官网正文未提供逐条职责。；企业办公地为成都市青白江区弥牟镇长城路8号；该职位仅有列表页来源，无独立详情页,
CD0184|中国重汽集团成都王牌商用车有限公司|整车总布置工程师|页面未说明（企业办公地为成都市青白江区弥牟镇长城路8号）,CD0184,293,中国重汽集团成都王牌商用车有限公司,是,A,智能制造与装备,整车总布置工程师,页面未说明,页面未说明,四川省,成都市,青白江区,成都市,not_available,研发,社会招聘,2026-02-25,页面未说明,页面未说明,页面未说明,4人,4人,公告正文仅列出岗位名称与人数，01 岗位职责见随公告发布的《社会招聘需求汇总表.xlsx》，官网正文未展开。,公告仅规定基本条件：政治素养好、自觉遵守党纪国法与各项规章制度、能适应高强度工作、有较强抗压与沟通能力。,页面未说明,listing_page,否,not_available,,https://cdw.sinotruk.com/cdwp/2024-04/08/article_2026031616585338045.html,是,true,A类·企业官方,2026-09-27,2026-09-27,公开招聘中,是,2026-09-27,官网正文未提供逐条职责；详细要求以所附 xlsx 附件为准，已按红线不推测。；企业办公地为成都市青白江区弥牟镇长城路8号；该职位仅有列表页来源，无独立详情页,
CD0184|中国重汽集团成都王牌商用车有限公司|新能源附件设计岗|成都市青白江区,CD0184,294,中国重汽集团成都王牌商用车有限公司,是,A,智能制造与装备,新能源附件设计岗,成都市青白江区,成都市青白江区,四川省,成都市,青白江区,成都市,confirmed,研发,社会招聘,页面未说明,页面未说明,页面未说明,2026届本、硕学历优秀毕业生,5人,5人,2026届校园招聘需求岗位之一，官网公告未展开岗位职责；同批还有驻外营销岗（国内、海外）。,车辆工程、新能源汽车工程、智能车辆工程、机械电子工程、机械工程、机械设计制造及其自动化等相关专业。,页面未说明,listing_page,否,not_available,,https://cdw.sinotruk.com/cdwp/2024-04/08/article_2024040810113810333.html,是,true,A类·企业官方,2026-09-27,2026-09-27,公开招聘中,是,2026-09-27,同站另一篇《2026届校园招聘公告》（article_2024040810113810333）实测 200，含该岗位；与本条社会招聘为不同公告。；该职位仅有列表页来源，无独立详情页,
CD0184|中国重汽集团成都王牌商用车有限公司|智能座舱工程师|页面未说明（企业办公地为成都市青白江区弥牟镇长城路8号）,CD0184,295,中国重汽集团成都王牌商用车有限公司,是,A,智能制造与装备,智能座舱工程师,页面未说明,页面未说明,四川省,成都市,青白江区,成都市,not_available,研发,社会招聘,2026-02-25,页面未说明,页面未说明,页面未说明,1人,1人,公告正文仅列出岗位名称与人数，具体职责见随公告发布的《社会招聘需求汇总表.xlsx》。,公告仅规定基本条件，未列具体专业与经验。,页面未说明,listing_page,否,not_available,,https://cdw.sinotruk.com/cdwp/2024-04/08/article_2026031616585338045.html,是,true,A类·企业官方,2026-09-27,2026-09-27,公开招聘中,是,2026-09-27,官网正文未提供逐条职责。；企业办公地为成都市青白江区弥牟镇长城路8号；该职位仅有列表页来源，无独立详情页,
CD0184|中国重汽集团成都王牌商用车有限公司|驻外营销岗（国内）|国内办事处,CD0184,296,中国重汽集团成都王牌商用车有限公司,是,A,智能制造与装备,驻外营销岗（国内）,国内办事处,国内办事处,四川省,成都市,青白江区,成都市,inferred,销售,社会招聘,页面未说明,页面未说明,页面未说明,2026届本、硕学历优秀毕业生,15人,15人,2026届校园招聘需求岗位之一，官网公告未展开岗位职责。,车辆工程、汽车服务工程、市场营销、机械类、材料类、能源动力类（发动机类）等相关专业。,页面未说明,listing_page,否,not_available,,https://cdw.sinotruk.com/cdwp/2024-04/08/article_2024040810113810333.html,是,true,A类·企业官方,2026-09-27,2026-09-27,公开招聘中,是,2026-09-27,工作地为「国内办事处」，非成都。；该职位仅有列表页来源，无独立详情页,
CD0184|中国重汽集团成都王牌商用车有限公司|驻外营销岗（海外）|国际办事处,CD0184,297,中国重汽集团成都王牌商用车有限公司,是,A,智能制造与装备,驻外营销岗（海外）,国际办事处,国际办事处,四川省,成都市,青白江区,成都市,inferred,销售,社会招聘,页面未说明,页面未说明,页面未说明,2026届本、硕学历优秀毕业生,5人,5人,2026届校园招聘需求岗位之一，官网公告未展开岗位职责。,车辆工程、汽车服务工程、国际经济与贸易、机械类、外语类、材料类、能源动力类（发动机类）等相关专业。,页面未说明,listing_page,否,not_available,,https://cdw.sinotruk.com/cdwp/2024-04/08/article_2024040810113810333.html,是,true,A类·企业官方,2026-09-27,2026-09-27,公开招聘中,是,2026-09-27,工作地为「国际办事处」，非成都。；该职位仅有列表页来源，无独立详情页,
CD0186|中铁二院工程集团有限责任公司|人工智能开发工程师|成都（公告未写明具体办公地址）,CD0186,298,中铁二院工程集团有限责任公司,是,A,建筑与工程,人工智能开发工程师,成都（公告未写明具体办公地址）,成都（公告未写明具体办公地址）,四川省,成都市,,成都市,inferred,研发,社会招聘,2025-07-18,页面未说明,公告未列该岗工作年限,页面未说明,1名,1名,页面未说明,页面未说明,页面未说明,listing_page,否,not_available,https://www.creegc.com/tabid/83/InfoID/5562/frtid/40/Default.aspx,https://www.creegc.com/tabid/83/InfoID/5562/frtid/40/Default.aspx,是,true,A类·企业官方,2026-09-27,2026-09-27,公开招聘中,是,2026-09-27,公告原文：技术工程师2名（人工智能开发工程师、系统架构工程师各1名），正文未给出该岗独立职责与条件。,
CD0186|中铁二院工程集团有限责任公司|副总工程师（大数据方向）|成都（公告未写明具体办公地址）,CD0186,299,中铁二院工程集团有限责任公司,是,A,建筑与工程,副总工程师（大数据方向）,成都（公告未写明具体办公地址）,成都（公告未写明具体办公地址）,四川省,成都市,,成都市,inferred,研发,社会招聘,2025-07-18,页面未说明,8年及以上大数据产品或数据中台相关工作经验；具有央企三级企业中层正职及以上或中层副职满2年任职经历；年龄不超过45周岁,大学本科及以上文化程度，计算机、统计学、信息管理等相关专业背景,1名,1名,负责数智技术攻关与产品研发，掌握Hadoop、Spark、Flink等大数据框架与数据仓库、ETL、数据挖掘和机器学习算法，具备团队组织协调能力。,本科及以上；高级及以上职称；8年及以上大数据/数据中台经验；相应任职经历；无违纪违法。,页面未说明,listing_page,否,not_available,https://www.creegc.com/tabid/83/InfoID/5562/frtid/40/Default.aspx,https://www.creegc.com/tabid/83/InfoID/5562/frtid/40/Default.aspx,是,true,A类·企业官方,2026-09-27,2026-09-27,公开招聘中,是,2026-09-27,公告原文：副总工程师2名（大数据方向、管理信息化方向各1名）。,
CD0186|中铁二院工程集团有限责任公司|副总工程师（管理信息化方向）|成都（公告未写明具体办公地址）,CD0186,300,中铁二院工程集团有限责任公司,是,A,建筑与工程,副总工程师（管理信息化方向）,成都（公告未写明具体办公地址）,成都（公告未写明具体办公地址）,四川省,成都市,,成都市,inferred,研发,社会招聘,2025-07-18,页面未说明,公告未单列该方向工作年限（与大数据方向同属副总工程师序列，条件见公告原文）,大学本科及以上（管理信息化方向要求计算机相关专业教育背景）,1名,1名,负责管理信息化领域技术工作，推动企业技术革新与管理提升（详见集团招聘公告原文）。,公告未逐条列全，已核公告原文要求：政治素质、创新意识、高级及以上职称、年龄不超过45周岁、无违纪违法行为。,页面未说明,listing_page,否,not_available,https://www.creegc.com/tabid/83/InfoID/5562/frtid/40/Default.aspx,https://www.creegc.com/tabid/83/InfoID/5562/frtid/40/Default.aspx,是,true,A类·企业官方,2026-09-27,2026-09-27,公开招聘中,是,2026-09-27,公告原文：副总工程师2名（大数据方向、管理信息化方向各1名）；该方向具体工作年限条件在公告正文中未完整呈现，仅按已核到的学历、职称、年龄条件填写。,
CD0186|中铁二院工程集团有限责任公司|数智工程研究院副院长|成都（公告未写明具体办公地址）,CD0186,301,中铁二院工程集团有限责任公司,是,A,建筑与工程,数智工程研究院副院长,成都（公告未写明具体办公地址）,成都（公告未写明具体办公地址）,四川省,成都市,,成都市,inferred,管理,社会招聘,2025-07-18,页面未说明,10年及以上数智化等领域工作经验，5年及以上相关部门或团队管理经验；具有央企二级企业中层副职及以上或下一层级正职满3年任职经历；年龄男≤48周岁、女≤44周岁,大学本科及以上文化程度，计算机或工程技术等相关专业背景,1名,1名,负责数智工程研究院整体技术与管理工作中，牵头研发技术水平提升、行业知识沉淀、技术战略制定与团队建设经营。,本科及以上；高级及以上职称或相当层级资格；10年经验+5年团队管理；央企二级中层副职经历；无违纪违法；身心健康。,页面未说明,listing_page,否,not_available,https://www.creegc.com/tabid/83/InfoID/5562/frtid/40/Default.aspx,https://www.creegc.com/tabid/83/InfoID/5562/frtid/40/Default.aspx,是,true,A类·企业官方,2026-09-27,2026-09-27,公开招聘中,是,2026-09-27,公告发布日期2025-07-18（官网页面显示『点击量：37450　2025-07-18』）；公告正文全文已抓取解析。,
CD0186|中铁二院工程集团有限责任公司|系统架构工程师|成都（公告未写明具体办公地址）,CD0186,302,中铁二院工程集团有限责任公司,是,A,建筑与工程,系统架构工程师,成都（公告未写明具体办公地址）,成都（公告未写明具体办公地址）,四川省,成都市,,成都市,inferred,研发,社会招聘,2025-07-18,页面未说明,公告未列该岗工作年限,页面未说明,1名,1名,页面未说明,页面未说明,页面未说明,listing_page,否,not_available,https://www.creegc.com/tabid/83/InfoID/5562/frtid/40/Default.aspx,https://www.creegc.com/tabid/83/InfoID/5562/frtid/40/Default.aspx,是,true,A类·企业官方,2026-09-27,2026-09-27,公开招聘中,是,2026-09-27,公告原文：技术工程师2名（人工智能开发工程师、系统架构工程师各1名）。,
CD0191|友利银行（中国）有限公司成都分行|一般行员|成都市武侯区,CD0191,303,友利银行（中国）有限公司成都分行,是,A,金融科技,一般行员,成都市武侯区,成都市武侯区,四川省,成都市,武侯区,成都市,confirmed,职能,社会招聘,页面未说明,页面未说明,应届生或有1-5年工作经验,全日制本科及以上学历,页面未说明,页面未说明,页面未说明,全日制本科及以上学历，专业不限，韩语/经济/会计/法律专业优先；年龄30周岁以下；熟练使用计算机与OFFICE软件；具备较强逻辑思维与沟通能力,六险一金、带薪年假、定期体检、节日福利,listing_page,否,not_available,,https://www.wooribankchina.com/woori/gyyl/rczp/zpsy/zpsys/10588.html,是,true,A类·企业官方,2026-09-27,2026-09-27,公开招聘中,是,2026-09-27,岗位名称、学历、经验、福利、工作地均照抄官网招聘公告原文；公告截止日期2026.7.17，正文未列岗位职责，job_desc 填页面未说明。；该职位仅有列表页来源，无独立详情页,
CD0192|四川众信互联科技有限公司|UI/UX设计师|成都,CD0192,304,四川众信互联科技有限公司,是,A,软件与互联网服务,UI/UX设计师,成都,成都,四川省,成都市,高新区,成都市,inferred,设计,社会招聘,页面未说明,8-13K/月,2年以上UI/UX设计经验,本科及以上学历，设计相关专业,页面未说明,页面未说明,负责公司产品的UI/UX设计工作；参与产品需求分析和设计评审；设计产品界面，提升用户体验；与开发团队协作，确保设计方案的实现。,本科及以上学历，设计相关专业，2年以上UI/UX设计经验，熟练使用Figma、Sketch等设计工具，具有良好的审美能力和用户体验意识。,页面未说明,listing_page,否,not_available,https://yesuts.com/html/rczp/,https://yesuts.com/html/rczp/,是,true,A类·企业官方,2026-09-27,2026-09-27,公开招聘中,是,2026-09-27,原文取自官网人才招聘页『UI/UX设计师 成都 全职 8-13K/月』。无独立详情页，job_url 填官方招聘入口。,
CD0192|四川众信互联科技有限公司|前端开发工程师|成都,CD0192,305,四川众信互联科技有限公司,是,A,软件与互联网服务,前端开发工程师,成都,成都,四川省,成都市,高新区,成都市,inferred,研发,社会招聘,页面未说明,10-15K/月,2年以上前端开发经验,本科及以上学历，计算机相关专业,页面未说明,页面未说明,负责公司产品的前端开发工作；参与产品需求分析和设计；优化前端性能，提升用户体验；与后端团队协作，完成产品开发。,本科及以上学历，计算机相关专业，2年以上前端开发经验，熟练掌握HTML、CSS、JavaScript等前端技术，熟悉React、Vue等前端框架。,页面未说明,listing_page,否,not_available,https://yesuts.com/html/rczp/,https://yesuts.com/html/rczp/,是,true,A类·企业官方,2026-09-27,2026-09-27,公开招聘中,是,2026-09-27,原文取自官网人才招聘页服务端渲染文本『前端开发工程师 成都 全职 10-15K/月』。官网无独立职位详情页，job_url 填官方招聘入口（企业官方域名）。,
CD0192|四川众信互联科技有限公司|后端开发工程师|成都,CD0192,306,四川众信互联科技有限公司,是,A,软件与互联网服务,后端开发工程师,成都,成都,四川省,成都市,高新区,成都市,inferred,研发,社会招聘,页面未说明,12-18K/月,3年以上后端开发经验,本科及以上学历，计算机相关专业,页面未说明,页面未说明,负责公司产品的后端开发工作；参与系统架构设计和优化；编写高质量、可维护的代码；与前端团队协作，完成产品开发。,本科及以上学历，计算机相关专业，3年以上后端开发经验，熟练掌握Java、Python等后端语言，熟悉Spring、Django等后端框架。,页面未说明,listing_page,否,not_available,https://yesuts.com/html/rczp/,https://yesuts.com/html/rczp/,是,true,A类·企业官方,2026-09-27,2026-09-27,公开招聘中,是,2026-09-27,原文取自官网人才招聘页『后端开发工程师 成都 全职 12-18K/月』。无独立详情页，job_url 填官方招聘入口。,
CD0196|四川川润股份有限公司|设备维修工（校招）|成都（郫都）,CD0196,307,四川川润股份有限公司,是,A,智能制造与装备,设备维修工（校招）,成都（郫都）,成都（郫都）,四川省,成都市,郫都区,成都市,inferred,生产,社会招聘,页面未说明,4-6k,页面未说明,大专及以上，机电一体化、设备维修等相关专业,页面未说明,页面未说明,负责车间生产设备日常巡检、保养，排查设备故障，及时完成维修；记录设备故障台账，分析高频故障，落实预防性维护；配合完成设备技改、改造安装调试。,大专及以上，机电一体化、设备维修等相关专业，懂机械、电气基础；具备设备点检与故障排查基础认知，有设备拆装实训经验优先；能适应车间现场作业，服从排班。,页面未说明,direct_detail,是,medium,http://job.sccrun.com/JobCenter/Detail/161,http://job.sccrun.com/JobCenter,是,true,A类·企业官方,2026-09-27,2026-09-27,公开招聘中,是,2026-09-27,详情页实测 200；用工主体为川润液压，校园招聘岗位；联系电话 028-87893566。,
"CD0196|四川川润股份有限公司|设计工程师（电气）|成都（郫都）,自贡",CD0196,308,四川川润股份有限公司,是,A,智能制造与装备,设计工程师（电气）,"成都（郫都）,自贡","成都（郫都）,自贡",四川省,成都市,郫都区,成都市,inferred,研发,社会招聘,页面未说明,6K-12K,3年以上经验,本科及以上，电气、热控自动化相关或相近专业,页面未说明,页面未说明,贯彻执行公司管理制度；协助销售部技术推广；编制投标技术方案、技术标书、图纸、设备清册；负责招标技术评审、技术协议签订及核心设备监造与现场技术服务。,本科及以上学历，电气、热控自动化相关或相近专业，接受过项目管理等方面培训；3年以上经验。,五险一金、生日福利、节假日福利、补充医疗保险、半年度奖金、年度奖金、定期团建、工作餐、工作服、可提供住宿、上市公司、平台大、发展机会多、上五休二,direct_detail,是,medium,http://job.sccrun.com/JobCenter/Detail/68,http://job.sccrun.com/JobCenter,是,true,A类·企业官方,2026-09-27,2026-09-27,公开招聘中,是,2026-09-27,详情页实测 200；工作地含自贡。,
"CD0196|四川川润股份有限公司|设计工程师（脱硫脱硝）|成都（郫都）,自贡",CD0196,309,四川川润股份有限公司,是,A,智能制造与装备,设计工程师（脱硫脱硝）,"成都（郫都）,自贡","成都（郫都）,自贡",四川省,成都市,郫都区,成都市,inferred,研发,社会招聘,页面未说明,6K-12K,页面未说明,本科及以上，机械专业,页面未说明,页面未说明,对项目的环境因素进行审计检查与控制策划，做出环境评估并提供意见；针对项目施工特点制定环保防控措施；负责环保水保教育培训与信息交流。,本科及以上学历，机械专业，能依据项目执行单、技术协议书、设计输入资料完成材料预估、技术设计、施工图设计并输出图纸资料上传PLM。,五险一金、生日福利、节假日福利、补充医疗保险、半年度奖金、年度奖金、定期团建、工作餐、工作服、可提供住宿、上市公司、平台大、发展机会多、上五休二,direct_detail,是,medium,http://job.sccrun.com/JobCenter/Detail/67,http://job.sccrun.com/JobCenter,是,true,A类·企业官方,2026-09-27,2026-09-27,公开招聘中,是,2026-09-27,详情页实测 200；工作地含自贡。,
"CD0196|四川川润股份有限公司|设计工程师（锅炉、容器）|成都（郫都）,自贡",CD0196,310,四川川润股份有限公司,是,A,智能制造与装备,设计工程师（锅炉、容器）,"成都（郫都）,自贡","成都（郫都）,自贡",四川省,成都市,郫都区,成都市,inferred,研发,社会招聘,页面未说明,6-12K,页面未说明,本科及以上，机械专业,页面未说明,页面未说明,负责设计产品生产和销售过程中的技术问题；负责执行国家/地方/行业/企业技术标准并参与制定、修改企业技术标准。,本科及以上学历，机械专业，能依据项目执行单等完成材料预估、技术设计、施工图设计并输出图纸上传PLM；熟悉锅炉、容器制造标准与工艺流程。,五险一金、生日福利、节假日福利、补充医疗保险、半年度奖金、年度奖金、定期团建、工作餐、工作服、可提供住宿、上市公司、平台大、发展机会多、上五休二,direct_detail,是,medium,http://job.sccrun.com/JobCenter/Detail/70,http://job.sccrun.com/JobCenter,是,true,A类·企业官方,2026-09-27,2026-09-27,公开招聘中,是,2026-09-27,详情页实测 200；工作地含自贡。,
"CD0196|四川川润股份有限公司|设计工程师（项目经理）|成都（郫都）,自贡",CD0196,311,四川川润股份有限公司,是,A,智能制造与装备,设计工程师（项目经理）,"成都（郫都）,自贡","成都（郫都）,自贡",四川省,成都市,郫都区,成都市,inferred,研发,社会招聘,页面未说明,7K-14K,从事锅炉、电站、容器项目管理工作3年以上，能适应长期出差,专科以上，热能、机械技术类相关专业,页面未说明,页面未说明,项目制度、规范管理及项目管理体系建立；项目立项评审、实施规划及团队管理；项目指导协调监督及管控；项目竣工验收及审计、项目资料管理。,专科以上学历，热能、机械技术类相关专业；从事锅炉、电站、容器项目管理工作3年以上；能适应长期出差。,五险一金、生日福利、节假日福利、补充医疗保险、半年度奖金、年度奖金、定期团建、工作餐、工作服、可提供住宿、上市公司、平台大、发展机会多、上五休二,direct_detail,是,medium,http://job.sccrun.com/JobCenter/Detail/69,http://job.sccrun.com/JobCenter,是,true,A类·企业官方,2026-09-27,2026-09-27,公开招聘中,是,2026-09-27,详情页实测 200；工作地含自贡。,
CD0196|四川川润股份有限公司|锅炉设计工程师|成都（郫都）,CD0196,312,四川川润股份有限公司,是,A,智能制造与装备,锅炉设计工程师,成都（郫都）,成都（郫都）,四川省,成都市,郫都区,成都市,inferred,研发,社会招聘,页面未说明,6-12K,3年以上锅炉设计、气化炉设计等相关设计经历（应届毕业生工作经验不作要求）,本科及以上，热能工程、机械设计等相关专业,页面未说明,页面未说明,贯彻执行公司的各项管理制度并参与拟订、修改、实施细则；按时保质保量完成研发和设计任务；负责执行国家/地方/行业/企业技术标准及设计产品生产和销售过程中的技术问题。,本科及以上学历，热能工程、机械设计等相关专业，应届毕业生亦可；3年以上锅炉设计、气化炉设计经历；熟练掌握AutoCAD与Office；品行端正、责任心强。,五险一金、生日福利、节假日福利、补充医疗保险、半年度奖金、年度奖金、定期团建、工作餐、工作服、可提供住宿、上市公司、平台大、发展机会多、上五休二,direct_detail,是,medium,http://job.sccrun.com/JobCenter/Detail/6,http://job.sccrun.com/JobCenter,是,true,A类·企业官方,2026-09-27,2026-09-27,公开招聘中,是,2026-09-27,详情页实测 200，职位福利、联系电话（0813-5116655）、投递邮箱 jthr@chuanrun.com 均为页面原文。,
CD0197|四川师范大学|公开考核招聘事业单位工作人员|四川省成都市锦江区静安路5号,CD0197,313,四川师范大学,是,A,教育,公开考核招聘事业单位工作人员,四川省成都市锦江区静安路5号,四川省成都市锦江区静安路5号,四川省,成都市,锦江区,成都市,confirmed,研发,社会招聘,2026-01-29,页面未说明,最低服务年限、工作经历年限计算截至2026年1月30日；副高职称年龄放宽至1981年1月30日及以后出生，正高放宽至1976年1月30日及以后出生,2026年12月31日前取得研究生学历和博士学位,126名,126名,承担教学、科研等事业单位岗位工作（具体岗位见《四川师范大学2026年考核招聘工作人员岗位和条件要求一览表》）。,中国国籍、遵纪守法、品行端正；学历学位与岗位要求两栏分别相符；职称与年龄符合岗位表规定；每人限报一个岗位。,页面未说明,direct_detail,是,high,https://rsc.sicnu.edu.cn/p/68/?StId=st_app_news_i_x639053162239142741,https://rsc.sicnu.edu.cn/p/10/,是,true,A类·企业官方,2026-09-27,2026-09-27,公开招聘中,是,2026-09-27,公告页实测200（78673字节），发布时间2026-01-29 20:42:14，报名截止2026年10月31日，报名入口为人事处『人才招聘系统』。具体岗位名见附件表格，job_desc 按公告概括。,
CD0201|四川永星电子有限公司|PC、MC|成都,CD0201,314,四川永星电子有限公司,是,A,电子信息制造,PC、MC,成都,成都,四川省,成都市,新都区,成都市,inferred,生产,社会招聘,2022-07-14,页面未说明,一年以上制造业PMC工作经历,页面未说明,9,9,1、生产计划的制订；2、对物料的使用情况进行跟踪、考核；3、对生产和物料计划执行情况进行统计分析，识别问题（页面岗位职责摘要）,1、生产管理类、电子类相关专业；2、一年以上制造业PMC工作经历；3、熟练使用办公软件（页面任职要求摘要）,年薪：具有竞争力的薪酬、六险一金、带薪年假，节日慰问，定期体检,listing_page,否,not_available,https://china-yongxing.com/recruitment.aspx?category_id=5,https://china-yongxing.com/recruitment.aspx?category_id=5,是,true,A类·企业官方,2026-09-27,2026-09-27,公开招聘中,是,2026-09-27,岗位名按页面表格原文照抄为『PC、MC』。,
CD0201|四川永星电子有限公司|电子元器件研发工程师|成都,CD0201,315,四川永星电子有限公司,是,A,电子信息制造,电子元器件研发工程师,成都,成都,四川省,成都市,新都区,成都市,inferred,研发,社会招聘,2022-07-14,页面未说明,两年以上电子元器件研制开发工作经验；另一条同名为岗位要求一年以上工作经验（页面两行原文不一致）,全日制本科及以上（任职要求第1条）,9,9,1、承担产品研发任务，执行技术质量管理标准；2、负责产品的工艺完善和技术改进；3、负责处理产品生产过程中出现的技术、质量问题（页面岗位职责第1-3条摘要）,1、全日制本科及以上学历，电子元器件与材料类、机械类、微波类相关专业；2、具有两年以上电子元器件研制开发工作经验，熟悉电子元器件产品标准（国标、国家军用标准等）（页面任职要求摘要）,年薪：具有竞争力的薪酬、六险一金、带薪年假，节日慰问，定期体检,listing_page,否,not_available,https://china-yongxing.com/recruitment.aspx?category_id=5,https://china-yongxing.com/recruitment.aspx?category_id=5,是,true,A类·企业官方,2026-09-27,2026-09-27,公开招聘中,是,2026-09-27,页面该岗出现两行（职责与要求略有差异），均在表格中；表格『工作区域』列原文为成都。,
CD0201|四川永星电子有限公司|网络管理工程师|成都,CD0201,316,四川永星电子有限公司,是,A,电子信息制造,网络管理工程师,成都,成都,四川省,成都市,新都区,成都市,inferred,职能,社会招聘,2022-07-14,页面未说明,一年以上网络管理工作经验,本科（计算机应用及相关专业）,9,9,1、负责公司局域网系统的运行和维护，负责K3系统的正常运行；2、负责公司软件、硬件、耗材管理；3、负责公司电脑的维护（页面岗位职责摘要）,1、本科学历，计算机应用及相关专业；2、一年以上网络管理工作经验（页面任职要求摘要）,年薪：具有竞争力的薪酬、六险一金、带薪年假，节日慰问，定期体检,listing_page,否,not_available,https://china-yongxing.com/recruitment.aspx?category_id=5,https://china-yongxing.com/recruitment.aspx?category_id=5,是,true,A类·企业官方,2026-09-27,2026-09-27,公开招聘中,是,2026-09-27,岗位名与要求原文均照抄页面。,
CD0201|四川永星电子有限公司|设备管理工程师|成都,CD0201,317,四川永星电子有限公司,是,A,电子信息制造,设备管理工程师,成都,成都,四川省,成都市,新都区,成都市,inferred,生产,社会招聘,2022-07-14,页面未说明,一年以上制造类企业的设备管理工作经验,页面未说明,9,9,1、负责公司设备的改造、更新、维修、封存、转让和报废等工作；2、负责设备年度考核指标、二级保养计划及设备周检计划的制定、下发和执行情况的考核（页面岗位职责摘要）,1、机械、电气类相关专业；2、一年以上制造类企业的设备管理工作经验（页面任职资格摘要）,年薪：具有竞争力的薪酬、六险一金、带薪年假，节日慰问，定期体检,listing_page,否,not_available,https://china-yongxing.com/recruitment.aspx?category_id=5,https://china-yongxing.com/recruitment.aspx?category_id=5,是,true,A类·企业官方,2026-09-27,2026-09-27,公开招聘中,是,2026-09-27,页面该岗标题使用『任职资格』而非『任职要求』。,
CD0202|四川汇宇制药股份有限公司|ADC科学家（项目方向）|成都·天府国际生物城,CD0202,318,四川汇宇制药股份有限公司,是,A,生物医药,ADC科学家（项目方向）,成都·天府国际生物城,成都·天府国际生物城,四川省,成都市,天府新区,成都市,inferred,研发,社会招聘,页面未说明,页面未说明,页面未说明,页面未说明,页面未说明,页面未说明,页面未说明,页面未说明,页面未说明,listing_page,否,not_available,,https://www.huiyupharma.com/news_view.aspx?nid=2&typeid=4&id=965,是,true,A类·企业官方,2026-09-27,2026-09-27,公开招聘中,是,2026-09-27,所属部门：创新药物研究院。职位取自官网招聘公告静态正文；官网无独立职位详情页，job_url 留空。；该职位仅有列表页来源，无独立详情页,
CD0202|四川汇宇制药股份有限公司|BD联盟管理经理|成都·天府国际生物城,CD0202,319,四川汇宇制药股份有限公司,是,A,生物医药,BD联盟管理经理,成都·天府国际生物城,成都·天府国际生物城,四川省,成都市,天府新区,成都市,inferred,职能,社会招聘,页面未说明,页面未说明,页面未说明,页面未说明,页面未说明,页面未说明,页面未说明,页面未说明,页面未说明,listing_page,否,not_available,,https://www.huiyupharma.com/news_view.aspx?nid=2&typeid=4&id=965,是,true,A类·企业官方,2026-09-27,2026-09-27,公开招聘中,是,2026-09-27,所属部门：欧洲事业部。职位取自官网招聘公告静态正文；官网无独立职位详情页，job_url 留空。；该职位仅有列表页来源，无独立详情页,
CD0202|四川汇宇制药股份有限公司|CDMO业务开发经理（国内市场）|成都·天府国际生物城,CD0202,320,四川汇宇制药股份有限公司,是,A,生物医药,CDMO业务开发经理（国内市场）,成都·天府国际生物城,成都·天府国际生物城,四川省,成都市,天府新区,成都市,inferred,销售,社会招聘,页面未说明,页面未说明,页面未说明,页面未说明,页面未说明,页面未说明,页面未说明,页面未说明,页面未说明,listing_page,否,not_available,,https://www.huiyupharma.com/news_view.aspx?nid=2&typeid=4&id=965,是,true,A类·企业官方,2026-09-27,2026-09-27,公开招聘中,是,2026-09-27,所属部门：全球CDMO事业部。职位取自官网招聘公告静态正文；官网无独立职位详情页，job_url 留空。；该职位仅有列表页来源，无独立详情页,
CD0202|四川汇宇制药股份有限公司|CDMO业务开发经理（海外市场）|成都·天府国际生物城,CD0202,321,四川汇宇制药股份有限公司,是,A,生物医药,CDMO业务开发经理（海外市场）,成都·天府国际生物城,成都·天府国际生物城,四川省,成都市,天府新区,成都市,inferred,销售,社会招聘,页面未说明,页面未说明,页面未说明,页面未说明,页面未说明,页面未说明,页面未说明,页面未说明,页面未说明,listing_page,否,not_available,,https://www.huiyupharma.com/news_view.aspx?nid=2&typeid=4&id=965,是,true,A类·企业官方,2026-09-27,2026-09-27,公开招聘中,是,2026-09-27,所属部门：全球CDMO事业部。职位取自官网招聘公告静态正文；官网无独立职位详情页，job_url 留空。；该职位仅有列表页来源，无独立详情页,
CD0202|四川汇宇制药股份有限公司|CDMO海外业务开发助理|成都·天府国际生物城,CD0202,322,四川汇宇制药股份有限公司,是,A,生物医药,CDMO海外业务开发助理,成都·天府国际生物城,成都·天府国际生物城,四川省,成都市,天府新区,成都市,inferred,销售,社会招聘,页面未说明,页面未说明,页面未说明,页面未说明,页面未说明,页面未说明,页面未说明,页面未说明,页面未说明,listing_page,否,not_available,,https://www.huiyupharma.com/news_view.aspx?nid=2&typeid=4&id=965,是,true,A类·企业官方,2026-09-27,2026-09-27,公开招聘中,是,2026-09-27,所属部门：全球CDMO事业部。职位取自官网招聘公告静态正文；官网无独立职位详情页，job_url 留空。；该职位仅有列表页来源，无独立详情页,
CD0202|四川汇宇制药股份有限公司|中央产品经理（罕见病领域）|成都·天府国际生物城,CD0202,323,四川汇宇制药股份有限公司,是,A,生物医药,中央产品经理（罕见病领域）,成都·天府国际生物城,成都·天府国际生物城,四川省,成都市,天府新区,成都市,inferred,职能,社会招聘,页面未说明,页面未说明,页面未说明,页面未说明,页面未说明,页面未说明,页面未说明,页面未说明,页面未说明,listing_page,否,not_available,,https://www.huiyupharma.com/news_view.aspx?nid=2&typeid=4&id=965,是,true,A类·企业官方,2026-09-27,2026-09-27,公开招聘中,是,2026-09-27,所属部门：中国区营销中心。职位取自官网招聘公告静态正文；官网无独立职位详情页，job_url 留空。；该职位仅有列表页来源，无独立详情页,
CD0202|四川汇宇制药股份有限公司|临床监查员（成都and上海）|成都·天府国际生物城,CD0202,324,四川汇宇制药股份有限公司,是,A,生物医药,临床监查员（成都and上海）,成都·天府国际生物城,成都·天府国际生物城,四川省,成都市,天府新区,成都市,inferred,研发,社会招聘,页面未说明,页面未说明,页面未说明,页面未说明,页面未说明,页面未说明,页面未说明,页面未说明,页面未说明,listing_page,否,not_available,,https://www.huiyupharma.com/news_view.aspx?nid=2&typeid=4&id=965,是,true,A类·企业官方,2026-09-27,2026-09-27,公开招聘中,是,2026-09-27,所属部门：化学药物研究所。职位取自官网招聘公告静态正文；官网无独立职位详情页，job_url 留空。；该职位仅有列表页来源，无独立详情页,
CD0202|四川汇宇制药股份有限公司|体内药效部长（生物药）|成都·天府国际生物城,CD0202,325,四川汇宇制药股份有限公司,是,A,生物医药,体内药效部长（生物药）,成都·天府国际生物城,成都·天府国际生物城,四川省,成都市,天府新区,成都市,inferred,研发,社会招聘,页面未说明,页面未说明,页面未说明,页面未说明,页面未说明,页面未说明,页面未说明,页面未说明,页面未说明,listing_page,否,not_available,,https://www.huiyupharma.com/news_view.aspx?nid=2&typeid=4&id=965,是,true,A类·企业官方,2026-09-27,2026-09-27,公开招聘中,是,2026-09-27,所属部门：创新药物研究院。职位取自官网招聘公告静态正文；官网无独立职位详情页，job_url 留空。；该职位仅有列表页来源，无独立详情页,
CD0202|四川汇宇制药股份有限公司|制剂部部长（生物药）|成都·天府国际生物城,CD0202,326,四川汇宇制药股份有限公司,是,A,生物医药,制剂部部长（生物药）,成都·天府国际生物城,成都·天府国际生物城,四川省,成都市,天府新区,成都市,inferred,研发,社会招聘,页面未说明,页面未说明,页面未说明,页面未说明,页面未说明,页面未说明,页面未说明,页面未说明,页面未说明,listing_page,否,not_available,,https://www.huiyupharma.com/news_view.aspx?nid=2&typeid=4&id=965,是,true,A类·企业官方,2026-09-27,2026-09-27,公开招聘中,是,2026-09-27,所属部门：创新药物研究院。职位取自官网招聘公告静态正文；官网无独立职位详情页，job_url 留空。；该职位仅有列表页来源，无独立详情页,
CD0202|四川汇宇制药股份有限公司|区域产品经理|成都·天府国际生物城,CD0202,327,四川汇宇制药股份有限公司,是,A,生物医药,区域产品经理,成都·天府国际生物城,成都·天府国际生物城,四川省,成都市,天府新区,成都市,inferred,销售,社会招聘,页面未说明,页面未说明,页面未说明,页面未说明,页面未说明,页面未说明,页面未说明,页面未说明,页面未说明,listing_page,否,not_available,,https://www.huiyupharma.com/news_view.aspx?nid=2&typeid=4&id=965,是,true,A类·企业官方,2026-09-27,2026-09-27,公开招聘中,是,2026-09-27,所属部门：中国区营销中心。职位取自官网招聘公告静态正文；官网无独立职位详情页，job_url 留空。；该职位仅有列表页来源，无独立详情页,
CD0202|四川汇宇制药股份有限公司|医学经理（罕见病领域）|成都·天府国际生物城,CD0202,328,四川汇宇制药股份有限公司,是,A,生物医药,医学经理（罕见病领域）,成都·天府国际生物城,成都·天府国际生物城,四川省,成都市,天府新区,成都市,inferred,职能,社会招聘,页面未说明,页面未说明,页面未说明,页面未说明,页面未说明,页面未说明,页面未说明,页面未说明,页面未说明,listing_page,否,not_available,,https://www.huiyupharma.com/news_view.aspx?nid=2&typeid=4&id=965,是,true,A类·企业官方,2026-09-27,2026-09-27,公开招聘中,是,2026-09-27,所属部门：中国区营销中心。职位取自官网招聘公告静态正文；官网无独立职位详情页，job_url 留空。；该职位仅有列表页来源，无独立详情页,
CD0202|四川汇宇制药股份有限公司|医学经理（血液肿瘤领域）|成都·天府国际生物城,CD0202,329,四川汇宇制药股份有限公司,是,A,生物医药,医学经理（血液肿瘤领域）,成都·天府国际生物城,成都·天府国际生物城,四川省,成都市,天府新区,成都市,inferred,职能,社会招聘,页面未说明,页面未说明,页面未说明,页面未说明,页面未说明,页面未说明,页面未说明,页面未说明,页面未说明,listing_page,否,not_available,,https://www.huiyupharma.com/news_view.aspx?nid=2&typeid=4&id=965,是,true,A类·企业官方,2026-09-27,2026-09-27,公开招聘中,是,2026-09-27,所属部门：中国区营销中心。职位取自官网招聘公告静态正文；官网无独立职位详情页，job_url 留空。；该职位仅有列表页来源，无独立详情页,
CD0202|四川汇宇制药股份有限公司|复杂制剂项目经理|成都·天府国际生物城,CD0202,330,四川汇宇制药股份有限公司,是,A,生物医药,复杂制剂项目经理,成都·天府国际生物城,成都·天府国际生物城,四川省,成都市,天府新区,成都市,inferred,研发,社会招聘,页面未说明,页面未说明,页面未说明,页面未说明,页面未说明,页面未说明,页面未说明,页面未说明,页面未说明,listing_page,否,not_available,,https://www.huiyupharma.com/news_view.aspx?nid=2&typeid=4&id=965,是,true,A类·企业官方,2026-09-27,2026-09-27,公开招聘中,是,2026-09-27,所属部门：化学药物研究所。职位取自官网招聘公告静态正文；官网无独立职位详情页，job_url 留空。；该职位仅有列表页来源，无独立详情页,
CD0202|四川汇宇制药股份有限公司|小分子药化部长|成都·天府国际生物城,CD0202,331,四川汇宇制药股份有限公司,是,A,生物医药,小分子药化部长,成都·天府国际生物城,成都·天府国际生物城,四川省,成都市,天府新区,成都市,inferred,研发,社会招聘,页面未说明,页面未说明,页面未说明,页面未说明,页面未说明,页面未说明,页面未说明,页面未说明,页面未说明,listing_page,否,not_available,,https://www.huiyupharma.com/news_view.aspx?nid=2&typeid=4&id=965,是,true,A类·企业官方,2026-09-27,2026-09-27,公开招聘中,是,2026-09-27,所属部门：创新药物研究院。职位取自官网招聘公告静态正文；官网无独立职位详情页，job_url 留空。；该职位仅有列表页来源，无独立详情页,
CD0202|四川汇宇制药股份有限公司|植物生物分子科学家|成都·天府国际生物城,CD0202,332,四川汇宇制药股份有限公司,是,A,生物医药,植物生物分子科学家,成都·天府国际生物城,成都·天府国际生物城,四川省,成都市,天府新区,成都市,inferred,研发,社会招聘,页面未说明,页面未说明,页面未说明,页面未说明,页面未说明,页面未说明,页面未说明,页面未说明,页面未说明,listing_page,否,not_available,,https://www.huiyupharma.com/news_view.aspx?nid=2&typeid=4&id=965,是,true,A类·企业官方,2026-09-27,2026-09-27,公开招聘中,是,2026-09-27,所属部门：创新药物研究院。职位取自官网招聘公告静态正文；官网无独立职位详情页，job_url 留空。；该职位仅有列表页来源，无独立详情页,
CD0202|四川汇宇制药股份有限公司|省区经理|成都（base地不限）,CD0202,333,四川汇宇制药股份有限公司,是,A,生物医药,省区经理,成都（base地不限）,成都（base地不限）,四川省,成都市,天府新区,成都市,inferred,销售,社会招聘,页面未说明,页面未说明,页面未说明,页面未说明,页面未说明,页面未说明,页面未说明,页面未说明,页面未说明,listing_page,否,not_available,,https://www.huiyupharma.com/news_view.aspx?nid=2&typeid=4&id=965,是,true,A类·企业官方,2026-09-27,2026-09-27,公开招聘中,是,2026-09-27,所属部门：中国区营销中心。职位取自官网招聘公告静态正文；官网无独立职位详情页，job_url 留空。；该职位仅有列表页来源，无独立详情页,
CD0202|四川汇宇制药股份有限公司|肿瘤免疫部长|成都·天府国际生物城,CD0202,334,四川汇宇制药股份有限公司,是,A,生物医药,肿瘤免疫部长,成都·天府国际生物城,成都·天府国际生物城,四川省,成都市,天府新区,成都市,inferred,研发,社会招聘,页面未说明,页面未说明,页面未说明,页面未说明,页面未说明,页面未说明,页面未说明,页面未说明,页面未说明,listing_page,否,not_available,,https://www.huiyupharma.com/news_view.aspx?nid=2&typeid=4&id=965,是,true,A类·企业官方,2026-09-27,2026-09-27,公开招聘中,是,2026-09-27,所属部门：创新药物研究院。职位取自官网招聘公告静态正文；官网无独立职位详情页，job_url 留空。；该职位仅有列表页来源，无独立详情页,
CD0202|四川汇宇制药股份有限公司|肿瘤免疫高级研究员|成都·天府国际生物城,CD0202,335,四川汇宇制药股份有限公司,是,A,生物医药,肿瘤免疫高级研究员,成都·天府国际生物城,成都·天府国际生物城,四川省,成都市,天府新区,成都市,inferred,研发,社会招聘,页面未说明,页面未说明,页面未说明,页面未说明,页面未说明,页面未说明,页面未说明,页面未说明,页面未说明,listing_page,否,not_available,,https://www.huiyupharma.com/news_view.aspx?nid=2&typeid=4&id=965,是,true,A类·企业官方,2026-09-27,2026-09-27,公开招聘中,是,2026-09-27,所属部门：创新药物研究院。职位取自官网招聘公告静态正文；官网无独立职位详情页，job_url 留空。；该职位仅有列表页来源，无独立详情页,
CD0202|四川汇宇制药股份有限公司|质量研究员（生物药）|成都·天府国际生物城,CD0202,336,四川汇宇制药股份有限公司,是,A,生物医药,质量研究员（生物药）,成都·天府国际生物城,成都·天府国际生物城,四川省,成都市,天府新区,成都市,inferred,研发,社会招聘,页面未说明,页面未说明,页面未说明,页面未说明,页面未说明,页面未说明,页面未说明,页面未说明,页面未说明,listing_page,否,not_available,,https://www.huiyupharma.com/news_view.aspx?nid=2&typeid=4&id=965,是,true,A类·企业官方,2026-09-27,2026-09-27,公开招聘中,是,2026-09-27,所属部门：创新药物研究院。职位取自官网招聘公告静态正文；官网无独立职位详情页，job_url 留空。；该职位仅有列表页来源，无独立详情页,
CD0202|四川汇宇制药股份有限公司|销售总监（罕见病领域）|成都·天府国际生物城,CD0202,337,四川汇宇制药股份有限公司,是,A,生物医药,销售总监（罕见病领域）,成都·天府国际生物城,成都·天府国际生物城,四川省,成都市,天府新区,成都市,inferred,销售,社会招聘,页面未说明,页面未说明,页面未说明,页面未说明,页面未说明,页面未说明,页面未说明,页面未说明,页面未说明,listing_page,否,not_available,,https://www.huiyupharma.com/news_view.aspx?nid=2&typeid=4&id=965,是,true,A类·企业官方,2026-09-27,2026-09-27,公开招聘中,是,2026-09-27,所属部门：中国区营销中心。职位取自官网招聘公告静态正文；官网无独立职位详情页，job_url 留空。；该职位仅有列表页来源，无独立详情页,
CD0203|四川省唯品富邦消费金融有限公司|信用策略岗|成都,CD0203,338,四川省唯品富邦消费金融有限公司,是,A,金融科技,信用策略岗,成都,成都,四川省,成都市,锦江区,成都市,inferred,研发,社会招聘,页面未说明,页面未说明,3年及以上,本科,页面未说明,页面未说明,页面未说明,页面未说明,页面未说明,listing_page,否,not_available,,https://www.vipxf.com/join/,是,true,A类·企业官方,2026-09-27,2026-09-27,公开招聘中,是,2026-09-27,职位与『唯品富邦消费金融 | 成都 | 3年及以上 | 本科』四项信息逐字取自官网热招职位卡片；卡片『立即申请』跳转第三方平台，故 job_url 留空。；该职位仅有列表页来源，无独立详情页,
CD0203|四川省唯品富邦消费金融有限公司|风险模型岗|成都,CD0203,339,四川省唯品富邦消费金融有限公司,是,A,金融科技,风险模型岗,成都,成都,四川省,成都市,锦江区,成都市,inferred,研发,社会招聘,页面未说明,页面未说明,3年及以上,本科,页面未说明,页面未说明,页面未说明,页面未说明,页面未说明,listing_page,否,not_available,,https://www.vipxf.com/join/,是,true,A类·企业官方,2026-09-27,2026-09-27,公开招聘中,是,2026-09-27,职位与『唯品富邦消费金融 | 成都 | 3年及以上 | 本科』四项信息逐字取自官网热招职位卡片；卡片『立即申请』跳转第三方平台，故 job_url 留空。；该职位仅有列表页来源，无独立详情页,
CD0205|四川知微传感技术有限公司|MEMS惯性传感器PCB板级电路硬件工程师|成都-高新区,CD0205,340,四川知微传感技术有限公司,是,A,半导体与集成电路,MEMS惯性传感器PCB板级电路硬件工程师,成都-高新区,成都-高新区,四川省,成都市,郫都区,成都市,confirmed,研发,社会招聘,页面未说明,页面未说明（原文仅写「面议」，未标注具体薪资区间）,页面未说明,硕士,1,1,页面未说明,页面未说明,页面未说明,listing_page,否,not_available,http://www.wizmems.com/index.php?ac=article&at=list&tid=74,http://www.wizmems.com/index.php?ac=article&at=list&tid=74,是,true,A类·企业官方,2026-09-27,2026-09-27,公开招聘中,是,2026-09-27,岗位信息表中性别栏为『/』，面试与到岗时间同表。,
CD0205|四川知微传感技术有限公司|市场经理/主管|成都-高新区,CD0205,341,四川知微传感技术有限公司,是,A,半导体与集成电路,市场经理/主管,成都-高新区,成都-高新区,四川省,成都市,郫都区,成都市,confirmed,销售,社会招聘,页面未说明,13-22k,页面未说明,统招本科,1,1,页面未说明,页面未说明,页面未说明,listing_page,否,not_available,http://www.wizmems.com/index.php?ac=article&at=list&tid=74,http://www.wizmems.com/index.php?ac=article&at=list&tid=74,是,true,A类·企业官方,2026-09-27,2026-09-27,公开招聘中,是,2026-09-27,薪资原文『13-22k』。,
CD0205|四川知微传感技术有限公司|应用工程师|成都-高新区,CD0205,342,四川知微传感技术有限公司,是,A,半导体与集成电路,应用工程师,成都-高新区,成都-高新区,四川省,成都市,郫都区,成都市,confirmed,研发,社会招聘,页面未说明,页面未说明（原文仅写「面议」，未标注具体薪资区间）,3年以上芯片测试相关工作经验（岗位要求原文）,本科,1,1,根据流程、规范，完成芯片的测试方案的分析、设计、实现和测试工作；开发芯片测试程序，编写规范的测试文档，出具详细测试分析报告（职位描述摘要）,仪器仪表、电子工程、电路与系统等相关专业本科以上学历，3年以上芯片测试相关工作经验；熟悉C/C++等语言编程，熟悉Matlab处理；熟练使用Protel、Altium Designer等PCB设计软件（岗位要求摘要）,页面未说明,listing_page,否,not_available,http://www.wizmems.com/index.php?ac=article&at=list&tid=74,http://www.wizmems.com/index.php?ac=article&at=list&tid=74,是,true,A类·企业官方,2026-09-27,2026-09-27,公开招聘中,是,2026-09-27,页面岗位信息表另有面试时间 2026-07-31、到岗时间 2026-07-04。,
CD0205|四川知微传感技术有限公司|模拟IC设计工程师|成都-高新区,CD0205,343,四川知微传感技术有限公司,是,A,半导体与集成电路,模拟IC设计工程师,成都-高新区,成都-高新区,四川省,成都市,郫都区,成都市,confirmed,研发,社会招聘,页面未说明,15-35k·13薪,3年以上模拟电路设计开发经验（岗位要求原文）,硕士,1,1,完成电路建模、设计和仿真验证，编写集成电路设计文档；根据用户、测试及应用工程师对产品反馈信息，对产品优化改进设计（职位描述摘要）,硕士及以上学历，微电子相关专业，3年以上模拟电路设计开发经验；熟悉CMOS/BICMOS/BCD基本器件结构；能熟练运用Cadence相关的模拟IC设计EDA工具（岗位要求摘要）,页面未说明,listing_page,否,not_available,http://www.wizmems.com/index.php?ac=article&at=list&tid=74,http://www.wizmems.com/index.php?ac=article&at=list&tid=74,是,true,A类·企业官方,2026-09-27,2026-09-27,公开招聘中,是,2026-09-27,薪资原文『15-35k·13薪』。,
CD0205|四川知微传感技术有限公司|模拟版图设计工程师|成都高新区,CD0205,344,四川知微传感技术有限公司,是,A,半导体与集成电路,模拟版图设计工程师,成都高新区,成都高新区,四川省,成都市,郫都区,成都市,confirmed,研发,社会招聘,页面未说明,15-23k·13薪,页面未说明,本科,1,1,页面未说明,页面未说明,页面未说明,listing_page,否,not_available,http://www.wizmems.com/index.php?ac=article&at=list&tid=74,http://www.wizmems.com/index.php?ac=article&at=list&tid=74,是,true,A类·企业官方,2026-09-27,2026-09-27,公开招聘中,是,2026-09-27,岗位信息表性别栏为『男』；该岗工作地点写作『成都高新区』，其余岗写作『成都-高新区』。,
CD0206|四川红旗连锁股份有限公司|诚聘储备店长|成都（面试地址：高新西区迪康大道7号人事部招聘处；锦江区总府路87号店内）,CD0206,345,四川红旗连锁股份有限公司,是,A,零售与消费,诚聘储备店长,成都（面试地址：高新西区迪康大道7号人事部招聘处；锦江区总府路87号店内）,成都（面试地址：高新西区迪康大道7号人事部招聘处；锦江区总府路87号店内）,四川省,成都市,高新区,成都市,confirmed,运营,社会招聘,2024-11-27,页面未说明,页面未说明,大专及以上学历，专业不限,页面未说明,页面未说明,页面未说明,1、大专及以上学历，专业不限，有零售行业工作经验优先；2、具有强烈的责任心与服务意识；3、熟悉超市运营流程，具备基础的数据分析能力与问题解决能力；4、沟通及团队协调能力强。,官网招聘页说明：一经录用统一办理社保，签合同，并享有职务晋升机会,direct_detail,是,high,https://www.hqls.com/Recruit/GetNewDtl/3339,https://www.hqls.com/Recruit,是,true,A类·企业官方,2026-09-27,2026-09-27,公开招聘中,是,2026-09-27,"职位名取自官网诚聘精英页列表（原文带“诚聘”前缀）；岗位 id 由页面 onclick=""showdtl('content1',this,3339)"" 与列表块顺序对应确认；详情页无任何薪资与人数信息。",
CD0206|四川红旗连锁股份有限公司|诚聘司机|成都（面试地址：高新西区迪康大道7号人事部招聘处；锦江区总府路87号店内）,CD0206,346,四川红旗连锁股份有限公司,是,A,零售与消费,诚聘司机,成都（面试地址：高新西区迪康大道7号人事部招聘处；锦江区总府路87号店内）,成都（面试地址：高新西区迪康大道7号人事部招聘处；锦江区总府路87号店内）,四川省,成都市,高新区,成都市,confirmed,物流,社会招聘,2024-11-27,页面未说明,持有 B2 以上驾驶证、货运资格证，3 年以上实际驾驶经验,页面未说明,页面未说明,页面未说明,页面未说明,1、持有 B2 以上驾驶证、货运资格证，3 年以上实际驾驶经验；2、无重大交通事故记录，熟悉本地及周边道路状况；3、责任心强，能吃苦耐劳；4、具备基本的货物装卸常识、爱护车辆、遵守公司物流配送管理制度,官网招聘页说明：一经录用统一办理社保，签合同，并享有职务晋升机会,direct_detail,是,high,https://www.hqls.com/Recruit/GetNewDtl/3206,https://www.hqls.com/Recruit,是,true,A类·企业官方,2026-09-27,2026-09-27,公开招聘中,是,2026-09-27,职位名取自官网列表（showdtl content3 → 3206）；岗位属公司物流配送岗，故 job_category 归为物流。,
CD0206|四川红旗连锁股份有限公司|诚聘营业员|成都（面试地址：高新西区迪康大道7号人事部招聘处；锦江区总府路87号店内）,CD0206,347,四川红旗连锁股份有限公司,是,A,零售与消费,诚聘营业员,成都（面试地址：高新西区迪康大道7号人事部招聘处；锦江区总府路87号店内）,成都（面试地址：高新西区迪康大道7号人事部招聘处；锦江区总府路87号店内）,四川省,成都市,高新区,成都市,confirmed,运营,社会招聘,2024-11-27,页面未说明,页面未说明,页面未说明,页面未说明,页面未说明,页面未说明,1、品貌端正，亲和力强，有工作激情，沟通表达流畅，具备服务意识与责任心；2、做事认真细致，服从门店管理安排；3、持有《就业创业证》优先,官网招聘页说明：一经录用统一办理社保，签合同，并享有职务晋升机会,direct_detail,是,high,https://www.hqls.com/Recruit/GetNewDtl/3338,https://www.hqls.com/Recruit,是,true,A类·企业官方,2026-09-27,2026-09-27,公开招聘中,是,2026-09-27,职位名取自官网列表（showdtl content2 → 3338）；详情页未列学历、薪资、人数。,
CD0206|四川红旗连锁股份有限公司|诚聘装卸工|成都（面试地址：高新西区迪康大道7号人事部招聘处；锦江区总府路87号店内）,CD0206,348,四川红旗连锁股份有限公司,是,A,零售与消费,诚聘装卸工,成都（面试地址：高新西区迪康大道7号人事部招聘处；锦江区总府路87号店内）,成都（面试地址：高新西区迪康大道7号人事部招聘处；锦江区总府路87号店内）,四川省,成都市,高新区,成都市,confirmed,物流,社会招聘,2024-11-27,页面未说明,页面未说明,页面未说明,页面未说明,页面未说明,页面未说明,1、身体健康，吃苦耐劳，能适应重物装卸工作；2、责任心强，工作认真负责；3、持叉车证、能使用智能设备者优先,官网招聘页说明：一经录用统一办理社保，签合同，并享有职务晋升机会,direct_detail,是,high,https://www.hqls.com/Recruit/GetNewDtl/3205,https://www.hqls.com/Recruit,是,true,A类·企业官方,2026-09-27,2026-09-27,公开招聘中,是,2026-09-27,职位名取自官网列表（showdtl content4 → 3205）。,
CD0211|四川音乐学院|科研助理|成都（公告未写明具体校区地址）,CD0211,349,四川音乐学院,是,A,教育,科研助理,成都（公告未写明具体校区地址）,成都（公告未写明具体校区地址）,四川省,成都市,,成都市,confirmed,技术,社会招聘,2026-07-20,页面未说明,页面未说明,页面未说明,3名,3名,科研辅助服务岗位，不纳入学校事业编制，负责科研辅助性工作（详见《四川音乐学院2026年招聘编外科研助理公告》）。,页面未说明,页面未说明,listing_page,否,not_available,https://www.sccm.edu.cn/dz_dwjsgzb.html,https://www.sccm.edu.cn/dz_dwjsgzb.html,是,true,A类·企业官方,2026-09-27,2026-09-27,公开招聘中,是,2026-09-27,岗位与人数取自学校人事处『信息公告』栏目摘要『四川音乐学院2026年招聘编外科研助理公告 …2026.07.20 …面向社会招聘科研助理3名』，栏目页实测200；未抓到该公告独立详情页URL，job_url 暂用栏目页。,
CD0211|四川音乐学院|编外助学助管员|成都（公告未写明具体校区地址）,CD0211,350,四川音乐学院,是,A,教育,编外助学助管员,成都（公告未写明具体校区地址）,成都（公告未写明具体校区地址）,四川省,成都市,,成都市,confirmed,职能,社会招聘,2026-07-18,页面未说明,页面未说明,页面未说明,页面未说明,页面未说明,教学辅助与学生事务相关的编外助学助管工作（详见《四川音乐学院2026年招聘第二批编外助学助管员公告》）。,页面未说明,页面未说明,listing_page,否,not_available,https://www.sccm.edu.cn/dz_dwjsgzb.html,https://www.sccm.edu.cn/dz_dwjsgzb.html,是,true,A类·企业官方,2026-09-27,2026-09-27,公开招聘中,是,2026-09-27,岗位取自学校人事处“信息公告”栏目摘要《四川音乐学院关于发布2026年招聘第二批编外助学助管员面试公告 …2026.07.18》，栏目页实测200；未抓到该公告独立详情页URL，job_url 暂用栏目页。,
CD0212|峨眉电影集团有限公司|党委组织部工作人员岗（峨眉电影制片厂有限责任公司）|公司总部（成都，公告未写明具体街道地址）,CD0212,351,峨眉电影集团有限公司,是,A,文化传媒与影视,党委组织部工作人员岗（峨眉电影制片厂有限责任公司）,公司总部（成都，公告未写明具体街道地址）,公司总部（成都，公告未写明具体街道地址）,四川省,成都市,,成都市,inferred,职能,社会招聘,2025-02-17,页面未说明,要求具备较强口头表达能力、综合协调与发现问题解决问题能力（公告未列工作年限）,全日制本科及以上学历，且须为高校应届毕业生；管理、文学、艺术、社科类相关专业,1名,1名,负责厂公司党建、人事等相关工作。,中共党员；全日制本科及以上且为2025年高校应届毕业生；管理/文学/艺术/社科相关专业；文字功底强。,页面未说明,listing_page,否,not_available,http://www.emdy.cn/page.aspx?classid=17&id=1749,http://www.emdy.cn/list.aspx?Model_id=1&id=17,是,true,A类·企业官方,2026-09-27,2026-09-27,公开招聘中,是,2026-09-27,公告明确该岗需为高校应届毕业生。,
CD0212|峨眉电影集团有限公司|党委组织部综合文秘岗|公司总部（成都，公告未写明具体街道地址）,CD0212,352,峨眉电影集团有限公司,是,A,文化传媒与影视,党委组织部综合文秘岗,公司总部（成都，公告未写明具体街道地址）,公司总部（成都，公告未写明具体街道地址）,四川省,成都市,,成都市,inferred,职能,社会招聘,2025-02-17,页面未说明,具有3年及以上党政机关、事业单位、省市媒体等工作经验；年龄40周岁以下（1985年2月28日以后出生）,全日制本科及以上学历,1名,1名,负责相关文稿起草和文件审核、把关以及党委组织部党建、人事等相关工作。,中共党员；全日制本科及以上；文字功底强；3年以上相关工作经验；年龄40周岁以下。,页面未说明,listing_page,否,not_available,http://www.emdy.cn/page.aspx?classid=17&id=1749,http://www.emdy.cn/list.aspx?Model_id=1&id=17,是,true,A类·企业官方,2026-09-27,2026-09-27,公开招聘中,是,2026-09-27,数据取自官网招聘公告原文。,
CD0212|峨眉电影集团有限公司|办公室综合文秘岗|公司总部（成都，公告未写明具体街道地址）,CD0212,353,峨眉电影集团有限公司,是,A,文化传媒与影视,办公室综合文秘岗,公司总部（成都，公告未写明具体街道地址）,公司总部（成都，公告未写明具体街道地址）,四川省,成都市,,成都市,inferred,职能,社会招聘,2025-02-17,页面未说明,具有3年以上党政机关、事业单位、大型国企、省市媒体等工作经验；年龄40周岁以下（1985年2月28日以后出生）,全日制本科及以上学历,1名,1名,负责相关文稿起草和文件审核、把关以及办公室综合服务等相关工作。,中共党员；全日制本科及以上；文字功底强、公文写作经历丰富；3年以上相关工作经验；年龄40周岁以下。,页面未说明,listing_page,否,not_available,http://www.emdy.cn/page.aspx?classid=17&id=1749,http://www.emdy.cn/list.aspx?Model_id=1&id=17,是,true,A类·企业官方,2026-09-27,2026-09-27,公开招聘中,是,2026-09-27,公告发布2025-02-17 10:56:42，报名截止2025年3月10日24:00，报名邮箱emdyjthr@163.com；总部岗位咨询028-87331822。,
CD0217|成都乐曼多科技有限公司|3D场景|成都市,CD0217,354,成都乐曼多科技有限公司,是,A,游戏,3D场景,成都市,成都市,四川省,成都市,,成都市,confirmed,设计,社会招聘,页面未说明,页面未说明,页面未说明,页面未说明,页面未说明,页面未说明,页面未说明,页面未说明,页面未说明,listing_page,否,not_available,https://www.lmdgame.com/job/index.html,https://www.lmdgame.com/job/index.html,是,true,A类·企业官方,2026-09-27,2026-09-27,公开招聘中,是,2026-09-27,职位名与城市『成都市』、职能类别原文取自企业官网社招页 https://www.lmdgame.com/job/index.html （200，服务端渲染列表，城市筛选项含成都）。该页未给出薪资、经验、学历、人数与职责原文，salary/experience/education/headcount/job_desc/requirement/welfare 一律记『页面未说明』，不作推测。职位详情页 site.lmdgame.com/adminops/plus/view.php 实测为空页或跳转 BOSS直聘，故 job_url 回填社招列表页（官方域名）。,
CD0217|成都乐曼多科技有限公司|3D角色|成都市,CD0217,355,成都乐曼多科技有限公司,是,A,游戏,3D角色,成都市,成都市,四川省,成都市,,成都市,confirmed,设计,社会招聘,页面未说明,页面未说明,页面未说明,页面未说明,页面未说明,页面未说明,页面未说明,页面未说明,页面未说明,listing_page,否,not_available,https://www.lmdgame.com/job/index.html,https://www.lmdgame.com/job/index.html,是,true,A类·企业官方,2026-09-27,2026-09-27,公开招聘中,是,2026-09-27,职位名与城市『成都市』、职能类别原文取自企业官网社招页 https://www.lmdgame.com/job/index.html （200，服务端渲染列表，城市筛选项含成都）。该页未给出薪资、经验、学历、人数与职责原文，salary/experience/education/headcount/job_desc/requirement/welfare 一律记『页面未说明』，不作推测。职位详情页 site.lmdgame.com/adminops/plus/view.php 实测为空页或跳转 BOSS直聘，故 job_url 回填社招列表页（官方域名）。,
CD0217|成都乐曼多科技有限公司|UE4开发工程师|成都市,CD0217,356,成都乐曼多科技有限公司,是,A,游戏,UE4开发工程师,成都市,成都市,四川省,成都市,,成都市,confirmed,研发,社会招聘,页面未说明,页面未说明,页面未说明,页面未说明,页面未说明,页面未说明,页面未说明,页面未说明,页面未说明,listing_page,否,not_available,https://www.lmdgame.com/job/index.html,https://www.lmdgame.com/job/index.html,是,true,A类·企业官方,2026-09-27,2026-09-27,公开招聘中,是,2026-09-27,职位名与城市『成都市』、职能类别原文取自企业官网社招页 https://www.lmdgame.com/job/index.html （200，服务端渲染列表，城市筛选项含成都）。该页未给出薪资、经验、学历、人数与职责原文，salary/experience/education/headcount/job_desc/requirement/welfare 一律记『页面未说明』，不作推测。职位详情页 site.lmdgame.com/adminops/plus/view.php 实测为空页或跳转 BOSS直聘，故 job_url 回填社招列表页（官方域名）。,
CD0217|成都乐曼多科技有限公司|UE设计|成都市,CD0217,357,成都乐曼多科技有限公司,是,A,游戏,UE设计,成都市,成都市,四川省,成都市,,成都市,confirmed,设计,社会招聘,页面未说明,页面未说明,页面未说明,页面未说明,页面未说明,页面未说明,页面未说明,页面未说明,页面未说明,listing_page,否,not_available,https://www.lmdgame.com/job/index.html,https://www.lmdgame.com/job/index.html,是,true,A类·企业官方,2026-09-27,2026-09-27,公开招聘中,是,2026-09-27,职位名与城市『成都市』、职能类别原文取自企业官网社招页 https://www.lmdgame.com/job/index.html （200，服务端渲染列表，城市筛选项含成都）。该页未给出薪资、经验、学历、人数与职责原文，salary/experience/education/headcount/job_desc/requirement/welfare 一律记『页面未说明』，不作推测。职位详情页 site.lmdgame.com/adminops/plus/view.php 实测为空页或跳转 BOSS直聘，故 job_url 回填社招列表页（官方域名）。,
CD0217|成都乐曼多科技有限公司|UI动效|成都市,CD0217,358,成都乐曼多科技有限公司,是,A,游戏,UI动效,成都市,成都市,四川省,成都市,,成都市,confirmed,设计,社会招聘,页面未说明,页面未说明,页面未说明,页面未说明,页面未说明,页面未说明,页面未说明,页面未说明,页面未说明,listing_page,否,not_available,https://www.lmdgame.com/job/index.html,https://www.lmdgame.com/job/index.html,是,true,A类·企业官方,2026-09-27,2026-09-27,公开招聘中,是,2026-09-27,职位名与城市『成都市』、职能类别原文取自企业官网社招页 https://www.lmdgame.com/job/index.html （200，服务端渲染列表，城市筛选项含成都）。该页未给出薪资、经验、学历、人数与职责原文，salary/experience/education/headcount/job_desc/requirement/welfare 一律记『页面未说明』，不作推测。职位详情页 site.lmdgame.com/adminops/plus/view.php 实测为空页或跳转 BOSS直聘，故 job_url 回填社招列表页（官方域名）。,
CD0217|成都乐曼多科技有限公司|UI设计|成都市,CD0217,359,成都乐曼多科技有限公司,是,A,游戏,UI设计,成都市,成都市,四川省,成都市,,成都市,confirmed,设计,社会招聘,页面未说明,页面未说明,页面未说明,页面未说明,页面未说明,页面未说明,页面未说明,页面未说明,页面未说明,listing_page,否,not_available,https://www.lmdgame.com/job/index.html,https://www.lmdgame.com/job/index.html,是,true,A类·企业官方,2026-09-27,2026-09-27,公开招聘中,是,2026-09-27,职位名与城市『成都市』、职能类别原文取自企业官网社招页 https://www.lmdgame.com/job/index.html （200，服务端渲染列表，城市筛选项含成都）。该页未给出薪资、经验、学历、人数与职责原文，salary/experience/education/headcount/job_desc/requirement/welfare 一律记『页面未说明』，不作推测。职位详情页 site.lmdgame.com/adminops/plus/view.php 实测为空页或跳转 BOSS直聘，故 job_url 回填社招列表页（官方域名）。,
CD0217|成都乐曼多科技有限公司|客户端程序|成都市,CD0217,360,成都乐曼多科技有限公司,是,A,游戏,客户端程序,成都市,成都市,四川省,成都市,,成都市,confirmed,研发,社会招聘,页面未说明,页面未说明,页面未说明,页面未说明,页面未说明,页面未说明,页面未说明,页面未说明,页面未说明,listing_page,否,not_available,https://www.lmdgame.com/job/index.html,https://www.lmdgame.com/job/index.html,是,true,A类·企业官方,2026-09-27,2026-09-27,公开招聘中,是,2026-09-27,职位名与城市『成都市』、职能类别原文取自企业官网社招页 https://www.lmdgame.com/job/index.html （200，服务端渲染列表，城市筛选项含成都）。该页未给出薪资、经验、学历、人数与职责原文，salary/experience/education/headcount/job_desc/requirement/welfare 一律记『页面未说明』，不作推测。职位详情页 site.lmdgame.com/adminops/plus/view.php 实测为空页或跳转 BOSS直聘，故 job_url 回填社招列表页（官方域名）。,
CD0217|成都乐曼多科技有限公司|引擎工程师|成都市,CD0217,361,成都乐曼多科技有限公司,是,A,游戏,引擎工程师,成都市,成都市,四川省,成都市,,成都市,confirmed,研发,社会招聘,页面未说明,页面未说明,页面未说明,页面未说明,页面未说明,页面未说明,页面未说明,页面未说明,页面未说明,listing_page,否,not_available,https://www.lmdgame.com/job/index.html,https://www.lmdgame.com/job/index.html,是,true,A类·企业官方,2026-09-27,2026-09-27,公开招聘中,是,2026-09-27,职位名与城市『成都市』、职能类别原文取自企业官网社招页 https://www.lmdgame.com/job/index.html （200，服务端渲染列表，城市筛选项含成都）。该页未给出薪资、经验、学历、人数与职责原文，salary/experience/education/headcount/job_desc/requirement/welfare 一律记『页面未说明』，不作推测。职位详情页 site.lmdgame.com/adminops/plus/view.php 实测为空页或跳转 BOSS直聘，故 job_url 回填社招列表页（官方域名）。,
CD0217|成都乐曼多科技有限公司|服务器程序|成都市,CD0217,362,成都乐曼多科技有限公司,是,A,游戏,服务器程序,成都市,成都市,四川省,成都市,,成都市,confirmed,研发,社会招聘,页面未说明,页面未说明,页面未说明,页面未说明,页面未说明,页面未说明,页面未说明,页面未说明,页面未说明,listing_page,否,not_available,https://www.lmdgame.com/job/index.html,https://www.lmdgame.com/job/index.html,是,true,A类·企业官方,2026-09-27,2026-09-27,公开招聘中,是,2026-09-27,职位名与城市『成都市』、职能类别原文取自企业官网社招页 https://www.lmdgame.com/job/index.html （200，服务端渲染列表，城市筛选项含成都）。该页未给出薪资、经验、学历、人数与职责原文，salary/experience/education/headcount/job_desc/requirement/welfare 一律记『页面未说明』，不作推测。职位详情页 site.lmdgame.com/adminops/plus/view.php 实测为空页或跳转 BOSS直聘，故 job_url 回填社招列表页（官方域名）。,
CD0217|成都乐曼多科技有限公司|深度学习算法工程师|成都市,CD0217,363,成都乐曼多科技有限公司,是,A,游戏,深度学习算法工程师,成都市,成都市,四川省,成都市,,成都市,confirmed,研发,社会招聘,页面未说明,页面未说明,页面未说明,页面未说明,页面未说明,页面未说明,页面未说明,页面未说明,页面未说明,listing_page,否,not_available,https://www.lmdgame.com/job/index.html,https://www.lmdgame.com/job/index.html,是,true,A类·企业官方,2026-09-27,2026-09-27,公开招聘中,是,2026-09-27,职位名与城市『成都市』、职能类别原文取自企业官网社招页 https://www.lmdgame.com/job/index.html （200，服务端渲染列表，城市筛选项含成都）。该页未给出薪资、经验、学历、人数与职责原文，salary/experience/education/headcount/job_desc/requirement/welfare 一律记『页面未说明』，不作推测。职位详情页 site.lmdgame.com/adminops/plus/view.php 实测为空页或跳转 BOSS直聘，故 job_url 回填社招列表页（官方域名）。,
CD0217|成都乐曼多科技有限公司|角色原画|成都市,CD0217,364,成都乐曼多科技有限公司,是,A,游戏,角色原画,成都市,成都市,四川省,成都市,,成都市,confirmed,设计,社会招聘,页面未说明,页面未说明,页面未说明,页面未说明,页面未说明,页面未说明,页面未说明,页面未说明,页面未说明,listing_page,否,not_available,https://www.lmdgame.com/job/index.html,https://www.lmdgame.com/job/index.html,是,true,A类·企业官方,2026-09-27,2026-09-27,公开招聘中,是,2026-09-27,职位名与城市『成都市』、职能类别原文取自企业官网社招页 https://www.lmdgame.com/job/index.html （200，服务端渲染列表，城市筛选项含成都）。该页未给出薪资、经验、学历、人数与职责原文，salary/experience/education/headcount/job_desc/requirement/welfare 一律记『页面未说明』，不作推测。职位详情页 site.lmdgame.com/adminops/plus/view.php 实测为空页或跳转 BOSS直聘，故 job_url 回填社招列表页（官方域名）。,
CD0217|成都乐曼多科技有限公司|资深强化学习工程师|成都市,CD0217,365,成都乐曼多科技有限公司,是,A,游戏,资深强化学习工程师,成都市,成都市,四川省,成都市,,成都市,confirmed,研发,社会招聘,页面未说明,页面未说明,页面未说明,页面未说明,页面未说明,页面未说明,页面未说明,页面未说明,页面未说明,listing_page,否,not_available,https://www.lmdgame.com/job/index.html,https://www.lmdgame.com/job/index.html,是,true,A类·企业官方,2026-09-27,2026-09-27,公开招聘中,是,2026-09-27,职位名与城市『成都市』、职能类别原文取自企业官网社招页 https://www.lmdgame.com/job/index.html （200，服务端渲染列表，城市筛选项含成都）。该页未给出薪资、经验、学历、人数与职责原文，salary/experience/education/headcount/job_desc/requirement/welfare 一律记『页面未说明』，不作推测。职位详情页 site.lmdgame.com/adminops/plus/view.php 实测为空页或跳转 BOSS直聘，故 job_url 回填社招列表页（官方域名）。,
CD0218|成都九洲迪飞科技有限责任公司|销售经理岗|页面未说明（公司公告原文：坐落于成都市高新区天府软件园）,CD0218,366,成都九洲迪飞科技有限责任公司,是,A,通信与网络设备,销售经理岗,页面未说明,页面未说明,四川省,成都市,高新区,成都市,not_available,销售,社会招聘,2026-08-21,薪酬和福利按照成都九洲迪飞科技有限责任公司有关规定执行,具有同岗相关工作2年以上经历优先,大专及以上（理学、工学专业，电子、通信、自动化等相关专业）,1,1,1.根据公司整体销售计划，制定所负责目标市场区块的销售计划，针对不同的客户群体制定相应的销售策略并组织实施；3.代表公司与客户进行合同洽谈、签订，并参与合同相关评审和控制工作（岗位描述第1、3条摘要）,1.遵纪守法、品行端正，具备良好沟通协调能力；4.应聘年龄应在45周岁及以下；5.技能要求：具有微波射频专业基础知识，熟悉公司产品线及市场同类竞争产品状况（资格条件摘要）,页面未说明,listing_page,否,not_available,https://www.jezetek.cc/jzgw/content/xxgk_new/detail?contentId=4838608,https://www.jezetek.cc/jzgw/content/xxgk_new/detail?contentId=4838608,是,true,A类·企业官方,2026-09-27,2026-09-27,公开招聘中,是,2026-09-27,报名时间原文：2026-08-21开始，招满即止。招聘单位选择『九洲迪飞』投递。；公司公告原文：坐落于成都市高新区天府软件园,
CD0224|成都传媒集团|全媒体采编人员|成都（公告未写明具体办公地址）,CD0224,367,成都传媒集团,是,A,文化传媒与影视,全媒体采编人员,成都（公告未写明具体办公地址）,成都（公告未写明具体办公地址）,四川省,成都市,,成都市,inferred,职能,社会招聘,2026-03-16,年度薪酬水平12-20万元,页面未明确工作年限（要求熟悉媒体工作流程、具备新闻宣传与活动策划组织执行能力）,大学本科及以上学历；新闻学、汉语言文学、法律、经济、艺术、信息、金融、摄影摄像等相关专业优先,5人,5人,负责图文及视频新闻的策划采写、拍摄剪辑与编发；结合社会热点产出全媒体原创内容；参与新媒体账号内容制作与运营，协助宣传推广项目创意策划与落地执行。,政治立场坚定、热爱新闻事业；本科及以上（相关专业优先）；文字功底扎实、新闻敏感度高；熟练使用视频拍摄设备与编辑软件；能将AI等创新技术用于新闻生产。,页面未说明,direct_detail,是,high,https://www.cmgchengdu.com/jobs_content.php?cid=44&id=6457,https://www.cmgchengdu.com/jobs.php?cid=44,是,true,A类·企业官方,2026-09-27,2026-09-27,公开招聘中,是,2026-09-27,公告页 https://www.cmgchengdu.com/jobs_content.php?cid=44&id=6457 实测200（3042字节正文，发布时间2026-03-16），报名2026年3月16日至3月24日，报名邮箱1069047133@qq.com，招聘专岗拟聘后指派到集团下属公司。,
CD0224|成都传媒集团|集团办公室保障专员|成都（公告未写明具体办公地址）,CD0224,368,成都传媒集团,是,A,文化传媒与影视,集团办公室保障专员,成都（公告未写明具体办公地址）,成都（公告未写明具体办公地址）,四川省,成都市,,成都市,inferred,职能,社会招聘,2026-04-28,页面未说明,5年驾龄,大学专科及以上,1名,1名,页面未说明,大学专科及以上；须具备5年驾龄（以公告原文为准）；政治素质与职业素养符合要求。,页面未说明,direct_detail,是,high,https://www.cmgchengdu.com/jobs_content.php?cid=44&id=6880,https://www.cmgchengdu.com/jobs.php?cid=44,是,true,A类·企业官方,2026-09-27,2026-09-27,页面存在但状态不明确,待人工复核,2026-09-27,详情页 https://www.cmgchengdu.com/jobs_content.php?cid=44&id=6880 实测200（12481字节），发布时间2026-04-28，招聘1名。；2026-09-28 复测：页面可访问但列表未含该职位名，状态仍不明确,
CD0225|成都信息工程大学|专业技术岗|成都（公告未写明具体校区地址）,CD0225,369,成都信息工程大学,是,A,教育,专业技术岗,成都（公告未写明具体校区地址）,成都（公告未写明具体校区地址）,四川省,成都市,,成都市,confirmed,职能,社会招聘,页面未说明,页面未说明,页面未说明,页面未说明,页面未说明,页面未说明,页面未说明,页面未说明,页面未说明,direct_detail,是,high,https://rsc.cuit.edu.cn/info/1006/2221.htm,https://rsc.cuit.edu.cn/rczp.htm,是,true,A类·企业官方,2026-09-27,2026-09-27,公开招聘中,是,2026-09-27,公告题目为《成都信息工程大学2025年考核招聘专业技术岗公告》（/info/1006/2221.htm 实测200，2976字节），正文未在页面列出岗位条件与人数，故相关字段均留“页面未说明”。,
CD0225|成都信息工程大学|合同制（人事代理）工作人员|成都（公告未写明具体校区地址）,CD0225,370,成都信息工程大学,是,A,教育,合同制（人事代理）工作人员,成都（公告未写明具体校区地址）,成都（公告未写明具体校区地址）,四川省,成都市,,成都市,confirmed,职能,社会招聘,页面未说明,页面未说明,页面未说明,页面未说明,页面未说明,页面未说明,页面未说明,页面未说明,页面未说明,direct_detail,是,high,https://rsc.cuit.edu.cn/info/1006/1605.htm,https://rsc.cuit.edu.cn/rczp.htm,是,true,A类·企业官方,2026-09-27,2026-09-27,公开招聘中,是,2026-09-27,公告题目为《成都信息工程大学2023年8月公开招聘合同制（人事代理）工作人员公告》（https://rsc.cuit.edu.cn/info/1006/1605.htm 实测200，8489字节），正文未在页面列出岗位条件与人数，故字段留“页面未说明”。,
CD0225|成都信息工程大学|教学科研岗位人员|成都（公告未写明具体校区地址）,CD0225,371,成都信息工程大学,是,A,教育,教学科研岗位人员,成都（公告未写明具体校区地址）,成都（公告未写明具体校区地址）,四川省,成都市,,成都市,confirmed,研发,社会招聘,2026-01-19,页面未说明,面向博士、副高级及以上职称人员或体育类全日制硕士研究生，公告未设工作年限门槛,2027年07月31日前获得博士研究生学历并取得博士学位；或具有副高级及以上专业技术职务；或体育类全日制硕士研究生,83名,83名,承担教学与科研工作的专业技术岗位（从事教学科研工作，具体岗位见附件《成都信息工程大学2026年教学科研岗位招聘计划一览表》）。,热爱祖国、遵纪守法、品行端正；身体与教师资格体检合格；符合一览表所列岗位条件；非事业编制劳动合同制（人事代理）人员。,参照学校同类同级事业编制人员执行（公告原文）,direct_detail,是,high,https://rsc.cuit.edu.cn/info/1006/2292.htm,https://rsc.cuit.edu.cn/rczp.htm,是,true,A类·企业官方,2026-09-27,2026-09-27,公开招聘中,是,2026-09-27,公告页实测200（25484字节，发布时间2026-01-19），本次公告有效期至2026年12月31日；报名邮箱rsc@cuit.edu.cn。岗位清单见附件，job_desc 为公告概括。；页面上另标注公司地址：公告：薪酬待遇、福利保障参照同类同级事业编制人员执行,
CD0227|成都光华科技发展有限公司|人力资源专员|四川省成都市新都区,CD0227,372,成都光华科技发展有限公司,是,A,智能制造与装备,人力资源专员,四川省成都市新都区,四川省成都市新都区,四川省,成都市,新都区,成都市,confirmed,职能,社会招聘,页面未说明,页面未说明（原文仅写「面议」，未标注具体薪资区间）,不限,页面未说明,页面未说明,页面未说明,官网职位列表仅给出职位名称、薪资待遇（面议）、年龄要求（不限）与工作经验（不限），详情页未展开职责。,页面未说明,页面未说明,direct_detail,是,high,https://guanghuagroup.net/?job/89.html,https://guanghuagroup.net/?job/,是,true,A类·企业官方,2026-09-27,2026-09-28,公开招聘中,待人工复核,2026-09-28,2026-09-28 复测页面命中职位名与招聘关键词，确认在招,
CD0227|成都光华科技发展有限公司|售后工程师|四川省成都市新都区,CD0227,373,成都光华科技发展有限公司,是,A,智能制造与装备,售后工程师,四川省成都市新都区,四川省成都市新都区,四川省,成都市,新都区,成都市,confirmed,售后,社会招聘,页面未说明,页面未说明（原文仅写「面议」，未标注具体薪资区间）,1-3年,页面未说明,页面未说明,页面未说明,官网职位列表仅给出职位名称、薪资待遇（面议）、年龄要求（1-3年）与工作地点（四川省成都市新都区），详情页未展开职责。,页面未说明,页面未说明,direct_detail,是,high,https://guanghuagroup.net/?job/90.html,https://guanghuagroup.net/?job/,是,true,A类·企业官方,2026-09-27,2026-09-28,公开招聘中,待人工复核,2026-09-28,2026-09-28 复测页面命中职位名与招聘关键词，确认在招,
CD0227|成都光华科技发展有限公司|商务报价|四川省成都市新都区,CD0227,374,成都光华科技发展有限公司,是,A,智能制造与装备,商务报价,四川省成都市新都区,四川省成都市新都区,四川省,成都市,新都区,成都市,confirmed,职能,社会招聘,页面未说明,页面未说明（原文仅写「面议」，未标注具体薪资区间）,1-3年,大专,2,2,负责报价项目资料消化理解与答疑；核实元器件价格并制作报价品牌表；负责项目成本核算；制作报价书；配合合同评审与投标资料提供。,大专及以上学历，电气专业优先；具备电气专业基础知识，熟悉成套电气产品与常用元器件；同等报价岗位3年以上工作经历优先。,页面未说明,direct_detail,是,high,https://guanghuagroup.net/?job/83.html,https://guanghuagroup.net/?job/,是,true,A类·企业官方,2026-09-27,2026-09-28,公开招聘中,待人工复核,2026-09-28,2026-09-28 复测页面命中职位名与招聘关键词，确认在招,
CD0227|成都光华科技发展有限公司|工艺工程师|四川省成都市新都区,CD0227,375,成都光华科技发展有限公司,是,A,智能制造与装备,工艺工程师,四川省成都市新都区,四川省成都市新都区,四川省,成都市,新都区,成都市,confirmed,生产,社会招聘,页面未说明,页面未说明（原文仅写「面议」，未标注具体薪资区间）,3-5年,大专,3,3,新项目电气装配图纸与BOM审核；产品电气工艺流程设定及工艺文件编写；电气配线标准制定与过程失效模式分析；制定工时与材料定额；负责工装设计改进与现场异常分析处理。,大专及以上学历，机械电子工程、电气工程、自动控制工程等相关专业；精通电子电路、电气原理、仪器仪表；熟悉工艺相关标准与制作流程；熟练掌握CAD绘图；具有相关工作经验3年以上。,页面未说明,direct_detail,是,high,https://guanghuagroup.net/?job/88.html,https://guanghuagroup.net/?job/,是,true,A类·企业官方,2026-09-27,2026-09-28,公开招聘中,待人工复核,2026-09-28,2026-09-28 复测页面命中职位名与招聘关键词，确认在招,
CD0227|成都光华科技发展有限公司|海外销售|四川省成都市新都区,CD0227,376,成都光华科技发展有限公司,是,A,智能制造与装备,海外销售,四川省成都市新都区,四川省成都市新都区,四川省,成都市,新都区,成都市,confirmed,销售,社会招聘,页面未说明,页面未说明（原文仅写「面议」，未标注具体薪资区间）,1-3年,本科,3,3,负责海外市场的推广，为海外客户提供服务并取得订单；通过海内外展会及网络平台收集海外客户资料并开发跟踪；负责海外订单跟踪至销售、货款回收；不定期收集客户与行业信息反馈公司。,熟悉锂电池应用场景，熟悉所在区域核心市场和客户分布，有光伏、储能、成套电气、电力系统行业经验；英语精通，同时会第二门外语；爱岗敬业，适应出差。,页面未说明,direct_detail,是,high,https://guanghuagroup.net/?job/82.html,https://guanghuagroup.net/?job/,是,true,A类·企业官方,2026-09-27,2026-09-27,公开招聘中,是,2026-09-27,,
CD0227|成都光华科技发展有限公司|电气工程师|四川省成都市新都区,CD0227,377,成都光华科技发展有限公司,是,A,智能制造与装备,电气工程师,四川省成都市新都区,四川省成都市新都区,四川省,成都市,新都区,成都市,confirmed,研发,社会招聘,页面未说明,页面未说明（原文仅写「面议」，未标注具体薪资区间）,3-5年,本科,2,2,负责电池模组和系统的电气集成设计、电气件选型、电气原理图设计；编写各零部件技术性能参数与规范；负责逆变器与BMS通讯、连接及高低压配线系统设计；负责储能电池系统现场设计、安装与调试。,电气工程及自动化、电力电子等相关专业，3年以上工作经验；熟悉电池模组或Pack电气特性及性能参数；熟悉电气件选型与开发；具有产品设计经验和良好团队协作能力。,页面未说明,direct_detail,是,high,https://guanghuagroup.net/?job/87.html,https://guanghuagroup.net/?job/,是,true,A类·企业官方,2026-09-27,2026-09-28,公开招聘中,待人工复核,2026-09-28,2026-09-28 复测页面命中职位名与招聘关键词，确认在招,
CD0227|成都光华科技发展有限公司|硬件工程师|四川省成都市新都区,CD0227,378,成都光华科技发展有限公司,是,A,智能制造与装备,硬件工程师,四川省成都市新都区,四川省成都市新都区,四川省,成都市,新都区,成都市,confirmed,研发,社会招聘,页面未说明,页面未说明（原文仅写「面议」，未标注具体薪资区间）,不限（要求2年以上硬件开发经验）,不限（有电力电子研发经验者可适当降低文凭标准）,2,2,新产品设计开发调试；对现有产品根据需求进行设计升级改进。,有DSP、FPGA、ARM等CPU主板及开关电源等硬件设计经验；2年以上硬件开发经验，熟练使用PADS、Altium Designer、CAM350；负责硬件原理图及PCB设计、Bom制作、样机调试与测试。,页面未说明,direct_detail,是,high,https://guanghuagroup.net/?job/84.html,https://guanghuagroup.net/?job/,是,true,A类·企业官方,2026-09-27,2026-09-28,公开招聘中,待人工复核,2026-09-28,2026-09-28 复测页面命中职位名与招聘关键词，确认在招,
CD0227|成都光华科技发展有限公司|结构工程师|四川省成都市新都区,CD0227,379,成都光华科技发展有限公司,是,A,智能制造与装备,结构工程师,四川省成都市新都区,四川省成都市新都区,四川省,成都市,新都区,成都市,confirmed,研发,社会招聘,页面未说明,页面未说明（原文仅写「面议」，未标注具体薪资区间）,不限,本科,2,2,电池组产品开发前期技术对接及产品方案审核；电池组产品结构设计、线束设计、材料选型；产品FEMA、BOM、规格书等文档制作并推进开发项目；协助完成电池组样品装配、性能测试与资料归档。,具有高低压柜结构设计经验，熟悉钣金结构生产工艺，了解相关产品国标；熟练solidworks、CAD；具有丰富产品设计经验和良好团队协调能力；本科及以上，机械自动化、电气等理工类相关专业。,页面未说明,direct_detail,是,high,https://guanghuagroup.net/?job/86.html,https://guanghuagroup.net/?job/,是,true,A类·企业官方,2026-09-27,2026-09-28,公开招聘中,待人工复核,2026-09-28,2026-09-28 复测页面命中职位名与招聘关键词，确认在招,
CD0227|成都光华科技发展有限公司|软件工程师|四川省成都市新都区,CD0227,380,成都光华科技发展有限公司,是,A,智能制造与装备,软件工程师,四川省成都市新都区,四川省成都市新都区,四川省,成都市,新都区,成都市,confirmed,研发,社会招聘,页面未说明,页面未说明（原文仅写「面议」，未标注具体薪资区间）,不限,本科,1,1,按软件开发流程完成软件模块代码编程、调试和验证并归档技术文件；软件算法仿真与验证；配合软硬件联调；维护与升级软件并形成软件设计说明书。,电气自动化、电力电子相关专业本科及以上；有风电变流器、SVG、APF、PCS等电力电子产品控制软件开发经验优先；熟悉AC/DC、DC/AC、DC/DC拓扑原理；熟练Matlab/Psim仿真，熟练C++、Verilog、VHDL。,页面未说明,direct_detail,是,high,https://guanghuagroup.net/?job/85.html,https://guanghuagroup.net/?job/,是,true,A类·企业官方,2026-09-27,2026-09-28,公开招聘中,待人工复核,2026-09-28,2026-09-28 复测页面命中职位名与招聘关键词，确认在招,
CD0230|成都华西海圻医药科技有限公司|Java 开发工程师|成都·天府国际生物城·菁园路288号（生物城机构）；成都·高朋大道28号（高新机构）,CD0230,381,成都华西海圻医药科技有限公司,是,A,生物医药,Java 开发工程师,成都·天府国际生物城·菁园路288号（生物城机构）；成都·高朋大道28号（高新机构）,成都·天府国际生物城·菁园路288号（生物城机构）；成都·高朋大道28号（高新机构）,四川省,成都市,天府新区,成都市,inferred,研发,社会招聘,页面未说明,页面未说明,页面未说明,页面未说明,页面未说明,页面未说明,页面未说明,页面未说明,页面未说明,listing_page,否,not_available,,https://www.glpcd.com/job,是,true,A类·企业官方,2026-09-27,2026-09-27,公开招聘中,是,2026-09-27,职位取自官网人才招聘页静态列表；官网无独立职位详情页，job_url 留空。工作地原文照抄官网分类别标注（生物城=天府国际生物城菁园路288号，高新=高朋大道28号）。；该职位仅有列表页来源，无独立详情页,
CD0230|成都华西海圻医药科技有限公司|QA-生物城|成都·天府国际生物城·菁园路288号（生物城机构）,CD0230,382,成都华西海圻医药科技有限公司,是,A,生物医药,QA-生物城,成都·天府国际生物城·菁园路288号（生物城机构）,成都·天府国际生物城·菁园路288号（生物城机构）,四川省,成都市,天府新区,成都市,inferred,职能,社会招聘,页面未说明,页面未说明,页面未说明,页面未说明,页面未说明,页面未说明,页面未说明,页面未说明,页面未说明,listing_page,否,not_available,,https://www.glpcd.com/job,是,true,A类·企业官方,2026-09-27,2026-09-27,公开招聘中,是,2026-09-27,职位取自官网人才招聘页静态列表；官网无独立职位详情页，job_url 留空。工作地原文照抄官网分类别标注（生物城=天府国际生物城菁园路288号，高新=高朋大道28号）。；该职位仅有列表页来源，无独立详情页,
CD0230|成都华西海圻医药科技有限公司|兽医-生物城|成都·天府国际生物城·菁园路288号（生物城机构）,CD0230,383,成都华西海圻医药科技有限公司,是,A,生物医药,兽医-生物城,成都·天府国际生物城·菁园路288号（生物城机构）,成都·天府国际生物城·菁园路288号（生物城机构）,四川省,成都市,天府新区,成都市,inferred,研发,社会招聘,页面未说明,页面未说明,页面未说明,本科,页面未说明,页面未说明,页面未说明,页面未说明,页面未说明,listing_page,否,not_available,,https://www.glpcd.com/job,是,true,A类·企业官方,2026-09-27,2026-09-27,公开招聘中,是,2026-09-27,职位取自官网人才招聘页静态列表；官网无独立职位详情页，job_url 留空。工作地原文照抄官网分类别标注（生物城=天府国际生物城菁园路288号，高新=高朋大道28号）。；该职位仅有列表页来源，无独立详情页,
CD0230|成都华西海圻医药科技有限公司|兽医-高新|成都·高朋大道28号（高新机构）,CD0230,384,成都华西海圻医药科技有限公司,是,A,生物医药,兽医-高新,成都·高朋大道28号（高新机构）,成都·高朋大道28号（高新机构）,四川省,成都市,天府新区,成都市,inferred,研发,社会招聘,页面未说明,页面未说明,页面未说明,本科,页面未说明,页面未说明,页面未说明,页面未说明,页面未说明,listing_page,否,not_available,,https://www.glpcd.com/job,是,true,A类·企业官方,2026-09-27,2026-09-27,公开招聘中,是,2026-09-27,职位取自官网人才招聘页静态列表；官网无独立职位详情页，job_url 留空。工作地原文照抄官网分类别标注（生物城=天府国际生物城菁园路288号，高新=高朋大道28号）。；该职位仅有列表页来源，无独立详情页,
CD0230|成都华西海圻医药科技有限公司|制剂分析员-高新|成都·高朋大道28号（高新机构）,CD0230,385,成都华西海圻医药科技有限公司,是,A,生物医药,制剂分析员-高新,成都·高朋大道28号（高新机构）,成都·高朋大道28号（高新机构）,四川省,成都市,天府新区,成都市,inferred,研发,社会招聘,页面未说明,页面未说明,页面未说明,硕士,页面未说明,页面未说明,页面未说明,页面未说明,页面未说明,listing_page,否,not_available,,https://www.glpcd.com/job,是,true,A类·企业官方,2026-09-27,2026-09-27,公开招聘中,是,2026-09-27,职位取自官网人才招聘页静态列表；官网无独立职位详情页，job_url 留空。工作地原文照抄官网分类别标注（生物城=天府国际生物城菁园路288号，高新=高朋大道28号）。；该职位仅有列表页来源，无独立详情页,
CD0230|成都华西海圻医药科技有限公司|制剂技术员-生物城|成都·天府国际生物城·菁园路288号（生物城机构）,CD0230,386,成都华西海圻医药科技有限公司,是,A,生物医药,制剂技术员-生物城,成都·天府国际生物城·菁园路288号（生物城机构）,成都·天府国际生物城·菁园路288号（生物城机构）,四川省,成都市,天府新区,成都市,inferred,研发,社会招聘,页面未说明,页面未说明,页面未说明,本科,页面未说明,页面未说明,页面未说明,页面未说明,页面未说明,listing_page,否,not_available,,https://www.glpcd.com/job,是,true,A类·企业官方,2026-09-27,2026-09-27,公开招聘中,是,2026-09-27,职位取自官网人才招聘页静态列表；官网无独立职位详情页，job_url 留空。工作地原文照抄官网分类别标注（生物城=天府国际生物城菁园路288号，高新=高朋大道28号）。；该职位仅有列表页来源，无独立详情页,
CD0230|成都华西海圻医药科技有限公司|实验动物技术员-生物城|成都·天府国际生物城·菁园路288号（生物城机构）,CD0230,387,成都华西海圻医药科技有限公司,是,A,生物医药,实验动物技术员-生物城,成都·天府国际生物城·菁园路288号（生物城机构）,成都·天府国际生物城·菁园路288号（生物城机构）,四川省,成都市,天府新区,成都市,inferred,研发,社会招聘,页面未说明,页面未说明,页面未说明,本科,页面未说明,页面未说明,页面未说明,页面未说明,页面未说明,listing_page,否,not_available,,https://www.glpcd.com/job,是,true,A类·企业官方,2026-09-27,2026-09-27,公开招聘中,是,2026-09-27,职位取自官网人才招聘页静态列表；官网无独立职位详情页，job_url 留空。工作地原文照抄官网分类别标注（生物城=天府国际生物城菁园路288号，高新=高朋大道28号）。；该职位仅有列表页来源，无独立详情页,
CD0230|成都华西海圻医药科技有限公司|实验动物管理部设备管理员|成都·天府国际生物城·菁园路288号（生物城机构）,CD0230,388,成都华西海圻医药科技有限公司,是,A,生物医药,实验动物管理部设备管理员,成都·天府国际生物城·菁园路288号（生物城机构）,成都·天府国际生物城·菁园路288号（生物城机构）,四川省,成都市,天府新区,成都市,inferred,职能,社会招聘,页面未说明,页面未说明,页面未说明,本科,页面未说明,页面未说明,页面未说明,页面未说明,页面未说明,listing_page,否,not_available,,https://www.glpcd.com/job,是,true,A类·企业官方,2026-09-27,2026-09-27,公开招聘中,是,2026-09-27,职位取自官网人才招聘页静态列表；官网无独立职位详情页，job_url 留空。工作地原文照抄官网分类别标注（生物城=天府国际生物城菁园路288号，高新=高朋大道28号）。；该职位仅有列表页来源，无独立详情页,
CD0230|成都华西海圻医药科技有限公司|应用系统管理员（高新）|成都·高朋大道28号（高新机构）,CD0230,389,成都华西海圻医药科技有限公司,是,A,生物医药,应用系统管理员（高新）,成都·高朋大道28号（高新机构）,成都·高朋大道28号（高新机构）,四川省,成都市,天府新区,成都市,inferred,职能,社会招聘,页面未说明,页面未说明,页面未说明,页面未说明,页面未说明,页面未说明,页面未说明,页面未说明,页面未说明,listing_page,否,not_available,,https://www.glpcd.com/job,是,true,A类·企业官方,2026-09-27,2026-09-27,公开招聘中,是,2026-09-27,职位取自官网人才招聘页静态列表；官网无独立职位详情页，job_url 留空。工作地原文照抄官网分类别标注（生物城=天府国际生物城菁园路288号，高新=高朋大道28号）。；该职位仅有列表页来源，无独立详情页,
CD0230|成都华西海圻医药科技有限公司|毒理研究员-生物城|成都·天府国际生物城·菁园路288号（生物城机构）,CD0230,390,成都华西海圻医药科技有限公司,是,A,生物医药,毒理研究员-生物城,成都·天府国际生物城·菁园路288号（生物城机构）,成都·天府国际生物城·菁园路288号（生物城机构）,四川省,成都市,天府新区,成都市,inferred,研发,社会招聘,页面未说明,页面未说明,页面未说明,硕士,页面未说明,页面未说明,页面未说明,页面未说明,页面未说明,listing_page,否,not_available,,https://www.glpcd.com/job,是,true,A类·企业官方,2026-09-27,2026-09-27,公开招聘中,是,2026-09-27,职位取自官网人才招聘页静态列表；官网无独立职位详情页，job_url 留空。工作地原文照抄官网分类别标注（生物城=天府国际生物城菁园路288号，高新=高朋大道28号）。；该职位仅有列表页来源，无独立详情页,
CD0230|成都华西海圻医药科技有限公司|生物分析技术员（生物药方向）|成都·天府国际生物城·菁园路288号（生物城机构）,CD0230,391,成都华西海圻医药科技有限公司,是,A,生物医药,生物分析技术员（生物药方向）,成都·天府国际生物城·菁园路288号（生物城机构）,成都·天府国际生物城·菁园路288号（生物城机构）,四川省,成都市,天府新区,成都市,inferred,研发,社会招聘,页面未说明,页面未说明,页面未说明,本科,页面未说明,页面未说明,页面未说明,页面未说明,页面未说明,listing_page,否,not_available,,https://www.glpcd.com/job,是,true,A类·企业官方,2026-09-27,2026-09-27,公开招聘中,是,2026-09-27,职位取自官网人才招聘页静态列表；官网无独立职位详情页，job_url 留空。工作地原文照抄官网分类别标注（生物城=天府国际生物城菁园路288号，高新=高朋大道28号）。；该职位仅有列表页来源，无独立详情页,
CD0230|成都华西海圻医药科技有限公司|生物分析技术员（色谱方向）|成都·天府国际生物城·菁园路288号（生物城机构）,CD0230,392,成都华西海圻医药科技有限公司,是,A,生物医药,生物分析技术员（色谱方向）,成都·天府国际生物城·菁园路288号（生物城机构）,成都·天府国际生物城·菁园路288号（生物城机构）,四川省,成都市,天府新区,成都市,inferred,研发,社会招聘,页面未说明,页面未说明,页面未说明,本科,页面未说明,页面未说明,页面未说明,页面未说明,页面未说明,listing_page,否,not_available,,https://www.glpcd.com/job,是,true,A类·企业官方,2026-09-27,2026-09-27,公开招聘中,是,2026-09-27,职位取自官网人才招聘页静态列表；官网无独立职位详情页，job_url 留空。工作地原文照抄官网分类别标注（生物城=天府国际生物城菁园路288号，高新=高朋大道28号）。；该职位仅有列表页来源，无独立详情页,
CD0230|成都华西海圻医药科技有限公司|生物分析研究员-生物城|成都·天府国际生物城·菁园路288号（生物城机构）,CD0230,393,成都华西海圻医药科技有限公司,是,A,生物医药,生物分析研究员-生物城,成都·天府国际生物城·菁园路288号（生物城机构）,成都·天府国际生物城·菁园路288号（生物城机构）,四川省,成都市,天府新区,成都市,inferred,研发,社会招聘,页面未说明,页面未说明,页面未说明,硕士,页面未说明,页面未说明,页面未说明,页面未说明,页面未说明,listing_page,否,not_available,,https://www.glpcd.com/job,是,true,A类·企业官方,2026-09-27,2026-09-27,公开招聘中,是,2026-09-27,职位取自官网人才招聘页静态列表；官网无独立职位详情页，job_url 留空。工作地原文照抄官网分类别标注（生物城=天府国际生物城菁园路288号，高新=高朋大道28号）。；该职位仅有列表页来源，无独立详情页,
CD0230|成都华西海圻医药科技有限公司|病理技术员-生物城|成都·天府国际生物城·菁园路288号（生物城机构）,CD0230,394,成都华西海圻医药科技有限公司,是,A,生物医药,病理技术员-生物城,成都·天府国际生物城·菁园路288号（生物城机构）,成都·天府国际生物城·菁园路288号（生物城机构）,四川省,成都市,天府新区,成都市,inferred,研发,社会招聘,页面未说明,页面未说明,页面未说明,本科,页面未说明,页面未说明,页面未说明,页面未说明,页面未说明,listing_page,否,not_available,,https://www.glpcd.com/job,是,true,A类·企业官方,2026-09-27,2026-09-27,公开招聘中,是,2026-09-27,职位取自官网人才招聘页静态列表；官网无独立职位详情页，job_url 留空。工作地原文照抄官网分类别标注（生物城=天府国际生物城菁园路288号，高新=高朋大道28号）。；该职位仅有列表页来源，无独立详情页,
CD0230|成都华西海圻医药科技有限公司|病理诊断师-生物城|成都·天府国际生物城·菁园路288号（生物城机构）,CD0230,395,成都华西海圻医药科技有限公司,是,A,生物医药,病理诊断师-生物城,成都·天府国际生物城·菁园路288号（生物城机构）,成都·天府国际生物城·菁园路288号（生物城机构）,四川省,成都市,天府新区,成都市,inferred,研发,社会招聘,页面未说明,页面未说明,页面未说明,硕士,页面未说明,页面未说明,页面未说明,页面未说明,页面未说明,listing_page,否,not_available,,https://www.glpcd.com/job,是,true,A类·企业官方,2026-09-27,2026-09-27,公开招聘中,是,2026-09-27,职位取自官网人才招聘页静态列表；官网无独立职位详情页，job_url 留空。工作地原文照抄官网分类别标注（生物城=天府国际生物城菁园路288号，高新=高朋大道28号）。；该职位仅有列表页来源，无独立详情页,
CD0230|成都华西海圻医药科技有限公司|监控值班员|成都·天府国际生物城·菁园路288号（生物城机构）,CD0230,396,成都华西海圻医药科技有限公司,是,A,生物医药,监控值班员,成都·天府国际生物城·菁园路288号（生物城机构）,成都·天府国际生物城·菁园路288号（生物城机构）,四川省,成都市,天府新区,成都市,inferred,职能,社会招聘,页面未说明,页面未说明,页面未说明,页面未说明,页面未说明,页面未说明,页面未说明,页面未说明,页面未说明,listing_page,否,not_available,,https://www.glpcd.com/job,是,true,A类·企业官方,2026-09-27,2026-09-27,公开招聘中,是,2026-09-27,职位取自官网人才招聘页静态列表；官网无独立职位详情页，job_url 留空。工作地原文照抄官网分类别标注（生物城=天府国际生物城菁园路288号，高新=高朋大道28号）。；该职位仅有列表页来源，无独立详情页,
CD0230|成都华西海圻医药科技有限公司|解剖室管理员-生物城|成都·天府国际生物城·菁园路288号（生物城机构）,CD0230,397,成都华西海圻医药科技有限公司,是,A,生物医药,解剖室管理员-生物城,成都·天府国际生物城·菁园路288号（生物城机构）,成都·天府国际生物城·菁园路288号（生物城机构）,四川省,成都市,天府新区,成都市,inferred,职能,社会招聘,页面未说明,页面未说明,页面未说明,本科,页面未说明,页面未说明,页面未说明,页面未说明,页面未说明,listing_page,否,not_available,,https://www.glpcd.com/job,是,true,A类·企业官方,2026-09-27,2026-09-27,公开招聘中,是,2026-09-27,职位取自官网人才招聘页静态列表；官网无独立职位详情页，job_url 留空。工作地原文照抄官网分类别标注（生物城=天府国际生物城菁园路288号，高新=高朋大道28号）。；该职位仅有列表页来源，无独立详情页,
CD0230|成都华西海圻医药科技有限公司|采购专员|成都·天府国际生物城·菁园路288号（生物城机构）,CD0230,398,成都华西海圻医药科技有限公司,是,A,生物医药,采购专员,成都·天府国际生物城·菁园路288号（生物城机构）,成都·天府国际生物城·菁园路288号（生物城机构）,四川省,成都市,天府新区,成都市,inferred,职能,社会招聘,页面未说明,页面未说明,页面未说明,页面未说明,页面未说明,页面未说明,页面未说明,页面未说明,页面未说明,listing_page,否,not_available,,https://www.glpcd.com/job,是,true,A类·企业官方,2026-09-27,2026-09-27,公开招聘中,是,2026-09-27,职位取自官网人才招聘页静态列表；官网无独立职位详情页，job_url 留空。工作地原文照抄官网分类别标注（生物城=天府国际生物城菁园路288号，高新=高朋大道28号）。；该职位仅有列表页来源，无独立详情页,
CD0230|成都华西海圻医药科技有限公司|项目助理|成都·天府国际生物城·菁园路288号（生物城机构）；成都·高朋大道28号（高新机构）,CD0230,399,成都华西海圻医药科技有限公司,是,A,生物医药,项目助理,成都·天府国际生物城·菁园路288号（生物城机构）；成都·高朋大道28号（高新机构）,成都·天府国际生物城·菁园路288号（生物城机构）；成都·高朋大道28号（高新机构）,四川省,成都市,天府新区,成都市,inferred,职能,社会招聘,页面未说明,页面未说明,页面未说明,本科,页面未说明,页面未说明,页面未说明,页面未说明,页面未说明,listing_page,否,not_available,,https://www.glpcd.com/job,是,true,A类·企业官方,2026-09-27,2026-09-27,公开招聘中,是,2026-09-27,职位取自官网人才招聘页静态列表；官网无独立职位详情页，job_url 留空。工作地原文照抄官网分类别标注（生物城=天府国际生物城菁园路288号，高新=高朋大道28号）。；该职位仅有列表页来源，无独立详情页,
CD0230|成都华西海圻医药科技有限公司|饲养主管-生物城|成都·天府国际生物城·菁园路288号（生物城机构）,CD0230,400,成都华西海圻医药科技有限公司,是,A,生物医药,饲养主管-生物城,成都·天府国际生物城·菁园路288号（生物城机构）,成都·天府国际生物城·菁园路288号（生物城机构）,四川省,成都市,天府新区,成都市,inferred,职能,社会招聘,页面未说明,页面未说明,页面未说明,本科,页面未说明,页面未说明,页面未说明,页面未说明,页面未说明,listing_page,否,not_available,,https://www.glpcd.com/job,是,true,A类·企业官方,2026-09-27,2026-09-27,公开招聘中,是,2026-09-27,职位取自官网人才招聘页静态列表；官网无独立职位详情页，job_url 留空。工作地原文照抄官网分类别标注（生物城=天府国际生物城菁园路288号，高新=高朋大道28号）。；该职位仅有列表页来源，无独立详情页,
CD0231|成都华远电器设备有限公司|智能化应用工程师|成都双流,CD0231,401,成都华远电器设备有限公司,是,A,智能制造与装备,智能化应用工程师,成都双流,成都双流,四川省,成都市,双流区,成都市,inferred,研发,社会招聘,2026-08-28,页面未说明,三年及以上相关工作经验,本科、研究生（机械制造、机械设计、机器人等相关专业）,1人,1人,根据客户要求进行技术交流和方案确定，完成设备方案制作；负责设备、工装设计，能进行机器人集成、程序调试、优化节拍及接线、维护保养。,熟悉机械机构设计、机械传动、气动元器件原理并正确选型；熟悉零部件加工工艺与表面处理；主导或参与过机器人焊接设备项目。,五险一金（含商业意外险）；餐费补贴、交通补贴、职业资格补贴、升学补贴、工会补贴；周末双休/法定节假日/年假/婚假/产假/考试假；员工宿舍、健身房、篮球场、员工旅游、节日福利。,listing_page,否,not_available,,https://hwayuan.com/interna.aspx?category_id=50,是,true,A类·企业官方,2026-09-27,2026-09-27,公开招聘中,是,2026-09-27,职位以页内折叠展示，无独立详情页URL。；该职位仅有列表页来源，无独立详情页,
CD0231|成都华远电器设备有限公司|机械设计工程师|成都双流,CD0231,402,成都华远电器设备有限公司,是,A,智能制造与装备,机械设计工程师,成都双流,成都双流,四川省,成都市,双流区,成都市,inferred,研发,社会招聘,2026-08-28,页面未说明,三年以上机械设计经验,本科及以上（机械或机电类专业）,1人,1人,参与机械系统整体设计，负责机械产品相关部分机械设计开发；完成机械结构图样绘制及试制改进；参与总体联调、样机制作与测试、定型及产业化工作。,具备独立设计工作能力，熟悉产品结构开发流程；精通制图与建模软件；熟悉机械加工工艺及元器件选型；有一定动力学分析或有限元计算经验。,五险一金（含商业意外险）；餐费补贴、交通补贴、职业资格补贴、升学补贴、工会补贴；周末双休/法定节假日/年假/婚假/产假/考试假；员工宿舍、健身房、篮球场、员工旅游、节日福利。,listing_page,否,not_available,,https://hwayuan.com/interna.aspx?category_id=50,是,true,A类·企业官方,2026-09-27,2026-09-27,公开招聘中,是,2026-09-27,职位以页内折叠展示，无独立详情页URL。；该职位仅有列表页来源，无独立详情页,
CD0231|成都华远电器设备有限公司|电气设计工程师|成都双流,CD0231,403,成都华远电器设备有限公司,是,A,智能制造与装备,电气设计工程师,成都双流,成都双流,四川省,成都市,双流区,成都市,inferred,研发,社会招聘,2026-08-28,页面未说明,三年以上电气设计从业经验,本科及以上（电气工程、自动控制工程、机电一体化或相关专业）,1人,1人,做好客户售前、售中、售后的技术支持；参与产品现场调试并处理电气故障；定期给销售部门提供技术培训；按客户要求提供PLC、机器人等程序编写。,熟练使用PLC与常见品牌触摸屏的硬件选型、组态及编程；熟悉各类电机、气缸和传感器选型；熟悉PLC与上位机通讯。,五险一金（含商业意外险）；餐费补贴、交通补贴、职业资格补贴、升学补贴、工会补贴；周末双休/法定节假日/年假/婚假/产假/考试假；员工宿舍、健身房、篮球场、员工旅游、节日福利。,listing_page,否,not_available,,https://hwayuan.com/interna.aspx?category_id=50,是,true,A类·企业官方,2026-09-27,2026-09-27,公开招聘中,是,2026-09-27,职位以页内折叠展示，无独立详情页URL。；该职位仅有列表页来源，无独立详情页,
CD0231|成都华远电器设备有限公司|电源硬件工程师|成都双流,CD0231,404,成都华远电器设备有限公司,是,A,智能制造与装备,电源硬件工程师,成都双流,成都双流,四川省,成都市,双流区,成都市,inferred,研发,社会招聘,2026-08-28,页面未说明,三年以上从业经验,本科及以上（电子信息工程、电力电子、机械电子工程等相关专业）,3人,3人,主要产品研发方向为逆变式焊机与切割电源；按策划要求进行电气原理图、钣金零件图、PCB印制板绘制和BOM整理、电路调试与试验等设计工作。,熟练掌握电气类软件，能完成硬件原理图与PCB设计；熟练掌握C语言，熟悉IGBT/MOSFET选型、驱动与保护，能设计整流、逆变电路。,五险一金（含商业意外险）；餐费补贴、交通补贴、职业资格补贴、升学补贴、工会补贴；周末双休/法定节假日/年假/婚假/产假/考试假；员工宿舍、健身房、篮球场、员工旅游、节日福利。,listing_page,否,not_available,,https://hwayuan.com/interna.aspx?category_id=50,是,true,A类·企业官方,2026-09-27,2026-09-27,公开招聘中,是,2026-09-27,职位以页内折叠展示，无独立详情页URL。；该职位仅有列表页来源，无独立详情页,
CD0231|成都华远电器设备有限公司|电源软件工程师|成都双流,CD0231,405,成都华远电器设备有限公司,是,A,智能制造与装备,电源软件工程师,成都双流,成都双流,四川省,成都市,双流区,成都市,inferred,研发,社会招聘,2026-08-28,页面未说明,三年及以上相关工作经验,本科、研究生（电子信息工程、电子科学与技术、电力电子等相关专业）,1人,1人,负责大功率数字逆变电源（电焊机）产品相关嵌入式软件开发；负责控制电路设计、PCB设计；负责数字化大功率电源领域技术调研和预研。,精通C语言，具有单片机、DSP、FPGA设计经验；具有电路设计、PCB设计相关经验优先。,五险一金（含商业意外险）；餐费补贴、交通补贴、职业资格补贴、升学补贴、工会补贴；周末双休/法定节假日/年假/婚假/产假/考试假；员工宿舍、健身房、篮球场、员工旅游、节日福利。,listing_page,否,not_available,,https://hwayuan.com/interna.aspx?category_id=50,是,true,A类·企业官方,2026-09-27,2026-09-27,公开招聘中,是,2026-09-27,职位以页内折叠展示，无独立详情页URL。；该职位仅有列表页来源，无独立详情页,
CD0231|成都华远电器设备有限公司|销售经理|成都双流,CD0231,406,成都华远电器设备有限公司,是,A,智能制造与装备,销售经理,成都双流,成都双流,四川省,成都市,双流区,成都市,inferred,销售,社会招聘,2026-08-28,页面未说明,页面未说明,大专、本科学历（焊接技术、电气工程、机电一体化、市场营销等相关专业）,6人,6人,收集公司现有与潜在经销商、客户及竞争对手资料并整理；做好现有经销商及客户日常拜访、关系维护、培训及服务；开发新经销商与客户，拓展销售渠道。,大专及以上学历，焊接技术/电气工程/机电一体化/市场营销相关专业；了解焊接切割类产品工作原理优先；能适应长期出差。,五险一金（含商业意外险）；餐费补贴、交通补贴、职业资格补贴、升学补贴、工会补贴；周末双休/法定节假日/年假/婚假/产假/考试假；员工宿舍、健身房、篮球场、员工旅游、节日福利。,listing_page,否,not_available,,https://hwayuan.com/interna.aspx?category_id=50,是,true,A类·企业官方,2026-09-27,2026-09-27,公开招聘中,是,2026-09-27,职位以页内折叠展示，无独立详情页URL。；该职位仅有列表页来源，无独立详情页,
CD0233|成都双流国际机场股份有限公司|急救医生|成都双流国际机场,CD0233,407,成都双流国际机场股份有限公司,是,A,航空运输,急救医生,成都双流国际机场,成都双流国际机场,四川省,成都市,双流区,成都市,inferred,医疗,社会招聘,2026-03-25,页面未说明,35周岁（含）以下（1990年4月1日以后出生）,大学本科及以上，并取得相应学位。临床医学，急诊、妇产科、耳鼻喉、全科、内科方向,页面未说明,页面未说明,负责机场旅客的应急救护，提供医疗服务。,执业医师资格证书；年龄 35 周岁（含）以下（1990 年 4 月 1 日以后出生）；须持有执业医师资格证书。,公告说明录用人员执行四川省机场集团有限公司薪酬制度，按照国家相关规定办理各类保险、公积金；未列其他福利条款,listing_page,否,not_available,https://www.cdairport.com/news_detail.aspx?cid=6295&t=60,https://www.cdairport.com/news_detail.aspx?cid=6295&t=60,是,true,A类·企业官方,2026-09-27,2026-09-27,公开招聘中,是,2026-09-27,职位取自官网《成都双流国际机场股份有限公司2026年度招聘简章》正文第四条岗位要求与第一条岗位信息；报名截止 2026年4月1日17:00，投递邮箱 gfgszp@163.com；页面未给出薪资与招聘人数。,
CD0236|成都国际贸易集团有限公司|副总经理等岗位（成都场景创新科技有限责任公司）|成都（公告未写明具体办公地址）,CD0236,408,成都国际贸易集团有限公司,是,A,零售与消费,副总经理等岗位（成都场景创新科技有限责任公司）,成都（公告未写明具体办公地址）,成都（公告未写明具体办公地址）,四川省,成都市,高新区,成都市,inferred,管理,社会招聘,2026-06-23,页面未说明,页面未说明,页面未说明,页面未说明,页面未说明,本次招聘岗位由成都场景创新科技有限责任公司提供，均为紧缺急需岗位（具体职责见公告附件）。,页面未说明,页面未说明,listing_page,否,not_available,https://www.cdgmjt.cn/jobinfo.thtml?t=1310&cid=79137,https://www.cdgmjt.cn/jobinfo.thtml?t=1310&cid=79137,是,true,A类·企业官方,2026-09-27,2026-09-27,公开招聘中,是,2026-09-27,公告页实测200（51966字节），发布时间2026/06/23，报名截止2026年6月30日17:00；附件《岗位信息表》PDF为扫描件无法提取文字，岗位明细与条件均留“页面未说明”。,
CD0236|成都国际贸易集团有限公司|综合管理部副部长（信息技术方向）|页面未说明,CD0236,409,成都国际贸易集团有限公司,是,A,零售与消费,综合管理部副部长（信息技术方向）,页面未说明,页面未说明,四川省,成都市,高新区,成都市,inferred,管理,社会招聘,页面未说明,页面未说明,页面未说明,页面未说明,页面未说明,页面未说明,页面未说明,页面未说明,页面未说明,listing_page,否,not_available,,https://www.cdgmjt.cn/jobinfo.thtml?t=1310&cid=100460,是,true,A类·企业官方,2026-09-27,2026-09-27,待人工复核,待人工复核,2026-09-27,职位名原文为官网 2026-07-23 招聘公告标题《成都国际贸易集团有限公司关于2026年招聘综合管理部副部长（信息技术方向）等岗位的公告》，正文第二条写“招聘岗位信息详见附件1”，页面正文未展开该岗位的岗位职责、薪资与任职资格，故其余字段记页面未说明；报名截止 2026年8月9日17:00。；该职位仅有列表页来源，无独立详情页；2026-09-28 复测：页面可访问但列表未含该职位名，状态仍不明确,
CD0237|成都坤恒顺维科技股份有限公司|FPGA逻辑工程师|页面未说明（招聘页未标注工作地点）,CD0237,410,成都坤恒顺维科技股份有限公司,是,A,智能制造与装备,FPGA逻辑工程师,页面未说明,页面未说明,四川省,成都市,高新区,成都市,not_available,研发,社会招聘,页面未说明,14-30W（年薪）,页面未说明,页面未说明,2 名,2 名,页面未说明,页面未说明,页面未说明,listing_page,否,not_available,https://www.ksw-tech.com/information/campus-hiring.html,https://www.ksw-tech.com/information/campus-hiring.html,是,true,A类·企业官方,2026-09-27,2026-09-27,公开招聘中,是,2026-09-27,薪资原文『14-30W（年薪）』。；招聘页未标注工作地点,
CD0237|成都坤恒顺维科技股份有限公司|技术支持工程师|页面未说明（招聘页未标注工作地点）,CD0237,411,成都坤恒顺维科技股份有限公司,是,A,智能制造与装备,技术支持工程师,页面未说明,页面未说明,四川省,成都市,高新区,成都市,not_available,研发,社会招聘,页面未说明,11-22W（年薪）,页面未说明,页面未说明,2 名,2 名,页面未说明,页面未说明,页面未说明,listing_page,否,not_available,https://www.ksw-tech.com/information/campus-hiring.html,https://www.ksw-tech.com/information/campus-hiring.html,是,true,A类·企业官方,2026-09-27,2026-09-27,公开招聘中,是,2026-09-27,薪资原文『11-22W（年薪）』。；招聘页未标注工作地点,
CD0237|成都坤恒顺维科技股份有限公司|硬件工程师|页面未说明（招聘页未标注工作地点）,CD0237,412,成都坤恒顺维科技股份有限公司,是,A,智能制造与装备,硬件工程师,页面未说明,页面未说明,四川省,成都市,高新区,成都市,not_available,研发,社会招聘,页面未说明,14-30W（年薪）,页面未说明,页面未说明,2 名,2 名,页面未说明,页面未说明,页面未说明,listing_page,否,not_available,https://www.ksw-tech.com/information/campus-hiring.html,https://www.ksw-tech.com/information/campus-hiring.html,是,true,A类·企业官方,2026-09-27,2026-09-27,公开招聘中,是,2026-09-27,薪资原文『14-30W（年薪）』。；招聘页未标注工作地点,
CD0237|成都坤恒顺维科技股份有限公司|算法工程师|页面未说明（招聘页未标注工作地点）,CD0237,413,成都坤恒顺维科技股份有限公司,是,A,智能制造与装备,算法工程师,页面未说明,页面未说明,四川省,成都市,高新区,成都市,not_available,研发,社会招聘,页面未说明,14-30W（年薪）,页面未说明,页面未说明,2 名,2 名,页面未说明,页面未说明,页面未说明,listing_page,否,not_available,https://www.ksw-tech.com/information/campus-hiring.html,https://www.ksw-tech.com/information/campus-hiring.html,是,true,A类·企业官方,2026-09-27,2026-09-27,公开招聘中,是,2026-09-27,薪资原文『14-30W（年薪）』。；招聘页未标注工作地点,
CD0237|成都坤恒顺维科技股份有限公司|软件工程师|页面未说明（招聘页未标注工作地点）,CD0237,414,成都坤恒顺维科技股份有限公司,是,A,智能制造与装备,软件工程师,页面未说明,页面未说明,四川省,成都市,高新区,成都市,not_available,研发,社会招聘,页面未说明,14W-30W(年薪）,页面未说明,页面未说明,2 名,2 名,页面未说明,页面未说明,页面未说明,listing_page,否,not_available,https://www.ksw-tech.com/information/campus-hiring.html,https://www.ksw-tech.com/information/campus-hiring.html,是,true,A类·企业官方,2026-09-27,2026-09-27,公开招聘中,是,2026-09-27,薪资原文『14W-30W(年薪）』。；招聘页未标注工作地点,
CD0237|成都坤恒顺维科技股份有限公司|销售工程师|页面未说明（招聘页未标注工作地点）,CD0237,415,成都坤恒顺维科技股份有限公司,是,A,智能制造与装备,销售工程师,页面未说明,页面未说明,四川省,成都市,高新区,成都市,not_available,销售,社会招聘,页面未说明,11-15W（年薪）提成无上限,页面未说明,页面未说明,8 名,8 名,页面未说明,页面未说明,页面未说明,listing_page,否,not_available,https://www.ksw-tech.com/information/campus-hiring.html,https://www.ksw-tech.com/information/campus-hiring.html,是,true,A类·企业官方,2026-09-27,2026-09-27,公开招聘中,是,2026-09-27,站点校园招聘页服务端渲染职位列表，各岗位无独立详情页；薪资与人数为页面原文。；招聘页未标注工作地点,
CD0238|成都城建投资管理集团有限责任公司|副总经理（信息化与投资方向）（所属成都城投数智集团有限公司）|四川省成都市高新区,CD0238,416,成都城建投资管理集团有限责任公司,是,A,建筑与工程,副总经理（信息化与投资方向）（所属成都城投数智集团有限公司）,四川省成都市高新区,四川省成都市高新区,四川省,成都市,,成都市,confirmed,管理,社会招聘,2026-03-19,35-45万元/年,4年以上企业经营管理或信息化等与任职岗位相关工作经历，并具有同规模同层级3年以上领导管理岗位经历或8年以上相关领域管理经验,大学本科及以上学历，并取得相应学位；经济学类、金融学类、数学类、电子信息类、自动化类、计算机类、管理科学与工程类、工商管理类专业,1名,1名,牵头数字、电子信息类产业创新趋势研究与信息化战略规划制定落地；负责产业投资项目筛选、技术评估、投资谈判与落地执行，统筹数字化业务与重大技术项目全生命周期管理。,本科及以上对应专业；年龄45周岁及以下；4年以上经营管理/信息化经历+同层级管理经历；精通数字电子信息产业投资与信息技术。,页面未说明,listing_page,否,not_available,https://www.cdci.cn/show-128-148-1.html,https://www.cdci.cn/show-128-148-1.html,是,true,A类·企业官方,2026-09-27,2026-09-27,公开招聘中,是,2026-09-27,岗位条件取自公告附件《成都城投集团社会公开招聘岗位条件要求一览表》PDF原文；公告日期2026-03-19，报名2026年3月19日至3月31日，每人限投一个岗位。,
CD0238|成都城建投资管理集团有限责任公司|总经理（所属成都蓉源能源发展有限责任公司）|四川省成都市青羊区,CD0238,417,成都城建投资管理集团有限责任公司,是,A,建筑与工程,总经理（所属成都蓉源能源发展有限责任公司）,四川省成都市青羊区,四川省成都市青羊区,四川省,成都市,,成都市,confirmed,管理,社会招聘,2026-03-19,页面未说明,页面未说明,页面未说明,1名,1名,制定并适时调整公司发展战略；统筹投融资管理、市场拓展与项目运营，落实年度经营计划；健全管理制度流程，负责对外沟通与企业文化建设，健全廉洁风险防控体系。,页面未说明,页面未说明,listing_page,否,not_available,https://www.cdci.cn/show-128-148-1.html,https://www.cdci.cn/show-128-148-1.html,是,true,A类·企业官方,2026-09-27,2026-09-27,公开招聘中,是,2026-09-27,岗位职责取自公告附件PDF序号2行；该行未填写学历、经验和薪酬栏，按规范不作推断。,
CD0241|成都大学|博士辅导员（专职辅导员岗）|成都市成洛大道2025号（成都大学）,CD0241,418,成都大学,是,A,教育,博士辅导员（专职辅导员岗）,成都市成洛大道2025号（成都大学）,成都市成洛大道2025号（成都大学）,四川省,成都市,成华区,成都市,confirmed,职能,社会招聘,2025-07-21,页面未说明,面向社会在职、非在职博士研究生；公告未设工作年限门槛,博士研究生学历、学位,20名,20名,承担本科生及研究生思想政治教育、日常事务管理与队伍建设相关工作（具体岗位职责见附件《2025年成都大学公开考核招聘博士辅导员岗位和条件要求一览表》）。,具有中华人民共和国国籍、品德良好、身体合格；2025年应届毕业生须于2025年7月31日前取得博士学历学位，境外学历须提供留服认证；符合岗位表条件。,纳入事业编制管理，按受聘岗位等级发放工资待遇，并发放专职辅导员岗位津贴；原则上须在辅导员岗位连续工作不少于4年。,direct_detail,是,high,https://rsc.cdu.edu.cn/info/1032/4174.htm,https://rsc.cdu.edu.cn/,是,true,A类·企业官方,2026-09-27,2026-09-27,公开招聘中,是,2026-09-27,公告页实测200，发布时间2025-07-21，报名2025年7月21日10:00至9月15日17:00，报名邮箱xsc_szk@cdu.edu.cn；每人限报一个岗位。岗位与条件详见附件1，job_desc 已注明。,
CD0242|成都大眼怪科技有限公司|3D游戏角色动画师|成都,CD0242,419,成都大眼怪科技有限公司,是,A,游戏,3D游戏角色动画师,成都,成都,四川省,成都市,武侯区,成都市,inferred,设计,社会招聘,页面未说明,页面未说明,页面未说明,页面未说明,页面未说明,页面未说明,官网职位表原文：3D游戏角色动画师 全职 | 美术类 | 成都；页面未给出职位描述正文。,页面未说明,页面未说明,listing_page,否,not_available,http://www.dayanguai.com/JoinUs.html,http://www.dayanguai.com/JoinUs.html,是,true,A类·企业官方,2026-09-27,2026-09-27,公开招聘中,是,2026-09-27,取自官网『加入我们』页职位表，服务端渲染，无独立职位详情页，job_url 填官方招聘入口。,
CD0242|成都大眼怪科技有限公司|动作捕捉演员|成都,CD0242,420,成都大眼怪科技有限公司,是,A,游戏,动作捕捉演员,成都,成都,四川省,成都市,武侯区,成都市,inferred,其他,社会招聘,页面未说明,页面未说明,页面未说明,页面未说明,页面未说明,页面未说明,官网职位表原文：动作捕捉演员 全职 | 动捕前期类 | 成都；页面未给出职位描述正文。,页面未说明,页面未说明,listing_page,否,not_available,http://www.dayanguai.com/JoinUs.html,http://www.dayanguai.com/JoinUs.html,是,true,A类·企业官方,2026-09-27,2026-09-27,公开招聘中,是,2026-09-27,取自官网『加入我们』页职位表。,
CD0243|成都大运汽车集团有限公司|新能源汽车研发工程师|成都市龙泉驿区车城东七路388号,CD0243,421,成都大运汽车集团有限公司,是,A,智能制造与装备,新能源汽车研发工程师,成都市龙泉驿区车城东七路388号,成都市龙泉驿区车城东七路388号,四川省,成都市,龙泉驿区,成都市,confirmed,研发,社会招聘,2022-06-23,页面未说明（原文仅写「面议」，未标注具体薪资区间）,有新能源汽车高压系统开发五年以上经验，且近三年一直从事该项工作,页面未说明,页面未说明,页面未说明,负责纯电动汽车高压部分技术开发，编写高压零部件图样及BOM等技术文件，对接高压零部件供应商技术协议，完成台架/型式/整车匹配性验证及设计文件更改。,页面未说明,页面未说明,listing_page,否,not_available,,http://www.cddayun.com.cn/index.php/ab7.html,是,true,A类·企业官方,2026-09-27,2026-09-27,公开招聘中,是,2026-09-27,职位以页内折叠展示，无独立详情页URL。；该职位仅有列表页来源，无独立详情页,
CD0243|成都大运汽车集团有限公司|标准法规工程师|成都市龙泉驿区车城东七路388号,CD0243,422,成都大运汽车集团有限公司,是,A,智能制造与装备,标准法规工程师,成都市龙泉驿区车城东七路388号,成都市龙泉驿区车城东七路388号,四川省,成都市,龙泉驿区,成都市,confirmed,研发,社会招聘,2022-06-23,页面未说明（原文仅写「面议」，未标注具体薪资区间）,1年以上汽车标准法规或一致性管理经验,本科及以上学历,页面未说明,页面未说明,负责汽车标准法规的收集、汇总、转化及备案；研究标准法规并输出技术要求；推进法规执行的监察及考核；配合质量管理部完成3C、一致性迎检准备工作。,本科及以上学历，熟练使用办公软件，英语水平良好。,页面未说明,listing_page,否,not_available,,http://www.cddayun.com.cn/index.php/ab7.html,是,true,A类·企业官方,2026-09-27,2026-09-27,公开招聘中,是,2026-09-27,职位以页内折叠展示，无独立详情页URL。；该职位仅有列表页来源，无独立详情页,
CD0243|成都大运汽车集团有限公司|销售区域经理|成都市龙泉驿区车城东七路388号,CD0243,423,成都大运汽车集团有限公司,是,A,智能制造与装备,销售区域经理,成都市龙泉驿区车城东七路388号,成都市龙泉驿区车城东七路388号,四川省,成都市,龙泉驿区,成都市,confirmed,销售,社会招聘,2022-06-23,页面未说明（原文仅写「面议」，未标注具体薪资区间）,页面未说明,大专及以上学历,页面未说明,页面未说明,根据片区下达到辖区内的全年销售任务制定和调整工作计划，完成公司下达的月、季、年的各项销售任务，实现销售目标；维护和巩固现有市场基础，管理好辖区内的经销商；完成出差任务、报送出差报告及报销差旅费用。,大专及以上学历，有商用车汽车销售经验，能适应长期出差。,页面未说明,listing_page,否,not_available,,http://www.cddayun.com.cn/index.php/ab7.html,是,true,A类·企业官方,2026-09-27,2026-09-27,公开招聘中,是,2026-09-27,职位以页内折叠展示，无独立详情页URL；发布日期为页面原文。；该职位仅有列表页来源，无独立详情页,
CD0243|成都大运汽车集团有限公司|销售大区经理|成都市龙泉驿区车城东七路388号,CD0243,424,成都大运汽车集团有限公司,是,A,智能制造与装备,销售大区经理,成都市龙泉驿区车城东七路388号,成都市龙泉驿区车城东七路388号,四川省,成都市,龙泉驿区,成都市,confirmed,销售,社会招聘,2022-06-23,页面未说明（原文仅写「面议」，未标注具体薪资区间）,5年以上商用车销售行业工作经验，有团队管理经验,大专及以上学历,页面未说明,页面未说明,全面负责所辖市场开拓及经销商的管理工作；在辖区开展战略规划、销售管理、运营管理、营销管理；促进辖区代理商及分销网点健康运营，保障公司各项政策落实。,大专及以上学历，汽车及营销相关专业；能适应长期在外地出差。,页面未说明,listing_page,否,not_available,,http://www.cddayun.com.cn/index.php/ab7.html,是,true,A类·企业官方,2026-09-27,2026-09-27,公开招聘中,是,2026-09-27,职位以页内折叠展示，无独立详情页URL。；该职位仅有列表页来源，无独立详情页,
CD0244|成都天府国际生物城发展集团有限公司|产业投资|成都市双流区慧谷路13号生物城大厦,CD0244,425,成都天府国际生物城发展集团有限公司,是,A,生物医药,产业投资,成都市双流区慧谷路13号生物城大厦,成都市双流区慧谷路13号生物城大厦,四川省,成都市,双流区,成都市,confirmed,职能,社会招聘,2025-02-08,页面未说明,页面未说明,本科及以上,1人,1人,页面未说明,项目投资任务分解、落地实施方案、投后管理与退出,页面未说明,listing_page,否,not_available,,https://www.cdbtgroup.com/join.html,是,true,A类·企业官方,2026-09-27,2026-09-27,公开招聘中,是,2026-09-27,岗位、人数、学历、任职要求均照抄官网招聘公告表格原文（公告页页内日期 2025-02-08）；官网招聘入口 /join.html 无职位表，故 job_url 留空。；该职位仅有列表页来源，无独立详情页,
CD0244|成都天府国际生物城发展集团有限公司|产业招商|成都市双流区慧谷路13号生物城大厦,CD0244,426,成都天府国际生物城发展集团有限公司,是,A,生物医药,产业招商,成都市双流区慧谷路13号生物城大厦,成都市双流区慧谷路13号生物城大厦,四川省,成都市,双流区,成都市,confirmed,职能,社会招聘,2025-02-08,页面未说明,页面未说明,本科及以上,2人,2人,页面未说明,产业项目招商管理与谈判、资产租赁销售客户导入,页面未说明,listing_page,否,not_available,,https://www.cdbtgroup.com/join.html,是,true,A类·企业官方,2026-09-27,2026-09-27,公开招聘中,是,2026-09-27,岗位、人数、学历、任职要求均照抄官网招聘公告表格原文（公告页页内日期 2025-02-08）；官网招聘入口 /join.html 无职位表，故 job_url 留空。；该职位仅有列表页来源，无独立详情页,
CD0244|成都天府国际生物城发展集团有限公司|投资管理|成都市双流区慧谷路13号生物城大厦,CD0244,427,成都天府国际生物城发展集团有限公司,是,A,生物医药,投资管理,成都市双流区慧谷路13号生物城大厦,成都市双流区慧谷路13号生物城大厦,四川省,成都市,双流区,成都市,confirmed,职能,社会招聘,2025-02-08,页面未说明,页面未说明,本科及以上,3人,3人,页面未说明,年度投资计划、项目尽调谈判投后管理、资本市场跟踪研究,页面未说明,listing_page,否,not_available,,https://www.cdbtgroup.com/join.html,是,true,A类·企业官方,2026-09-27,2026-09-27,公开招聘中,是,2026-09-27,岗位、人数、学历、任职要求均照抄官网招聘公告表格原文（公告页页内日期 2025-02-08）；官网招聘入口 /join.html 无职位表，故 job_url 留空。；该职位仅有列表页来源，无独立详情页,
CD0244|成都天府国际生物城发展集团有限公司|管理培训生（人事助理）|成都市双流区慧谷路13号生物城大厦,CD0244,428,成都天府国际生物城发展集团有限公司,是,A,生物医药,管理培训生（人事助理）,成都市双流区慧谷路13号生物城大厦,成都市双流区慧谷路13号生物城大厦,四川省,成都市,双流区,成都市,confirmed,职能,社会招聘,2025-02-08,页面未说明,页面未说明,硕士研究生及以上,1人,1人,页面未说明,撰写工会及职代会文件、会员发展、组织工会活动、员工慰问福利与考勤管理,页面未说明,listing_page,否,not_available,,https://www.cdbtgroup.com/join.html,是,true,A类·企业官方,2026-09-27,2026-09-27,公开招聘中,是,2026-09-27,岗位、人数、学历、任职要求均照抄官网招聘公告表格原文（公告页页内日期 2025-02-08）；官网招聘入口 /join.html 无职位表，故 job_url 留空。；该职位仅有列表页来源，无独立详情页,
CD0246|成都天马精密机械有限公司|安全工程师|成都-青白江区,CD0246,429,成都天马精密机械有限公司,是,A,智能制造与装备,安全工程师,成都-青白江区,成都-青白江区,四川省,成都市,青白江区,成都市,confirmed,职能,社会招聘,10-25发布（页面,页面未说明,3年以上相关工作经验,大学专科以上,招1人,招1人,熟悉一定的法律、法规知识；熟练掌握ISO9001/ISO14001/OHSAS18001等体系方面的知识。,取得注册安全工程师证；具备大学专科以上学历，有3年以上相关工作经验；职能类别：环境/健康/安全工程师（EHS）。,页面未说明,listing_page,否,not_available,,http://www.cdtmjm.com/zhaopin,是,true,A类·企业官方,2026-09-27,2026-09-27,公开招聘中,是,2026-09-27,页面原文发布日期仅为「10-25发布」，年份缺失，故 published_date 记为原文；简历投递邮箱 tmb_hr@cdtmb.com。；该职位仅有列表页来源，无独立详情页,
CD0247|成都川新能控测量设备有限公司|硬件工程师|页面未说明（招聘页未标注工作地点）,CD0247,430,成都川新能控测量设备有限公司,是,A,电子信息制造,硬件工程师,页面未说明,页面未说明,四川省,成都市,武侯区,成都市,not_available,研发,社会招聘,2026-05-13,页面未说明,页面未说明,页面未说明,3名,3名,页面未说明,页面未说明,页面未说明,listing_page,否,not_available,https://scdasc.com/?p=1908,https://scdasc.com/?p=1908,是,true,A类·企业官方,2026-09-27,2026-09-27,公开招聘中,是,2026-09-27,招聘信息原文：• 硬件工程师（3名）  2026年5月13日。；招聘页未标注工作地点,
CD0247|成都川新能控测量设备有限公司|软件工程师|页面未说明（招聘页未标注工作地点）,CD0247,431,成都川新能控测量设备有限公司,是,A,电子信息制造,软件工程师,页面未说明,页面未说明,四川省,成都市,武侯区,成都市,not_available,研发,社会招聘,2026-05-13,页面未说明,页面未说明,页面未说明,3名,3名,页面未说明,页面未说明,页面未说明,listing_page,否,not_available,https://scdasc.com/?p=1908,https://scdasc.com/?p=1908,是,true,A类·企业官方,2026-09-27,2026-09-27,公开招聘中,是,2026-09-27,招聘信息原文：• 软件工程师（3名）  2026年5月13日。；招聘页未标注工作地点,
CD0250|成都市兴蓉环境股份有限公司|检测分析类|四川省成都市（公司下属子公司，入职后统一分配）,CD0250,432,成都市兴蓉环境股份有限公司,是,A,环保,检测分析类,四川省成都市（公司下属子公司，入职后统一分配）,四川省成都市（公司下属子公司，入职后统一分配）,四川省,成都市,高新区,成都市,confirmed,技术,社会招聘,2026-03-17,10-18万元/年,2026届高校应届毕业生（含2年择业期内首次就业的高校毕业生），年龄35周岁及以下,大学本科学历及以上；化学、应用化学、化学工程与技术、环境科学与工程、环境工程、水质科学与技术等相关专业,4名,4名,由公司下属子公司提供，主要负责化验分析、质量检测等相关工作；岗位暂不定分配单位，待入职后统一分配。,2026届应届/2年择业期内毕业生，本科及以上，2026年7月31日前（博士2026年12月31日前）取得学历学位；年龄35周岁及以下；专业对口。,页面未说明,listing_page,否,not_available,https://www.cdxrec.com/show/1177-86342.html,https://www.cdxrec.com/show/1177-86342.html,是,true,A类·企业官方,2026-09-27,2026-09-27,公开招聘中,是,2026-09-27,岗位、人数、学历、专业、薪酬均为公告附件《成都市兴蓉环境股份有限公司2026年春季校园招聘岗位职责与任职资格条件.pdf》原文，公告页发布时间2026-03-17，报名2026年3月18日至3月31日（已结束，故 page_status 记为公开招聘中依据公告本身，历史批次）。,
CD0250|成都市兴蓉环境股份有限公司|生产运行类（一线技能操作序列）|四川省成都市（公司下属子公司，入职后统一分配）,CD0250,433,成都市兴蓉环境股份有限公司,是,A,环保,生产运行类（一线技能操作序列）,四川省成都市（公司下属子公司，入职后统一分配）,四川省成都市（公司下属子公司，入职后统一分配）,四川省,成都市,高新区,成都市,confirmed,生产,社会招聘,2026-03-17,6-9万元/年,2026届高校应届毕业生（含2年择业期内首次就业的高校毕业生），年龄35周岁及以下；岗位存在倒班情况，入职三年内不得调整岗位序列,大专及以上学历；电力技术类、热能与发电工程类、机械设计制造类、自动化类、电气类专业等,37名,37名,由公司下属子公司提供，主要负责生产运行、设备维修等相关工作；存在倒班情况，入职三年内不得调整岗位序列。,2026届应届/2年择业期内毕业生，大专及以上，2026年7月31日前取得毕业证书；年龄35周岁及以下；能源动力/电气/机械类相关专业。,页面未说明,listing_page,否,not_available,https://www.cdxrec.com/show/1177-86342.html,https://www.cdxrec.com/show/1177-86342.html,是,true,A类·企业官方,2026-09-27,2026-09-27,公开招聘中,是,2026-09-27,数据取自公告附件PDF原文。,
CD0250|成都市兴蓉环境股份有限公司|电子信息类|四川省成都市（公司下属子公司，入职后统一分配）,CD0250,434,成都市兴蓉环境股份有限公司,是,A,环保,电子信息类,四川省成都市（公司下属子公司，入职后统一分配）,四川省成都市（公司下属子公司，入职后统一分配）,四川省,成都市,高新区,成都市,confirmed,研发,社会招聘,2026-03-17,10-18万元/年,2026届高校应届毕业生（含2年择业期内首次就业的高校毕业生），年龄35周岁及以下,大学本科学历及以上；计算机科学与技术、软件工程、网络工程、信息安全、物联网工程、电子信息专业等,2名,2名,由公司下属子公司提供，主要负责信息系统的规划、设计、开发实施与运维管理等工作；暂不定分配单位，待入职后统一分配。,2026届应届/2年择业期内毕业生，本科及以上，2026年7月31日前取得学历学位；年龄35周岁及以下；计算机/电子信息类相关专业。,页面未说明,listing_page,否,not_available,https://www.cdxrec.com/show/1177-86342.html,https://www.cdxrec.com/show/1177-86342.html,是,true,A类·企业官方,2026-09-27,2026-09-27,公开招聘中,是,2026-09-27,数据取自公告附件PDF原文。,
CD0250|成都市兴蓉环境股份有限公司|给排水类|四川省成都市（公司下属子公司，入职后统一分配）,CD0250,435,成都市兴蓉环境股份有限公司,是,A,环保,给排水类,四川省成都市（公司下属子公司，入职后统一分配）,四川省成都市（公司下属子公司，入职后统一分配）,四川省,成都市,高新区,成都市,confirmed,技术,社会招聘,2026-03-17,10-18万元/年,2026届高校应届毕业生（含2年择业期内首次就业的高校毕业生），年龄35周岁及以下,大学本科学历及以上；环境科学与工程、给排水科学与工程、市政工程、土木水利（市政工程方向）专业,2名,2名,由公司下属子公司提供，主要负责工艺技术、生产管理等相关工作；暂不定分配单位，待入职后统一分配。,2026届应届/2年择业期内毕业生，本科及以上；年龄35周岁及以下；环境/给排水/市政类专业。,页面未说明,listing_page,否,not_available,https://www.cdxrec.com/show/1177-86342.html,https://www.cdxrec.com/show/1177-86342.html,是,true,A类·企业官方,2026-09-27,2026-09-27,公开招聘中,是,2026-09-27,数据取自公告附件PDF原文。,
CD0250|成都市兴蓉环境股份有限公司|统计分析类|四川省成都市（公司下属子公司，入职后统一分配）,CD0250,436,成都市兴蓉环境股份有限公司,是,A,环保,统计分析类,四川省成都市（公司下属子公司，入职后统一分配）,四川省成都市（公司下属子公司，入职后统一分配）,四川省,成都市,高新区,成都市,confirmed,职能,社会招聘,2026-03-17,10-18万元/年,2026届高校应届毕业生（含2年择业期内首次就业的高校毕业生），年龄35周岁及以下,大学本科学历及以上；统计学、应用统计、金融（学）、金融科技专业等,2名,2名,由公司下属子公司提供，主要负责数据统计、数据分析等相关工作；暂不定分配单位，待入职后统一分配。,2026届应届/2年择业期内毕业生，本科及以上；年龄35周岁及以下；统计/金融/工商管理类专业。,页面未说明,listing_page,否,not_available,https://www.cdxrec.com/show/1177-86342.html,https://www.cdxrec.com/show/1177-86342.html,是,true,A类·企业官方,2026-09-27,2026-09-27,公开招聘中,是,2026-09-27,数据取自公告附件PDF原文。,
CD0255|成都文化旅游发展集团有限责任公司|储备人员市场经营类（影视）|四川省成都市区,CD0255,437,成都文化旅游发展集团有限责任公司,是,D,国企事业单位,储备人员市场经营类（影视）,四川省成都市区,四川省成都市区,四川省,成都市,,成都市,confirmed,职能,社会招聘,页面未说明,8-10万元/年,年龄28周岁及以下；须按期取得学历学位证书,硕士研究生及以上学历，并取得相应学位,1名,1名,根据集团安排，在培养单位/部门提升专业技能、综合能力并完成领导安排的相关工作。,硕士及以上，新闻传播学、新闻与传播、戏剧与影视、旅游管理、工商管理专业；年龄28周岁及以下。,页面未说明,listing_page,否,not_available,https://www.cdctg.com/#/recDetailInfo?recruitId=2100424593283813377,https://www.cdctg.com/#/recDetailInfo?recruitId=2100424593283813377,是,true,A类·企业官方,2026-09-27,2026-09-27,公开招聘中,是,2026-09-27,岗位与薪酬、年龄、报名区间取自官网招聘公告原文。,
CD0255|成都文化旅游发展集团有限责任公司|储备人员市场经营类（活动）|四川省成都市区,CD0255,438,成都文化旅游发展集团有限责任公司,是,D,国企事业单位,储备人员市场经营类（活动）,四川省成都市区,四川省成都市区,四川省,成都市,,成都市,confirmed,职能,社会招聘,页面未说明,8-10万元/年,年龄28周岁及以下；须按期取得学历学位证书,硕士研究生及以上学历，并取得相应学位,1名,1名,根据集团安排，在培养单位/部门提升专业技能、综合能力并完成领导安排的相关工作。,硕士及以上，新闻传播学、新闻与传播、戏剧与影视、旅游管理、工商管理专业；年龄28周岁及以下。,页面未说明,listing_page,否,not_available,https://www.cdctg.com/#/recDetailInfo?recruitId=2100424593283813377,https://www.cdctg.com/#/recDetailInfo?recruitId=2100424593283813377,是,true,A类·企业官方,2026-09-27,2026-09-27,公开招聘中,是,2026-09-27,岗位与薪酬、年龄、报名区间取自官网招聘公告原文。,
CD0255|成都文化旅游发展集团有限责任公司|储备人员风险防控类|四川省成都市区,CD0255,439,成都文化旅游发展集团有限责任公司,是,D,国企事业单位,储备人员风险防控类,四川省成都市区,四川省成都市区,四川省,成都市,,成都市,confirmed,职能,社会招聘,页面未说明,8-10万元/年,年龄28周岁及以下；硕士须于2027年7月31日前取得学历学位证书及留服认证，博士须于2027年12月31日前取得,硕士研究生及以上学历，并取得相应学位,1名,1名,根据集团安排，在培养单位/部门提升专业技能、综合能力并完成领导安排的相关工作。,硕士及以上（专业不限）；年龄28周岁及以下；须按期取得学历学位与留服认证。,页面未说明,listing_page,否,not_available,https://www.cdctg.com/#/recDetailInfo?recruitId=2100424593283813377,https://www.cdctg.com/#/recDetailInfo?recruitId=2100424593283813377,是,true,A类·企业官方,2026-09-27,2026-09-27,公开招聘中,是,2026-09-27,公告为官网 hash 路由页面（SPA），发布日期未在静态HTML中呈现故留空；报名时间2026年9月17日至10月25日17:00。专业要求以附件表格为准，此处按已核到的通用条件填写。,
CD0257|成都旋极星源信息技术有限公司|区域销售经理|成都（岗位职责原文：工作地点为成都，同时负责华东、华南或西南区域客户项目）,CD0257,440,成都旋极星源信息技术有限公司,是,A,半导体与集成电路,区域销售经理,成都（岗位职责原文：工作地点为成都，同时负责华东、华南或西南区域客户项目）,成都（岗位职责原文：工作地点为成都，同时负责华东、华南或西南区域客户项目）,四川省,成都市,高新区,成都市,confirmed,销售,社会招聘,2024-09-11,根据业绩提成上不封顶，特别有优秀者，薪资面议（页面原文）,页面未说明,页面未说明,2,2,1、协助上级完成新市场、新客户的开拓工作，参与运营业务的市场推广工作；2.收集市场信息，积累市场宣传材料，负责收集、整理、归纳市场行情、价格以及新产品、替代品、客源等信息资料，提出分析报告（岗位职责第1、2条摘要）,1、对电子、通信产业（物联网/消费类电子产品/卫星导航等）的发展和市场状况有深入的了解；2、能够独立完成市场调研、开发客户、技术咨询、商务操作及售后服务的全过程（岗位要求第1、2条摘要）,页面未说明,listing_page,否,not_available,https://www.star-source.cn/News_List.php?tag=Zhaoping&theId=8,https://www.star-source.cn/News_List.php?tag=Zhaoping&theId=8,是,true,A类·企业官方,2026-09-27,2026-09-27,公开招聘中,是,2026-09-27,岗位职责原文另有『工作领域涵盖物联网，卫星导航及通信终端厂商等』。,
CD0257|成都旋极星源信息技术有限公司|射频芯片设计工程师|成都（页面工作区域列）,CD0257,441,成都旋极星源信息技术有限公司,是,A,半导体与集成电路,射频芯片设计工程师,成都（页面工作区域列）,成都（页面工作区域列）,四川省,成都市,高新区,成都市,confirmed,研发,社会招聘,2022-04-07,页面未说明,页面未说明,硕士及以上学历（页面原文：通信、微电子、微波及相关专业）,2,2,负责硅基CMOS/SiGe BiCMOS 微波毫米波单片电路设计、仿真与验证，含高效率、高线性、可重构、预失真、通道补偿等技术研发（岗位职责摘要）,硕士及以上学历，通信、微电子、微波及相关专业；有无线通信芯片射频电路设计经验，具备实验室测试以及调试经验优先（岗位要求摘要）,页面未说明,listing_page,否,not_available,https://www.star-source.cn/News_List.php?tag=Zhaoping&theId=8,https://www.star-source.cn/News_List.php?tag=Zhaoping&theId=8,是,true,A类·企业官方,2026-09-27,2026-09-27,公开招聘中,是,2026-09-27,页面岗位职责中含『辅助测试工程师完成芯片测试』要求。,
CD0257|成都旋极星源信息技术有限公司|市场销售经理|成都（岗位职责原文：工作地点为成都，同时负责华东、华南或西南区域客户项目）,CD0257,442,成都旋极星源信息技术有限公司,是,A,半导体与集成电路,市场销售经理,成都（岗位职责原文：工作地点为成都，同时负责华东、华南或西南区域客户项目）,成都（岗位职责原文：工作地点为成都，同时负责华东、华南或西南区域客户项目）,四川省,成都市,高新区,成都市,confirmed,销售,社会招聘,2024-09-11,根据业绩提成上不封顶，特别有优秀者，薪资面议（页面原文）,页面未说明,页面未说明,2,2,协助上级完成新市场、新客户的开拓工作，参与运营业务的市场推广工作；负责客户档案管理、客户关系管理和客户分级管理，维系客户、代理商或合作伙伴长期关系（岗位职责摘要）,对电子、通信产业（物联网/消费类电子产品/卫星导航等）的发展和市场状况有深入的了解；能够独立完成市场调研、开发客户、技术咨询、商务操作及售后服务的全过程（职位要求摘要）,页面未说明,listing_page,否,not_available,https://www.star-source.cn/News_List.php?tag=Zhaoping&theId=8,https://www.star-source.cn/News_List.php?tag=Zhaoping&theId=8,是,true,A类·企业官方,2026-09-27,2026-09-27,公开招聘中,是,2026-09-27,页面正文标题与表格标题略有差异（表格标题为『市场销售经理』）。,
CD0257|成都旋极星源信息技术有限公司|数字后端工程师|成都（页面工作区域列）,CD0257,443,成都旋极星源信息技术有限公司,是,A,半导体与集成电路,数字后端工程师,成都（页面工作区域列）,成都（页面工作区域列）,四川省,成都市,高新区,成都市,confirmed,研发,社会招聘,2022-04-07,页面未说明,相关工作经验（页面原文，未给出年限）,本科及以上学历（页面原文：电子、微电子、计算机、通信等相关专业）,2,2,负责数字后端实现，推动后端工程师工作（页面原文摘要）,本科及以上学历，电子，微电子，计算机，通信等相关专业（岗位要求第1条）,页面未说明,listing_page,否,not_available,https://www.star-source.cn/News_List.php?tag=Zhaoping&theId=8,https://www.star-source.cn/News_List.php?tag=Zhaoping&theId=8,是,true,A类·企业官方,2026-09-27,2026-09-27,公开招聘中,是,2026-09-27,页面职位要求栏写有相关工作经验要求，未标明年限。,
CD0257|成都旋极星源信息技术有限公司|数字芯片设计工程师|成都（页面工作区域列）,CD0257,444,成都旋极星源信息技术有限公司,是,A,半导体与集成电路,数字芯片设计工程师,成都（页面工作区域列）,成都（页面工作区域列）,四川省,成都市,高新区,成都市,confirmed,研发,社会招聘,2022-04-07,页面未说明,页面未说明,本科及以上学历（页面原文：微电子，半导体或相关专业本科及以上学历）,2,2,负责数字电路设计与编码、验证、综合和时序验证，熟悉数字后端实现，能够推动后端工程师工作（页面原文摘要）,微电子，半导体或相关专业本科及以上学历；具有成功流片经验者优先（页面原文摘要）,页面未说明,listing_page,否,not_available,https://www.star-source.cn/News_List.php?tag=Zhaoping&theId=8,https://www.star-source.cn/News_List.php?tag=Zhaoping&theId=8,是,true,A类·企业官方,2026-09-27,2026-09-27,公开招聘中,是,2026-09-27,页面职位要求栏原文含『编码，验证，综合和时序验证，熟悉数字后端实现，能够推动后端工程师工作』。,
CD0257|成都旋极星源信息技术有限公司|模拟芯片设计工程师|成都（页面工作区域列）,CD0257,445,成都旋极星源信息技术有限公司,是,A,半导体与集成电路,模拟芯片设计工程师,成都（页面工作区域列）,成都（页面工作区域列）,四川省,成都市,高新区,成都市,confirmed,研发,社会招聘,2022-04-07,页面未说明,页面未说明,本科及以上学历（页面原文：通信、微电子、微波及相关专业）,2,2,完成模拟电路建模、设计与仿真验证，编写集成电路设计文档；指导版图工程师完成版图设计、指导测试工程师完成测试（岗位职责摘要）,本科及以上学历，通信、微电子、微波及相关专业（岗位要求第1条）,页面未说明,listing_page,否,not_available,https://www.star-source.cn/News_List.php?tag=Zhaoping&theId=8,https://www.star-source.cn/News_List.php?tag=Zhaoping&theId=8,是,true,A类·企业官方,2026-09-27,2026-09-27,公开招聘中,是,2026-09-27,页面岗位职责含『规划版图布局，负责指导版图设计工程师实现模拟电路的版图设计』。,
CD0257|成都旋极星源信息技术有限公司|测试工程师|成都（页面工作区域列）,CD0257,446,成都旋极星源信息技术有限公司,是,A,半导体与集成电路,测试工程师,成都（页面工作区域列）,成都（页面工作区域列）,四川省,成都市,高新区,成都市,confirmed,研发,社会招聘,2022-04-07,页面未说明,页面未说明,本科及以上学历（页面原文：通信、微波或电子工程类相关专业，本科及以上学历）,2,2,负责芯片测试方案制定与执行，提供芯片销售及应用过程中的技术支持（页面原文摘要）,通信、微波或电子工程类相关专业，本科及以上学历；有产品开发、测试工作经历（职位要求摘要）,页面未说明,listing_page,否,not_available,https://www.star-source.cn/News_List.php?tag=Zhaoping&theId=8,https://www.star-source.cn/News_List.php?tag=Zhaoping&theId=8,是,true,A类·企业官方,2026-09-27,2026-09-27,公开招聘中,是,2026-09-27,页面职位要求栏原文含『提供芯片销售及应用过程中的技术支持』。,
CD0257|成都旋极星源信息技术有限公司|版图设计工程师|成都（页面工作区域列）,CD0257,447,成都旋极星源信息技术有限公司,是,A,半导体与集成电路,版图设计工程师,成都（页面工作区域列）,成都（页面工作区域列）,四川省,成都市,高新区,成都市,confirmed,研发,社会招聘,2022-04-07,页面未说明,页面未说明,本科及以上学历（页面原文：微电子、电子工程、通信等相关专业本科以上学历）,2,2,根据设计工程师的要求完成芯片各模块电路的版图设计，参加评审会议，根据设计工程师的反馈意见修改版图（岗位职责摘要）,微电子、电子工程、通信等相关专业本科以上学历；身体健康状况符合工作岗位要求，能够适应工作环境、工作时长（岗位要求摘要）,页面未说明,listing_page,否,not_available,https://www.star-source.cn/News_List.php?tag=Zhaoping&theId=8,https://www.star-source.cn/News_List.php?tag=Zhaoping&theId=8,是,true,A类·企业官方,2026-09-27,2026-09-27,公开招聘中,是,2026-09-27,页面岗位职责第2、3条为版图设计与评审修改相关内容。,
CD0257|成都旋极星源信息技术有限公司|硅基毫米波收发多功能幅相控制芯片设计师|成都（页面工作区域列）,CD0257,448,成都旋极星源信息技术有限公司,是,A,半导体与集成电路,硅基毫米波收发多功能幅相控制芯片设计师,成都（页面工作区域列）,成都（页面工作区域列）,四川省,成都市,高新区,成都市,confirmed,研发,社会招聘,2024-09-11,页面未说明,页面未说明,页面未说明,2,2,1、硅基 CMOS 或者 SiGe BiCMOS 工艺微波/毫米波单片电路设计、仿真与验证，包括功放、低噪放、混频器、倍频器、分频器、限幅器、环形器、移相器、衰减器、开关、多功能等芯片（岗位职责第1、2条摘要）,岗位职责后标注『任职要求』段落第1条为『硕士及以上学历（集成电路相关专业优先）』类要求，页面未取得逐条编号原文,页面未说明,listing_page,否,not_available,https://www.star-source.cn/News_List.php?tag=Zhaoping&theId=8,https://www.star-source.cn/News_List.php?tag=Zhaoping&theId=8,是,true,A类·企业官方,2026-09-27,2026-09-27,公开招聘中,是,2026-09-27,该岗为硅基毫米波芯片设计师，页面表格『人数』2、『发布时间』2024-09-11。,
CD0258|成都明夷电子科技股份有限公司|射频芯片设计工程师（GaAs/SOI/GaN/HBT）|成都丨上海（详情页原文）,CD0258,449,成都明夷电子科技股份有限公司,是,A,半导体与集成电路,射频芯片设计工程师（GaAs/SOI/GaN/HBT）,成都丨上海（详情页原文）,成都丨上海（详情页原文）,四川省,成都市,高新区,成都市,inferred,研发,社会招聘,页面未说明,页面未说明,1-3年（详情页原文）,页面未说明,页面未说明,页面未说明,1、负责射频产品的设计与开发；（详情页岗位职责第1条）,1、工作作风严谨，具有强烈的进取心、事业心和敬业精神；具有良好的职业道德、诚信度和责任心（详情页任职要求第1条）,页面未说明,direct_detail,是,high,http://meenyi.com/cn/recruit/detail.html?id=1,http://meenyi.com/cn/recruit.html,是,true,A类·企业官方,2026-09-27,2026-09-27,公开招聘中,是,2026-09-27,2026-09-27 实测该详情页 http 200；招聘类别：社会招聘。,
CD0258|成都明夷电子科技股份有限公司|射频集成电路设计工程师|成都丨上海（详情页原文）,CD0258,450,成都明夷电子科技股份有限公司,是,A,半导体与集成电路,射频集成电路设计工程师,成都丨上海（详情页原文）,成都丨上海（详情页原文）,四川省,成都市,高新区,成都市,inferred,研发,社会招聘,页面未说明,页面未说明,1-3年（详情页原文）,页面未说明,页面未说明,页面未说明,页面未说明,1、硕士2年工作经验或博士，正向设计过射频电路模块（详情页岗位要求第1条）,页面未说明,direct_detail,是,high,http://meenyi.com/cn/recruit/detail.html?id=2,http://meenyi.com/cn/recruit.html,是,true,A类·企业官方,2026-09-27,2026-09-28,公开招聘中,待人工复核,2026-09-28,2026-09-27 实测该详情页 http 200。；2026-09-28 复测页面命中职位名与招聘关键词，确认在招,
CD0258|成都明夷电子科技股份有限公司|模拟电路设计工程师（射频）|成都丨上海（详情页原文）,CD0258,451,成都明夷电子科技股份有限公司,是,A,半导体与集成电路,模拟电路设计工程师（射频）,成都丨上海（详情页原文）,成都丨上海（详情页原文）,四川省,成都市,高新区,成都市,inferred,研发,社会招聘,页面未说明,页面未说明,1-3年（详情页原文）,页面未说明,页面未说明,页面未说明,1、负责模拟电路、数模混合电路或 RFID 射频接口电路模块的设计、仿真、测试分析等工作（详情页岗位职责第1条）,1、有扎实的微电子技术的基础知识和模拟、数模混合或射频电路知识（详情页岗位要求第1条）,页面未说明,direct_detail,是,high,http://meenyi.com/cn/recruit/detail.html?id=5,http://meenyi.com/cn/recruit.html,是,true,A类·企业官方,2026-09-27,2026-09-28,公开招聘中,待人工复核,2026-09-28,2026-09-27 实测该详情页 http 200。；2026-09-28 复测页面命中职位名与招聘关键词，确认在招,
CD0258|成都明夷电子科技股份有限公司|模拟集成电路设计工程师|成都丨上海（详情页原文）,CD0258,452,成都明夷电子科技股份有限公司,是,A,半导体与集成电路,模拟集成电路设计工程师,成都丨上海（详情页原文）,成都丨上海（详情页原文）,四川省,成都市,高新区,成都市,inferred,研发,社会招聘,页面未说明,页面未说明,1-3年（详情页原文）,页面未说明,页面未说明,页面未说明,页面未说明,1、硕士2年工作经验或博士，正向设计过模拟芯片或模拟电路模块（详情页岗位要求第1条）,页面未说明,direct_detail,是,high,http://meenyi.com/cn/recruit/detail.html?id=3,http://meenyi.com/cn/recruit.html,是,true,A类·企业官方,2026-09-27,2026-09-28,公开招聘中,待人工复核,2026-09-28,2026-09-27 实测该详情页 http 200。；2026-09-28 复测页面命中职位名与招聘关键词，确认在招,
CD0258|成都明夷电子科技股份有限公司|高速模拟电路设计工程师（光电）|成都丨上海（详情页原文）,CD0258,453,成都明夷电子科技股份有限公司,是,A,半导体与集成电路,高速模拟电路设计工程师（光电）,成都丨上海（详情页原文）,成都丨上海（详情页原文）,四川省,成都市,高新区,成都市,inferred,研发,社会招聘,页面未说明,页面未说明,1-3年（详情页原文）,硕士及以上学历（详情页任职要求原文）,页面未说明,页面未说明,"1、芯片内高性能模拟 IP 设计，包括而不限于 ADC, DAC, LDO, Bandgap, RSSI, Peak Detector（详情页岗位职责第1条）",1、微电子相关专业硕士及以上学历，2 年以上高速模拟电路设计经验（详情页任职要求第1条）,页面未说明,direct_detail,是,high,http://meenyi.com/cn/recruit/detail.html?id=4,http://meenyi.com/cn/recruit.html,是,true,A类·企业官方,2026-09-27,2026-09-28,公开招聘中,待人工复核,2026-09-28,2026-09-27 实测该详情页 http 200。；2026-09-28 复测页面命中职位名与招聘关键词，确认在招,
CD0259|成都森未科技有限公司|大客户经理（上海、成都）|上海、成都（岗位名原文）,CD0259,454,成都森未科技有限公司,是,D,半导体与集成电路,大客户经理（上海、成都）,上海、成都（岗位名原文）,上海、成都（岗位名原文）,四川省,成都市,高新区,成都市,inferred,销售,社会招聘,页面未说明,页面未说明（原文仅写「面议」，未标注具体薪资区间）,页面未说明,大专及以上,1 人,1 人,页面未说明,页面未说明,五险一金等,listing_page,否,not_available,http://fusemi.cn/c/zhaoxiannashi.html,http://fusemi.cn/c/zhaoxiannashi.html,是,true,A类·企业官方,2026-09-27,2026-09-27,公开招聘中,是,2026-09-27,表格标题原文为『销售经理（上海、成都）』，展开后正文标题为『大客户经理（上海、成都）』。,
CD0259|成都森未科技有限公司|应用工程师|成都,CD0259,455,成都森未科技有限公司,是,D,半导体与集成电路,应用工程师,成都,成都,四川省,成都市,高新区,成都市,inferred,研发,社会招聘,页面未说明,页面未说明（原文仅写「面议」，未标注具体薪资区间）,页面未说明,本科及以上,1人,1人,页面未说明,页面未说明,五险一金等,listing_page,否,not_available,http://fusemi.cn/c/zhaoxiannashi.html,http://fusemi.cn/c/zhaoxiannashi.html,是,true,A类·企业官方,2026-09-27,2026-09-27,公开招聘中,是,2026-09-27,该岗未标注多城市，工作地为成都。,
CD0259|成都森未科技有限公司|现场应用工程师（成都、西安、深圳）|成都、西安、深圳（岗位名原文）,CD0259,456,成都森未科技有限公司,是,D,半导体与集成电路,现场应用工程师（成都、西安、深圳）,成都、西安、深圳（岗位名原文）,成都、西安、深圳（岗位名原文）,四川省,成都市,高新区,成都市,inferred,研发,社会招聘,页面未说明,页面未说明（原文仅写「面议」，未标注具体薪资区间）,页面未说明,本科及以上,1 人,1 人,页面未说明,页面未说明,五险一金等,listing_page,否,not_available,http://fusemi.cn/c/zhaoxiannashi.html,http://fusemi.cn/c/zhaoxiannashi.html,是,true,A类·企业官方,2026-09-27,2026-09-27,公开招聘中,是,2026-09-27,岗位卡片正文标题为『现场应用工程师 （成都、西安、深圳）』（含空格）。,
CD0259|成都森未科技有限公司|研发工程师（IGBT）|成都,CD0259,457,成都森未科技有限公司,是,D,半导体与集成电路,研发工程师（IGBT）,成都,成都,四川省,成都市,高新区,成都市,inferred,研发,社会招聘,页面未说明,页面未说明（原文仅写「面议」，未标注具体薪资区间）,页面未说明,本科及以上,1人,1人,页面未说明,页面未说明,五险一金等,listing_page,否,not_available,http://fusemi.cn/c/zhaoxiannashi.html,http://fusemi.cn/c/zhaoxiannashi.html,是,true,A类·企业官方,2026-09-27,2026-09-27,公开招聘中,是,2026-09-27,岗位名原文含半角括号『研发工程师 （IGBT）』。,
CD0259|成都森未科技有限公司|采购工程师（成都）|成都,CD0259,458,成都森未科技有限公司,是,D,半导体与集成电路,采购工程师（成都）,成都,成都,四川省,成都市,高新区,成都市,inferred,职能,社会招聘,页面未说明,页面未说明,页面未说明,本科,1,1,页面未说明,页面未说明,页面未说明,listing_page,否,not_available,http://fusemi.cn/c/zhaoxiannashi.html,http://fusemi.cn/c/zhaoxiannashi.html,是,true,A类·企业官方,2026-09-27,2026-09-27,公开招聘中,是,2026-09-27,页面该岗位卡片薪资栏为空，故写页面未说明。；页面上另标注公司地址：该岗位薪资栏在页面上为空,
CD0262|成都永源精密模具有限公司|冲压模具设计工程师|四川成都,CD0262,459,成都永源精密模具有限公司,是,A,智能制造与装备,冲压模具设计工程师,四川成都,四川成都,四川省,成都市,郫都区,成都市,inferred,设计,社会招聘,2026-01-05,页面未说明,两年及以上模具设计经验,大专及以上，模具相关专业,3,3,岗位要求原文见页面（大专及以上模具相关专业、两年以上模具设计经验、熟练UG NX与AutoCAD）。,大专及以上学历，模具相关专业；两年及以上模具设计经验；熟练使用UG NX、AutoCAD等3D、2D软件；沟通能力强，能适应出差。,页面未说明,listing_page,否,not_available,,http://www.cdyymold.com/zhaopinzhiwei,是,true,A类·企业官方,2026-09-27,2026-09-27,公开招聘中,是,2026-09-27,页面无独立职位详情页。；该职位仅有列表页来源，无独立详情页,
CD0262|成都永源精密模具有限公司|品质工程师|四川成都,CD0262,460,成都永源精密模具有限公司,是,A,智能制造与装备,品质工程师,四川成都,四川成都,四川省,成都市,郫都区,成都市,inferred,职能,社会招聘,2026-01-28,页面未说明,页面未说明,中专及以上，机械、模具类专业,1,1,精通注塑成型参数的调整，能根据产品状况快速响应；能凭经验快速判断常见缺陷的产生原因并采取有效措施。,中专及以上学历，机械、模具类专业；精通注塑成型参数调整；能熟练掌握模具安装、调试、拆卸流程；熟练使用卡尺、千分尺等检测工具，能看懂图纸。,页面未说明,listing_page,否,not_available,,http://www.cdyymold.com/zhaopinzhiwei,是,true,A类·企业官方,2026-09-27,2026-09-27,公开招聘中,是,2026-09-27,页面无独立职位详情页。；该职位仅有列表页来源，无独立详情页,
CD0262|成都永源精密模具有限公司|放电技工|四川成都,CD0262,461,成都永源精密模具有限公司,是,A,智能制造与装备,放电技工,四川成都,四川成都,四川省,成都市,郫都区,成都市,inferred,生产,社会招聘,2026-01-28,页面未说明,一年及以上工作经验,中专及以上，机械、模具、数控等相关专业,若干,若干,熟悉瑞士阿奇夏米尔、日本沙迪克、牧野等品牌火花机的操作与编程。,中专及以上学历；一年及以上工作经验；能熟练解读机械图纸、模具图纸，理解尺寸公差；熟悉铣削、热处理、磨削、放电等基本加工工艺。,页面未说明,listing_page,否,not_available,,http://www.cdyymold.com/zhaopinzhiwei,是,true,A类·企业官方,2026-09-27,2026-09-27,公开招聘中,是,2026-09-27,页面无独立职位详情页。；该职位仅有列表页来源，无独立详情页,
CD0262|成都永源精密模具有限公司|注塑工艺工程师|四川成都,CD0262,462,成都永源精密模具有限公司,是,A,智能制造与装备,注塑工艺工程师,四川成都,四川成都,四川省,成都市,郫都区,成都市,inferred,生产,社会招聘,2026-01-28,页面未说明,页面未说明,中专及以上，机械、模具类专业,2,2,精通注塑成型参数的调整，能根据产品状况快速响应；能凭经验快速判断常见缺陷的产生原因并采取有效措施。,中专及以上学历，机械、模具类专业；精通注塑成型参数调整；熟悉模具安装、调试、拆卸流程；熟练使用检测工具，能看懂图纸。,页面未说明,listing_page,否,not_available,,http://www.cdyymold.com/zhaopinzhiwei,是,true,A类·企业官方,2026-09-27,2026-09-27,公开招聘中,是,2026-09-27,页面无独立职位详情页。；该职位仅有列表页来源，无独立详情页,
CD0262|成都永源精密模具有限公司|注塑模具设计工程师|四川成都,CD0262,463,成都永源精密模具有限公司,是,A,智能制造与装备,注塑模具设计工程师,四川成都,四川成都,四川省,成都市,郫都区,成都市,inferred,设计,社会招聘,2025-01-06,页面未说明,两年及以上模具设计经验,大专及以上，模具相关专业,5,5,岗位要求全文见原文（大专及以上模具相关专业、两年以上模具设计经验、熟练UG NX与AutoCAD、能适应出差）。,大专及以上学历，模具相关专业；两年及以上模具设计经验；熟练使用UG NX、AutoCAD等3D、2D软件；沟通能力强，能适应出差。,页面未说明,listing_page,否,not_available,,http://www.cdyymold.com/zhaopinzhiwei,是,true,A类·企业官方,2026-09-27,2026-09-27,公开招聘中,是,2026-09-27,页面无独立职位详情页，职责栏原文未逐条展示；发布日期为列表页原文。；该职位仅有列表页来源，无独立详情页,
CD0262|成都永源精密模具有限公司|磨床技工|四川成都,CD0262,464,成都永源精密模具有限公司,是,A,智能制造与装备,磨床技工,四川成都,四川成都,四川省,成都市,郫都区,成都市,inferred,生产,社会招聘,2026-01-28,页面未说明,一年及以上工作经验,中专及以上，机械、模具、数控等相关专业,若干,若干,熟练操作平面磨床、内外圆磨床等，精通精密零件的磨削加工。,中专及以上学历；一年及以上工作经验，熟练操作平面磨床、内外圆磨床；能熟练解读机械图纸、模具图纸，理解尺寸公差；熟练使用千分尺、卡尺、高度规等量具。,页面未说明,listing_page,否,not_available,,http://www.cdyymold.com/zhaopinzhiwei,是,true,A类·企业官方,2026-09-27,2026-09-27,公开招聘中,是,2026-09-27,页面无独立职位详情页。；该职位仅有列表页来源，无独立详情页,
CD0264|成都海思智诚自动化设备有限公司|工业机器人销售|成都,CD0264,465,成都海思智诚自动化设备有限公司,是,A,智能制造与装备,工业机器人销售,成都,成都,四川省,成都市,锦江区,成都市,inferred,销售,社会招聘,页面未说明,页面未说明（原文仅写「面议」，未标注具体薪资区间）,页面未说明,页面未说明,10,10,主要负责平台工业机器人（ABB、库卡、安川、发那科）及系统销售；客户发掘，供应商开发与维护；完成下达的销售任务。,机械设备、工业自动化相关专业的应届毕业生优先；1-3年退役士兵优先；良好沟通能力，能接受出差。,页面未说明,listing_page,否,not_available,,http://www.hszcauto.com/About.aspx?ClassID=32,是,true,A类·企业官方,2026-09-27,2026-09-27,公开招聘中,是,2026-09-27,招聘截止时间为 2026-3-31，可能已过期，页面仍在线展示。；该职位仅有列表页来源，无独立详情页,
CD0264|成都海思智诚自动化设备有限公司|机器人调试工程师|页面未说明（职位表「工作地区」栏为空）,CD0264,466,成都海思智诚自动化设备有限公司,是,A,智能制造与装备,机器人调试工程师,页面未说明,页面未说明,四川省,成都市,锦江区,成都市,not_available,生产,社会招聘,页面未说明,页面未说明（原文仅写「面议」，未标注具体薪资区间）,页面未说明,大专及以上,10名,10名,负责工业机器人及相关设备的现场安装调试。,有较强的专业知识学习能力；能够胜任长期出差，适应工厂的工作环境；有良好的沟通能力，愿意长期海外出差者优先。,页面未说明,listing_page,否,not_available,,http://www.hszcauto.com/About.aspx?ClassID=32,是,true,A类·企业官方,2026-09-27,2026-09-27,公开招聘中,是,2026-09-27,职位表「工作地区」栏原文为空，故工作地记为页面未说明；截止时间 2026-3-31。；职位表「工作地区」栏为空；该职位仅有列表页来源，无独立详情页,
CD0267|成都烽炊网络|Unity主程序|成都（天府新区保利天寰广场）,CD0267,467,成都烽炊网络,是,A,游戏,Unity主程序,成都（天府新区保利天寰广场）,成都（天府新区保利天寰广场）,四川省,成都市,天府新区,成都市,confirmed,研发,社会招聘,页面未说明,页面未说明,5年以上Unity开发经验,页面未说明,页面未说明,页面未说明,5年以上Unity开发经验，具备大型项目架构与性能优化能力。（官网『加入我们』板块原文）,页面未说明,页面未说明,listing_page,否,not_available,http://www.firewogames.com/,http://www.firewogames.com/,是,true,A类·企业官方,2026-09-27,2026-09-27,公开招聘中,是,2026-09-27,原文照抄自官网首页『加入我们』板块。,
CD0267|成都烽炊网络|资深3D美术|成都（天府新区保利天寰广场）,CD0267,468,成都烽炊网络,是,A,游戏,资深3D美术,成都（天府新区保利天寰广场）,成都（天府新区保利天寰广场）,四川省,成都市,天府新区,成都市,confirmed,设计,社会招聘,页面未说明,页面未说明,页面未说明,页面未说明,页面未说明,页面未说明,擅长中国风角色/场景建模，熟练使用主流DCC工具。（官网『加入我们』板块原文）,页面未说明,页面未说明,listing_page,否,not_available,http://www.firewogames.com/,http://www.firewogames.com/,是,true,A类·企业官方,2026-09-27,2026-09-27,公开招聘中,是,2026-09-27,原文照抄自官网首页『加入我们』板块。官网页脚地址：四川省成都市天府新区保利天寰广场。,
CD0267|成都烽炊网络|高级游戏策划|成都（天府新区保利天寰广场）,CD0267,469,成都烽炊网络,是,A,游戏,高级游戏策划,成都（天府新区保利天寰广场）,成都（天府新区保利天寰广场）,四川省,成都市,天府新区,成都市,confirmed,研发,社会招聘,页面未说明,页面未说明,3年以上RPG策划经验,页面未说明,页面未说明,页面未说明,负责核心玩法设计与数值平衡，3年以上RPG策划经验。（官网『加入我们』板块原文）,页面未说明,页面未说明,listing_page,否,not_available,http://www.firewogames.com/,http://www.firewogames.com/,是,true,A类·企业官方,2026-09-27,2026-09-27,公开招聘中,是,2026-09-27,原文照抄自官网首页『加入我们 Join Our Team』板块。官网无职位详情页，job_url 填官网首页（企业官方域名）。,
CD0268|成都环境投资集团有限公司|检测技术岗（山南兴蓉环境有限责任公司）|西藏自治区山南市乃东区,CD0268,470,成都环境投资集团有限公司,是,A,环保,检测技术岗（山南兴蓉环境有限责任公司）,西藏自治区山南市乃东区,西藏自治区山南市乃东区,四川省,成都市,,成都市,confirmed,技术,社会招聘,2026-09-17,10-12万元/年,1年及以上污水污泥土壤检测、监测质量管理、样品采集相关工作经验可放宽专业限制,大学本科及以上（环境科学与工程、化学、化工与制药类相关专业，或大专及以上相关工作经验放宽）,1名,1名,负责各水质检测工作，严格执行标准规程，填写原始记录并及时处理数据；负责实验室检测仪器设备运行管理；定期统计报表、数据归档与物资核对。,本科及以上（或大专+经验放宽），环境/化学/化工专业；年龄不超过40周岁；熟练使用监测仪器；可适应高海拔工作环境。,页面未说明,listing_page,否,not_available,https://www.cdenvironment.com/show/1164-90548.html,https://www.cdenvironment.com/category/253/1.html,是,true,A类·企业官方,2026-09-27,2026-09-27,公开招聘中,是,2026-09-27,数据取自公告附件1 PDF原文；工作地为西藏山南市，非成都。,
CD0268|成都环境投资集团有限公司|综合部财务管理岗（西安兴蓉环境发展有限责任公司）|陕西省西安市雁塔区、莲湖区,CD0268,471,成都环境投资集团有限公司,是,A,环保,综合部财务管理岗（西安兴蓉环境发展有限责任公司）,陕西省西安市雁塔区、莲湖区,陕西省西安市雁塔区、莲湖区,四川省,成都市,,成都市,confirmed,职能,社会招聘,2026-09-17,8-10万元/年,具有3年及以上会计、财务管理相关工作经验,大学本科及以上，会计、会计学、财务管理专业,1名,1名,统筹全面预算编制执行与资金统筹调度；负责全盘账务核算、凭证处理、结账与财务报表编制；开展税务管理与筹划；对接银行信贷结算业务，参与投融资项目财务测算。,本科及以上会计/财务管理专业；年龄不超过45周岁；3年及以上财会经验；中级及以上会计师职称或注会/税务师/ACCA之一。,页面未说明,listing_page,否,not_available,https://www.cdenvironment.com/show/1164-90548.html,https://www.cdenvironment.com/category/253/1.html,是,true,A类·企业官方,2026-09-27,2026-09-27,公开招聘中,是,2026-09-27,数据取自公告附件1 PDF原文；工作地为陕西西安，非成都。,
CD0268|成都环境投资集团有限公司|设备技术岗（山南兴蓉环境有限责任公司）|西藏自治区山南市乃东区,CD0268,472,成都环境投资集团有限公司,是,A,环保,设备技术岗（山南兴蓉环境有限责任公司）,西藏自治区山南市乃东区,西藏自治区山南市乃东区,四川省,成都市,,成都市,confirmed,技术,社会招聘,2026-09-17,10-12万元/年,1年及以上机械设备、电气、自控管理、仪器仪表运维相关工作经验可放宽专业限制；2年及以上可进一步放宽；年龄不超过40周岁（截至报名截止时间）,大学本科及以上（机械类、电气类、自动化类等专业，或大专及以上相关工作经验放宽）；需熟练掌握CAD,1名,1名,负责设备、电气、自控管理；组织设备设施维护、大修和更新改造；负责备品备件管理，确保设备设施完好率达标；完成领导交办的其他工作。,本科及以上（或大专+经验放宽），相关工科专业；年龄不超过40周岁；熟练CAD；可适应高海拔工作环境。,页面未说明,listing_page,否,not_available,https://www.cdenvironment.com/show/1164-90548.html,https://www.cdenvironment.com/category/253/1.html,是,true,A类·企业官方,2026-09-27,2026-09-27,公开招聘中,是,2026-09-27,岗位、人数、薪酬、任职资格均取自公告附件1 PDF《成都环境投资集团有限公司下属子公司关于2026年招聘设备技术岗等岗位职责与任职资格条件.pdf》；公告发布时间2026-09-17，报名2026年9月18日至9月30日。岗位工作地为西藏山南市，非成都。,
CD0271|成都益格网络科技有限公司|动作师|成都,CD0271,473,成都益格网络科技有限公司,是,A,游戏,动作师,成都,成都,四川省,成都市,,成都市,inferred,美术,社会招聘,2014-04-29,页面未说明（原文仅写「面谈」，未标注具体薪资区间）,1-3年,大专,3-5人,3-5人,官网招聘列表原文：工作城市成都，薪资待遇面谈，工作性质全职。,官网未给出岗位细节要求。,页面未说明,listing_page,否,not_available,http://www.cdegwl.com/hrlist.aspx,http://www.cdegwl.com/hrlist.aspx,是,true,A类·企业官方,2026-09-27,2026-09-27,公开招聘中,是,2026-09-27,职位名与全部字段取自官网 http://www.cdegwl.com/hrlist.aspx 服务端渲染的职位表原文。数据时效性风险：官网该页显示发布日期为 2014 年、页脚为 2015-2022，职位可能早已失效，请下游使用时复核。,
CD0271|成都益格网络科技有限公司|原画师|成都,CD0271,474,成都益格网络科技有限公司,是,A,游戏,原画师,成都,成都,四川省,成都市,,成都市,inferred,美术,社会招聘,2014-04-28,页面未说明（原文仅写「面谈」，未标注具体薪资区间）,1年以下,大专,1-3人,1-3人,官网招聘列表原文：工作城市成都，薪资待遇面谈，工作性质全职。,官网未给出岗位细节要求。,页面未说明,listing_page,否,not_available,http://www.cdegwl.com/hrlist.aspx,http://www.cdegwl.com/hrlist.aspx,是,true,A类·企业官方,2026-09-27,2026-09-27,公开招聘中,是,2026-09-27,职位名与全部字段取自官网 http://www.cdegwl.com/hrlist.aspx 服务端渲染的职位表原文。数据时效性风险：官网该页显示发布日期为 2014 年、页脚为 2015-2022，职位可能早已失效，请下游使用时复核。,
CD0271|成都益格网络科技有限公司|模型师|成都,CD0271,475,成都益格网络科技有限公司,是,A,游戏,模型师,成都,成都,四川省,成都市,,成都市,inferred,美术,社会招聘,2014-04-29,页面未说明（原文仅写「面谈」，未标注具体薪资区间）,1年以下,大专,5-10人,5-10人,官网招聘列表原文：工作城市成都，薪资待遇面谈，工作性质全职。,官网未给出岗位细节要求。,页面未说明,listing_page,否,not_available,http://www.cdegwl.com/hrlist.aspx,http://www.cdegwl.com/hrlist.aspx,是,true,A类·企业官方,2026-09-27,2026-09-27,公开招聘中,是,2026-09-27,职位名与全部字段取自官网 http://www.cdegwl.com/hrlist.aspx 服务端渲染的职位表原文。数据时效性风险：官网该页显示发布日期为 2014 年、页脚为 2015-2022，职位可能早已失效，请下游使用时复核。,
CD0276|成都能通科技股份有限公司|FPGA工程师|页面未说明（招聘页未标注工作地点）,CD0276,476,成都能通科技股份有限公司,是,A,通信与网络设备,FPGA工程师,页面未说明,页面未说明,四川省,成都市,武侯区,成都市,not_available,研发,社会招聘,页面未说明,页面未说明,页面未说明,应届/往届硕士研究生及以上学历（招聘对象原文）,页面未说明,页面未说明,页面未说明,页面未说明,页面未说明,listing_page,否,not_available,https://www.cdlandtop.com/index.php?cid=16&v=listing,https://www.cdlandtop.com/index.php?cid=16&v=listing,是,true,A类·企业官方,2026-09-27,2026-09-27,公开招聘中,是,2026-09-27,属招聘页『技术研发类』岗位之一。；招聘页未标注工作地点,
CD0276|成都能通科技股份有限公司|嵌入式硬件工程师|页面未说明（招聘页未标注工作地点）,CD0276,477,成都能通科技股份有限公司,是,A,通信与网络设备,嵌入式硬件工程师,页面未说明,页面未说明,四川省,成都市,武侯区,成都市,not_available,研发,社会招聘,页面未说明,页面未说明,页面未说明,应届/往届硕士研究生及以上学历（招聘对象原文）,页面未说明,页面未说明,页面未说明,页面未说明,页面未说明,listing_page,否,not_available,https://www.cdlandtop.com/index.php?cid=16&v=listing,https://www.cdlandtop.com/index.php?cid=16&v=listing,是,true,A类·企业官方,2026-09-27,2026-09-27,公开招聘中,是,2026-09-27,属招聘页『技术研发类』岗位之一。；招聘页未标注工作地点,
CD0276|成都能通科技股份有限公司|嵌入式软件工程师|页面未说明（招聘页未标注工作地点）,CD0276,478,成都能通科技股份有限公司,是,A,通信与网络设备,嵌入式软件工程师,页面未说明,页面未说明,四川省,成都市,武侯区,成都市,not_available,研发,社会招聘,页面未说明,页面未说明,页面未说明,应届/往届硕士研究生及以上学历（招聘对象原文）,页面未说明,页面未说明,页面未说明,页面未说明,页面未说明,listing_page,否,not_available,https://www.cdlandtop.com/index.php?cid=16&v=listing,https://www.cdlandtop.com/index.php?cid=16&v=listing,是,true,A类·企业官方,2026-09-27,2026-09-27,公开招聘中,是,2026-09-27,属招聘页『技术研发类』岗位之一。；招聘页未标注工作地点,
CD0276|成都能通科技股份有限公司|算法工程师(电子干扰/电子侦察方向)|页面未说明（招聘页未标注工作地点）,CD0276,479,成都能通科技股份有限公司,是,A,通信与网络设备,算法工程师(电子干扰/电子侦察方向),页面未说明,页面未说明,四川省,成都市,武侯区,成都市,not_available,研发,社会招聘,页面未说明,页面未说明,页面未说明,应届/往届硕士研究生及以上学历（招聘对象原文）,页面未说明,页面未说明,页面未说明,专业方向：信息与通信工程、通信抗干扰、材料与能源、电子科学与工程、自动化工程、数学科学、信息与软件工程、计算机科学与工程、航天航空、机械与电气工程、物理等相关院系专业（专业方向原文）,能通科技坚持以人为本、共同成长的用人原则，建立开放式的人才机制，吸纳顶尖人才（人才理念原文）,listing_page,否,not_available,https://www.cdlandtop.com/index.php?cid=16&v=listing,https://www.cdlandtop.com/index.php?cid=16&v=listing,是,true,A类·企业官方,2026-09-27,2026-09-27,公开招聘中,是,2026-09-27,招聘页原文：招聘岗位——系统研发类：算法工程师(电子干扰/电子侦察方向)；技术研发类：FPGA工程师、嵌入式软件工程师、嵌入式硬件工程师、软件工程师。；招聘页未标注工作地点,
CD0276|成都能通科技股份有限公司|软件工程师|页面未说明（招聘页未标注工作地点）,CD0276,480,成都能通科技股份有限公司,是,A,通信与网络设备,软件工程师,页面未说明,页面未说明,四川省,成都市,武侯区,成都市,not_available,研发,社会招聘,页面未说明,页面未说明,页面未说明,应届/往届硕士研究生及以上学历（招聘对象原文）,页面未说明,页面未说明,页面未说明,专业方向：信息与通信工程、通信抗干扰、电子科学与工程、自动化工程、数学科学、信息与软件工程、计算机科学与工程、航天航空、机械与电气工程、物理等相关院系专业（专业方向原文）,页面未说明,listing_page,否,not_available,https://www.cdlandtop.com/index.php?cid=16&v=listing,https://www.cdlandtop.com/index.php?cid=16&v=listing,是,true,A类·企业官方,2026-09-27,2026-09-27,公开招聘中,是,2026-09-27,属招聘页『技术研发类』岗位之一。；招聘页未标注工作地点,
CD0278|成都蓉城康养集团有限公司|运营管理部养老院储备院长岗|页面未说明,CD0278,481,成都蓉城康养集团有限公司,是,A,其他,运营管理部养老院储备院长岗,页面未说明,页面未说明,四川省,成都市,,成都市,inferred,运营管理部,社会招聘,页面未说明,14-24万元/年,页面未说明,页面未说明,页面未说明,页面未说明,养老院储备院长岗相关运营管理工作，具体要求详见公告附件1,页面未说明,页面未说明,listing_page,否,not_available,,https://www.cdxctz.com/giftedinfo.aspx?t=52&ContentId=339,是,true,A类·企业官方,2026-09-27,2026-09-27,公开招聘中,是,2026-09-27,岗位名称与年薪区间照抄母公司官网招聘公告原文（报名截止2026年7月8日）；公告正文未列具体职责与学历经验要求，详见附件1，故 job_desc/requirement 填页面未说明。；该职位仅有列表页来源，无独立详情页,
CD0278|成都蓉城康养集团有限公司|运营管理部养老院医护部主任岗|页面未说明,CD0278,482,成都蓉城康养集团有限公司,是,A,其他,运营管理部养老院医护部主任岗,页面未说明,页面未说明,四川省,成都市,,成都市,inferred,运营管理部,社会招聘,页面未说明,10-18万元/年,页面未说明,页面未说明,页面未说明,页面未说明,养老院医护部主任岗位相关管理工作，具体要求详见公告附件1,页面未说明,页面未说明,listing_page,否,not_available,,https://www.cdxctz.com/giftedinfo.aspx?t=52&ContentId=339,是,true,A类·企业官方,2026-09-27,2026-09-27,公开招聘中,是,2026-09-27,岗位名称与年薪区间照抄母公司官网招聘公告原文（报名截止2026年7月8日）；公告正文未列具体职责与学历经验要求，详见附件1，故 job_desc/requirement 填页面未说明。；该职位仅有列表页来源，无独立详情页,
CD0278|成都蓉城康养集团有限公司|运营管理部养老院院务部主任岗|页面未说明,CD0278,483,成都蓉城康养集团有限公司,是,A,其他,运营管理部养老院院务部主任岗,页面未说明,页面未说明,四川省,成都市,,成都市,inferred,运营管理部,社会招聘,页面未说明,10-18万元/年,页面未说明,页面未说明,页面未说明,页面未说明,养老院院务部主任岗位相关管理工作，具体要求详见公告附件1,页面未说明,页面未说明,listing_page,否,not_available,,https://www.cdxctz.com/giftedinfo.aspx?t=52&ContentId=339,是,true,A类·企业官方,2026-09-27,2026-09-27,公开招聘中,是,2026-09-27,岗位名称与年薪区间照抄母公司官网招聘公告原文（报名截止2026年7月8日）；公告正文未列具体职责与学历经验要求，详见附件1，故 job_desc/requirement 填页面未说明。；该职位仅有列表页来源，无独立详情页,
CD0280|成都蜀大侠餐饮管理有限公司|产品经理|页面未说明,CD0280,484,成都蜀大侠餐饮管理有限公司,是,A,餐饮连锁,产品经理,页面未说明,页面未说明,四川省,成都市,锦江区,成都市,inferred,产品,社会招聘,页面未说明,页面未说明,页面未说明,页面未说明,页面未说明,页面未说明,页面未说明,页面未说明,页面未说明,listing_page,否,not_available,,https://www.cd-sdx.com/about,是,true,A类·企业官方,2026-09-27,2026-09-27,待人工复核,待人工复核,2026-09-27,职位名原文出现在官网 /about 页“加入我们”板块的社会招聘栏（“如您是：招商经理 运营督导 产品经理”），页面未给出岗位职责、薪资、学历、经验要求；该板块“查看更多职位”按钮跳转第三方平台（BOSS直聘、猎聘），按规范不作为官方来源，故 job_url 填官网页面本身。；该职位仅有列表页来源，无独立详情页；2026-09-28 复测：页面可访问但列表未含该职位名，状态仍不明确,
CD0280|成都蜀大侠餐饮管理有限公司|招商经理|页面未说明,CD0280,485,成都蜀大侠餐饮管理有限公司,是,A,餐饮连锁,招商经理,页面未说明,页面未说明,四川省,成都市,锦江区,成都市,inferred,招商,社会招聘,页面未说明,页面未说明,页面未说明,页面未说明,页面未说明,页面未说明,页面未说明,页面未说明,页面未说明,listing_page,否,not_available,,https://www.cd-sdx.com/about,是,true,A类·企业官方,2026-09-27,2026-09-27,待人工复核,待人工复核,2026-09-27,职位名原文出现在官网 /about 页“加入我们”板块的社会招聘栏（“如您是：招商经理 运营督导 产品经理”），页面未给出岗位职责、薪资、学历、经验要求；该板块“查看更多职位”按钮跳转第三方平台（BOSS直聘、猎聘），按规范不作为官方来源，故 job_url 填官网页面本身。；该职位仅有列表页来源，无独立详情页；2026-09-28 复测：页面可访问但列表未含该职位名，状态仍不明确,
CD0280|成都蜀大侠餐饮管理有限公司|运营督导|页面未说明,CD0280,486,成都蜀大侠餐饮管理有限公司,是,A,餐饮连锁,运营督导,页面未说明,页面未说明,四川省,成都市,锦江区,成都市,inferred,运营,社会招聘,页面未说明,页面未说明,页面未说明,页面未说明,页面未说明,页面未说明,页面未说明,页面未说明,页面未说明,listing_page,否,not_available,,https://www.cd-sdx.com/about,是,true,A类·企业官方,2026-09-27,2026-09-27,待人工复核,待人工复核,2026-09-27,职位名原文出现在官网 /about 页“加入我们”板块的社会招聘栏（“如您是：招商经理 运营督导 产品经理”），页面未给出岗位职责、薪资、学历、经验要求；该板块“查看更多职位”按钮跳转第三方平台（BOSS直聘、猎聘），按规范不作为官方来源，故 job_url 填官网页面本身。；该职位仅有列表页来源，无独立详情页；2026-09-28 复测：页面可访问但列表未含该职位名，状态仍不明确,
CD0280|成都蜀大侠餐饮管理有限公司|门店储备干部/管培生|页面未说明,CD0280,487,成都蜀大侠餐饮管理有限公司,是,A,餐饮连锁,门店储备干部/管培生,页面未说明,页面未说明,四川省,成都市,锦江区,成都市,inferred,管理,社会招聘,页面未说明,页面未说明,页面未说明,页面未说明,页面未说明,页面未说明,页面未说明,页面未说明,页面未说明,listing_page,否,not_available,,https://www.cd-sdx.com/about,是,true,A类·企业官方,2026-09-27,2026-09-27,待人工复核,待人工复核,2026-09-27,职位名原文出现在官网 /about 页“加入我们”板块的校园招聘栏（“门店储备干部/管培生”），属于校园招聘栏；页面未给出岗位职责、薪资、学历、经验要求，“查看更多职位”按钮跳转第三方平台（BOSS直聘、猎聘），未采用。；该职位仅有列表页来源，无独立详情页；2026-09-28 复测：页面可访问但列表未含该职位名，状态仍不明确,
CD0282|成都西蒙博格科技有限公司|3D Modeler|成都(Chengdu),CD0282,488,成都西蒙博格科技有限公司,是,A,人工智能与大数据,3D Modeler,成都 (Chengdu),成都 (Chengdu),四川省,成都市,高新区,成都市,inferred,设计,社会招聘,页面未说明,页面未说明,1-3 yrs,页面未标注明确学历（列表仅标 Bachelor's+ 门槛）,页面未说明,页面未说明,Full-time。官网标注『Updated』更新时间 2026-03-31。,官网原文：熟悉 Blender / 3ds Max / Maya；有工业 / 建筑 / 场景建模经验优先。,页面未说明,listing_page,否,not_available,https://www.simbog.com/join,https://www.simbog.com/join,是,true,A类·企业官方,2026-09-27,2026-09-27,公开招聘中,是,2026-09-27,职位名与年限/学历/技能要求均取自 https://www.simbog.com/join 页面 Open Positions 列表原文（页面为中英双语，岗位名使用英文原文）。页面未标注薪资与福利，记页面未说明。官网无独立职位详情页，job_url 填官方招聘入口。,
CD0282|成都西蒙博格科技有限公司|3D 建模师|成都,CD0282,489,成都西蒙博格科技有限公司,是,A,人工智能与大数据,3D 建模师,成都,成都,四川省,成都市,高新区,成都市,inferred,设计,社会招聘,2026-03-31,页面未说明,1-3年,页面未说明,页面未说明,页面未说明,页面未说明,熟悉 Blender / 3ds Max / Maya，有工业 / 建筑 / 场景建模经验优先（页面要求原文）,页面未说明,listing_page,否,not_available,https://www.simbog.com/join,https://www.simbog.com/join,是,true,A类·企业官方,2026-09-27,2026-09-27,公开招聘中,是,2026-09-27,岗位卡原文标注『更新于 2026-03-31』。,
CD0282|成都西蒙博格科技有限公司|AI Algorithm Engineer|成都(Chengdu),CD0282,490,成都西蒙博格科技有限公司,是,A,人工智能与大数据,AI Algorithm Engineer,成都 (Chengdu),成都 (Chengdu),四川省,成都市,高新区,成都市,inferred,研发,社会招聘,页面未说明,页面未说明,3-5 yrs,Bachelor's+（本科及以上）,页面未说明,页面未说明,Full-time。官网 Open Positions 列表标注：全职、地点 Chengdu、3-5 yrs。,官网原文方向：CV / 时序建模（computer vision 与 time-series modeling）。,页面未说明,listing_page,否,not_available,https://www.simbog.com/join,https://www.simbog.com/join,是,true,A类·企业官方,2026-09-27,2026-09-27,公开招聘中,是,2026-09-27,职位名与年限/学历/技能要求均取自 https://www.simbog.com/join 页面 Open Positions 列表原文（页面为中英双语，岗位名使用英文原文）。页面未标注薪资与福利，记页面未说明。官网无独立职位详情页，job_url 填官方招聘入口。,
CD0282|成都西蒙博格科技有限公司|AI 算法工程师|成都,CD0282,491,成都西蒙博格科技有限公司,是,A,人工智能与大数据,AI 算法工程师,成都,成都,四川省,成都市,高新区,成都市,inferred,研发,社会招聘,页面未说明,页面未说明,3-5年,页面未说明,页面未说明,页面未说明,页面未说明,CV / 时序建模方向（页面要求原文）,页面未说明,listing_page,否,not_available,https://www.simbog.com/join,https://www.simbog.com/join,是,true,A类·企业官方,2026-09-27,2026-09-27,公开招聘中,是,2026-09-27,岗位卡标注全职。,
CD0282|成都西蒙博格科技有限公司|Blender + Unity 3D Animation Intern|成都(Chengdu),CD0282,492,成都西蒙博格科技有限公司,是,A,人工智能与大数据,Blender + Unity 3D Animation Intern,成都 (Chengdu),成都 (Chengdu),四川省,成都市,高新区,成都市,inferred,设计,社会招聘,页面未说明,页面未说明,在校生 / 应届（Intern 岗位，官网未标年限）,页面未说明,页面未说明,页面未说明,Intern。官网原文要求每周到岗 ≥ 3 天。,官网原文：熟悉 Blender 建模与 Unity 动画。,页面未说明,listing_page,否,not_available,https://www.simbog.com/join,https://www.simbog.com/join,是,true,A类·企业官方,2026-09-27,2026-09-27,公开招聘中,是,2026-09-27,职位名与年限/学历/技能要求均取自 https://www.simbog.com/join 页面 Open Positions 列表原文（页面为中英双语，岗位名使用英文原文）。页面未标注薪资与福利，记页面未说明。官网无独立职位详情页，job_url 填官方招聘入口。,
CD0282|成都西蒙博格科技有限公司|Blender + Unity 3D 动画开发实习生|成都,CD0282,493,成都西蒙博格科技有限公司,是,A,人工智能与大数据,Blender + Unity 3D 动画开发实习生,成都,成都,四川省,成都市,高新区,成都市,inferred,设计,社会招聘,页面未说明,页面未说明,在校生 / 应届,页面未说明,页面未说明,页面未说明,页面未说明,熟悉 Blender 建模与 Unity 动画；每周到岗 ≥ 3 天（页面要求原文）,页面未说明,listing_page,否,not_available,https://www.simbog.com/join,https://www.simbog.com/join,是,true,A类·企业官方,2026-09-27,2026-09-27,公开招聘中,是,2026-09-27,岗位类型为实习。,
CD0282|成都西蒙博格科技有限公司|Frontend / Visualization Engineer|成都(Chengdu),CD0282,494,成都西蒙博格科技有限公司,是,A,人工智能与大数据,Frontend / Visualization Engineer,成都 (Chengdu),成都 (Chengdu),四川省,成都市,高新区,成都市,inferred,研发,社会招聘,页面未说明,页面未说明,2-5 yrs,Bachelor's+（本科及以上）,页面未说明,页面未说明,Full-time。官网 Open Positions 列表标注：全职、地点 Chengdu、2-5 yrs。,官网原文技能偏好：Vue / Three.js 优先。,页面未说明,listing_page,否,not_available,https://www.simbog.com/join,https://www.simbog.com/join,是,true,A类·企业官方,2026-09-27,2026-09-27,公开招聘中,是,2026-09-27,职位名与年限/学历/技能要求均取自 https://www.simbog.com/join 页面 Open Positions 列表原文（页面为中英双语，岗位名使用英文原文）。页面未标注薪资与福利，记页面未说明。官网无独立职位详情页，job_url 填官方招聘入口。,
CD0282|成都西蒙博格科技有限公司|IoT / Embedded Engineer|成都(Chengdu),CD0282,495,成都西蒙博格科技有限公司,是,A,人工智能与大数据,IoT / Embedded Engineer,成都 (Chengdu),成都 (Chengdu),四川省,成都市,高新区,成都市,inferred,研发,社会招聘,页面未说明,页面未说明,2-5 yrs,Bachelor's+（本科及以上）,页面未说明,页面未说明,Full-time。官网 Open Positions 列表标注：全职、地点 Chengdu、2-5 yrs。,官网原文：熟悉 Modbus / MQTT / OPC UA；了解 Radxa / RK3588 / Ascend 平台。,页面未说明,listing_page,否,not_available,https://www.simbog.com/join,https://www.simbog.com/join,是,true,A类·企业官方,2026-09-27,2026-09-27,公开招聘中,是,2026-09-27,职位名与年限/学历/技能要求均取自 https://www.simbog.com/join 页面 Open Positions 列表原文（页面为中英双语，岗位名使用英文原文）。页面未标注薪资与福利，记页面未说明。官网无独立职位详情页，job_url 填官方招聘入口。,
CD0282|成都西蒙博格科技有限公司|Project Delivery / Implementation Engineer|成都(Chengdu),CD0282,496,成都西蒙博格科技有限公司,是,A,人工智能与大数据,Project Delivery / Implementation Engineer,成都 (Chengdu),成都 (Chengdu),四川省,成都市,高新区,成都市,inferred,职能,社会招聘,页面未说明,页面未说明,2+ yrs,页面未说明,页面未说明,页面未说明,Full-time。官网 Open Positions 列表标注：全职、地点 Chengdu、2+ yrs。,官网原文要求：可接受短期出差。,页面未说明,listing_page,否,not_available,https://www.simbog.com/join,https://www.simbog.com/join,是,true,A类·企业官方,2026-09-27,2026-09-27,公开招聘中,是,2026-09-27,职位名与年限/学历/技能要求均取自 https://www.simbog.com/join 页面 Open Positions 列表原文（页面为中英双语，岗位名使用英文原文）。页面未标注薪资与福利，记页面未说明。官网无独立职位详情页，job_url 填官方招聘入口。,
CD0282|成都西蒙博格科技有限公司|Senior Backend Engineer|成都(Chengdu),CD0282,497,成都西蒙博格科技有限公司,是,A,人工智能与大数据,Senior Backend Engineer,成都 (Chengdu),成都 (Chengdu),四川省,成都市,高新区,成都市,inferred,研发,社会招聘,页面未说明,页面未说明,3-5 yrs,Bachelor's+（本科及以上）,页面未说明,页面未说明,Full-time。官网 Open Positions 列表标注：全职、地点 Chengdu、3-5 yrs、Bachelor's+。,官网该岗位未列出更细的技术栈要求，仅给出上述年限与学历要求。,页面未说明,listing_page,否,not_available,https://www.simbog.com/join,https://www.simbog.com/join,是,true,A类·企业官方,2026-09-27,2026-09-27,公开招聘中,是,2026-09-27,职位名与年限/学历/技能要求均取自 https://www.simbog.com/join 页面 Open Positions 列表原文（页面为中英双语，岗位名使用英文原文）。页面未标注薪资与福利，记页面未说明。官网无独立职位详情页，job_url 填官方招聘入口。,
CD0282|成都西蒙博格科技有限公司|Software Engineer (Intern / Junior)|成都(Chengdu),CD0282,498,成都西蒙博格科技有限公司,是,A,人工智能与大数据,Software Engineer (Intern / Junior),成都 (Chengdu),成都 (Chengdu),四川省,成都市,高新区,成都市,inferred,研发,社会招聘,页面未说明,页面未说明,1-3 yrs / new grad ok,Bachelor's+（本科及以上）,页面未说明,页面未说明,Full-time。官网 Open Positions 列表标注：全职、地点 Chengdu、1-3 yrs / new grad ok、Bachelor's+、『One backend language』。,熟悉至少一门后端语言；官网对全体岗位的基本要求为 Strong learning ability / Proactive / High ownership（学习能力强、主动、责任心强）。,页面未说明,listing_page,否,not_available,https://www.simbog.com/join,https://www.simbog.com/join,是,true,A类·企业官方,2026-09-27,2026-09-27,公开招聘中,是,2026-09-27,职位名与年限/学历/技能要求均取自 https://www.simbog.com/join 页面 Open Positions 列表原文（页面为中英双语，岗位名使用英文原文）。页面未标注薪资与福利，记页面未说明。官网无独立职位详情页，job_url 填官方招聘入口。,
CD0282|成都西蒙博格科技有限公司|前端 / 可视化工程师|成都,CD0282,499,成都西蒙博格科技有限公司,是,A,人工智能与大数据,前端 / 可视化工程师,成都,成都,四川省,成都市,高新区,成都市,inferred,研发,社会招聘,页面未说明,页面未说明,2-5年,页面未说明,页面未说明,页面未说明,页面未说明,Vue / Three.js 优先（页面要求原文）,页面未说明,listing_page,否,not_available,https://www.simbog.com/join,https://www.simbog.com/join,是,true,A类·企业官方,2026-09-27,2026-09-27,公开招聘中,是,2026-09-27,岗位卡标注全职。,
CD0282|成都西蒙博格科技有限公司|物联网 / 嵌入式工程师|成都,CD0282,500,成都西蒙博格科技有限公司,是,A,人工智能与大数据,物联网 / 嵌入式工程师,成都,成都,四川省,成都市,高新区,成都市,inferred,研发,社会招聘,页面未说明,页面未说明,2-5年,页面未说明,页面未说明,页面未说明,页面未说明,熟悉 Modbus / MQTT / OPC UA（页面要求原文）,页面未说明,listing_page,否,not_available,https://www.simbog.com/join,https://www.simbog.com/join,是,true,A类·企业官方,2026-09-27,2026-09-27,公开招聘中,是,2026-09-27,岗位卡标注全职。,
CD0282|成都西蒙博格科技有限公司|行政专员 / 助理|成都,CD0282,501,成都西蒙博格科技有限公司,是,A,人工智能与大数据,行政专员 / 助理,成都,成都,四川省,成都市,高新区,成都市,inferred,职能,社会招聘,页面未说明,页面未说明,经验不限 / 1-2 年优先,页面未说明,页面未说明,页面未说明,页面未说明,文职 / 行政管理相关专业优先；细致耐心、沟通顺畅（页面要求原文）,页面未说明,listing_page,否,not_available,https://www.simbog.com/join,https://www.simbog.com/join,是,true,A类·企业官方,2026-09-27,2026-09-27,公开招聘中,是,2026-09-27,岗位卡标注全职。,
CD0282|成都西蒙博格科技有限公司|软件研发工程师 - 实习|成都,CD0282,502,成都西蒙博格科技有限公司,是,A,人工智能与大数据,软件研发工程师 - 实习,成都,成都,四川省,成都市,高新区,成都市,inferred,研发,社会招聘,页面未说明,页面未说明,1-3年 / 应届可投,本科及以上,页面未说明,页面未说明,页面未说明,熟悉至少一门后端语言（页面要求原文）,页面未说明,listing_page,否,not_available,https://www.simbog.com/join,https://www.simbog.com/join,是,true,A类·企业官方,2026-09-27,2026-09-27,公开招聘中,是,2026-09-27,岗位卡标注 HOT、全职。,
CD0282|成都西蒙博格科技有限公司|项目交付 / 实施工程师|成都,CD0282,503,成都西蒙博格科技有限公司,是,A,人工智能与大数据,项目交付 / 实施工程师,成都,成都,四川省,成都市,高新区,成都市,inferred,职能,社会招聘,页面未说明,页面未说明,2年以上,页面未说明,页面未说明,页面未说明,页面未说明,可短期出差（页面要求原文）,页面未说明,listing_page,否,not_available,https://www.simbog.com/join,https://www.simbog.com/join,是,true,A类·企业官方,2026-09-27,2026-09-27,公开招聘中,是,2026-09-27,岗位卡标注全职。,
CD0282|成都西蒙博格科技有限公司|高级后端工程师|成都,CD0282,504,成都西蒙博格科技有限公司,是,A,人工智能与大数据,高级后端工程师,成都,成都,四川省,成都市,高新区,成都市,inferred,研发,社会招聘,页面未说明,页面未说明,3-5年,本科及以上,页面未说明,页面未说明,页面未说明,页面未说明,页面未说明,listing_page,否,not_available,https://www.simbog.com/join,https://www.simbog.com/join,是,true,A类·企业官方,2026-09-27,2026-09-27,公开招聘中,是,2026-09-27,岗位卡标注全职。,
CD0283|成都设计咨询集团有限公司|人事综合岗（所属规划设计公司）|成都市高新区,CD0283,505,成都设计咨询集团有限公司,是,A,设计服务,人事综合岗（所属规划设计公司）,成都市高新区,成都市高新区,四川省,成都市,高新区,成都市,confirmed,职能,社会招聘,2026-05-21,12-20万元/年,具有2年及以上国有企业人力资源相关工作经验；年龄45周岁以下（截至公告发布当日），须为中共党员,硕士研究生及以上学历，并取得相应学位，人力资源管理、劳动与社会保障、劳动关系、行政管理、工商管理、公共管理、心理学专业,1名,1名,制定并实施干部管理制度，负责人力资源规划、岗位体系设计与人才发展体系；设计优化薪酬福利与绩效制度，办理招聘、入职、调动、离职及劳动关系等全流程事务。,硕士研究生及以上，人力资源类相关专业；中共党员；2年及以上国企人力资源工作经验。,页面未说明,listing_page,否,not_available,http://cdadri.com/jobview.aspx?contentid=48&t=55,http://cdadri.com/jobview.aspx?contentid=48&t=55,是,true,A类·企业官方,2026-09-27,2026-09-27,公开招聘中,是,2026-09-27,数据取自官网招聘公告及其附件《岗位需求表（5月）.pdf》原文。,
CD0283|成都设计咨询集团有限公司|党群人事部党群管理岗（所属市人防院）|成都市青羊区,CD0283,506,成都设计咨询集团有限公司,是,A,设计服务,党群人事部党群管理岗（所属市人防院）,成都市青羊区,成都市青羊区,四川省,成都市,高新区,成都市,confirmed,职能,社会招聘,2026-05-21,8-14万元/年,页面未说明,页面未说明,1名,1名,页面未说明,页面未说明,页面未说明,listing_page,否,not_available,http://cdadri.com/jobview.aspx?contentid=48&t=55,http://cdadri.com/jobview.aspx?contentid=48&t=55,是,true,A类·企业官方,2026-09-27,2026-09-27,公开招聘中,是,2026-09-27,该岗位信息仅见于附件《岗位需求表（5月）.pdf》序号14行（成都市青羊区、1人、8-14万元/年），表内未填写职责与任职资格，不作推断。,
CD0283|成都设计咨询集团有限公司|工程师（建筑）（所属市建科院）|成都市成华区,CD0283,507,成都设计咨询集团有限公司,是,A,设计服务,工程师（建筑）（所属市建科院）,成都市成华区,成都市成华区,四川省,成都市,高新区,成都市,confirmed,设计,社会招聘,2026-05-21,12-25万元/年,具有10年及以上工作经验；年龄45周岁以下（截至公告发布当日）；应具有高级及以上职称、一级注册建筑师,大学本科及以上学历，并取得相应学位，建筑学、历史建筑保护工程、智慧建筑与建造专业,2名,2名,负责建筑专业项目总体规划与设计，制定并监督实施方案；组织各设计阶段方案比选、优化与成果评审；管理施工图阶段进度、质量、变更，审查并签章设计图纸。,大学本科及以上，建筑学等相关专业；年龄45周岁以下；10年及以上工作经验；高级及以上职称、一级注册建筑师。,页面未说明,listing_page,否,not_available,http://cdadri.com/jobview.aspx?contentid=48&t=55,http://cdadri.com/jobview.aspx?contentid=48&t=55,是,true,A类·企业官方,2026-09-27,2026-09-27,公开招聘中,是,2026-09-27,数据取自官网招聘公告及其附件《岗位需求表（5月）.pdf》原文。,
CD0283|成都设计咨询集团有限公司|工程师（建造）（所属市建科院）|成都市成华区,CD0283,508,成都设计咨询集团有限公司,是,A,设计服务,工程师（建造）（所属市建科院）,成都市成华区,成都市成华区,四川省,成都市,高新区,成都市,confirmed,设计,社会招聘,2026-05-21,12-25万元/年,具有8年及以上工作经验；年龄45周岁以下（截至公告发布当日）；应具有中级及以上职称、一级注册建造师,大学本科及以上学历，并取得相应学位，土木工程、工程管理、工程造价专业,1名,1名,编制工程概算、预算，审核工程结算并整理归档；开展工程费用经济分析与成本管控；负责建设工程决算资料复核、编录及已完加固工程后期整改费用审核与决算经济指标分析。,大学本科及以上，土木工程/工程管理/工程造价专业；年龄45周岁以下；8年及以上工作经验；中级及以上职称、一级注册建造师。,页面未说明,listing_page,否,not_available,http://cdadri.com/jobview.aspx?contentid=48&t=55,http://cdadri.com/jobview.aspx?contentid=48&t=55,是,true,A类·企业官方,2026-09-27,2026-09-27,公开招聘中,是,2026-09-27,数据取自官网招聘公告《成都设计咨询集团有限公司关于2026年5月招聘工程师（建造）等岗位的公告》（发布时间2026/05/21）及其附件《岗位需求表（5月）.pdf》；报名时间2026年5月21日至6月5日。岗位明细表为附件，工作地、人数、薪酬均表原文照录。,
CD0283|成都设计咨询集团有限公司|工程师（消防）（所属市建科院）|成都市成华区,CD0283,509,成都设计咨询集团有限公司,是,A,设计服务,工程师（消防）（所属市建科院）,成都市成华区,成都市成华区,四川省,成都市,高新区,成都市,confirmed,设计,社会招聘,2026-05-21,12-25万元/年,具有3年及以上工作经验；年龄45周岁以下（截至公告发布当日）；应具有一级注册消防工程师,大学本科及以上学历，并取得相应学位，土木类、公安技术类相关专业,1名,1名,负责消防安全评估相关工作；编制、审核相关质量文件；配合申报消防资质；参与公司质量管理体系建设。,大学本科及以上，土木类/公安技术类相关专业；年龄45周岁以下；3年及以上工作经验；一级注册消防工程师。,页面未说明,listing_page,否,not_available,http://cdadri.com/jobview.aspx?contentid=48&t=55,http://cdadri.com/jobview.aspx?contentid=48&t=55,是,true,A类·企业官方,2026-09-27,2026-09-27,公开招聘中,是,2026-09-27,数据取自官网招聘公告及其附件《岗位需求表（5月）.pdf》原文。,
CD0283|成都设计咨询集团有限公司|工程师（电气）（所属市建科院）|成都市成华区,CD0283,510,成都设计咨询集团有限公司,是,A,设计服务,工程师（电气）（所属市建科院）,成都市成华区,成都市成华区,四川省,成都市,高新区,成都市,confirmed,设计,社会招聘,2026-05-21,12-25万元/年,具有5年及以上工作经验；年龄45周岁以下（截至公告发布当日）；应具有中级及以上职称、注册电气工程师,大学本科及以上学历，并取得相应学位，电气工程及其自动化、电气工程与智能控制、建筑电气与智能化专业,1名,1名,负责电气设计与图纸审查签章；编制电气专业技术方案并对设计进度与质量负责；优化设计方案；负责电气供电设备安装、调试、检修维护与试验，制定本专业检修维护计划。,大学本科及以上，电气类专业；年龄45周岁以下；5年及以上工作经验；中级及以上职称、注册电气工程师。,页面未说明,listing_page,否,not_available,http://cdadri.com/jobview.aspx?contentid=48&t=55,http://cdadri.com/jobview.aspx?contentid=48&t=55,是,true,A类·企业官方,2026-09-27,2026-09-27,公开招聘中,是,2026-09-27,数据取自官网招聘公告及其附件《岗位需求表（5月）.pdf》原文。（job_desc 中 managing 为原文英文夹杂措辞，已按原文语义整理）,
CD0283|成都设计咨询集团有限公司|工程师（结构）（所属市建科院）|成都市成华区,CD0283,511,成都设计咨询集团有限公司,是,A,设计服务,工程师（结构）（所属市建科院）,成都市成华区,成都市成华区,四川省,成都市,高新区,成都市,confirmed,设计,社会招聘,2026-05-21,12-25万元/年,具有5年及以上工作经验；年龄45周岁以下（截至公告发布当日）；具有高级及以上职称或国家一级（或相当）执（职）业资格,硕士研究生及以上学历，并取得相应学位，土木类、测绘类、建筑类、公安技术类、地质类相关专业,1名,1名,负责工程现场检测；编制鉴定报告；完成结构建模计算与数据整理；完成公司交办的其他工作。,硕士研究生及以上，土木/测绘/建筑等相关专业；年龄45周岁以下；5年及以上工作经验；高级及以上职称或一级执业资格（学历可放宽至本科）。,页面未说明,listing_page,否,not_available,http://cdadri.com/jobview.aspx?contentid=48&t=55,http://cdadri.com/jobview.aspx?contentid=48&t=55,是,true,A类·企业官方,2026-09-27,2026-09-27,公开招聘中,是,2026-09-27,数据取自官网招聘公告及其附件《岗位需求表（5月）.pdf》原文。,
CD0283|成都设计咨询集团有限公司|工程师（给排水）（所属市建科院）|成都市成华区,CD0283,512,成都设计咨询集团有限公司,是,A,设计服务,工程师（给排水）（所属市建科院）,成都市成华区,成都市成华区,四川省,成都市,高新区,成都市,confirmed,设计,社会招聘,2026-05-21,12-25万元/年,具有5年及以上工作经验；年龄45周岁以下（截至公告发布当日）；应具有中级及以上职称、注册公共设备工程师（给排水）,大学本科及以上学历，并取得相应学位，给排水科学与工程、城市水系统工程、建筑环境与能源应用工程、市政工程专业,1名,1名,负责给排水设计与图纸审查签章；编制给排水专业技术方案并对设计进度与质量负责；优化设计方案；摸排管网设计、质量、安全问题并提供解决方案。,大学本科及以上，给排水/市政工程专业；年龄45周岁以下；5年及以上工作经验；中级及以上职称、注册公共设备工程师（给排水）。,页面未说明,listing_page,否,not_available,http://cdadri.com/jobview.aspx?contentid=48&t=55,http://cdadri.com/jobview.aspx?contentid=48&t=55,是,true,A类·企业官方,2026-09-27,2026-09-27,公开招聘中,是,2026-09-27,数据取自官网招聘公告及其附件《岗位需求表（5月）.pdf》原文。,
CD0283|成都设计咨询集团有限公司|智能化设计岗（所属市建筑院）|成都市高新区,CD0283,513,成都设计咨询集团有限公司,是,A,设计服务,智能化设计岗（所属市建筑院）,成都市高新区,成都市高新区,四川省,成都市,高新区,成都市,confirmed,设计,社会招聘,2026-05-21,10-25万元/年,页面未说明,页面未说明,2名,2名,页面未说明,页面未说明,页面未说明,listing_page,否,not_available,http://cdadri.com/jobview.aspx?contentid=48&t=55,http://cdadri.com/jobview.aspx?contentid=48&t=55,是,true,A类·企业官方,2026-09-27,2026-09-27,公开招聘中,是,2026-09-27,该岗位信息仅见于附件《岗位需求表（5月）.pdf》序号18行（成都市高新区、2人、10-25万元/年）。公告正文明确电气设计岗和智能化设计岗为紧缺急需岗位，笔试开考比例为不低于1:3。,
CD0283|成都设计咨询集团有限公司|检测师（人防工程）（所属市建科院）|成都市成华区、双流区,CD0283,514,成都设计咨询集团有限公司,是,A,设计服务,检测师（人防工程）（所属市建科院）,成都市成华区、双流区,成都市成华区、双流区,四川省,成都市,高新区,成都市,confirmed,技术,社会招聘,2026-05-21,10-25万元/年,具有3年及以上工作经验；年龄45周岁以下（截至公告发布当日）；应具有中级及以上职称,硕士研究生及以上学历，并取得相应学位，力学类相关专业,1名,1名,负责人防工程检测资质申报及准备工作；开展人防工程项目对接、方案编制、项目实施、出具报告与款项回收；协助内部培训与鉴定工作。,硕士研究生及以上，力学类专业；年龄45周岁以下；3年及以上工作经验；中级及以上职称。,页面未说明,listing_page,否,not_available,http://cdadri.com/jobview.aspx?contentid=48&t=55,http://cdadri.com/jobview.aspx?contentid=48&t=55,是,true,A类·企业官方,2026-09-27,2026-09-27,公开招聘中,是,2026-09-27,数据取自官网招聘公告及其附件《岗位需求表（5月）.pdf》原文。,
CD0283|成都设计咨询集团有限公司|检测师（市政道路工程及材料）（所属市建科院）|成都市成华区、双流区,CD0283,515,成都设计咨询集团有限公司,是,A,设计服务,检测师（市政道路工程及材料）（所属市建科院）,成都市成华区、双流区,成都市成华区、双流区,四川省,成都市,高新区,成都市,confirmed,技术,社会招聘,2026-05-21,10-25万元/年,具有3年及以上工作经验；年龄45周岁以下（截至公告发布当日）；应具有中级及以上职称、公路水运工程试验检测师（道路工程）,硕士研究生及以上学历，并取得相应学位，道路桥梁与渡河工程、材料科学与工程、市政工程专业,1名,1名,负责市政道路及材料工程相关资质申报与准备工作；开展项目对接、方案编制、项目实施、出具报告与款项回收；协助部门开展内部培训。,硕士研究生及以上，道路桥梁与渡河工程/材料/市政工程专业；年龄45周岁以下；3年及以上工作经验；中级职称+公路水运工程试验检测师。,页面未说明,listing_page,否,not_available,http://cdadri.com/jobview.aspx?contentid=48&t=55,http://cdadri.com/jobview.aspx?contentid=48&t=55,是,true,A类·企业官方,2026-09-27,2026-09-27,公开招聘中,是,2026-09-27,数据取自官网招聘公告及其附件《岗位需求表（5月）.pdf》原文。,
CD0283|成都设计咨询集团有限公司|检测师（电气工程）（所属市建科院）|成都市成华区、双流区,CD0283,516,成都设计咨询集团有限公司,是,A,设计服务,检测师（电气工程）（所属市建科院）,成都市成华区、双流区,成都市成华区、双流区,四川省,成都市,高新区,成都市,confirmed,技术,社会招聘,2026-05-21,10-25万元/年,具有3年及以上工作经验；年龄45周岁以下（截至公告发布当日）；应具有中级及以上职称,硕士研究生及以上学历，并取得相应学位，电气工程及其自动化、电气工程与智能控制、建筑电气与智能化专业,1名,1名,负责电气工程相关资质申报及准备工作；开展电气工程项目对接、方案编制、项目实施与款项回收；协助内部培训并开展电气工程设计与改造工作。,硕士研究生及以上，电气类专业；年龄45周岁以下；3年及以上工作经验；中级及以上职称。,页面未说明,listing_page,否,not_available,http://cdadri.com/jobview.aspx?contentid=48&t=55,http://cdadri.com/jobview.aspx?contentid=48&t=55,是,true,A类·企业官方,2026-09-27,2026-09-27,公开招聘中,是,2026-09-27,数据取自官网招聘公告及其附件《岗位需求表（5月）.pdf》原文。,
CD0283|成都设计咨询集团有限公司|经营管理部信息技术工程师（所属市人防院）|成都市青羊区,CD0283,517,成都设计咨询集团有限公司,是,A,设计服务,经营管理部信息技术工程师（所属市人防院）,成都市青羊区,成都市青羊区,四川省,成都市,高新区,成都市,confirmed,技术,社会招聘,2026-05-21,9-15万元/年,页面未说明,页面未说明,2名,2名,页面未说明,页面未说明,页面未说明,listing_page,否,not_available,http://cdadri.com/jobview.aspx?contentid=48&t=55,http://cdadri.com/jobview.aspx?contentid=48&t=55,是,true,A类·企业官方,2026-09-27,2026-09-27,公开招聘中,是,2026-09-27,该岗位信息仅见于附件《岗位需求表（5月）.pdf》的序号13行（成都市青羊区、2人、9-15万元/年），表内该行未填写岗位职责、任职资格与学历经验栏，故相关字段留“页面未说明”，不作推断。,
CD0283|成都设计咨询集团有限公司|绿色建筑设计岗（所属市建筑院）|成都市高新区,CD0283,518,成都设计咨询集团有限公司,是,A,设计服务,绿色建筑设计岗（所属市建筑院）,成都市高新区,成都市高新区,四川省,成都市,高新区,成都市,confirmed,设计,社会招聘,2026-05-21,15-40万元/年,页面未说明,页面未说明,1名,1名,页面未说明,页面未说明,页面未说明,listing_page,否,not_available,http://cdadri.com/jobview.aspx?contentid=48&t=55,http://cdadri.com/jobview.aspx?contentid=48&t=55,是,true,A类·企业官方,2026-09-27,2026-09-27,公开招聘中,是,2026-09-27,该岗位信息仅见于附件《岗位需求表（5月）.pdf》序号16行（成都市高新区、1人、15-40万元/年），表内未填写职责、学历与经验要求，不作推断。,
CD0283|成都设计咨询集团有限公司|规划与国防动员所生产技术岗（综合咨询研究方向）（所属市人防院）|成都市青羊区,CD0283,519,成都设计咨询集团有限公司,是,A,设计服务,规划与国防动员所生产技术岗（综合咨询研究方向）（所属市人防院）,成都市青羊区,成都市青羊区,四川省,成都市,高新区,成都市,confirmed,技术,社会招聘,2026-05-21,10-20万元/年,页面未说明,大学本科及以上学历，并取得相应学位，建筑类、公共管理类、工商管理类、经济学类、管理科学与工程类、土木类相关专业,2名,2名,负责人防（国防动员）项目全生命周期咨询，包括前期策划、可行性研究、项目建议书与资金申请报告撰写；参与人防专项规划及后评价，提供法规解读与政策咨询。,大学本科及以上，建筑类/公共管理类/经济学类等相关专业；年龄45周岁以下；其他条件见附件《岗位需求表（5月）.pdf》。,页面未说明,listing_page,否,not_available,http://cdadri.com/jobview.aspx?contentid=48&t=55,http://cdadri.com/jobview.aspx?contentid=48&t=55,是,true,A类·企业官方,2026-09-27,2026-09-27,公开招聘中,是,2026-09-27,岗位名称、地点、人数、薪酬取自附件《岗位需求表（5月）.pdf》，经验与专业栏按该表摘录。,
CD0284|成都轨道交通集团有限公司|信号技术管理|成都市,CD0284,520,成都轨道交通集团有限公司,是,A,轨道交通,信号技术管理,成都市,成都市,四川省,成都市,,成都市,confirmed,技术,社会招聘,2025-04-24,11-14万元/年,3 年及以上相关工作经验；年龄 35 周岁及以下,大学本科及以上学历，且取得相应学位。轨道交通信号与控制专业,3 人,3 人,负责信号设备技术管理、设备维护、故障处置等相关工作。,1. 学历及专业：大学本科及以上学历，且取得相应学位。轨道交通信号与控制专业。2. 工作经验：3 年及以上相关工作经验。3. 年龄：35 周岁及以下。4. 证书：有相关从业资格证书优先。5. 能力素质要求：熟悉轨道交通信号设备技术管理、设备维护、故障处置等知识；具备较强的沟通协调能力、计划执行能力、问题解决能力和文字写作能力；具备较好的服务意识、安全意识、责任意识和团队意识。,公告薪酬待遇栏为 11 万元-14 万元/年，未列其他福利条款,listing_page,否,not_available,https://www.chengdurail.com/info/2482/58852.htm,https://www.chengdurail.com/ygzp/shzp/zpgg.htm,是,true,A类·企业官方,2026-09-27,2026-09-27,公开招聘中,是,2026-09-27,岗位取自官网 2025年第二批次社会招聘公告正文岗位表，用人单位：成都地铁运营有限公司。,
CD0284|成都轨道交通集团有限公司|副总经理（资产运营管理方向）|成都市,CD0284,521,成都轨道交通集团有限公司,是,A,轨道交通,副总经理（资产运营管理方向）,成都市,成都市,四川省,成都市,,成都市,confirmed,管理,社会招聘,2026-03-19,30-35万元/年,具备 10 年及以上相关从业经历，曾担任知名物业管理企业或知名商业管理企业 3 年及以上区域/城市/片区公司负责人（如总经理、副总经理等职务）及以上层级职务；年龄 45 周岁及以下,大学本科及以上学历，且取得相应学位。物业管理、酒店管理、公共（事业）管理（学）、土木工程、建筑（学）、城乡规划（学）专业,1 人,1 人,负责 TOD 商业资产运营管理工作，负责存量资产盘活、业态优化、增值运营与物业经营等工作，健全资产及物业管理规章制度，促进 TOD 商业资产保值增值，负责对外关系协调及分管领域团队建设等相关工作。,1. 学历要求：大学本科及以上学历，且取得相应学位；2. 专业要求：物业管理、酒店管理、公共（事业）管理（学）、土木工程、建筑（学）、城乡规划（学）专业；国（境）外专业须与以上专业相同或相近；3. 年龄：45 周岁及以下，年龄计算截至公告结束当日；4. 能力素质要求：掌握熟悉商业资产经营与物业管理专业知识，全面掌握资产及物业经营的管理模式、经营逻辑和体系化运作流程；具有较强的系统思维、体系构建和沟通协调能力；具备较好的客户服务意识、责任意识和团队意识；5. 工作经验：具备 10 年及以上相关从业经历，曾担任知名物业管理企业（克尔瑞最近一次发布中国物业服务企业在管规模榜排名前 30 的物业管理企业、物业管理“五大行”）或知名商业管理企业（中国连锁经营协会（CCFA）最近一次发布中国购物中心企业排名前 30 的企业）3 年及以上区域/城市/片区公司负责人（如总经理、副总经理等职务）及以上层级职务。,公告薪酬待遇栏为 30-35 万元/年，未列其他福利条款,direct_detail,是,high,https://www.chengdurail.com/info/2482/121914.htm,https://www.chengdurail.com/ygzp/shzp/zpgg.htm,是,true,A类·企业官方,2026-09-27,2026-09-27,公开招聘中,是,2026-09-27,岗位取自官网 2026年第二批次市场化选聘管理人员公告正文岗位表，用人单位：成都轨道城市商业管理有限公司；报名走成都国企人才综合服务平台。,
CD0284|成都轨道交通集团有限公司|区域开发事业部副总经理|成都市,CD0284,522,成都轨道交通集团有限公司,是,A,轨道交通,区域开发事业部副总经理,成都市,成都市,四川省,成都市,,成都市,confirmed,管理,社会招聘,2025-04-24,30-50万元/年,具备 5 年及以上相关从业经历，曾担任 2 年及以上知名房地产企业区域/城市/片区公司工程部门负责人或多项目总及以上层级职务，且具有 30 万平方米及以上房建项目全周期管理经验；45 周岁及以下,硕士研究生及以上学历，且取得相应学位。土木工程、工程管理、房地产开发与管理、建筑学专业,1 人,1 人,牵头搭建所属区域 TOD 项目的相关制度体系，组织推进所属区域 TOD 项目方案设计、工程进度、质量安全、成本管控、应急维稳等工作，负责所属区域项目团队建设工作。,1. 学历及专业：硕士研究生及以上学历，且取得相应学位。土木工程、工程管理、房地产开发与管理、建筑学专业。2. 工作经验：具备 5 年及以上相关从业经历，曾担任 2 年及以上知名房地产企业（中指研究院最近一次发布全国销售金额或销售面积排名前 30 的房地产企业）区域/城市/片区公司工程部门负责人或多项目总及以上层级职务，且具有 30 万平方米及以上房建项目全周期管理经验。3. 年龄：45 周岁及以下。4. 能力素质要求：熟悉房地产项目工程管理全流程，精通工程设计、成本管控、施工管理等工作；具备较强的组织策划能力、沟通协调能力、决策把关能力、团队建设能力和应变抗压能力；具备良好的职业道德、敬业精神和团队意识。,公告薪酬待遇栏为 30 万元-50 万元/年，未列其他福利条款,listing_page,否,not_available,https://www.chengdurail.com/info/2482/58852.htm,https://www.chengdurail.com/ygzp/shzp/zpgg.htm,是,true,A类·企业官方,2026-09-27,2026-09-27,公开招聘中,是,2026-09-27,岗位取自官网公告《成都轨道交通集团有限公司2025年第二批次社会招聘公告》正文岗位信息表，用人单位：成都轨道城市投资集团有限公司。,
CD0284|成都轨道交通集团有限公司|工程项目经理|成都市,CD0284,523,成都轨道交通集团有限公司,是,A,轨道交通,工程项目经理,成都市,成都市,四川省,成都市,,成都市,confirmed,工程,社会招聘,2025-04-24,20-30万元/年,具备 5 年及以上相关从业经历，曾担任知名房地产企业工程项目经理及以上层级职务，且具有牵头单个开发面积 10 万平方米及以上房建项目全周期工程管理经验；45 周岁及以下,大学本科及以上学历，且取得相应学位。土木工程、工程管理、房地产开发与管理专业,1 人,1 人,负责 TOD 项目现场工程管理，包括质量安全、工程进度、工程造价、应急维稳、综合协调等工作，负责项目团队成员管理工作。,1. 学历及专业：大学本科及以上学历，且取得相应学位。土木工程、工程管理、房地产开发与管理专业。2. 工作经验：具备 5 年及以上相关从业经历，曾担任知名房地产企业（中指研究院最近一次发布全国销售金额或销售面积排名前 30 的房地产企业）工程项目经理及以上层级职务，且具有牵头单个开发面积 10 万平方米及以上房建项目全周期工程管理经验。3. 年龄：45 周岁及以下。4. 能力素质要求：熟悉房地产项目全周期工程管理工作要求；具有较强的组织策划能力、沟通协调能力和应急处突能力；具有良好的职业道德、敬业精神和团队意识。,公告薪酬待遇栏为 20 万元-30 万元/年，未列其他福利条款,listing_page,否,not_available,https://www.chengdurail.com/info/2482/58852.htm,https://www.chengdurail.com/ygzp/shzp/zpgg.htm,是,true,A类·企业官方,2026-09-27,2026-09-27,公开招聘中,是,2026-09-27,岗位取自官网 2025年第二批次社会招聘公告正文岗位表，用人单位：成都轨道城市投资集团有限公司。,
CD0284|成都轨道交通集团有限公司|成本管理|成都市,CD0284,524,成都轨道交通集团有限公司,是,A,轨道交通,成本管理,成都市,成都市,四川省,成都市,,成都市,confirmed,财务,社会招聘,2026-01-15,15-20万元/年,在知名房地产企业、党政机关（事业单位）或中央企业从事 3 年及以上工程造价、成本管理或合约管理等工作经验；年龄 40 周岁及以下,大学本科及以上学历，且取得相应学位。工程造价、工程管理、管理科学（与工程）、土木工程、建筑工程、房地产开发与管理专业,1 人,1 人,负责 TOD 项目全过程成本管理工作、负责编制及审核招标控制价和招标清单、参与招标和合同管理等工作。,1. 学历要求：大学本科及以上学历，且取得相应学位。2. 专业要求：工程造价、工程管理、管理科学（与工程）、土木工程、建筑工程、房地产开发与管理专业；国（境）外专业须与以上专业相同或相近。3. 年龄要求：40 周岁及以下，年龄计算截至公告结束当日。4. 能力素质要求：熟悉成本造价及招标采购等领域法规政策、专业知识和业务技能，具备良好的组织协调能力、沟通谈判和数据分析能力；具备良好的职业道德、敬业精神和团队意识。5. 工作经验：在知名房地产企业（中指研究院最近一次发布全国销售金额或销售面积排名前 30 的房地产企业）、党政机关（事业单位）或中央企业从事 3 年及以上工程造价、成本管理或合约管理等工作经验。,公告薪酬待遇栏为 15-20 万元/年，未列其他福利条款,listing_page,否,not_available,https://www.chengdurail.com/info/2482/117574.htm,https://www.chengdurail.com/ygzp/shzp/zpgg.htm,是,true,A类·企业官方,2026-09-27,2026-09-27,公开招聘中,是,2026-09-27,岗位取自官网 2026年第一批次社会招聘公告页内附件岗位信息表，用人单位：成都轨道城市投资集团有限公司。,
CD0284|成都轨道交通集团有限公司|接触网技术管理|成都市,CD0284,525,成都轨道交通集团有限公司,是,A,轨道交通,接触网技术管理,成都市,成都市,四川省,成都市,,成都市,confirmed,技术,社会招聘,2025-04-24,11-14万元/年,3 年及以上相关工作经验；年龄 35 周岁及以下,大学本科及以上学历，且取得相应学位。电气工程与智能控制、电气工程及其自动化专业,3 人,3 人,负责接触网设备技术管理、设备维护、故障处置等相关工作。,1. 学历及专业：大学本科及以上学历，且取得相应学位。电气工程与智能控制、电气工程及其自动化专业。2. 工作经验：3 年及以上相关工作经验。3. 年龄：35 周岁及以下。4. 证书：有相关从业资格证书优先。5. 能力素质要求：熟悉轨道交通接触网设备技术管理、设备维护、故障处置等知识；具备较强的沟通协调能力、计划执行能力、问题解决能力和文字写作能力；具备较好的服务意识、安全意识、责任意识和团队意识。,公告薪酬待遇栏为 11 万元-14 万元/年，未列其他福利条款,listing_page,否,not_available,https://www.chengdurail.com/info/2482/58852.htm,https://www.chengdurail.com/ygzp/shzp/zpgg.htm,是,true,A类·企业官方,2026-09-27,2026-09-27,公开招聘中,是,2026-09-27,岗位取自官网 2025年第二批次社会招聘公告正文岗位表，用人单位：成都地铁运营有限公司。,
CD0284|成都轨道交通集团有限公司|暖通及给排水工程（房建设计方向）|成都市,CD0284,526,成都轨道交通集团有限公司,是,A,轨道交通,暖通及给排水工程（房建设计方向）,成都市,成都市,四川省,成都市,,成都市,confirmed,工程,社会招聘,2026-03-17,15-20万元/年,具备 8 年及以上相关从业经历，具有知名房地产企业暖通及给排水专业设计工作经验；年龄 40 周岁及以下,大学本科及以上学历，且取得相应学位。给排水科学与工程、建筑环境与能源应用工程、供热、供燃气、通风及空调工程专业,1 人,1 人,负责编制 TOD 项目暖通及给排水专业的设计标准和工作计划，负责暖通及给排水专业的方案及施工图管理、设计进度、质量把控及对外关系协调等相关工作。,1. 学历要求：大学本科及以上学历，且取得相应学位。2. 专业要求：给排水科学与工程，建筑环境与能源应用工程，供热、供燃气、通风及空调工程专业；国（境）外专业须与以上专业相同或相近。3. 年龄要求：40 周岁及以下，年龄计算截至公告结束当日。4. 能力素质要求：熟悉房建项目暖通及给排水设计政策法规、专业知识、设计规范；具备方案到施工图阶段的全程管控能力；具备良好的暖通及给排水设计能力、沟通协调能力、创新思考能力和抗压能力；具备良好的职业道德、敬业精神和团队意识。5. 工作经验：具备 8 年及以上相关从业经历，具有知名房地产企业（中指研究院最近一次发布全国销售金额或销售面积排名前 30 的房地产企业）暖通及给排水专业设计工作经验。,公告薪酬待遇栏为 15-20 万元/年，未列其他福利条款,listing_page,否,not_available,https://www.chengdurail.com/info/2482/121634.htm,https://www.chengdurail.com/ygzp/shzp/zpgg.htm,是,true,A类·企业官方,2026-09-27,2026-09-27,公开招聘中,是,2026-09-27,岗位取自官网 2026年第二批次社会招聘公告页内附件岗位信息表，用人单位：成都轨道城市投资集团有限公司。,
CD0284|成都轨道交通集团有限公司|校招生（客运组织）|成都市,CD0284,527,成都轨道交通集团有限公司,是,A,轨道交通,校招生（客运组织）,成都市,成都市,四川省,成都市,,成都市,confirmed,运营,社会招聘,2026-03-17,8-10万元/年,2026 届高校应届毕业生（含 2 年择业期内未落实工作单位的高校毕业生）；大学本科不超过 25 周岁，硕士研究生不超过 30 周岁，博士研究生不超过 35 周岁,大学本科及以上学历并取得相应学位。交通运输、交通运输工程、交通运输规划与管理专业,20 人,20 人,根据所学专业和公司需要在站务专业安排业务见习，见习期满考核合格后在本专业负责客运组织、票务管理、安全管理等相关工作。,1. 学历要求：2026 届高校应届毕业生（含 2 年择业期内未落实工作单位的高校毕业生），大学本科及以上学历并取得相应学位；2. 专业要求：交通运输、交通运输工程、交通运输规划与管理，国（境）外专业须与以上专业相同或相近；3. 年龄要求：大学本科不超过 25 周岁，硕士研究生不超过 30 周岁，博士研究生不超过 35 周岁，年龄计算截至公告结束当日；4. 能力素质要求：熟悉轨道交通客运组织、票务管理、安全管理等知识；具备较强的沟通协调能力、计划执行能力、问题解决能力；具备较强的服务意识、安全意识、责任意识和团队意识等；5. 身体素质要求：因设备操作需要，要求男性净身高不低于 165 厘米，女性净身高不低于 158 厘米；辨色正常，无色盲、色弱和弱视，双眼裸眼视力不低于 0.8（4.9）或矫正视力不低于 1.0（5.0）。,公告薪酬待遇栏为 8-10 万元/年，未列其他福利条款,listing_page,否,not_available,https://www.chengdurail.com/info/2422/121604.htm,https://www.chengdurail.com/ygzp/shzp/zpgg.htm,是,true,A类·企业官方,2026-09-27,2026-09-27,公开招聘中,是,2026-09-27,岗位取自官网 2026年度第一批次校园招聘公告正文岗位表，用人单位：成都地铁运营有限公司。,
CD0284|成都轨道交通集团有限公司|校招生（思政类）|成都市双流区,CD0284,528,成都轨道交通集团有限公司,是,A,轨道交通,校招生（思政类）,成都市 双流区,成都市 双流区,四川省,成都市,,成都市,confirmed,职能,社会招聘,2026-05-21,10-12万元/年,2026 届高校应届毕业生（含 2 年择业期内未落实工作单位的高校毕业生）；硕士研究生不超过 30 周岁，博士研究生不超过 35 周岁,硕士研究生及以上学历并取得相应学位。政治学类专业,1 人,1 人,根据所学专业和公司需要安排业务见习，见习期满考核合格后确定工作岗位。,1. 学历要求：2026 届高校应届毕业生（含 2 年择业期内未落实工作单位的高校毕业生），硕士研究生及以上学历并取得相应学位；2. 专业要求：政治学类专业；3. 政治面貌：中共党员（含预备党员）；4. 年龄要求：硕士研究生不超过 30 周岁，博士研究生不超过 35 周岁（年龄计算截至公告结束当日）；5. 能力素质要求：政治理论功底扎实，具备较强的沟通协调能力、数据分析能力、逻辑思维能力、问题解决能力和文字写作能力；具备良好的职业道德、敬业精神和团队意识。,公告薪酬待遇栏为 10-12 万元/年，未列其他福利条款,listing_page,否,not_available,https://www.chengdurail.com/info/2422/127594.htm,https://www.chengdurail.com/ygzp/shzp/zpgg.htm,是,true,A类·企业官方,2026-09-27,2026-09-27,公开招聘中,是,2026-09-27,岗位取自官网 2026年度第二批次校园招聘公告正文岗位表，用人单位：成都轨道资源经营管理有限公司，工作地点原文“成都市 双流区”。,
CD0284|成都轨道交通集团有限公司|校招生（数据分析类）|成都市双流区,CD0284,529,成都轨道交通集团有限公司,是,A,轨道交通,校招生（数据分析类）,成都市 双流区,成都市 双流区,四川省,成都市,,成都市,confirmed,职能,社会招聘,2026-05-21,10-12万元/年,2026 届高校应届毕业生（含 2 年择业期内未落实工作单位的高校毕业生）；硕士研究生不超过 30 周岁，博士研究生不超过 35 周岁,硕士研究生及以上学历并取得相应学位,1 人,1 人,页面未逐条列出岗位职责，仅说明见习期满考核合格后确定工作岗位。,公告该岗位任职资格条件行未完整渲染到正文文本，仅能确认学历与岗位类别，故此处不作推断。,公告薪酬待遇栏为 10-12 万元/年，未列其他福利条款,listing_page,否,not_available,https://www.chengdurail.com/info/2422/127594.htm,https://www.chengdurail.com/ygzp/shzp/zpgg.htm,是,true,A类·企业官方,2026-09-27,2026-09-27,公开招聘中,是,2026-09-27,岗位名、人数、工作地点、薪酬取自官网 2026年度第二批次校园招聘公告正文岗位表第 2 行；用人单位栏与第 1 行同属成都轨道资源经营管理有限公司，任职资格行未在页面文本中呈现。,
CD0284|成都轨道交通集团有限公司|校招生（财务管理）|成都市,CD0284,530,成都轨道交通集团有限公司,是,A,轨道交通,校招生（财务管理）,成都市,成都市,四川省,成都市,,成都市,confirmed,财务,社会招聘,2026-03-17,8-10万元/年,2026 届高校应届毕业生（含 2 年择业期内未落实工作单位的高校毕业生）；硕士研究生不超过 30 周岁，博士研究生不超过 35 周岁,硕士研究生及以上学历并取得相应学位。财务管理、会计（学）、税务、金融（学）专业,5 人,5 人,根据所学专业和公司需要在财务专业安排业务见习，见习期满考核合格后在本专业负责会计核算、资金管理等相关工作。,1. 学历要求：2026 届高校应届毕业生（含 2 年择业期内未落实工作单位的高校毕业生），硕士研究生及以上学历并取得相应学位；2. 专业要求：财务管理、会计（学）、税务、金融（学），国（境）外专业须与以上专业相同或相近；3. 年龄要求：硕士研究生不超过 30 周岁，博士研究生不超过 35 周岁，年龄计算截至公告结束当日；4. 能力素质要求：熟悉财务知识、政策法规等；具备较强的沟通协调能力、计划执行能力、问题解决能力；具备良好的职业道德、敬业精神、团队意识等。,公告薪酬待遇栏为 8-10 万元/年，未列其他福利条款,listing_page,否,not_available,https://www.chengdurail.com/info/2422/121604.htm,https://www.chengdurail.com/ygzp/shzp/zpgg.htm,是,true,A类·企业官方,2026-09-27,2026-09-27,公开招聘中,是,2026-09-27,岗位取自官网 2026年度第一批次校园招聘公告正文岗位表，用人单位：成都轨道交通集团有限公司下属二级公司。,
CD0284|成都轨道交通集团有限公司|校招生（财务管理）（所属成都地铁运营有限公司）|成都市,CD0284,531,成都轨道交通集团有限公司,是,A,轨道交通,校招生（财务管理）（所属成都地铁运营有限公司）,成都市,成都市,四川省,成都市,,成都市,confirmed,财务,社会招聘,2026-09-17,页面未说明,2027 届高校应届毕业生（含 2 年择业期内未落实工作单位的高校毕业生）；年龄上限见公告,硕士研究生及以上学历并取得相应学位,2 人,2 人,根据所学专业和公司需要在财务专业安排业务见习，见习期满考核合格后在本专业负责会计核算、资金管理等相关工作。,公告该岗位任职资格条件行未逐条列出，正文仅说明见习方向与用人单位（成都地铁运营有限公司）；年龄与学历条件与同一公告“集团公司管培生（财务管理类）”一致，未在此重复摘录。,公告薪酬待遇栏数值被页面表格截断，未能确认，页面未说明,listing_page,否,not_available,https://www.chengdurail.com/info/2422/136474.htm,https://www.chengdurail.com/ygzp/shzp/zpgg.htm,是,true,A类·企业官方,2026-09-27,2026-09-27,公开招聘中,是,2026-09-27,岗位名与人数取自官网 2026年度第三批次校园招聘公告正文岗位表第 2 行；薪酬栏原文残缺（渲染为“　-10 万元 / 年”），故按页面未说明处理。,
CD0284|成都轨道交通集团有限公司|校招生（通信技术）|成都市,CD0284,532,成都轨道交通集团有限公司,是,A,轨道交通,校招生（通信技术）,成都市,成都市,四川省,成都市,,成都市,confirmed,技术,社会招聘,2026-03-17,8-10万元/年,2026 届高校应届毕业生（含 2 年择业期内未落实工作单位的高校毕业生）；大学本科不超过 25 周岁，硕士研究生不超过 30 周岁，博士研究生不超过 35 周岁,大学本科及以上学历并取得相应学位。通信工程、信息工程、信息与通信工程、通信与信息系统专业,2 人,2 人,根据所学专业和公司需要在通信专业安排业务见习，见习期满考核合格后在本专业负责通信设备技术管理、设备维护、故障处置等相关工作。,1. 学历要求：2026 届高校应届毕业生（含 2 年择业期内未落实工作单位的高校毕业生），大学本科及以上学历并取得相应学位；2. 专业要求：通信工程、信息工程、信息与通信工程、通信与信息系统，国（境）外专业须与以上专业相同或相近；3. 年龄要求：大学本科不超过 25 周岁，硕士研究生不超过 30 周岁，博士研究生不超过 35 周岁，年龄计算截至公告结束当日；4. 能力素质要求：熟悉通信技术管理知识、安全管理知识等；具备较强的沟通协调能力、计划执行能力、问题解决能力；具备较强的服务意识、安全意识、责任意识和团队意识等；5. 身体素质要求：因设备操作及检修需要，要求辨色正常，无色盲、色弱和弱视。,公告薪酬待遇栏为 8-10 万元/年，未列其他福利条款,listing_page,否,not_available,https://www.chengdurail.com/info/2422/121604.htm,https://www.chengdurail.com/ygzp/shzp/zpgg.htm,是,true,A类·企业官方,2026-09-27,2026-09-27,公开招聘中,是,2026-09-27,岗位取自官网 2026年度第一批次校园招聘公告正文岗位表，用人单位：成都地铁运营有限公司。,
CD0284|成都轨道交通集团有限公司|电气工程（房建设计方向）|成都市,CD0284,533,成都轨道交通集团有限公司,是,A,轨道交通,电气工程（房建设计方向）,成都市,成都市,四川省,成都市,,成都市,confirmed,工程,社会招聘,2026-03-17,15-20万元/年,具备 8 年及以上相关从业经历，具有知名房地产企业电气设计工作经验；年龄 40 周岁及以下,大学本科及以上学历，且取得相应学位。电气工程（及其自动化）、电气工程与智能控制、建筑电气与智能化专业,1 人,1 人,负责编制 TOD 项目电气专业的设计标准和工作计划，负责电气专业的方案及施工图管理、设计进度、质量把控及对外关系协调等相关工作。,1. 学历要求：大学本科及以上学历，且取得相应学位。2. 专业要求：电气工程（及其自动化）、电气工程与智能控制、建筑电气与智能化专业；国（境）外专业须与以上专业相同或相近。3. 年龄要求：40 周岁及以下，年龄计算截至公告结束当日。4. 能力素质要求：熟悉房建项目电气设计政策法规、专业知识、设计规范；具备方案到施工图阶段的全程管控能力，具备良好的电气设计能力、沟通协调能力、创新思考能力和抗压能力；具备良好的职业道德、敬业精神和团队意识。5. 工作经验：具备 8 年及以上相关从业经历，具有知名房地产企业（中指研究院最近一次发布全国销售金额或销售面积排名前 30 的房地产企业）电气设计工作经验。,公告薪酬待遇栏为 15-20 万元/年，未列其他福利条款,listing_page,否,not_available,https://www.chengdurail.com/info/2482/121634.htm,https://www.chengdurail.com/ygzp/shzp/zpgg.htm,是,true,A类·企业官方,2026-09-27,2026-09-27,公开招聘中,是,2026-09-27,岗位取自官网 2026年第二批次社会招聘公告页内附件岗位信息表，用人单位：成都轨道城市投资集团有限公司。,
CD0284|成都轨道交通集团有限公司|站务员|成都市,CD0284,534,成都轨道交通集团有限公司,是,A,轨道交通,站务员,成都市,成都市,四川省,成都市,,成都市,confirmed,运营,社会招聘,2025-04-24,8-10万元/年,3 年及以上相关工作经验或 1 年及以上同岗位（含铁路、城市轨道交通运营及委外单位，轨道装备制造及设计单位等）工作经验；年龄 35 周岁及以下；男性净身高不低于 165 厘米，女性净身高不低于 158 厘米，辨色正常，无色盲、色弱和弱视,专科及以上，交通运输、交通工程、交通设备与控制工程、安全工程、城市轨道交通运营管理专业,10 人,10 人,负责客运组织、票务管理、安全管理等相关工作。,1. 学历及专业：专科及以上，交通运输、交通工程、交通设备与控制工程、安全工程、城市轨道交通运营管理专业。2. 工作经验：3 年及以上相关工作经验或 1 年及以上同岗位（含铁路、城市轨道交通运营及委外单位，轨道装备制造及设计单位等）工作经验。3. 年龄：35 周岁及以下。4. 证书：有相关从业资格证书优先。5. 能力素质要求：熟悉轨道交通客运组织、票务管理、安全管理等知识；具备较强的沟通协调能力、计划执行能力、问题解决能力；具备较好的服务意识、安全意识、责任意识和团队意识。6. 身体素质要求：男性净身高不低于 165 厘米，女性净身高不低于 158 厘米，辨色正常，无色盲、色弱和弱视。,公告薪酬待遇栏为 8 万元-10 万元/年，未列其他福利条款,listing_page,否,not_available,https://www.chengdurail.com/info/2482/58852.htm,https://www.chengdurail.com/ygzp/shzp/zpgg.htm,是,true,A类·企业官方,2026-09-27,2026-09-27,公开招聘中,是,2026-09-27,岗位取自官网 2025年第二批次社会招聘公告正文岗位表，用人单位：成都地铁运营有限公司。,
CD0284|成都轨道交通集团有限公司|精装设计|成都市,CD0284,535,成都轨道交通集团有限公司,是,A,轨道交通,精装设计,成都市,成都市,四川省,成都市,,成都市,confirmed,设计,社会招聘,2026-01-15,15-20万元/年,具备 8 年及以上相关从业经历，具有知名房地产企业精装设计工作经验；年龄 40 周岁及以下,大学本科及以上学历，且取得相应学位。环境设计、（艺术）设计学、建筑（学）专业,1 人,1 人,负责 TOD 项目精装设计专业各类文件编制、方案及施工图管理、精装设计进度及质量把控等工作。,1. 学历要求：大学本科及以上学历，且取得相应学位。2. 专业要求：环境设计、（艺术）设计学、建筑（学）专业；国（境）外专业须与以上专业相同或相近。3. 年龄要求：40 周岁及以下，年龄计算截至公告结束当日。4. 能力素质要求：熟悉房建项目精装设计政策法规、专业知识、设计规范；具备方案到施工图阶段的全程管控能力，具备良好的精装设计能力、沟通协调能力、创新思考能力和抗压能力；具备良好的职业道德、敬业精神和团队意识。5. 工作经验：具备 8 年及以上相关从业经历，具有知名房地产企业（中指研究院最近一次发布全国销售金额或销售面积排名前 30 的房地产企业）精装设计工作经验。,公告薪酬待遇栏为 15-20 万元/年，未列其他福利条款,listing_page,否,not_available,https://www.chengdurail.com/info/2482/117574.htm,https://www.chengdurail.com/ygzp/shzp/zpgg.htm,是,true,A类·企业官方,2026-09-27,2026-09-27,公开招聘中,是,2026-09-27,岗位取自官网 2026年第一批次社会招聘公告页内附件岗位信息表，用人单位：成都轨道城市投资集团有限公司。,
CD0284|成都轨道交通集团有限公司|维修专员（所属成都轨道资源经营管理有限公司）（一线岗位）|成都市,CD0284,536,成都轨道交通集团有限公司,是,A,轨道交通,维修专员（所属成都轨道资源经营管理有限公司）（一线岗位）,成都市,成都市,四川省,成都市,,成都市,confirmed,运维,社会招聘,2026-09-17,5-7万元/年,具备 1 年及以上设备维修、机械维修、电气、机电、工程维保等相关从业经历，工龄计算截至公告结束当日；不超过 35 周岁,大学专科及以上学历。机电设备类、自动化类、设备维修类、城市轨道交通类、道路运输类相关专业,2 人,2 人,主要负责轨道交通线网车站、场段、商业及物业空间设施设备管理、维修及养护、预防性巡检、隐患排查、应急抢修、故障处理、设备技术改造、节能优化、现场支持及协调等。,1. 学历要求：大学专科及以上学历；2. 专业要求：机电设备类、自动化类、设备维修类、城市轨道交通类、道路运输类相关专业；3. 年龄要求：不超过 35 周岁，年龄计算截至公告结束当日；4. 工作经验：具备 1 年及以上设备维修、机械维修、电气、机电、工程维保等相关从业经历；工龄计算截至公告结束当日；5. 专业技术职称或执（职）业资格：持有电工证（高压、低压、防爆）、或制冷与空调证（制冷与空调设备运行操作证、制冷与空调设备安装修理证）、或电梯工证；6. 能力素质要求：熟悉机电设备运维标准、操作规范及物业安全技术规范；具备较强的沟通协调能力、计划执行能力和问题解决能力；具备较好的服务意识、安全意识、责任意识和团队意识。,公告薪酬待遇栏为 5-7 万元/年，未列其他福利条款,direct_detail,是,high,https://www.chengdurail.com/info/2482/136374.htm,https://www.chengdurail.com/ygzp/shzp/zpgg.htm,是,true,A类·企业官方,2026-09-27,2026-09-27,公开招聘中,是,2026-09-27,岗位取自官网 2026年度第三批次社会招聘公告正文岗位表（公告标注“进行中”），报名网址 https://gq.cdrchr.cn/soe-job/portal/special?activeTab=2&bgep11=848749118744966。,
CD0284|成都轨道交通集团有限公司|财务管理岗|成都市,CD0284,537,成都轨道交通集团有限公司,是,A,轨道交通,财务管理岗,成都市,成都市,四川省,成都市,,成都市,confirmed,财务,社会招聘,2025-04-24,10-20万元/年,应届硕士研究生，公告未单独列出工作年限要求,应届硕士研究生及以上学历并取得相应学位。财务管理、会计（学）、税务专业,3 人,3 人,负责预算管理、财务分析、资金管理、税务筹划和会计核算相关工作，配合审计和财务检查等工作。,1. 学历：应届硕士研究生及以上学历并取得相应学位。2. 专业：财务管理、会计（学）、税务专业。3. 证书：具有相应的专业技术职称或职（执）业资格。4. 能力素质要求：熟悉预算管理、财务分析、资金管理、税务筹划和会计核算等相关知识，具备较强的沟通协调能力、数据分析能力、逻辑思维能力、问题解决能力和公文写作能力；具备良好的职业道德、敬业精神和团队意识。5. 在校期间获得校级及以上奖学金、具有学校社团工作或学生干部工作经历、发表核心期刊论文或持有发明专利的优先。,公告薪酬待遇栏为 10 万元-20 万元/年，未列其他福利条款,direct_detail,是,high,https://www.chengdurail.com/info/2422/58702.htm,https://www.chengdurail.com/ygzp/shzp/zpgg.htm,是,true,A类·企业官方,2026-09-27,2026-09-27,公开招聘中,是,2026-09-27,岗位取自官网 2025年第二批次校园招聘公告正文岗位表第 2 行，用人单位：成都轨道交通集团有限公司所属二级公司。,
CD0284|成都轨道交通集团有限公司|资产管理|成都市,CD0284,538,成都轨道交通集团有限公司,是,A,轨道交通,资产管理,成都市,成都市,四川省,成都市,,成都市,confirmed,财务,社会招聘,2025-04-24,11-14万元/年,3 年及以上相关工作经验；年龄 35 周岁及以下,大学本科及以上学历，且取得相应学位，财务管理、会计学专业,1 人,1 人,负责资产管理制度体系建设，组织开展资产配置、资产账务、资产评估、资产处置、资产经营等事项，配合上级及外部检查等相关工作。,1. 学历及专业：大学本科及以上学历，且取得相应学位，财务管理、会计学专业。2. 工作经验：3 年及以上相关工作经验。3. 年龄：35 周岁及以下。4. 证书：具有相应的专业技术职称或职（执）业资格。5. 能力素质要求：熟悉资产管理、资产经营、财务管理等相关知识，具备较强的沟通协调能力、计划执行能力、问题解决能力；具备良好的职业道德、敬业精神和团队意识。,公告薪酬待遇栏为 11 万元-14 万元/年，未列其他福利条款,listing_page,否,not_available,https://www.chengdurail.com/info/2482/58852.htm,https://www.chengdurail.com/ygzp/shzp/zpgg.htm,是,true,A类·企业官方,2026-09-27,2026-09-27,公开招聘中,是,2026-09-27,岗位取自官网 2025年第二批次社会招聘公告正文岗位表，用人单位：成都地铁运营有限公司。,
CD0284|成都轨道交通集团有限公司|通信技术管理|成都市,CD0284,539,成都轨道交通集团有限公司,是,A,轨道交通,通信技术管理,成都市,成都市,四川省,成都市,,成都市,confirmed,技术,社会招聘,2025-04-24,11-14万元/年,3 年及以上相关工作经验；年龄 35 周岁及以下,大学本科及以上学历，且取得相应学位。通信工程、电子信息工程、电子科学与技术专业,3 人,3 人,负责通信设备技术管理、设备维护、故障处置等相关工作。,1. 学历及专业：大学本科及以上学历，且取得相应学位。通信工程、电子信息工程、电子科学与技术专业。2. 工作经验：3 年及以上相关工作经验。3. 年龄：35 周岁及以下。4. 证书：有相关从业资格证书优先。5. 能力素质要求：熟悉轨道交通通信设备技术管理、设备维护、故障处置等知识；具备较强的沟通协调能力、计划执行能力、问题解决能力和文字写作能力；具备较好的服务意识、安全意识、责任意识和团队意识。,公告薪酬待遇栏为 11 万元-14 万元/年，未列其他福利条款,listing_page,否,not_available,https://www.chengdurail.com/info/2482/58852.htm,https://www.chengdurail.com/ygzp/shzp/zpgg.htm,是,true,A类·企业官方,2026-09-27,2026-09-27,公开招聘中,是,2026-09-27,岗位取自官网 2025年第二批次社会招聘公告正文岗位表，用人单位：成都地铁运营有限公司。,
CD0284|成都轨道交通集团有限公司|通信检修工|成都市,CD0284,540,成都轨道交通集团有限公司,是,A,轨道交通,通信检修工,成都市,成都市,四川省,成都市,,成都市,confirmed,技术,社会招聘,2025-04-24,8-10万元/年,3 年及以上相关工作经验或 1 年及以上同岗位（含铁路、城市轨道交通运营及委外单位，轨道装备制造及设计单位等）工作经验；年龄 35 周岁及以下,专科及以上，通信工程、电子信息工程、电子科学与技术、网络工程专业,10 人,10 人,负责通信设备的运行维护、故障处理等相关工作。,1. 学历及专业：专科及以上，通信工程、电子信息工程、电子科学与技术、网络工程专业。2. 工作经验：3 年及以上相关工作经验或 1 年及以上同岗位（含铁路、城市轨道交通运营及委外单位，轨道装备制造及设计单位等）工作经验。3. 年龄：35 周岁及以下。4. 证书：有相关从业资格证书优先。5. 能力素质要求：熟悉轨道交通通信设备的运行维护、故障处理等知识；具备较强的沟通协调能力、计划执行能力、问题解决能力；具备较好的服务意识、安全意识、责任意识和团队意识。,公告薪酬待遇栏为 8 万元-10 万元/年，未列其他福利条款,listing_page,否,not_available,https://www.chengdurail.com/info/2482/58852.htm,https://www.chengdurail.com/ygzp/shzp/zpgg.htm,是,true,A类·企业官方,2026-09-27,2026-09-27,公开招聘中,是,2026-09-27,岗位取自官网 2025年第二批次社会招聘公告正文岗位表，用人单位：成都地铁运营有限公司。,
CD0284|成都轨道交通集团有限公司|集团公司管培生|成都市,CD0284,541,成都轨道交通集团有限公司,是,A,轨道交通,集团公司管培生,成都市,成都市,四川省,成都市,,成都市,confirmed,管理,社会招聘,2026-03-17,15-25万元/年,2026 届高校应届毕业生（含 2 年择业期内未落实工作单位的高校毕业生）；硕士研究生不超过 30 岁，博士研究生不超过 35 岁,硕士研究生及以上学历并取得相应学位。人工智能、电子信息、智能科学与技术专业,2 人,2 人,进行为期 2-3 年的系统培养。在导师的指导下，全面参与日常业务、专项任务、重点项目、课题研究，积累实践经验，提高专业素养；适时参与送外锻炼、主题培训、专题辅导、轮岗交流、拓展思维视野，提升综合能力。培养期结束后根据现实表现在集团系统内进行定岗。,1. 学历要求：2026 届高校应届毕业生（含 2 年择业期内未落实工作单位的高校毕业生），硕士研究生及以上学历并取得相应学位；2. 专业要求：人工智能、电子信息、智能科学与技术；国（境）外专业须与以上专业相同或相近；本科专业与硕博专业须相同或相近；3. 年龄要求：硕士研究生不超过 30 岁，博士研究生不超过 35 岁，年龄计算截至公告结束当日；4. 能力素质要求：具备较强的沟通协调能力、数据分析能力、逻辑思维能力、问题解决能力和文字写作能力；具备良好的职业道德、敬业精神和团队意识。,公告薪酬待遇栏为 15-25 万元/年，未列其他福利条款,listing_page,否,not_available,https://www.chengdurail.com/info/2422/121604.htm,https://www.chengdurail.com/ygzp/shzp/zpgg.htm,是,true,A类·企业官方,2026-09-27,2026-09-27,公开招聘中,是,2026-09-27,岗位取自官网 2026年度第一批次校园招聘公告正文岗位表，用人单位：成都轨道交通集团有限公司。,
CD0284|成都轨道交通集团有限公司|集团公司管培生（财务管理类）|成都市,CD0284,542,成都轨道交通集团有限公司,是,A,轨道交通,集团公司管培生（财务管理类）,成都市,成都市,四川省,成都市,,成都市,confirmed,管理,社会招聘,2026-09-17,15-25万元/年,2027 届高校应届毕业生（含 2 年择业期内未落实工作单位的高校毕业生）；硕士研究生不超过 30 周岁，博士研究生不超过 35 周岁,硕士研究生及以上学历并取得相应学位。财务管理、会计（学）、税收（学）专业,2 人,2 人,进行为期 2-3 年的系统培养。在导师的指导下，全面参与日常业务、专项任务、重点项目、课题研究，积累实践经验，提高专业素养；适时参与送外锻炼、主题培训、专题辅导、轮岗交流、拓展思维视野，提升综合能力。培养期结束后根据现实表现在集团系统内进行定岗。,1. 学历要求：2027 届高校应届毕业生（含 2 年择业期内未落实工作单位的高校毕业生），硕士研究生及以上学历并取得相应学位；2. 专业要求：财务管理、会计（学）、税收（学）；国（境）外专业须与以上专业相同或相近；3. 年龄要求：硕士研究生不超过 30 周岁，博士研究生不超过 35 周岁，年龄计算截至公告结束当日；4. 能力素质要求：具备较强的沟通协调能力、数据分析能力、逻辑思维能力、问题解决能力和文字写作能力；具备良好的职业道德、敬业精神和团队意识。,公告薪酬待遇栏为 15-25 万元/年，未列其他福利条款,listing_page,否,not_available,https://www.chengdurail.com/info/2422/136474.htm,https://www.chengdurail.com/ygzp/shzp/zpgg.htm,是,true,A类·企业官方,2026-09-27,2026-09-27,公开招聘中,是,2026-09-27,岗位取自官网 2026年度第三批次校园招聘公告正文岗位表（公告标注“进行中”），用人单位：成都轨道交通集团有限公司。,
CD0284|成都轨道交通集团有限公司|项目集群副总经理|成都市,CD0284,543,成都轨道交通集团有限公司,是,A,轨道交通,项目集群副总经理,成都市,成都市,四川省,成都市,,成都市,confirmed,管理,社会招聘,2026-01-15,30-45万元/年,具备 8 年及以上相关从业经历，曾担任知名房地产企业 2 年及以上项目牵头负责人（如项目总经理、项目副总经理等职务）及以上层级职务或担任 5 年及以上专业负责人（如工程经理、设计经理等职务）及以上层级职务；45 周岁及以下,大学本科及以上学历，且取得相应学位。土木工程、工程管理、房地产开发与管理、建筑学专业,1 人,1 人,负责承接项目集群整体经营指标及任务，统筹推进 TOD 项目方案设计、工程进度、质量安全、成本管控、项目销售、应急维稳等工作。,1. 学历要求：大学本科及以上学历，且取得相应学位。2. 专业要求：土木工程、工程管理、房地产开发与管理、建筑学专业；国（境）外专业须与以上专业相同或相近。3. 年龄：45 周岁及以下，年龄计算截至公告结束当日。4. 能力素质要求：熟悉房地产项目工程管理全流程，精通工程设计、成本管控、施工管理等工作；具备较强的组织策划能力、沟通协调能力、决策把关能力、团队建设能力和应变抗压能力；具备良好的职业道德、敬业精神和团队意识。5. 工作经验：具备 8 年及以上相关从业经历，曾担任知名房地产企业（中指研究院最近一次发布全国销售金额或销售面积排名前 30 的房地产企业）2 年及以上项目牵头负责人（如项目总经理、项目副总经理等职务）及以上层级职务或担任 5 年及以上专业负责人（如工程经理、设计经理等职务）及以上层级职务。,公告薪酬待遇栏为 30-45 万元/年，未列其他福利条款,listing_page,否,not_available,https://www.chengdurail.com/info/2482/117574.htm,https://www.chengdurail.com/ygzp/shzp/zpgg.htm,是,true,A类·企业官方,2026-09-27,2026-09-27,公开招聘中,是,2026-09-27,岗位取自官网 2026年第一批次社会招聘公告页面附件岗位信息表（正文写“详见附件”，同一页面渲染出岗位文字表），用人单位：成都轨道城市投资集团有限公司。,
CD0285|成都迅翼卫通科技有限公司|AI应用工程师|页面未说明（招聘页未单独标注工作地点）,CD0285,544,成都迅翼卫通科技有限公司,是,A,通信与网络设备,AI应用工程师,页面未说明,页面未说明,四川省,成都市,高新区,成都市,not_available,研发,社会招聘,页面未说明,页面未说明,两年及以上AI应用落地、大模型应用开发、数字化转型相关工作经验,本科及以上,页面未说明,页面未说明,1.调研挖掘各部门业务需求，梳理现有工作流程，识别业务痛点与可通过AI优化的场景；2.调研、评测市面主流AI工具与大模型能力，筛选安全合规、高性价比的落地解决方案（岗位职责第1、2条摘要）,1.本科及以上学历，计算机、人工智能、软件工程、大数据等相关专业；2.两年及以上AI应用落地、大模型应用开发、数字化转型相关工作经验（任职要求第1、2条摘要）,页面未说明,listing_page,否,not_available,http://www.xuny-sat.com/index.php?a=lists&c=index&catid=28&m=content,http://www.xuny-sat.com/index.php?a=lists&c=index&catid=28&m=content,是,true,A类·企业官方,2026-09-27,2026-09-27,公开招聘中,是,2026-09-27,岗位职责第3条含 Prompt 设计、Workflow 编排等原文。；招聘页未单独标注工作地点,
CD0285|成都迅翼卫通科技有限公司|PQE工程师|页面未说明（招聘页未单独标注工作地点）,CD0285,545,成都迅翼卫通科技有限公司,是,A,通信与网络设备,PQE工程师,页面未说明,页面未说明,四川省,成都市,高新区,成都市,not_available,职能,社会招聘,页面未说明,页面未说明,两年以上岗位相关工作经验,大专及以上,页面未说明,页面未说明,2.主导生产、PQC、OQC发现的过程/产品缺陷的异常分析，主导内部异常投诉统计分类，使用 8D/鱼骨图/5Why 分析制程缺陷，推动团队实施永久对策（岗位职责第2条摘要）,1.大专及以上学历，两年以上岗位相关工作经验（任职要求摘要）,页面未说明,listing_page,否,not_available,http://www.xuny-sat.com/index.php?a=lists&c=index&catid=28&m=content,http://www.xuny-sat.com/index.php?a=lists&c=index&catid=28&m=content,是,true,A类·企业官方,2026-09-27,2026-09-27,公开招聘中,是,2026-09-27,该岗为质量工程岗，故职能类别。；招聘页未单独标注工作地点,
CD0285|成都迅翼卫通科技有限公司|应用软件开发工程师|页面未说明（招聘页未单独标注工作地点）,CD0285,546,成都迅翼卫通科技有限公司,是,A,通信与网络设备,应用软件开发工程师,页面未说明,页面未说明,四川省,成都市,高新区,成都市,not_available,研发,社会招聘,页面未说明,页面未说明,五年以上Linux平台应用开发经验,本科及以上,页面未说明,页面未说明,1.负责在Linux 系统环境下进行应用程序开发；2.负责整机软件架构的设计、实现、调试以及优化，确保软件系统的稳定性和可靠性（岗位职责第1、2条摘要）,1.计算机科学、电子工程或相关专业本科及以上学历；2.五年以上Linux平台应用开发经验，熟悉多进程/多线程、网络通信、系统调优（任职要求第1、2条摘要）,页面未说明,listing_page,否,not_available,http://www.xuny-sat.com/index.php?a=lists&c=index&catid=28&m=content,http://www.xuny-sat.com/index.php?a=lists&c=index&catid=28&m=content,是,true,A类·企业官方,2026-09-27,2026-09-27,公开招聘中,是,2026-09-27,岗位职责第6条涉及机器狗、相控阵语音交互系统的大模型语音对话与ASR/TTS集成。；招聘页未单独标注工作地点,
CD0285|成都迅翼卫通科技有限公司|机器人控制算法工程师|页面未说明（招聘页未单独标注工作地点）,CD0285,547,成都迅翼卫通科技有限公司,是,A,通信与网络设备,机器人控制算法工程师,页面未说明,页面未说明,四川省,成都市,高新区,成都市,not_available,研发,社会招聘,页面未说明,页面未说明,3年以上开发经验,本科及以上,页面未说明,页面未说明,1.负责机器人的运动控制算法的开发、调试和测试；2.构造编写机器人控制相关的SDK，给内部同事或客户使用（岗位职责第1、2条摘要）,1.本科及以上学历，3年以上开发经验，自动控制、机械电子工程专业优先（任职要求摘要）,页面未说明,listing_page,否,not_available,http://www.xuny-sat.com/index.php?a=lists&c=index&catid=28&m=content,http://www.xuny-sat.com/index.php?a=lists&c=index&catid=28&m=content,是,true,A类·企业官方,2026-09-27,2026-09-27,公开招聘中,是,2026-09-27,该岗部分职责与『应用软件开发工程师』岗位职责第6条（机器狗）交叉。；招聘页未单独标注工作地点,
CD0285|成都迅翼卫通科技有限公司|硬件工程师|页面未说明（招聘页未单独标注工作地点）,CD0285,548,成都迅翼卫通科技有限公司,是,A,通信与网络设备,硬件工程师,页面未说明,页面未说明,四川省,成都市,高新区,成都市,not_available,研发,社会招聘,页面未说明,页面未说明,3年及以上工作经验,本科及以上,页面未说明,页面未说明,2、负责地面卫星通信终端低频SCH、PCBA及整机的仿真、调试、测试、验证、联调（岗位职责第2条摘要）,1、本科及以上学历；通信工程、电子工程、应用电子等电路相关专业，3年及以上工作经验（任职要求摘要）,页面未说明,listing_page,否,not_available,http://www.xuny-sat.com/index.php?a=lists&c=index&catid=28&m=content,http://www.xuny-sat.com/index.php?a=lists&c=index&catid=28&m=content,是,true,A类·企业官方,2026-09-27,2026-09-27,公开招聘中,是,2026-09-27,岗位职责编号使用全角顿号，与其余岗位略有差异。；招聘页未单独标注工作地点,
CD0285|成都迅翼卫通科技有限公司|算法工程师|页面未说明（招聘页未单独标注工作地点）,CD0285,549,成都迅翼卫通科技有限公司,是,A,通信与网络设备,算法工程师,页面未说明,页面未说明,四川省,成都市,高新区,成都市,not_available,研发,社会招聘,页面未说明,页面未说明,三年及以上数字阵列、阵列信号处理算法开发工程经验,本科及以上,页面未说明,页面未说明,2.负责数字阵列 DBF、自适应调零等阵列信号处理算法设计、逻辑开发与代码实现；3.参与项目总体方案设计、技术评审，配合硬件、天线团队开展系统联调、外场联试与问题排查（岗位职责第2、3条摘要）,1.本科及以上学历，电子信息、通信工程、信息与通信工程、电磁场与微波技术等相关专业；2.三年及以上数字阵列、阵列信号处理算法开发工程经验（任职要求第1、2条摘要）,页面未说明,listing_page,否,not_available,http://www.xuny-sat.com/index.php?a=lists&c=index&catid=28&m=content,http://www.xuny-sat.com/index.php?a=lists&c=index&catid=28&m=content,是,true,A类·企业官方,2026-09-27,2026-09-27,公开招聘中,是,2026-09-27,任职要求第5条：熟练使用 Matlab 等仿真工具，有 FPGA 算法逻辑开发经验优先。；招聘页未单独标注工作地点,
CD0285|成都迅翼卫通科技有限公司|结构工程师|页面未说明（招聘页未单独标注工作地点）,CD0285,550,成都迅翼卫通科技有限公司,是,A,通信与网络设备,结构工程师,页面未说明,页面未说明,四川省,成都市,高新区,成都市,not_available,研发,社会招聘,页面未说明,页面未说明,页面未说明,本科及以上,页面未说明,页面未说明,2.负责产品由少量到批量化生产的迭代设计（岗位职责第2条摘要）,1.本科及以上学历，机械设计、车辆工程等结构设计类相关专业（任职要求摘要）,页面未说明,listing_page,否,not_available,http://www.xuny-sat.com/index.php?a=lists&c=index&catid=28&m=content,http://www.xuny-sat.com/index.php?a=lists&c=index&catid=28&m=content,是,true,A类·企业官方,2026-09-27,2026-09-27,公开招聘中,是,2026-09-27,岗位职责第1条涉及结构设计与工艺相关工程化工作。；招聘页未单独标注工作地点,
CD0285|成都迅翼卫通科技有限公司|结构装配员|页面未说明（招聘页未单独标注工作地点）,CD0285,551,成都迅翼卫通科技有限公司,是,A,通信与网络设备,结构装配员,页面未说明,页面未说明,四川省,成都市,高新区,成都市,not_available,生产,社会招聘,页面未说明,页面未说明,一年以上产品装配、调试经历,专科及以上,页面未说明,页面未说明,2.协助结构件临时改造与加工，满足设计需求（岗位职责第2条摘要）,1.专科及以上学历，有一年以上产品装配、调试经历（任职要求摘要）,页面未说明,listing_page,否,not_available,http://www.xuny-sat.com/index.php?a=lists&c=index&catid=28&m=content,http://www.xuny-sat.com/index.php?a=lists&c=index&catid=28&m=content,是,true,A类·企业官方,2026-09-27,2026-09-27,公开招聘中,是,2026-09-27,该岗为生产制造类岗位。；招聘页未单独标注工作地点,
CD0285|成都迅翼卫通科技有限公司|高级天线工程师|页面未说明（招聘页未单独标注工作地点，页面地址栏为成都总部）,CD0285,552,成都迅翼卫通科技有限公司,是,A,通信与网络设备,高级天线工程师,页面未说明,页面未说明,四川省,成都市,高新区,成都市,not_available,研发,社会招聘,页面未说明,页面未说明,五年以上相控阵天线设计经验,硕士及以上,页面未说明,页面未说明,1.负责相控阵天线方案设计与指标分解，独立推进阵元、子阵到整阵设计落地；2.负责阵列布局、馈电网络与极化方案设计，优化增益、旁瓣、扫描性能、隔离、轴比等关键指标（岗位职责第1、2条摘要）,1.硕士及以上学历，电磁场与微波、通信等相关专业，五年以上相控阵天线设计经验；3.精通相控阵核心设计方法，理解扫描、互耦、旁瓣、极化、宽带等关键机制（任职要求第1、3条摘要）,页面未说明,listing_page,否,not_available,http://www.xuny-sat.com/index.php?a=lists&c=index&catid=28&m=content,http://www.xuny-sat.com/index.php?a=lists&c=index&catid=28&m=content,是,true,A类·企业官方,2026-09-27,2026-09-27,公开招聘中,是,2026-09-27,招聘页服务端渲染，页面无独立职位详情页。；招聘页未单独标注工作地点，页面地址栏为成都总部,
CD0285|成都迅翼卫通科技有限公司|高级射频工程师|页面未说明（招聘页未单独标注工作地点，页面地址栏为成都总部）,CD0285,553,成都迅翼卫通科技有限公司,是,A,通信与网络设备,高级射频工程师,页面未说明,页面未说明,四川省,成都市,高新区,成都市,not_available,研发,社会招聘,页面未说明,页面未说明,五年以上射频电路或天线设计经验,硕士及以上,页面未说明,页面未说明,1.负责卫星通信、雷达系统等方向的射频电路与子系统开发，涵盖相控阵、变频器等模块；2.参与系统链路预算分析、射频指标分解及方案设计，设计并优化射频电路（LNA、PA、混频器、滤波器等）（岗位职责第1、2条摘要）,1.硕士及以上学历，电磁场与微波技术、通信工程、电子工程等相关专业；2.五年以上射频电路或天线设计经验，有雷达系统、卫星通信终端、相控阵天线等方向项目经验者优先（任职要求摘要）,页面未说明,listing_page,否,not_available,http://www.xuny-sat.com/index.php?a=lists&c=index&catid=28&m=content,http://www.xuny-sat.com/index.php?a=lists&c=index&catid=28&m=content,是,true,A类·企业官方,2026-09-27,2026-09-27,公开招聘中,是,2026-09-27,该岗任职要求另要求『熟练使用 ADS、HFSS、CST 等射频仿真工具』。；招聘页未单独标注工作地点，页面地址栏为成都总部,
CD0285|成都迅翼卫通科技有限公司|高级采购专员|页面未说明（招聘页未单独标注工作地点）,CD0285,554,成都迅翼卫通科技有限公司,是,A,通信与网络设备,高级采购专员,页面未说明,页面未说明,四川省,成都市,高新区,成都市,not_available,职能,社会招聘,页面未说明,页面未说明,页面未说明,大专及以上,页面未说明,页面未说明,2.负责与需求部门、供应商保持良好沟通及协调，保证物资或服务及时到位（岗位职责第2条摘要）,1.大专及以上学历，机电一体化，机械电子相关专业优先；有机械研发、机械结构加工、零件采购的相关经验及资源（任职要求摘要）,页面未说明,listing_page,否,not_available,http://www.xuny-sat.com/index.php?a=lists&c=index&catid=28&m=content,http://www.xuny-sat.com/index.php?a=lists&c=index&catid=28&m=content,是,true,A类·企业官方,2026-09-27,2026-09-27,公开招聘中,是,2026-09-27,岗位名原文为『高级采购专员』。；招聘页未单独标注工作地点,
CD0285|成都迅翼卫通科技有限公司|高级销售经理|页面未说明（另有『可任职西安子公司外贸销售经理』表述）,CD0285,555,成都迅翼卫通科技有限公司,是,A,通信与网络设备,高级销售经理,页面未说明,页面未说明,四川省,成都市,高新区,成都市,not_available,销售,社会招聘,页面未说明,页面未说明,五年以上卫星通信相关工作经验,本科及以上,页面未说明,页面未说明,1.负责公司卫星通信产品/解决方案的市场拓展、客户开发与渠道建设；2.执行公司销售策略，完成个人及团队业绩指标（销售额、回款率、毛利率、新客户数量等）（岗位职责第1、2条摘要）,1.本科及以上学历，通信、电子、计算机、市场营销、国际贸易等相关专业优先；2.五年以上卫星通信相关工作经验，了解卫星通信基本原理及相关操作（任职要求第1、2条摘要）,页面未说明,listing_page,否,not_available,http://www.xuny-sat.com/index.php?a=lists&c=index&catid=28&m=content,http://www.xuny-sat.com/index.php?a=lists&c=index&catid=28&m=content,是,true,A类·企业官方,2026-09-27,2026-09-27,公开招聘中,是,2026-09-27,任职要求第6条原文：具备良好英语能力者可任职西安子公司外贸销售经理。；另有『可任职西安子公司外贸销售经理』表述,
CD0287|成都高投生物医药产业发展有限公司|投资经理|页面未说明,CD0287,556,成都高投生物医药产业发展有限公司,是,A,生物医药,投资经理,页面未说明,页面未说明,四川省,成都市,高新区,成都市,inferred,职能,社会招聘,2026-07-23,页面未说明,页面未说明,页面未说明,页面未说明,页面未说明,页面未说明,页面未说明,页面未说明,listing_page,否,not_available,,https://www.tianfulifesciencepark.com/PartyBuilding/Detail?id=2898,是,true,A类·企业官方,2026-09-27,2026-09-27,公开招聘中,是,2026-09-27,公告原文：『现管理运营天府生命科技园、成都前沿医学中心等专业载体面积约83万㎡』，本次仅公开招聘投资经理岗位1个，报名截止2026年8月2日。；该职位仅有列表页来源，无独立详情页,
CD0288|成都黑鸦数码科技有限公司|3D 场景美术师|成都,CD0288,557,成都黑鸦数码科技有限公司,是,A,游戏,3D 场景美术师,成都,成都,四川省,成都市,金牛区,成都市,inferred,设计,社会招聘,页面未说明,页面未说明,页面未说明,页面未说明,页面未说明,页面未说明,页面未说明,页面未说明,页面未说明,listing_page,否,not_available,https://www.blackcrowcg.com/career/index.html,https://www.blackcrowcg.com/career/index.html,是,true,A类·企业官方,2026-09-27,2026-09-27,公开招聘中,是,2026-09-27,职位名取自查 https://www.blackcrowcg.com/career/index.html 页面内联 JS 中的 const JOBS 数组原文（zh 字段），分组=设计。同页正文未给出薪资、学历、经验年限、招聘人数与 JD 原文，全部记页面未说明；福利字段见企业记录。官网无独立职位详情页，job_url 填官方招聘入口。,
CD0288|成都黑鸦数码科技有限公司|3D 角色美术师|成都,CD0288,558,成都黑鸦数码科技有限公司,是,A,游戏,3D 角色美术师,成都,成都,四川省,成都市,金牛区,成都市,inferred,设计,社会招聘,页面未说明,页面未说明,页面未说明,页面未说明,页面未说明,页面未说明,页面未说明,页面未说明,页面未说明,listing_page,否,not_available,https://www.blackcrowcg.com/career/index.html,https://www.blackcrowcg.com/career/index.html,是,true,A类·企业官方,2026-09-27,2026-09-27,公开招聘中,是,2026-09-27,职位名取自查 https://www.blackcrowcg.com/career/index.html 页面内联 JS 中的 const JOBS 数组原文（zh 字段），分组=设计。同页正文未给出薪资、学历、经验年限、招聘人数与 JD 原文，全部记页面未说明；福利字段见企业记录。官网无独立职位详情页，job_url 填官方招聘入口。,
CD0288|成都黑鸦数码科技有限公司|UI 程序工程师|成都,CD0288,559,成都黑鸦数码科技有限公司,是,A,游戏,UI 程序工程师,成都,成都,四川省,成都市,金牛区,成都市,inferred,研发,社会招聘,页面未说明,页面未说明,页面未说明,页面未说明,页面未说明,页面未说明,页面未说明,页面未说明,页面未说明,listing_page,否,not_available,https://www.blackcrowcg.com/career/index.html,https://www.blackcrowcg.com/career/index.html,是,true,A类·企业官方,2026-09-27,2026-09-27,公开招聘中,是,2026-09-27,职位名取自查 https://www.blackcrowcg.com/career/index.html 页面内联 JS 中的 const JOBS 数组原文（zh 字段），分组=研发。同页正文未给出薪资、学历、经验年限、招聘人数与 JD 原文，全部记页面未说明；福利字段见企业记录。官网无独立职位详情页，job_url 填官方招聘入口。,
CD0288|成都黑鸦数码科技有限公司|人力资源专员|成都,CD0288,560,成都黑鸦数码科技有限公司,是,A,游戏,人力资源专员,成都,成都,四川省,成都市,金牛区,成都市,inferred,职能,社会招聘,页面未说明,页面未说明,页面未说明,页面未说明,页面未说明,页面未说明,页面未说明,页面未说明,页面未说明,listing_page,否,not_available,https://www.blackcrowcg.com/career/index.html,https://www.blackcrowcg.com/career/index.html,是,true,A类·企业官方,2026-09-27,2026-09-27,公开招聘中,是,2026-09-27,职位名取自查 https://www.blackcrowcg.com/career/index.html 页面内联 JS 中的 const JOBS 数组原文（zh 字段），分组=职能。同页正文未给出薪资、学历、经验年限、招聘人数与 JD 原文，全部记页面未说明；福利字段见企业记录。官网无独立职位详情页，job_url 填官方招聘入口。,
CD0288|成都黑鸦数码科技有限公司|动画技术工程师|成都,CD0288,561,成都黑鸦数码科技有限公司,是,A,游戏,动画技术工程师,成都,成都,四川省,成都市,金牛区,成都市,inferred,技术美术,社会招聘,页面未说明,页面未说明,页面未说明,页面未说明,页面未说明,页面未说明,页面未说明,页面未说明,页面未说明,listing_page,否,not_available,https://www.blackcrowcg.com/career/index.html,https://www.blackcrowcg.com/career/index.html,是,true,A类·企业官方,2026-09-27,2026-09-27,公开招聘中,是,2026-09-27,职位名取自查 https://www.blackcrowcg.com/career/index.html 页面内联 JS 中的 const JOBS 数组原文（zh 字段），分组=技术美术。同页正文未给出薪资、学历、经验年限、招聘人数与 JD 原文，全部记页面未说明；福利字段见企业记录。官网无独立职位详情页，job_url 填官方招聘入口。,
CD0288|成都黑鸦数码科技有限公司|场景原画师|成都,CD0288,562,成都黑鸦数码科技有限公司,是,A,游戏,场景原画师,成都,成都,四川省,成都市,金牛区,成都市,inferred,设计,社会招聘,页面未说明,页面未说明,页面未说明,页面未说明,页面未说明,页面未说明,页面未说明,页面未说明,页面未说明,listing_page,否,not_available,https://www.blackcrowcg.com/career/index.html,https://www.blackcrowcg.com/career/index.html,是,true,A类·企业官方,2026-09-27,2026-09-27,公开招聘中,是,2026-09-27,职位名取自查 https://www.blackcrowcg.com/career/index.html 页面内联 JS 中的 const JOBS 数组原文（zh 字段），分组=设计。同页正文未给出薪资、学历、经验年限、招聘人数与 JD 原文，全部记页面未说明；福利字段见企业记录。官网无独立职位详情页，job_url 填官方招聘入口。,
CD0288|成都黑鸦数码科技有限公司|客户端开发工程师|成都,CD0288,563,成都黑鸦数码科技有限公司,是,A,游戏,客户端开发工程师,成都,成都,四川省,成都市,金牛区,成都市,inferred,研发,社会招聘,页面未说明,页面未说明,页面未说明,页面未说明,页面未说明,页面未说明,页面未说明,页面未说明,页面未说明,listing_page,否,not_available,https://www.blackcrowcg.com/career/index.html,https://www.blackcrowcg.com/career/index.html,是,true,A类·企业官方,2026-09-27,2026-09-27,公开招聘中,是,2026-09-27,职位名取自查 https://www.blackcrowcg.com/career/index.html 页面内联 JS 中的 const JOBS 数组原文（zh 字段），分组=研发。同页正文未给出薪资、学历、经验年限、招聘人数与 JD 原文，全部记页面未说明；福利字段见企业记录。官网无独立职位详情页，job_url 填官方招聘入口。,
CD0288|成都黑鸦数码科技有限公司|工具链开发工程师|成都,CD0288,564,成都黑鸦数码科技有限公司,是,A,游戏,工具链开发工程师,成都,成都,四川省,成都市,金牛区,成都市,inferred,技术美术,社会招聘,页面未说明,页面未说明,页面未说明,页面未说明,页面未说明,页面未说明,页面未说明,页面未说明,页面未说明,listing_page,否,not_available,https://www.blackcrowcg.com/career/index.html,https://www.blackcrowcg.com/career/index.html,是,true,A类·企业官方,2026-09-27,2026-09-27,公开招聘中,是,2026-09-27,职位名取自查 https://www.blackcrowcg.com/career/index.html 页面内联 JS 中的 const JOBS 数组原文（zh 字段），分组=技术美术。同页正文未给出薪资、学历、经验年限、招聘人数与 JD 原文，全部记页面未说明；福利字段见企业记录。官网无独立职位详情页，job_url 填官方招聘入口。,
CD0288|成都黑鸦数码科技有限公司|引擎开发工程师|成都,CD0288,565,成都黑鸦数码科技有限公司,是,A,游戏,引擎开发工程师,成都,成都,四川省,成都市,金牛区,成都市,inferred,研发,社会招聘,页面未说明,页面未说明,页面未说明,页面未说明,页面未说明,页面未说明,页面未说明,页面未说明,页面未说明,listing_page,否,not_available,https://www.blackcrowcg.com/career/index.html,https://www.blackcrowcg.com/career/index.html,是,true,A类·企业官方,2026-09-27,2026-09-27,公开招聘中,是,2026-09-27,职位名取自查 https://www.blackcrowcg.com/career/index.html 页面内联 JS 中的 const JOBS 数组原文（zh 字段），分组=研发。同页正文未给出薪资、学历、经验年限、招聘人数与 JD 原文，全部记页面未说明；福利字段见企业记录。官网无独立职位详情页，job_url 填官方招聘入口。,
CD0288|成都黑鸦数码科技有限公司|技术美术|成都,CD0288,566,成都黑鸦数码科技有限公司,是,A,游戏,技术美术,成都,成都,四川省,成都市,金牛区,成都市,inferred,技术美术,社会招聘,页面未说明,页面未说明,页面未说明,页面未说明,页面未说明,页面未说明,页面未说明,页面未说明,页面未说明,listing_page,否,not_available,https://www.blackcrowcg.com/career/index.html,https://www.blackcrowcg.com/career/index.html,是,true,A类·企业官方,2026-09-27,2026-09-27,公开招聘中,是,2026-09-27,职位名取自查 https://www.blackcrowcg.com/career/index.html 页面内联 JS 中的 const JOBS 数组原文（zh 字段），分组=技术美术。同页正文未给出薪资、学历、经验年限、招聘人数与 JD 原文，全部记页面未说明；福利字段见企业记录。官网无独立职位详情页，job_url 填官方招聘入口。,
CD0288|成都黑鸦数码科技有限公司|招聘专员|成都,CD0288,567,成都黑鸦数码科技有限公司,是,A,游戏,招聘专员,成都,成都,四川省,成都市,金牛区,成都市,inferred,职能,社会招聘,页面未说明,页面未说明,页面未说明,页面未说明,页面未说明,页面未说明,页面未说明,页面未说明,页面未说明,listing_page,否,not_available,https://www.blackcrowcg.com/career/index.html,https://www.blackcrowcg.com/career/index.html,是,true,A类·企业官方,2026-09-27,2026-09-27,公开招聘中,是,2026-09-27,职位名取自查 https://www.blackcrowcg.com/career/index.html 页面内联 JS 中的 const JOBS 数组原文（zh 字段），分组=职能。同页正文未给出薪资、学历、经验年限、招聘人数与 JD 原文，全部记页面未说明；福利字段见企业记录。官网无独立职位详情页，job_url 填官方招聘入口。,
CD0288|成都黑鸦数码科技有限公司|服务端开发工程师|成都,CD0288,568,成都黑鸦数码科技有限公司,是,A,游戏,服务端开发工程师,成都,成都,四川省,成都市,金牛区,成都市,inferred,研发,社会招聘,页面未说明,页面未说明,页面未说明,页面未说明,页面未说明,页面未说明,页面未说明,页面未说明,页面未说明,listing_page,否,not_available,https://www.blackcrowcg.com/career/index.html,https://www.blackcrowcg.com/career/index.html,是,true,A类·企业官方,2026-09-27,2026-09-27,公开招聘中,是,2026-09-27,职位名取自查 https://www.blackcrowcg.com/career/index.html 页面内联 JS 中的 const JOBS 数组原文（zh 字段），分组=研发。同页正文未给出薪资、学历、经验年限、招聘人数与 JD 原文，全部记页面未说明；福利字段见企业记录。官网无独立职位详情页，job_url 填官方招聘入口。,
CD0288|成都黑鸦数码科技有限公司|渲染技术工程师|成都,CD0288,569,成都黑鸦数码科技有限公司,是,A,游戏,渲染技术工程师,成都,成都,四川省,成都市,金牛区,成都市,inferred,技术美术,社会招聘,页面未说明,页面未说明,页面未说明,页面未说明,页面未说明,页面未说明,页面未说明,页面未说明,页面未说明,listing_page,否,not_available,https://www.blackcrowcg.com/career/index.html,https://www.blackcrowcg.com/career/index.html,是,true,A类·企业官方,2026-09-27,2026-09-27,公开招聘中,是,2026-09-27,职位名取自查 https://www.blackcrowcg.com/career/index.html 页面内联 JS 中的 const JOBS 数组原文（zh 字段），分组=技术美术。同页正文未给出薪资、学历、经验年限、招聘人数与 JD 原文，全部记页面未说明；福利字段见企业记录。官网无独立职位详情页，job_url 填官方招聘入口。,
CD0288|成都黑鸦数码科技有限公司|行政专员|成都,CD0288,570,成都黑鸦数码科技有限公司,是,A,游戏,行政专员,成都,成都,四川省,成都市,金牛区,成都市,inferred,职能,社会招聘,页面未说明,页面未说明,页面未说明,页面未说明,页面未说明,页面未说明,页面未说明,页面未说明,页面未说明,listing_page,否,not_available,https://www.blackcrowcg.com/career/index.html,https://www.blackcrowcg.com/career/index.html,是,true,A类·企业官方,2026-09-27,2026-09-27,公开招聘中,是,2026-09-27,职位名取自查 https://www.blackcrowcg.com/career/index.html 页面内联 JS 中的 const JOBS 数组原文（zh 字段），分组=职能。同页正文未给出薪资、学历、经验年限、招聘人数与 JD 原文，全部记页面未说明；福利字段见企业记录。官网无独立职位详情页，job_url 填官方招聘入口。,
CD0288|成都黑鸦数码科技有限公司|角色原画师|成都,CD0288,571,成都黑鸦数码科技有限公司,是,A,游戏,角色原画师,成都,成都,四川省,成都市,金牛区,成都市,inferred,设计,社会招聘,页面未说明,页面未说明,页面未说明,页面未说明,页面未说明,页面未说明,页面未说明,页面未说明,页面未说明,listing_page,否,not_available,https://www.blackcrowcg.com/career/index.html,https://www.blackcrowcg.com/career/index.html,是,true,A类·企业官方,2026-09-27,2026-09-27,公开招聘中,是,2026-09-27,职位名取自查 https://www.blackcrowcg.com/career/index.html 页面内联 JS 中的 const JOBS 数组原文（zh 字段），分组=设计。同页正文未给出薪资、学历、经验年限、招聘人数与 JD 原文，全部记页面未说明；福利字段见企业记录。官网无独立职位详情页，job_url 填官方招聘入口。,
CD0288|成都黑鸦数码科技有限公司|项目运营助理|成都,CD0288,572,成都黑鸦数码科技有限公司,是,A,游戏,项目运营助理,成都,成都,四川省,成都市,金牛区,成都市,inferred,职能,社会招聘,页面未说明,页面未说明,页面未说明,页面未说明,页面未说明,页面未说明,页面未说明,页面未说明,页面未说明,listing_page,否,not_available,https://www.blackcrowcg.com/career/index.html,https://www.blackcrowcg.com/career/index.html,是,true,A类·企业官方,2026-09-27,2026-09-27,公开招聘中,是,2026-09-27,职位名取自查 https://www.blackcrowcg.com/career/index.html 页面内联 JS 中的 const JOBS 数组原文（zh 字段），分组=职能。同页正文未给出薪资、学历、经验年限、招聘人数与 JD 原文，全部记页面未说明；福利字段见企业记录。官网无独立职位详情页，job_url 填官方招聘入口。,
CD0289|携程（成都）|渠道销售经理（邮轮业务-华西区域）(MJ034902)|成都或重庆（接口cityName=Chengdu，职责正文写工作地点成都或重庆）,CD0289,573,携程（成都）,是,A,软件与互联网服务,渠道销售经理（邮轮业务-华西区域）(MJ034902),成都或重庆（接口 cityName=Chengdu，职责正文写工作地点成都或重庆）,成都或重庆（接口 cityName=Chengdu，职责正文写工作地点成都或重庆）,四川省,成都市,,成都市,inferred,销售,社会招聘,2026-09-02,页面未说明,3年以上营销运营或旅行社线下销售经验,本科及以上学历,页面未说明,页面未说明,渠道拓展与运营管理：负责区域线下实体旅游门店对接，制定并落地邮轮产品营销活动策略；销售目标驱动：挖掘商机推动邮轮业务增长；客户关系深耕：定期拜访区域重点门店；跨部门协同：协同供应链完成资源匹配。,本科及以上学历，3年以上营销运营或旅行社线下销售经验，熟悉B/C端营销打法，有邮轮行业经验优先；熟悉川渝区域旅游门店市场现状；执行力强、细致主动、能接受频繁出差。,页面未说明,listing_page,否,not_available,https://careers.ctrip.com/,https://careers.ctrip.com/,是,true,A类·企业官方,2026-09-27,2026-09-27,公开招聘中,是,2026-09-27,数据来自携程官方招聘站 POST 接口 careers.ctrip.com/api/hrrecruit/getJobAd（condition 条件 keyword=成都，retCode 201，共1条）。jobId=e67915c9-0b81-4719-96cd-4e01c538eb56，publishDate=2026-09-02，buName=Vacations。详情页为纯前端渲染、无稳定官方域名详情路由（/positions/<jobId> 等均回落为站点外壳），故 job_url 填集团官方招聘平台首页。,
CD0295|苏宁易购集团股份有限公司|仓管员|成都市,CD0295,574,苏宁易购集团股份有限公司,是,A,零售与消费,仓管员,成都市,成都市,四川省,成都市,,成都市,confirmed,物流,社会招聘,2026年08月19,3000-6000元/月,不限,页面未说明,页面未说明,页面未说明,负责公司小件仓库货物收、发、存、发票打印、拣配工作,高中及以上学历,专业培训 节日福利 岗位晋升 技能培训 500强 免费班车 五险一金,direct_detail,是,medium,http://careers.suning.cn/rps-web/position/position_info_new.htm?id=14263,http://careers.suning.cn/rps-web/position/show_position_new.htm?type=1,是,true,A类·企业官方,2026-09-27,2026-09-28,公开招聘中,待人工复核,2026-09-28,职位类别（页面原文）：物流类 >>仓储。取自苏宁官方招聘站职位详情页，详情页“学历要求”字段以下拉选项列表渲染（博士研究生/硕士/本科/大专…），无法判定该职位实际学历，故 education 记页面未说明；所属公司为页面原文“所属公司”栏的成都法人主体。；2026-09-28 复测页面命中职位名与招聘关键词，确认在招,
CD0295|苏宁易购集团股份有限公司|媒介部长|成都市,CD0295,575,苏宁易购集团股份有限公司,是,A,零售与消费,媒介部长,成都市,成都市,四川省,成都市,,成都市,confirmed,市场,社会招聘,2025年07月15,6000-7000元/月,1年及以上,页面未说明,页面未说明,页面未说明,负责制定公司整体媒介策略，结合市场目标和品牌定位，规划媒介投放方向、渠道组合及预算分配，确保媒介资源高效利用,学历与专业：本科及以上学历，市场营销、广告学、传播学等相关专业优先,节日福利 岗位晋升 定期体检 午餐补助 通讯津贴 五险一金 带薪年假,direct_detail,是,medium,http://careers.suning.cn/rps-web/position/position_info_new.htm?id=27851,http://careers.suning.cn/rps-web/position/show_position_new.htm?type=1,是,true,A类·企业官方,2026-09-27,2026-09-28,公开招聘中,待人工复核,2026-09-28,职位类别（页面原文）：策划类 >>市场推广。取自苏宁官方招聘站职位详情页，详情页“学历要求”字段以下拉选项列表渲染（博士研究生/硕士/本科/大专…），无法判定该职位实际学历，故 education 记页面未说明；所属公司为页面原文“所属公司”栏的成都法人主体。；2026-09-28 复测页面命中职位名与招聘关键词，确认在招,
CD0295|苏宁易购集团股份有限公司|客服主管|成都市,CD0295,576,苏宁易购集团股份有限公司,是,A,零售与消费,客服主管,成都市,成都市,四川省,成都市,,成都市,confirmed,客服,社会招聘,2026年02月11,3900-4500元/月,1年及以上,页面未说明,页面未说明,页面未说明,接受顾客咨询，记录顾客咨询、投诉内容，按照相应流程给予顾客反馈,18-25岁，大专以上学历,专业培训 节日福利 管理规范 公司规模大 午餐补助 五险一金 带薪年假,direct_detail,是,medium,http://careers.suning.cn/rps-web/position/position_info_new.htm?id=28044,http://careers.suning.cn/rps-web/position/show_position_new.htm?type=1,是,true,A类·企业官方,2026-09-27,2026-09-28,公开招聘中,待人工复核,2026-09-28,职位类别（页面原文）：客服类 >>客户关系。取自苏宁官方招聘站职位详情页，详情页“学历要求”字段以下拉选项列表渲染（博士研究生/硕士/本科/大专…），无法判定该职位实际学历，故 education 记页面未说明；所属公司为页面原文“所属公司”栏的成都法人主体。；2026-09-28 复测页面命中职位名与招聘关键词，确认在招,
CD0295|苏宁易购集团股份有限公司|招商运营经理|成都市,CD0295,577,苏宁易购集团股份有限公司,是,A,零售与消费,招商运营经理,成都市,成都市,四川省,成都市,,成都市,confirmed,招商,社会招聘,2026年08月19,6000-7000元/月,2年及以上,页面未说明,页面未说明,页面未说明,负责购物中心各项业务流程及操作规范的执行,学历要求：全日制统招本科及以上学历,节日福利 岗位晋升 定期体检 通讯津贴 五险一金 带薪年假 绩效奖金,direct_detail,是,medium,http://careers.suning.cn/rps-web/position/position_info_new.htm?id=26546,http://careers.suning.cn/rps-web/position/show_position_new.htm?type=1,是,true,A类·企业官方,2026-09-27,2026-09-28,公开招聘中,待人工复核,2026-09-28,职位类别（页面原文）：运营类 >>连锁店运营。取自苏宁官方招聘站职位详情页，详情页“学历要求”字段以下拉选项列表渲染（博士研究生/硕士/本科/大专…），无法判定该职位实际学历，故 education 记页面未说明；所属公司为页面原文“所属公司”栏的成都法人主体。；2026-09-28 复测页面命中职位名与招聘关键词，确认在招,
CD0295|苏宁易购集团股份有限公司|暖通主管|成都市,CD0295,578,苏宁易购集团股份有限公司,是,A,零售与消费,暖通主管,成都市,成都市,四川省,成都市,,成都市,confirmed,工程,社会招聘,2025年06月24,5000-6000元/月,1年及以上,页面未说明,页面未说明,页面未说明,负责工程部配电、电梯、暖通、维修班组的日常各项管理工作,本科 及以上学历，供配电或机电相关专业,节日福利 岗位晋升 午餐补助 五险一金 带薪年假,direct_detail,是,medium,http://careers.suning.cn/rps-web/position/position_info_new.htm?id=27827,http://careers.suning.cn/rps-web/position/show_position_new.htm?type=1,是,true,A类·企业官方,2026-09-27,2026-09-28,公开招聘中,待人工复核,2026-09-28,职位类别（页面原文）：工程类 >>工程管理。取自苏宁官方招聘站职位详情页，详情页“学历要求”字段以下拉选项列表渲染（博士研究生/硕士/本科/大专…），无法判定该职位实际学历，故 education 记页面未说明；所属公司为页面原文“所属公司”栏的成都法人主体。；2026-09-28 复测页面命中职位名与招聘关键词，确认在招,
CD0295|苏宁易购集团股份有限公司|法务部长|成都市,CD0295,579,苏宁易购集团股份有限公司,是,A,零售与消费,法务部长,成都市,成都市,四川省,成都市,,成都市,confirmed,法务,社会招聘,2026年09月15,10000-15000元/月,3年及以上,页面未说明,页面未说明,页面未说明,西区诉讼案件处理,工作经验3年左右,公司规模大 午餐补助,direct_detail,是,medium,http://careers.suning.cn/rps-web/position/position_info_new.htm?id=27858,http://careers.suning.cn/rps-web/position/show_position_new.htm?type=1,是,true,A类·企业官方,2026-09-27,2026-09-27,公开招聘中,是,2026-09-27,职位类别（页面原文）：监察与法务类 >>综合法务。取自苏宁官方招聘站职位详情页，详情页“学历要求”字段以下拉选项列表渲染（博士研究生/硕士/本科/大专…），无法判定该职位实际学历，故 education 记页面未说明；所属公司为页面原文“所属公司”栏的成都法人主体。,
CD0295|苏宁易购集团股份有限公司|百货课课长|成都市,CD0295,580,苏宁易购集团股份有限公司,是,A,零售与消费,百货课课长,成都市,成都市,四川省,成都市,,成都市,confirmed,运营,社会招聘,2026年08月19,3500-4000元/月,1年及以上,页面未说明,页面未说明,页面未说明,负责百货处日常营运管理工作,1年以上卖场相关工作经验,节日福利 发展空间大 公司规模大 500强 五险一金 带薪年假,direct_detail,是,medium,http://careers.suning.cn/rps-web/position/position_info_new.htm?id=24972,http://careers.suning.cn/rps-web/position/show_position_new.htm?type=1,是,true,A类·企业官方,2026-09-27,2026-09-28,公开招聘中,待人工复核,2026-09-28,职位类别（页面原文）：运营类 >>连锁店运营。取自苏宁官方招聘站职位详情页，详情页“学历要求”字段以下拉选项列表渲染（博士研究生/硕士/本科/大专…），无法判定该职位实际学历，故 education 记页面未说明；所属公司为页面原文“所属公司”栏的成都法人主体。；2026-09-28 复测页面命中职位名与招聘关键词，确认在招,
CD0295|苏宁易购集团股份有限公司|策划部长|成都市,CD0295,581,苏宁易购集团股份有限公司,是,A,零售与消费,策划部长,成都市,成都市,四川省,成都市,,成都市,confirmed,市场,社会招聘,2026年08月19,6000-7000元/月,不限,页面未说明,页面未说明,页面未说明,负责广场人气活动（PR）的策划、实施,全日制本科及以上学历，专业不限,专业培训 节日福利 岗位晋升 发展空间大 公司规模大 五险一金 带薪年假,direct_detail,是,medium,http://careers.suning.cn/rps-web/position/position_info_new.htm?id=24416,http://careers.suning.cn/rps-web/position/show_position_new.htm?type=1,是,true,A类·企业官方,2026-09-27,2026-09-28,公开招聘中,待人工复核,2026-09-28,职位类别（页面原文）：策划类 >>市场分析与策划。取自苏宁官方招聘站职位详情页，详情页“学历要求”字段以下拉选项列表渲染（博士研究生/硕士/本科/大专…），无法判定该职位实际学历，故 education 记页面未说明；所属公司为页面原文“所属公司”栏的成都法人主体。；2026-09-28 复测页面命中职位名与招聘关键词，确认在招,
CD0295|苏宁易购集团股份有限公司|营业员|成都市,CD0295,582,苏宁易购集团股份有限公司,是,A,零售与消费,营业员,成都市,成都市,四川省,成都市,,成都市,confirmed,运营,社会招聘,2026年08月19,3000-5000元/月,不限,页面未说明,页面未说明,页面未说明,负责每日店内外环境卫生清理和货架、冷柜、收银台的商品陈列及补货工作,高中及以上学历，有超市或便利店营业员工作经验者优先,节日福利 岗位晋升 发展空间大 午餐补助 五险一金,direct_detail,是,medium,http://careers.suning.cn/rps-web/position/position_info_new.htm?id=12285,http://careers.suning.cn/rps-web/position/show_position_new.htm?type=1,是,true,A类·企业官方,2026-09-27,2026-09-28,公开招聘中,待人工复核,2026-09-28,职位类别（页面原文）：销售类 >>店面销售。取自苏宁官方招聘站职位详情页，详情页“学历要求”字段以下拉选项列表渲染（博士研究生/硕士/本科/大专…），无法判定该职位实际学历，故 education 记页面未说明；所属公司为页面原文“所属公司”栏的成都法人主体。；2026-09-28 复测页面命中职位名与招聘关键词，确认在招,
CD0295|苏宁易购集团股份有限公司|高级招商运营经理|成都市,CD0295,583,苏宁易购集团股份有限公司,是,A,零售与消费,高级招商运营经理,成都市,成都市,四川省,成都市,,成都市,confirmed,招商,社会招聘,2026年07月01,10000-17000元/月,5年及以上,页面未说明,页面未说明,页面未说明,根据部门总体经营规划，制定所在楼层的经营计划及落实措施，以确保各项经营指标的达成,本科（含）以上学历，年龄28岁以上,节日福利 公司规模大 定期体检 午餐补助 通讯津贴 五险一金,direct_detail,是,medium,http://careers.suning.cn/rps-web/position/position_info_new.htm?id=28097,http://careers.suning.cn/rps-web/position/show_position_new.htm?type=1,是,true,A类·企业官方,2026-09-27,2026-09-28,公开招聘中,待人工复核,2026-09-28,职位类别（页面原文）：采购类 >>品牌招商。取自苏宁官方招聘站职位详情页，详情页“学历要求”字段以下拉选项列表渲染（博士研究生/硕士/本科/大专…），无法判定该职位实际学历，故 education 记页面未说明；所属公司为页面原文“所属公司”栏的成都法人主体。；2026-09-28 复测页面命中职位名与招聘关键词，确认在招,
CD0295|苏宁易购集团股份有限公司|（苏宁）便利店长|成都市,CD0295,584,苏宁易购集团股份有限公司,是,A,零售与消费,（苏宁）便利店长,成都市,成都市,四川省,成都市,,成都市,confirmed,运营,社会招聘,2026年08月19,4000-6000元/月,3年及以上,页面未说明,页面未说明,页面未说明,负责店内人员排班、出勤安排,注：本职位工作地址成都市，根据门店地址及个人居住地址就近安排工作位置,节日福利 发展空间大 500强 上市公司 午餐补助 通讯津贴 五险一金 带薪年假,direct_detail,是,medium,http://careers.suning.cn/rps-web/position/position_info_new.htm?id=13014,http://careers.suning.cn/rps-web/position/show_position_new.htm?type=1,是,true,A类·企业官方,2026-09-27,2026-09-28,公开招聘中,待人工复核,2026-09-28,职位类别（页面原文）：销售类 >>店面销售。取自苏宁官方招聘站职位详情页，详情页“学历要求”字段以下拉选项列表渲染（博士研究生/硕士/本科/大专…），无法判定该职位实际学历，故 education 记页面未说明；所属公司为页面原文“所属公司”栏的成都法人主体。；2026-09-28 复测页面命中职位名与招聘关键词，确认在招,
CD0297|西南交通大学|专职辅导员|四川省成都市高新西区西部园区（西南交通大学）,CD0297,585,西南交通大学,是,A,教育,专职辅导员,四川省成都市高新西区西部园区（西南交通大学）,四川省成都市高新西区西部园区（西南交通大学）,四川省,成都市,高新区,成都市,confirmed,职能,社会招聘,2026-03-16,页面未说明,页面未说明,页面未说明,页面未说明,页面未说明,页面未说明,页面未说明,页面未说明,direct_detail,是,high,https://rsc.swjtu.edu.cn/info/1026/9322.htm,https://rsc.swjtu.edu.cn/rszp.htm,是,true,A类·企业官方,2026-09-27,2026-09-27,公开招聘中,是,2026-09-27,公告页 https://rsc.swjtu.edu.cn/info/1026/9322.htm 实测200，标题《西南交通大学2026年春季学期面向社会公开招聘专职辅导员通告》，日期2026年03月16日 12:57，但正文区无内容，故字段留空；学校专属招聘网 cpyc.swjtu.edu.cn 实测不可访问。,
