记录编号,company_id,企业名称,所属行业,企业官网,官网实测状态码,官方招聘入口,入口实测状态码,证据链接,来源类型,来源渠道,来源URL,核验日期,核验结果,备注
SY0001,CD0001,埃森哲（中国）有限公司成都分公司,IT服务与外包,https://www.accenture.cn/,200,https://www.accenture.cn/cn-zh/careers/local/accenture-china-campus-page,200,https://www.accenture.cn/cn-zh/careers/local/accenture-china-campus-page｜https://careersite.tupu360.com/accentureats/position/index?recruitmentType=CAMPUSRECRUITMENT,A类·企业官网自建招聘页,企业官网|搜索引擎公开检索,https://www.accenture.cn/cn-zh/careers/local/accenture-china-campus-page,2026-09-28,入口可正常访问，来源可信,保留 active；本轮确认官网正在开展2027校园招聘，但当前可读取的 ATS 职位未出现成都，取消 V1.2 对成都岗位的确定性表述
SY0002,CD0002,思特沃克软件技术（成都）有限公司,IT服务与外包,https://www.thoughtworks.com/careers,200,https://www.thoughtworks.com/careers/jobs,200,https://www.thoughtworks.com/careers/jobs｜https://www.thoughtworks.com/en-ca/careers/jobs/4041165,A类·集团统一招聘平台,企业官网|搜索引擎公开检索,https://www.thoughtworks.com/careers/jobs,2026-09-28,入口可正常访问，来源可信,V1.2 入口可访问性不变；本次在全球职位列表页未见任何成都岗位，has_chengdu_jobs 记为 false（非入口失效）
SY0003,CD0003,成都四方伟业软件股份有限公司,人工智能与大数据,https://www.sefonsoft.com/,200,https://www.sefonsoft.com/about/recruit,200,https://www.sefonsoft.com/about/recruit,A类·企业官网自建招聘页,企业官网|搜索引擎公开检索,https://www.sefonsoft.com/about/recruit,2026-09-28,入口可正常访问，来源可信,保留 active；官网当前仍可见具体招聘岗位，但因岗位地点未明示成都，不生成正式成都职位样本
SY0004,CD0004,成都数之联科技股份有限公司,人工智能与大数据,https://unionbigdata.zhiye.com/,200,https://unionbigdata.zhiye.com/,200,https://unionbigdata.zhiye.com/campus/jobs｜https://unionbigdata.zhiye.com/social/jobs,A类·企业专属ATS（官方）,企业官网|搜索引擎公开检索,https://unionbigdata.zhiye.com/,2026-09-28,入口可正常访问，来源可信,V1.2 入口保持可访问；本次核对校招与社招两个列表页当前均为空，has_chengdu_jobs 记为 false
SY0005,CD0005,成都迈克生物股份有限公司,医疗器械,https://www.maccura.com,200,https://maccura.zhiye.com/jobs,200,https://maccura.zhiye.com/jobs?KeyWords= | https://www.maccura.com/,A类·企业专属ATS（官方）,D组-医疗器械,https://maccura.zhiye.com/jobs,2026-09-28,入口可正常访问，来源可信,企业专属招聘门户 maccura.zhiye.com（智联招聘 zhiye 系统托管），社招岗位 2026-08 更新且工作地点为成都市；校招另有网申二维码及公众号渠道。
SY0006,CD0006,德州仪器半导体制造（成都）有限公司,半导体与集成电路,https://careers.ti.com/,200,https://careers.ti.com/,200,https://careers.ti.com/zh-CN/sites/CX/job/25016872?lastSelectedFacet=AttributeChar8&location=China&locationId=300000000361316&locationLevel=country&mode=location&selectedFlexFieldsFacets=%2522AttributeChar8%257CRecent+College+Grads%2522%253AC%25E6%2590%259C%25E7%25B4%25A2%25E8%2581%258C%25E5%258A%25A1-｜https://careers.ti.com/zh-CN/sites/CX/job/25016847/?lastSelectedFacet=CATEGORIES&selectedCategoriesFacet=300000068853914,A类·集团统一招聘平台,"TI 全球招聘门户 careers.ti.com（Chengdu, Sichuan 岗位）；电子科技大学就业网招聘公告（Moka投递入口）",https://careers.ti.com/,2026-09-28,入口可正常访问，来源可信,V1.2 入口不变；本次新增 2 条明确工作地=成都的官方职位样本，status 由待核验确认改为 active；V1.3 复核剔除了 7 条无法确认成都工作地/非官方关联的样本（德州仪器2、捷普2、思爱普2、融资再担保1），本字段按职位池实际行数对齐
SY0007,CD0007,成都仕芯半导体有限公司,半导体与集成电路,https://www.sicoresemi.com,200,https://www.sicoresemi.com/News_Show.php?theId=705,200,https://www.sicoresemi.com/ | https://www.sicoresemi.com/News_Show.php?theId=705 | https://jobs.51job.com/guangzhou/co5795938.html,A类·企业官网自建招聘页,企业官网（新闻中心发布招聘岗位）；前程无忧企业页；BOSS直聘企业页,https://www.sicoresemi.com/News_Show.php?theId=705,2026-09-28,入口可正常访问，来源可信,官网新闻中心发布岗位（模拟IC设计师等，工作地成都郫都），投递邮箱 sli2@sicoresemi.com；官网另有“关于假冒我公司名义进行虚假招聘的声明”。前程无忧企业页显示在招职位12个（第三方，不计入官方来源）。
SY0008,CD0008,成都锐成芯微科技股份有限公司,半导体与集成电路,https://www.analogcircuit.cn,200,https://analogcircuit.cn/recruit/800.html,200,https://analogcircuit.cn/recruit/800.html | https://www.analogcircuit.cn/recruit/784.html | https://www.analogcircuit.cn/news/d-334.html,A类·企业官网自建招聘页,企业官网（含 Career/招聘栏目，岗位Base标注成都、上海）,https://analogcircuit.cn/recruit/800.html,2026-09-28,入口可正常访问，来源可信,官网设 Career 栏目并按岗位发布招聘详情（存储器/模拟/射频等设计工程师，Base 成都）；招聘邮箱 recruit@analogcircuit.cn。
SY0009,CD0009,海光信息技术股份有限公司（成都研发中心/成都分部）,半导体与集成电路,https://app.mokahr.com/m/campus-recruitment/hygon/,302,https://app.mokahr.com/m/campus-recruitment/hygon/,302,https://app.mokahr.com/m/campus-recruitment/hygon/｜https://app.mokahr.com/m/campus-recruitment/hygon/169939?locale=zh-CN,A类·企业专属ATS（官方）,海光官方校招公告（南方科技大学/清华大学就业网）；Moka 校招系统 app.mokahr.com；企业域名邮箱 hr@hygon.cn,https://app.mokahr.com/m/campus-recruitment/hygon/,2026-09-28,入口为重定向/动态渲染页（浏览器访问正常），来源可信,V1.2 入口不变；本次仅能确认成都研发中心表述，未能取到具体成都岗位，status 维持 needs_manual_review
SY0010,CD0010,英特尔产品（成都）有限公司,半导体与集成电路,https://www.intel.cn/,200,https://chinacampus.jobs.intel.cn/,200,https://chinacampus.jobs.intel.cn/intel/position/index,A类·集团统一招聘平台,企业官网|搜索引擎公开检索,https://chinacampus.jobs.intel.cn/,2026-09-28,入口可正常访问，来源可信,集团统一招聘。英特尔中国校园招聘官网 chinacampus.jobs.intel.cn 职位列表可见多个「四川省-成都」岗位（Foundry Program Manager、Site Service Specialist、Industry Engineer、AI/ML 实习等，发布至2026-09-17）；社招走 jobs.intel.com。成都工厂为封装测试基地。
SY0011,CD0011,成都艾尔平方文化传播有限公司,数字内容,http://www.luheli.com,200,http://www.luheli.com/about.php?id=9,200,http://www.luheli.com/about.php?id=9,A类·企业官网自建招聘页,企业官网|搜索引擎公开检索,http://www.luheli.com/about.php?id=9,2026-09-28,入口可正常访问，来源可信,V1.2 标为 active；本轮招聘页访问失败且两次公开检索无结果，降级为 temporarily_unavailable；2026-09-28 复测恢复可访问（此前记录不可访问），页面职位情况待复核
SY0012,CD0012,成都光明光电股份有限公司,新材料,https://www.cdgmgd.com,200,https://www.cdgmgd.com/templates/www.cdgmgd.com/zh_CN/pc/tempmsg/recruitment.htm,200,https://www.cdgmgd.com/templates/www.cdgmgd.com/zh_CN/pc/tempmsg/recruitment.htm | https://www.iguopin.com/job/detail?id=215292420152100378,A类·企业官网自建招聘页,企业官网招聘专栏（校招/社招岗位需求表）；国聘平台企业职位,https://www.cdgmgd.com/templates/www.cdgmgd.com/zh_CN/pc/tempmsg/recruitment.htm,2026-09-28,入口可正常访问，来源可信,替换：原清单第27项“成都中电科/天马”不确定，按提示替换为成都光明光电。官网设招聘专栏（产品开发、销售、炉窑结构、控制技术、信息系统研发、机械设计等岗位，工作地成都），简历邮箱 tianyw@cdgmgd.com；国聘平台另有在招职位12个（国聘为第三方平台，未计入官方来源）。
SY0013,CD0013,成都圭目机器人有限公司,智能制造与装备,https://www.gm-robot.com,200,https://www.gm-robot.com/newsinfo/7885839.html,200,https://www.gm-robot.com｜https://www.gm-robot.com/newsinfo/7885839.html｜https://www.gm-robot.com/newsinfo/11285896.html,A类·企业官网自建招聘页,企业官网|搜索引擎公开检索,https://www.gm-robot.com/newsinfo/7885839.html,2026-09-28,入口可正常访问，来源可信,V1.2 标为 active；本轮仅见2024-12-23发布的销售岗历史招募资讯，未见当前职位，降级为 accessible_no_job
SY0014,CD0014,成都纵横自动化技术股份有限公司,智能制造与装备,https://www.jouav.com,200,https://www.jouav.com/zh/career,200,https://www.jouav.com/zh/career｜https://jouav.com/zh/company｜https://www.zhiye.com/jobs/1547202,A类·企业官网自建招聘页,上市公司名单|企业官网|搜索引擎公开检索,https://www.jouav.com/zh/career,2026-09-28,入口可正常访问，来源可信,V1.2 标为 active；本轮官网招贤纳士页只有人才理念，既有 zhiye 链接返回404，降级为 accessible_no_job
SY0015,CD0015,成都蜀道装备科技股份有限公司,智能制造与装备,https://shudaozb.com,200,https://shudaozb.com/zhaopinxinxi/,200,https://shudaozb.com/zhaopinxinxi/｜https://shudaozb.com/zhaopinxinxi/279.html｜https://shudaozb.com/touzizheguanxihuodong/871.html,A类·企业官网自建招聘页,D组-智能制造与装备,https://shudaozb.com/zhaopinxinxi/,2026-09-28,入口可正常访问，来源可信,V1.2 标为 active 并声称2026年第三季度招聘；本轮招聘列表仅有栏目标题，且既有详情链接实际为2022年公告，降级为 accessible_no_job
SY0016,CD0016,成都卓杭网络科技股份有限公司,游戏,https://www.dhgames.cn,200,https://www.dhgames.cn,200,https://www.dhgames.cn,A类·企业官网自建招聘页,企业官网|搜索引擎公开检索,https://www.dhgames.cn,2026-09-28,入口可正常访问，来源可信,V1.2 标为 active；本轮官网仅显示“加入卓杭”宣传文案，无招聘链接或职位，降级为 accessible_no_job
SY0017,CD0017,成都创人所爱科技股份有限公司,游戏,https://www.tap4fun.com,200,https://campus.tap4fun.com,302,https://campus.tap4fun.com｜https://campus.tap4fun.com/campus_apply/tap4fun/291/#/jobs?zhineng=72571,A类·企业官网自建招聘页,企业官网|搜索引擎公开检索,https://campus.tap4fun.com,2026-09-28,入口为重定向/动态渲染页（浏览器访问正常），来源可信,保留 active；本轮确认2027届校招、成都工作地点及7个职位数量，但具体职位名称仍未从动态列表取得；2026-09-28 核实：CD0228 成都创人所爱科技股份有限公司与本企业为同一主体——2022-02-10 由「成都尼毕鲁科技股份有限公司」更名为「成都创人所爱科技股份有限公司」（统一社会信用代码 91510100672173748G，官网 tap4fun.com 相同），V1.4 采集中重复收录，已按去重规则并入 CD0017。
SY0018,CD0018,成都数字天空科技有限公司,游戏,https://www.digisky.com,200,https://www.digisky.com/joinUs,200,https://www.digisky.com/joinUs,A类·企业官网自建招聘页,企业官网|搜索引擎公开检索,https://www.digisky.com/joinUs,2026-09-28,入口可正常访问，来源可信,V1.2 标为 active；本轮社会招聘页仅展示技术、美术、艺术、策划分类介绍，未看到具体职位，降级为 accessible_no_job
SY0019,CD0019,成都西山居互动娱乐科技有限公司,游戏,https://hr.xishanju.com,200,https://hr.xishanju.com,200,https://hr.xishanju.com,A类·企业专属ATS（官方）,企业官网|搜索引擎公开检索,https://hr.xishanju.com,2026-09-28,入口可正常访问，来源可信,V1.2 入口不变；本次无法取得职位数据，status 维持 needs_manual_review
SY0020,CD0020,成都迅游网络科技股份有限公司,游戏,https://www.xunyou.com/,200,https://www.xunyou.com/2014hr/position.shtml,200,https://www.xunyou.com/2014hr/position.shtml | https://aiqicha.baidu.com/details/rankList?query=a47ff4cfa99b1c4c97a8691606136aa8&type=20,A类·企业官网自建招聘页,企业官网|上市公司名单|搜索引擎公开检索,https://www.xunyou.com/2014hr/position.shtml,2026-09-28,入口可正常访问，来源可信,官网招聘页 xunyou.com/2014hr/position.shtml 列出运维开发、软件测试、自动化测试等岗位，工作地点明确标注成都。招聘主体为四川迅游网络科技股份有限公司（北京迅游科技已于2022年注销）。
SY0021,CD0021,成都雨墨科技有限公司,游戏,http://www.yumoon.cn,200,http://www.yumoon.cn,200,http://www.yumoon.cn｜http://www.yumoon.cn/datails.php?id=6,A类·企业官网自建招聘页,企业官网|搜索引擎公开检索,http://www.yumoon.cn,2026-09-28,入口可正常访问，来源可信,V1.2 标为 active；本轮根页仅返回系统连接测试文本，既有职位详情返回 File not found，降级为 temporarily_unavailable；2026-09-28 复测恢复可访问（此前记录不可访问），页面职位情况待复核
SY0022,CD0022,成都龙渊网络科技有限公司,游戏,https://www.dragonest.com,200,https://www.ilongyuan.com.cn/index/campusrecruit.html,200,https://www.dragonest.com/Index/recruit｜https://www.ilongyuan.com.cn/index/campusrecruit.html,A类·企业官网自建招聘页,企业官网|搜索引擎公开检索,https://www.ilongyuan.com.cn/index/campusrecruit.html,2026-09-28,入口可正常访问，来源可信,保留 active，并将可用招聘入口从只展示福利的 dragonest 招聘页更新为实际显示职位的龙渊中文官网校园招聘页；新增1条真实成都职位样本
SY0023,CD0023,四川科伦博泰生物医药股份有限公司,生物医药,https://www.kelun-biotech.com,200,https://kelunbotai.zhiye.com/campus/,200,https://kelunbotai.zhiye.com/campus/?PageIndex=1 | http://kelunbotai.zhiye.com/social/?c=-1&PageIndex=2 | https://www.kelun-biotech.com/contact.aspx?mid=171,A类·企业专属ATS（官方）,D组-生物医药,https://kelunbotai.zhiye.com/campus/,2026-09-28,入口可正常访问，来源可信,企业专属招聘门户含校园招聘与社会招聘，2026-09 更新，工作地点以四川省成都市为主；官网联系页另提供人才招聘邮箱 klbotai_hr@kelun.com。
SY0024,CD0024,四川科伦药业股份有限公司（成都）,生物医药,https://www.kelun.com,200,https://kelun.zhiye.com/social/,200,https://www.kelun.com/intro/5.html | https://kelun.zhiye.com/social/?p=3%5E3&PageIndex=4,A类·企业专属ATS（官方）,D组-生物医药,https://kelun.zhiye.com/social/,2026-09-28,入口可正常访问，来源可信,官网路径「人力资源 → 招贤纳士」进入企业招聘门户 kelun.zhiye.com；社招列表显示共 48 条记录，含大量四川省成都市岗位；另有微信公众号「科伦药业招聘」。
SY0025,CD0025,成都倍特药业股份有限公司,生物医药,http://www.btyy.com,200,https://btyy.zhiye.com/social/jobs,200,https://btyy.zhiye.com/social/jobs | http://www.btyy.com/contents/22/793.html,A类·企业专属ATS（官方）,D组-生物医药,https://btyy.zhiye.com/social/jobs,2026-09-28,入口可正常访问，来源可信,官网「职业发展-社会招聘/校园招聘」跳转企业专属招聘门户 btyy.zhiye.com（智联招聘 zhiye 企业招聘系统托管），非公开职位市场页面；岗位工作地点含四川省成都市高新区。
SY0026,CD0026,成都康弘药业集团股份有限公司,生物医药,https://www.cnkh.com,200,https://kanghong.zhiye.com/campus/jobs,200,https://www.cnkh.com｜https://kanghong.zhiye.com/campus/jobs,A类·企业专属ATS（官方）,D组-生物医药,https://kanghong.zhiye.com/campus/jobs,2026-09-28,入口可正常访问，来源可信,V1.2 标为 active 且入口仅为官网首页；本轮补全官方 ATS URL，但校园招聘页明确显示暂无热招职位、暂无长招职位，降级为 accessible_no_job
SY0027,CD0027,成都欧林生物科技股份有限公司,生物医药,https://www.olymvax.com,200,https://www.olymvax.com/talent.aspx?t=24,200,https://www.olymvax.com/talent.aspx?t=24,A类·企业官网自建招聘页,D组-生物医药,https://www.olymvax.com/talent.aspx?t=24,2026-09-28,入口可正常访问，来源可信,官网「人力资源 → 招聘岗位」页面列出研发、质量、生产等岗位，工作地点成都/重庆；企业 2026 年在第三方平台另有大量在招岗位可供交叉核对。
SY0028,CD0028,成都海创药业股份有限公司,生物医药,https://www.hinovapharma.com,200,https://www.hinovapharma.com/recruit/index.html,200,https://www.hinovapharma.com/recruit/index.html | https://www.hinovapharma.com/recruit/index_2.html,A类·企业官网自建招聘页,D组-生物医药,https://www.hinovapharma.com/recruit/index.html,2026-09-28,入口可正常访问，来源可信,官网「人才发展 → 职业机会」栏目按岗位分页展示，2026-04 至 2026-08 更新，工作地点均为成都；另有 HR 邮箱 yltang@hinovapharma.com。
SY0029,CD0029,成都迪康药业股份有限公司,生物医药,https://www.dikangyaoye.com,200,https://www.dikangyaoye.com/shehuizhaopin,200,https://www.dikangyaoye.com/shehuizhaopin | https://dikangyaoye.com/Fjob/show?catid=64&job_id=213,A类·企业官网自建招聘页,D组-生物医药,https://www.dikangyaoye.com/shehuizhaopin,2026-09-28,入口可正常访问，来源可信,官网「人力资源」板块含社会招聘与校园招聘专区，社招页列出约 8 个在招岗位（成都、万州等），岗位更新至 2026-06。
SY0030,CD0030,成都京东方光电科技有限公司,电子信息制造,https://m.boe.com/join/index,200,https://m.boe.com/join/index,200,https://m.boe.com/join/index｜http://campus.boe.com/,A类·集团统一招聘平台,京东方集团官网“加入我们/招聘公告”栏目；第三方蓝领招聘站转载岗位,https://m.boe.com/join/index,2026-09-28,入口可正常访问，来源可信,V1.2 入口不变；补充确认官网分流出 campus.boe.com 与 career.boe.com 两个子入口，本次未能筛出成都岗位
SY0031,CD0031,成都国光电气股份有限公司,电子信息制造,https://chinaguoguang.com,200,https://chinaguoguang.com/go-c97.htm,200,https://chinaguoguang.com/go-c97.htm｜https://chinaguoguang.com/go-a512.htm｜http://chinaguoguang.com/,A类·企业官网自建招聘页,企业官网“人才招聘-招聘职位”栏目；高校就业网招聘信息；智联招聘,https://chinaguoguang.com/go-c97.htm,2026-09-28,入口可正常访问，来源可信,V1.2 标为 active；本轮仅见2023-04-12发布的电真空设计师历史职位，未见当前职位，降级为 accessible_no_job
SY0032,CD0032,成都天马微电子有限公司,电子信息制造,https://campus.tianma.cn/,,https://campus.tianma.cn/,,https://campus.tianma.cn/｜https://app.mokahr.com/campus-recruitment/tianma/170490,A类·集团统一招聘平台,天马集团官网；天马校招官网 campus.tianma.cn；北森招聘系统 tianma.zhiye.com；国家大学生就业服务平台,https://campus.tianma.cn/,2026-09-28,入口未复测（V1.2/V1.3 期已验证）,V1.2 入口 campus.tianma.cn 本次抓取失败（网络层错误，非 404），补充记录可访问的 Moka 官方校招落地页
SY0033,CD0033,成都旭光电子股份有限公司,电子信息制造,https://www.xuguang.com.cn,200,https://www.xuguang.com.cn/jobL,200,https://www.xuguang.com.cn/jobL｜https://www.xuguang.com.cn/job?art_id=212450&menu_id=56190,A类·企业官网自建招聘页,企业官网“人才招聘”栏目；职友集聚合职位；全职招聘网,https://www.xuguang.com.cn/jobL,2026-09-28,入口可正常访问，来源可信,V1.2 标为 active；本轮人才招聘栏目只显示公司基本情况、简介、组织架构、荣誉和事业部介绍，未见职位，降级为 accessible_no_job
SY0034,CD0034,捷普科技（成都）有限公司,电子信息制造,https://careers.jabil.com/,200,https://careers.jabil.com/,200,https://careers.jabil.com/jobs?location=Chengdu｜https://careers.jabil.com/en/jobs/job/j2246555-e-project-engineer-ii-tpm/｜https://careers.jabil.com/en/jobs/job/e-supply-chain-project-manager-scm%E9%A1%B9%E7%9B%AE%E7%BB%8F%E7%90%86-1/,A类·集团统一招聘平台,Jabil 全球官网；Jabil 招聘门户 careers.jabil.com / jobs.jabil.com（Chengdu 岗位）；前程无忧企业页,https://careers.jabil.com/,2026-09-28,入口可正常访问，来源可信,V1.2 入口不变；本次新增 2 条明确工作地=成都的官方职位样本，status 确认为 active；V1.3 复核剔除了 7 条无法确认成都工作地/非官方关联的样本（德州仪器2、捷普2、思爱普2、融资再担保1），本字段按职位池实际行数对齐
SY0035,CD0035,鸿富锦精密电子（成都）有限公司,电子信息制造,https://www.foxconn.com.cn/,200,https://www.51pin.foxconn.com/,200,https://aiqicha.baidu.com/details/ugknowledge?id=aca770927693e15626decc11d0af5e0c | https://aeo.uibe.edu.cn/front/zpxx.jspa?tid=1987777641725378561,A类·企业官网自建招聘页,企业官网|搜索引擎公开检索,https://www.51pin.foxconn.com/,2026-09-28,入口可正常访问，来源可信,富士康官方招募网 51pin.foxconn.com（企业自有招募系统）为官方入口；菁干班校园招聘明确工作地含成都，园区约8万人，主产 iPad/Apple Watch。
SY0036,CD0036,中航（成都）无人机系统股份有限公司,航空航天,https://www.avicuas.com,200,https://avicuas.zhiye.com/,200,https://avicuas.zhiye.com/zpdetail/351607548 | https://avicuas.zhiye.com/zpdetail/351605128 | https://www.avicuas.com,A类·企业专属ATS（官方）,D组-航空航天,https://avicuas.zhiye.com/,2026-09-28,入口可正常访问，来源可信,公司自有招聘系统 avicuas.zhiye.com，校招/社招岗位 2026-08 至 2026-09 更新，工作地点四川省成都市；官网 www.avicuas.com 为集团内企业门户。
SY0037,CD0037,成都爱乐达航空设备制造股份有限公司,航空航天,https://www.cdald.com,200,https://www.cdald.com/hr-culture.aspx?t=14,200,https://www.cdald.com/hr-culture.aspx?t=14 | https://www.cdald.com,A类·企业官网自建招聘页,D组-航空航天,https://www.cdald.com/hr-culture.aspx?t=14,2026-09-28,入口可正常访问，来源可信,官网设「Join us 加入我们」栏目（招贤礼士/人才理念与招聘联系方式），岗位地点成都高新西区与新都；在招岗位数量与更新时间需人工核实。
SY0038,CD0038,北京三快在线科技有限公司成都分公司,软件与互联网服务,https://www.meituan.com/,200,https://zhaopin.meituan.com/,200,https://zhaopin.meituan.com/web/social?cityList=001027001 | https://career.meituan.com/web/social | http://hr.meituan.com/,A类·集团统一招聘平台,企业官网|搜索引擎公开检索,https://zhaopin.meituan.com/,2026-09-28,入口可正常访问，来源可信,集团统一招聘，可按城市筛选成都；社招列表检索到工作地含成都市的岗位（安全事务经理、小象超市品控等，更新至2026-09-10）。校招另有 campus.meituan.com 北斗计划。
SY0039,CD0039,北京京东世纪贸易有限公司成都分公司,软件与互联网服务,https://zhaopin.jd.com/,200,https://zhaopin.jd.com/,200,https://zhaopin.jd.com/,A类·集团统一招聘平台,企业官网|搜索引擎公开检索,https://zhaopin.jd.com/,2026-09-28,入口可正常访问，来源可信,V1.2 入口不变；本次首页热招列表未见成都岗位，has_chengdu_jobs 记为 false（非入口失效）
SY0040,CD0040,北京字节跳动科技有限公司成都分公司,软件与互联网服务,https://www.bytedance.com/,200,https://jobs.bytedance.com/,200,https://jobs.bytedance.com/campus/position/7665291531588258053/detail | https://jobs.bytedance.com/en/,A类·集团统一招聘平台,企业官网|搜索引擎公开检索,https://jobs.bytedance.com/,2026-09-28,入口可正常访问，来源可信,集团统一招聘，可在城市筛选成都。检索到标注「成都」的2027届校招职位（内容质量与数据服务平台）。成都招聘主体多为北京抖音信息服务有限公司，另有成都字节跳动科技有限公司、成都不亦说乎科技有限公司。
SY0041,CD0041,四川久远银海软件股份有限公司,软件与互联网服务,https://www.yinhai.com/,200,https://www.yinhai.com/pc/ycjh_1702523841087/index.html,200,https://www.yinhai.com/pc/jrwm_1702523391000/index.html｜https://www.yinhai.com/pc/ycjh_1702523841087/index.html,A类·企业官网自建招聘页,企业官网|上市公司名单|搜索引擎公开检索,https://www.yinhai.com/pc/ycjh_1702523841087/index.html,2026-09-28,入口可正常访问，来源可信,保留 active；从仅有福利文化的加入我们页找到实际可访问的英才计划页，确认3类招聘岗位，但因地点未明示成都不生成成都职位样本
SY0042,CD0042,思爱普（中国）有限公司成都分公司,软件与互联网服务,https://jobs.sap.com/,200,https://jobs.sap.com/,200,https://jobs.sap.com/search/?q=SAP+company+SAP+jobs&scrollToTable=true&sortColumn=sort_title&sortDirection=desc&startrow=125｜https://jobs.sap.com/?locale=zh_CN,A类·集团统一招聘平台,企业官网|搜索引擎公开检索,https://jobs.sap.com/,2026-09-28,入口可正常访问，来源可信,V1.2 入口不变；本次在官方职位搜索页确认到 2 条成都岗位，has_chengdu_jobs 记为 true，status 由待核验改为 active；V1.3 复核剔除了 7 条无法确认成都工作地/非官方关联的样本（德州仪器2、捷普2、思爱普2、融资再担保1），本字段按职位池实际行数对齐
SY0043,CD0043,成都云智天下科技股份有限公司,软件与互联网服务,https://yunzhicloud.com,200,https://yunzhicloud.com/web-aboutyz/joinus/hiring,200,https://yunzhicloud.com/web-aboutyz/joinus/hiring | https://m.jobui.com/company/16293502/ | https://www.yupao.com/qiye/1852191476289884182.html,A类·企业官网自建招聘页,企业官网|产业园区名单|搜索引擎公开检索,https://yunzhicloud.com/web-aboutyz/joinus/hiring,2026-09-28,入口可正常访问，来源可信,原清单“成都可可兰/联汇科技”不确定，按指示替换为天府软件园片区的成都云智天下科技股份有限公司。官网设“人才招聘”页（joinus/hiring），列出商务经理、高级产品经理、解决方案工程师等成都岗位。
SY0044,CD0044,滴滴出行科技有限公司成都分公司,软件与互联网服务,https://talent.didiglobal.com/,200,https://talent.didiglobal.com/,200,https://talent.didiglobal.com/｜https://talent.didiglobal.com/social,A类·集团统一招聘平台,企业官网|搜索引擎公开检索,https://talent.didiglobal.com/,2026-09-28,入口可正常访问，来源可信,V1.2 入口不变；本次社招列表页未见成都岗位，has_chengdu_jobs 记为 false（非入口失效）
SY0045,CD0045,腾讯科技（成都）有限公司,软件与互联网服务,https://careers.tencent.com/,200,https://careers.tencent.com/,200,https://careers.tencent.com/cityinfo.html?city=8｜https://careers.tencent.com/jobdesc.html?postId=2082418129375506432｜https://careers.tencent.com/,A类·集团统一招聘平台,企业官网|搜索引擎公开检索,https://careers.tencent.com/,2026-09-28,入口可正常访问，来源可信,V1.2 入口不变；本次确认官网可明确筛出成都岗位并采集 7 条样本，status 确认为 active，has_chengdu_jobs=true
SY0046,CD0046,阿里巴巴（中国）有限公司成都分公司,软件与互联网服务,https://campus-talent.alibaba.com/,200,https://campus-talent.alibaba.com/,200,https://campus-talent.alibaba.com/campus/position-list?campusType=freshman｜https://campus-talent.alibaba.com/campus/position/199907640056?deptCodes=,A类·集团统一招聘平台,企业官网|搜索引擎公开检索,https://campus-talent.alibaba.com/,2026-09-28,入口可正常访问，来源可信,V1.2 入口不变；本次在校招职位列表页确认到含成都的岗位，has_chengdu_jobs 记为 true，status 确认为 active
SY0047,CD0047,中兴通讯股份有限公司成都分公司,通信与网络设备,http://job.zte.com.cn/,200,http://job.zte.com.cn/,200,http://job.zte.com.cn/｜https://app.mokahr.com/campus-recruitment/zte/46903#/jobs?project=100022014&zhineng=72363&page=1&keyword=&anchorName=jobsList,A类·集团统一招聘平台,企业官网|搜索引擎公开检索,http://job.zte.com.cn/,2026-09-28,入口可正常访问，来源可信,V1.2 入口不变；本次可访问官方招聘首页并确认其分流至 Moka（app.mokahr.com/campus-recruitment/zte/46903、social-recruitment/zte/47588），但未取得成都岗位
SY0048,CD0048,华为技术有限公司成都研究所,通信与网络设备,https://career.huawei.com/,200,https://career.huawei.com/,200,https://career.huawei.com/cn/job-details?advertisementId=41276｜https://career.huawei.com/｜https://career.huawei.com/reccampportal/portal5/social-recruitment.html,A类·集团统一招聘平台,企业官网|搜索引擎公开检索,https://career.huawei.com/,2026-09-28,入口可正常访问，来源可信,V1.2 入口不变；本次确认到 1 条明确工作地=成都的官方职位，has_chengdu_jobs 记为 true，status 确认为 active
SY0049,CD0049,成都优博创通信技术股份有限公司,通信与网络设备,https://www.superxon.cn,200,https://www.superxon.cn/jrwm,200,https://www.superxon.cn/jrwm | https://jobs.51job.com/renshijingli/co2129357.html,A类·企业官网自建招聘页,企业官网“加入我们”栏目；前程无忧企业页；智联/猎聘职位,https://www.superxon.cn/jrwm,2026-09-28,入口可正常访问，来源可信,官网“加入我们”栏目列出成都双流岗位（数通光模块硬件总监、光模块硬件工程师、国际营销总监等），投递邮箱 hr@superxon.com；前程无忧企业页另有在招职位22个（第三方，不计入官方来源）。
SY0050,CD0050,成都华日通讯技术股份有限公司,通信与网络设备,https://cdhuari.com,200,http://www.cdhuari.com/job-detail.html?id=10022,200,https://cdhuari.com | http://www.cdhuari.com/job-detail.html?id=10022 | https://m.liepin.com/company/7975385/,A类·企业官网自建招聘页,企业官网“招贤纳士”栏目；猎聘企业页,http://www.cdhuari.com/job-detail.html?id=10022,2026-09-28,入口可正常访问，来源可信,替换：原清单第24项“成都威频科技”不确定，改用成都华日通讯。官网设“招贤纳士”栏目（/job-detail.html 岗位详情），工作地成都；简历投递邮箱 hrpersonnel@cdhuari.com。
SY0051,CD0051,成都天锐星通科技股份有限公司,通信与网络设备,http://t-ray.net,200,,,http://t-ray.net｜https://jy.scu.edu.cn/index/index/employjobdetail.html?data=MDAwMDAwMDAwMJG6n3_Ed6imi4qQtLh4Y9-K0NSyyWHddricp9CWi5qikaeWacSdqLqGfaK2w4iil5C4zNbGiL-E｜https://jy.scu.edu.cn/index/index/employjobdetail.html?data=MDAwMDAwMDAwMJG6n3_Ed6imi4qQtLh4Y9-K0NSqspzddricp9CWi5qikaeWacSdqLqGfaK2w4iil5C4zNbGiL-E,C类·来源不明确（无官方招聘入口）,企业官网|搜索引擎公开检索,http://t-ray.net,2026-09-28,未找到官方招聘入口，官网已验证，按数据字典入口留空,V1.2 标为 active 且仅写微信公众号招聘、入口 URL 为空；本轮未找到可公开访问的企业招聘入口，降级为 not_found
SY0052,CD0052,成都新易盛通信科技股份有限公司,通信与网络设备,https://www.eoptolink.com/about-us/careers,200,https://eoptolink.zhiye.com/campus/jobs,200,https://eoptolink.zhiye.com/campus/jobs｜https://www.eoptolink.com/about-us/careers,A类·企业专属ATS（官方）,企业官网 eoptolink.com（Careers 栏目）；哈工大/吉林大学就业网2027届校招公告；企业专属北森校招系统 eoptolink.zhiye.com,https://eoptolink.zhiye.com/campus/jobs,2026-09-28,入口可正常访问，来源可信,V1.2 入口为英文官网 careers 页（无具体职位）；本次定位到实际官方 ATS 校招列表 eoptolink.zhiye.com/campus/jobs，可明确筛出成都双流区岗位，采集 8 条样本，status 确认为 active
SY0053,CD0053,中软国际科技服务有限公司成都分公司,IT服务与外包,https://www.chinasofti.com/,200,http://zhaopin.chinasoftinc.com,200,http://zhaopin.chinasoftinc.com｜https://www.chinasofti.com/joinUs/index.htm｜https://jobcareer.sdu.edu.cn/eweb/jygl/index.so?modcode=jygl_zpxxck&subsyscode=zpfw&rklx=jyw&lmxhV=0402&type=ssoZxzpView&id=TmdmfhF9QSzCpcM5iZCHDN,A类·企业官网自建招聘页,企业官网|上市公司名单|搜索引擎公开检索,http://zhaopin.chinasoftinc.com,2026-09-28,入口可正常访问，来源可信,"降级+换入口：V1.2 入口 https://www.chinasofti.com/joinUs/index.htm 本次访问返回 404（已失效），改录企业自有域名招聘系统 http://zhaopin.chinasoftinc.com（official_company）；该系统为纯前端 JS 渲染（静态抓取显示 ""We're sorry but rs-protal doesn't work properly without JavaScript enabled"" + Network Error），未能确认成都职位，故 has_chengdu_jobs 记 false 且状态维持 needs_manual_review（非招聘关闭）"
SY0054,CD0054,成都博彦软件技术有限公司,IT服务与外包,https://www.beyondsoft.com/,200,https://www.beyondsoft.com/joinus/employ-enroll.html,200,https://www.beyondsoft.com/joinus/employ-enroll.html,A类·企业官网自建招聘页,企业官网|上市公司名单|搜索引擎公开检索,https://www.beyondsoft.com/joinus/employ-enroll.html,2026-09-28,入口可正常访问，来源可信,博彦科技官网「加入我们-校园招聘」页列出成都研发中心及西部地区校招联系方式（campus-xa@beyondsoft.com），但为静态报名说明页，无在线职位库，未能确认当前成都职位数。
SY0055,CD0055,软通动力信息技术（集团）股份有限公司成都分公司,IT服务与外包,https://www.isoftstone.com/,200,https://www.isoftstone.com/zh-cn/htmls/campusRecruitment/index.html,200,https://www.isoftstone.com/zh-cn/htmls/campusRecruitment/index.html | http://istudy.isoftstone.com/,A类·企业官网自建招聘页,企业官网|搜索引擎公开检索,https://www.isoftstone.com/zh-cn/htmls/campusRecruitment/index.html,2026-09-28,入口可正常访问，来源可信,官网校园招聘专栏（含27届在招职位列表）与社招入口，校招网申站 istudy.isoftstone.com；校招简章工作地含成都，但当前列表页未直接确认成都职位数。
SY0056,CD0056,云从科技（成都）,人工智能与大数据,https://www.cloudwalk.com,200,http://jobs.cloudwalk.com/,302,https://www.cloudwalk.com/Join | http://jobs.cloudwalk.com/ | https://m.liepin.com/job/1946531013.shtml,A类·企业官网自建招聘页,上市公司名单|企业官网|搜索引擎公开检索,http://jobs.cloudwalk.com/,2026-09-28,入口为重定向/动态渲染页（浏览器访问正常），来源可信,集团官网“加入我们”（cloudwalk.com/Join）指向自建社招站 jobs.cloudwalk.com（云南从自有域名托管）。本次可见社招岗位集中在上海/广州/北京/衡阳等，未列出成都；成都双流岗位仅见于第三方平台（猎聘/BOSS）。成都岗位是否仍开放需人工复核。
SY0057,CD0057,成都振芯科技股份有限公司,半导体与集成电路,http://www.corpro.cn,200,http://www.corpro.cn/,200,http://www.corpro.cn/ | https://www.upcv.tech/xiaozhao/cmto6nqnr00xzm9th9hnroiml.html | https://miaoruzhi.com/recruitment/dab82dde-0417-4c56-90fb-60c7b4830c0d,A类·企业官网自建招聘页,企业官网（首页含校园招聘入口）；2027届秋招公告（第三方校招资讯站转载，注明来源为官网）,http://www.corpro.cn/,2026-09-28,入口可正常访问，来源可信,官网首页含“校园招聘”栏目；27届秋招岗位（模拟/数字IC、版图、AI算法、FPGA等）以成都为主、部分北京。具体网申链接需人工在官网核实。；2026-09-28 复测恢复可访问（此前记录不可访问），页面职位情况待复核
SY0058,CD0058,成都海威华芯科技有限公司,半导体与集成电路,http://hiwafer.com,200,http://hiwafer.com/company-news/184.html,200,http://hiwafer.com | http://hiwafer.com/company-news/184.html | https://m.zhaopin.com/company/jobs-CZ375646680/,A类·企业官网自建招聘页,企业官网（公司新闻栏目发布公开招聘公告）；智联招聘企业页；成都人才网,http://hiwafer.com/company-news/184.html,2026-09-28,入口可正常访问，来源可信,官网仅在“公司新闻”发布公开招聘公告（总经理、董事长助理遴选），未见常规社招职位列表；日常社招岗位主要经智联招聘发布（第三方，非官方ATS），需人工复核。
SY0059,CD0059,成都可可豆动画影视有限公司,数字内容,http://cocoaniworks.net,200,http://cocoaniworks.net/?p=6,200,http://cocoaniworks.net/?p=6 | http://cocoaniworks.net/en/?page_id=6 | https://aiqicha.baidu.com/details/ugknowledge?id=6bb3282b710d82f4a31e736f6ff9df36,A类·企业官网自建招聘页,企业官网|搜索引擎公开检索,http://cocoaniworks.net/?p=6,2026-09-28,入口可正常访问，来源可信,官网设“加入我们”页（含中英文版），列出 PM、AIGC应用工程师、资深2D美术、VFX 等成都岗位；另有域名 cococartoon.com 指向同一招聘入口。；2026-09-28 复测恢复可访问（此前记录不可访问），页面职位情况待复核
SY0060,CD0060,成都索贝数码科技股份有限公司,数字内容,https://www.sobey.com,200,https://sobey.zhiye.com,200,https://sobey.zhiye.com｜https://www.sobey.com｜https://jy.scu.edu.cn/index/index/employjobdetail.html?data=MDAwMDAwMDAwMJG6n3_Ed6imi4qQtbR4iZuKuLa6yGHRp7ugzc-GnZ2skMx9ZMN4gtKLipCwxKF0lZC5sq-0gqJv,A类·企业专属ATS（官方）,企业官网|搜索引擎公开检索,https://sobey.zhiye.com,2026-09-28,入口可正常访问，来源可信,升级：V1.2 为 not_found（未找到任何招聘入口），本轮通过高校就业网（jy.scu.edu.cn）披露确认企业专属 ATS 门户 https://sobey.zhiye.com，source_type 由 not_found 升级为 official_ats_third_party_hosted / official_ats；但该门户当前显示「企业已暂停招聘」、未见任何在招职位，故 status 记 accessible_no_job（非招聘永久关闭）
SY0061,CD0061,中国东方电气集团有限公司（成都）,新能源,https://www.dongfang.com,200,,,https://www.dongfang.com | https://job.xjtu.edu.cn/f/recruitmentinfo/show?recruitmentId=09b0345c5fc6429f97cab1211f9121a8 | https://dfem.dongfang.com/rczp/xyzp.htm,B类·官方社媒（公众号）,D组-新能源,https://www.dongfang.com,2026-09-28,未找到官方招聘入口，官网已验证，按数据字典入口留空,2027 届集团校招（20+单位、400+岗位、900+offer，工作地点含成都）报名入口为微信公众号「东方电气微招聘」，需人工确认公众号主体为集团官方；子企业东方电机官网设人才招聘栏目 dfem.dongfang.com/rczp（工作地点成都/德阳）。
SY0062,CD0062,天齐锂业股份有限公司,新能源,https://www.tianqilithium.com,200,https://tianqilithium.zhiye.com,200,https://tianqilithium.zhiye.com | https://career.csu.edu.cn/campus/view/id/557842 | https://www.yeyahui.com/archives/91162.html,A类·企业专属ATS（官方）,D组-新能源,https://tianqilithium.zhiye.com,2026-09-28,入口可正常访问，来源可信,校招公告称「官方指定唯一网申入口」为 tianqilithium.zhiye.com（智联招聘 zhiye 企业招聘系统托管的企业专属门户）；公司总部位于成都，岗位含成都职能/研发岗。
SY0063,CD0063,成都依米康科技集团股份有限公司,智能制造与装备,http://www.ymk.com.cn,200,https://job.xjtu.edu.cn/f/recruitmentinfo/show?recruitmentId=057f7bad12cb49fc9606f0212dc4a800,200,https://job.xjtu.edu.cn/f/recruitmentinfo/show?recruitmentId=057f7bad12cb49fc9606f0212dc4a800｜http://www.ymk.com.cn,C类·其他,企业官网|上市公司名单|搜索引擎公开检索,https://job.xjtu.edu.cn/f/recruitmentinfo/show?recruitmentId=057f7bad12cb49fc9606f0212dc4a800,2026-09-28,入口可正常访问，来源可信,维持 needs_manual_review（V1.2 为 not_found）。本轮检索显示官网 ymk.com.cn 导航含「招贤纳士 / 加入我们」栏目，但本次两次直接访问（http/https）均抓取失败，未能取到该栏目的真实 URL；暂以高校就业网官方招聘公告作为 official_announcement 证据，未升级为 official 入口
SY0064,CD0064,成都大宏立机器股份有限公司,智能制造与装备,http://www.dhljqgroup.com,403,http://www.dhljqgroup.com/job/150.html,403,http://www.dhljqgroup.com/job/150.html | https://www.dayizp.cn/company/5289,A类·企业官网自建招聘页,D组-智能制造与装备,http://www.dhljqgroup.com/job/150.html,2026-09-28,入口实测异常（403），需人工复核；官网实测异常（403）,官网「联系我们 → 人才招聘」栏目可访问，但岗位信息更新至 2021 年，未见有效在招职位；当前招聘主要经地方/第三方招聘网站，需人工确认官网招聘页是否维护。；2026-09-28 复测入口异常（403）
SY0065,CD0065,成都完美世界软件有限公司,游戏,https://www.wanmei.com,200,https://recruit.games.wanmei.com/,200,https://recruit.games.wanmei.com/ | https://jy.cuc.edu.cn/frontpage/cuc/html/recruitmentinfoForm.html | https://career.hit.edu.cn/zhxy-xszyfzpt/zpxx/zczphxq,A类·集团统一招聘平台,企业官网|搜索引擎公开检索,https://recruit.games.wanmei.com/,2026-09-28,入口可正常访问，来源可信,成都为完美世界岗位常设工作地之一（北京、上海、苏州、成都）。招聘走集团统一校招官网 recruit.games.wanmei.com 与“完美世界招聘”微信公众号。
SY0066,CD0066,成都先导药物开发股份有限公司,生物医药,https://www.hitgen.com,503,https://www.hitgen.com,503,https://jy.scu.edu.cn/index/index/jobfaircorporationinfo.html?data=MDAwMDAwMDAwMJG6n3_Ed6imi4qQtLh4iZiKk7amyGHRp7ugzc-GnZ2skMx9ZMN4gtKLipCwxKF0lZC5sq-0gqJv | https://jobcareer.sdu.edu.cn/eweb/jygl/index.so?modcode=jygl_zpxxck&subsyscode=zpfw&rklx=jyw&lmxhV=0402&type=ssoZxzpView&id=8QthEFLegoUNPDYFyRCK2Q,A类·企业官网自建招聘页,D组-生物医药,https://www.hitgen.com,2026-09-28,入口实测异常（503），需人工复核；官网实测异常（503）,高校就业网招聘简章明确投递路径为「官网 https://www.hitgen.com → 加入我们 → 职位信息」，另有校招邮箱 campus@hitgen.com；本次核验时官网首页返回 503，招聘子页 URL 需人工补全。
SY0067,CD0067,成都圣诺生物制药股份有限公司,生物医药,https://www.snbiopharm.com,200,https://www.snbiopharm.com/index.php/Index/join.shtml,200,https://www.snbiopharm.com/index.php/Index/join.shtml | https://www.snbiopharm.com/index.php/Index/contact.shtml,A类·企业官网自建招聘页,D组-生物医药,https://www.snbiopharm.com/index.php/Index/join.shtml,2026-09-28,入口可正常访问，来源可信,官网设「加入圣诺/招贤纳士」栏目，但页面岗位内容陈旧（仍为非医药类旧岗），实际招聘主要经招聘邮箱 hr@snbiopharm.com 及第三方平台；需人工确认官网招聘页是否已更新。
SY0068,CD0068,成都康华生物制品股份有限公司,生物医药,https://www.kangh.com,200,,,https://www.kangh.com | https://24365.smartedu.cn/student/jobs/9d8YUXL7jFc3PdSZwtf8GQ/detail.html,B类·官方社媒（公众号）,D组-生物医药,https://www.kangh.com,2026-09-28,未找到官方招聘入口，官网已验证，按数据字典入口留空,官网未发现「人才招聘」栏目；2026 年管培生计划通过微信公众号「康华生物」发布（作者主体显示为康华生物），需人工确认公众号认证主体为成都康华生物制品股份有限公司后再收录。
SY0069,CD0069,成都苑东生物制药股份有限公司,生物医药,http://www.eastonpharma.cn,200,http://www.eastonpharma.cn/shzp/,200,http://www.eastonpharma.cn/shzp/ | http://www.eastonpharma.cn/investor.html,A类·企业官网自建招聘页,D组-生物医药,http://www.eastonpharma.cn/shzp/,2026-09-28,入口可正常访问，来源可信,官网设「人力资源-人才理念/社会招聘/校园招聘」栏目，社招页在招 QC、生产操作员等岗位（工作地点成都），简历投递邮箱 hr@eastonpharma.cn。；2026-09-28 复测恢复可访问（此前记录不可访问），页面职位情况待复核
SY0070,CD0070,成都赜灵生物医药科技股份有限公司,生物医药,http://www.zenitar.com.cn,200,http://www.zenitar.com.cn/hr.aspx?t=22,200,http://www.zenitar.com.cn/hr.aspx?bejslq=n0jcc3&t=22 | https://m.liepin.com/job/1979808197.shtml,A类·企业官网自建招聘页,D组-生物医药,http://www.zenitar.com.cn/hr.aspx?t=22,2026-09-28,入口可正常访问，来源可信,官网「人才发展 → 企业招聘」栏目列出临床医学、药理药效、结构生物学、CMC 等岗位，工作地点成都高新区；猎聘可见同名在招职位交叉印证。；2026-09-28 复测恢复可访问（此前记录不可访问），页面职位情况待复核
SY0071,CD0071,四川华鲲振宇智能科技有限责任公司,电子信息制造,https://www.schkzy.com,200,https://www.schkzy.com/,200,https://career.buaa.edu.cn/f/recruitmentinfo/show?recruitmentId=395ff67b2e6040c5a9be3d22f65566d3 | https://24365.cq.smartedu.cn/teachin/view/id/129576 | https://www.schkzy.com/ | https://www.schkzy.com/cn/about_us/contact_us,A类·企业官网自建招聘页,北航就业网2027/2026届校招简章（列示官网 www.schkzy.com）；重庆24365就业平台宣讲会信息；电子科技大学转载招聘简章,https://www.schkzy.com/,2026-09-28,入口可正常访问，来源可信,替换：原清单第21项（成都芯源系统MPS等候选）不确定，改用成都真实存在的国产算力企业四川华鲲振宇。官网 schkzy.com 已在高校就业平台招聘简章中列示；校招投递邮箱 zhaopin@schkzy.cn，另有二维码直投；未核实到独立招聘门户/ATS，需人工复核。 ‖ 工商全称与官网主体均为「四川华鲲振宇智能科技有限责任公司」（清单中「成都华鲲振宇」为别名）。官网 schkzy.com 未检索到招聘栏目；华为「鲲鹏+昇腾」战略级合作伙伴，成都高新区国资控股。
SY0072,CD0072,成都宏明电子股份有限公司,电子信息制造,https://www.chinahongming.com,200,https://www.chinahongming.com/hr.html,200,https://www.chinahongming.com/hr.html | https://jobs.51job.com/yx/co4360624.html,A类·企业官网自建招聘页,企业官网“人才招聘”栏目；前程无忧企业页；成都人才网,https://www.chinahongming.com/hr.html,2026-09-28,入口可正常访问，来源可信,官网设“人才招聘”栏目，但所列岗位（工艺/产品设计/销售经理等）均标注“已结束”；当前社招主要经前程无忧发布。简历投递邮箱 zhaomj@chinahongming.com。
SY0073,CD0073,成都成电光信科技股份有限公司,电子信息制造,http://www.uestcoc.com,200,http://www.uestcoc.com/social.aspx?t=25,200,http://www.uestcoc.com/social.aspx?t=25 | http://www.uestcoc.com/campus.aspx?t=26 | https://zq.zhaopin.com/companyDetail/CZ675526220,A类·企业官网自建招聘页,企业官网“人力资源-社会招聘/校园招聘”栏目；智联/猎聘/前程无忧职位,http://www.uestcoc.com/social.aspx?t=25,2026-09-28,入口可正常访问，来源可信,替换：原清单第28项“成都摩尔/芯愿景”不确定，按提示替换为成都成电光信。官网设社会招聘/校园招聘栏目（岗位表需展开，页面给出投递邮箱 hr@cd-uestcoc.com），工作地成都高新西区。；2026-09-28 复测恢复可访问（此前记录不可访问），页面职位情况待复核
SY0074,CD0074,成都极米科技股份有限公司,电子信息制造,https://www.xgimi.com,200,https://campus.xgimi.com,200,https://campus.xgimi.com | https://www.xgimi.com | https://www.nowcoder.com/enterprise/2530 | https://jy.scu.edu.cn/index/index/employjobdetail.html,A类·企业官网自建招聘页,上市公司名单|企业官网|搜索引擎公开检索,https://campus.xgimi.com,2026-09-28,入口可正常访问，来源可信,校招官网 campus.xgimi.com（岗位大量标注工作地成都），社招岗位亦指向官网投递（“简历直投官网”）。2026 春招已开放成都研发/营销/供应链岗位。
SY0075,CD0075,成都飞机工业（集团）有限责任公司,航空航天,https://www.cac.avic.com,,https://www.cac.avic.com,,https://hk.cqcvc.edu.cn/info.thtml?t=11066&cid=73504&pn= | https://dzxy.cavtc.cn/info/1111/3272.htm,A类·企业官网自建招聘页,D组-航空航天,https://www.cac.avic.com,2026-09-28,入口未复测（V1.2/V1.3 期已验证）,多家高校招聘通知明确投递入口为成飞官网 cac.avic.com「人力资源 → 人才招聘」，另提供扫码投递；具体招聘子页 URL 需人工补全。
SY0076,CD0076,中电科网络安全科技股份有限公司,软件与互联网服务,https://www.westone.com.cn/,200,http://zgwa.gllue.me/,404,https://www.westone.com.cn/index.php?m=content&c=index&a=show&catid=43&id=97 | https://campus.51job.com/westone/apply.html | https://radio.seu.edu.cn/2018/0928/c19216a241721/pagem.htm,A类·企业专属ATS（官方）,企业官网|上市公司名单|搜索引擎公开检索,http://zgwa.gllue.me/,2026-09-28,入口实测异常（404），需人工复核,公司2023年更名为中电科网络安全科技股份有限公司（002268），系中国电科30所/中国网安旗下上市平台。中国网安统一网申系统 zgwa.gllue.me（ATS 托管）为官方入口，但本次仅检索到历史公告引用，未能确认当前成都可见职位数。另有前程无忧企业校招专区 campus.51job.com/westone（仅第三方平台，非官方，仅供参考）。；2026-09-28 复测入口异常（404）
SY0077,CD0077,创意信息技术股份有限公司,软件与互联网服务,https://www.troy.cn,200,,,https://www.troy.cn｜https://www.troy.cn/aboutUs,A类·官网已验证（未设独立招聘栏目）,企业官网|上市公司名单|搜索引擎公开检索,https://www.troy.cn,2026-09-28,未找到官方招聘入口，官网已验证，按数据字典入口留空,维持 not_found（与 V1.2 一致）。本轮已实际访问官网 troy.cn 首页与 /aboutUs 页，导航为 首页/数字底座/数字连接/数字赋能/数字创新/标杆案例/新闻中心/关于我们/投资者关系，确无招聘栏目，也未发现 zhiye/Moka/gllue 等企业专属 ATS；第三方（全职招聘网、谈职、猎聘）显示有成都岗位，仅入 leads
SY0078,CD0078,北京快手科技有限公司成都分公司,软件与互联网服务,https://www.kuaishou.com/,200,https://zhaopin.kuaishou.cn/,200,https://zhaopin.kuaishou.cn/#/official/jianghu/ | https://campus.kuaishou.cn/#/campus/schedule/intern/process,A类·集团统一招聘平台,企业官网|搜索引擎公开检索,https://zhaopin.kuaishou.cn/,2026-09-28,入口可正常访问，来源可信,集团统一招聘。社招官网 zhaopin.kuaishou.cn、校招官网 campus.kuaishou.cn 均可访问，但岗位列表为动态加载/需登录，本次检索未能确认当前成都可见职位数；历史校招简章曾列成都为工作地点之一。
SY0079,CD0079,成都佳发安泰教育科技股份有限公司,软件与互联网服务,http://www.jf-r.com/,200,http://www.jf-r.com/about/join?sort_id=12,200,http://www.jf-r.com/about/join?sort_id=12 | http://www.jf-r.com/,A类·企业官网自建招聘页,企业官网|上市公司名单|搜索引擎公开检索,http://www.jf-r.com/about/join?sort_id=12,2026-09-28,入口可正常访问，来源可信,官网「加入我们」页（jf-r.com/about/join）列出销售经理、售前工程师、项目经理等岗位；公开在招职位含成都（招投标专员、Java研发、算法工程师等）。；2026-09-28 复测恢复可访问（此前记录不可访问），页面职位情况待复核
SY0080,CD0080,成都易我科技开发有限责任公司,软件与互联网服务,https://www.easeus.com.cn,200,,,https://www.easeus.com.cn｜https://jobs.51job.com/shangwusiji/co1140226.html,A类·官网已验证（未设独立招聘栏目）,企业官网|搜索引擎公开检索,https://www.easeus.com.cn,2026-09-28,未找到官方招聘入口，官网已验证，按数据字典入口留空,维持 not_found（与 V1.2 一致）。本轮实际抓取 easeus.com.cn 首页并检索两次，仍未发现官网招聘栏目或企业专属 ATS；招聘邮箱 zhaopin@easeus.com.cn 仅在 51job 企业主页（第三方）披露，不计为入口
SY0081,CD0081,四川天邑康和通信股份有限公司,通信与网络设备,https://www.tianyisc.com,200,https://www.tianyisc.com/,200,https://www.tianyisc.com/ | https://24365.smartedu.cn/student/jobs/58827e90ac3c4c249de1d129e9c29278/corp.html | https://c-fol.net/job/showcmp.php?cmpid=7000000000000628,A类·企业官网自建招聘页,企业官网（2026届校招简章PDF托管于官网）；国家大学生就业服务平台；光纤在线通信英才网,https://www.tianyisc.com/,2026-09-28,入口可正常访问，来源可信,官网可访问，2026届校招简章PDF以官网域名托管、校招信息真实；但未检索到独立的“人才招聘”栏目或自研/采购ATS，需人工复核官网招聘入口。光纤在线职位页为第三方行业招聘站，不作为官方来源。
SY0082,CD0082,诺基亚通信系统技术（北京）有限公司成都分公司,通信与网络设备,https://www.nokia.com/,200,https://www.nokia.com/careers,200,https://www.nokia.com/careers | https://builtin.com/company/nokia,A类·集团统一招聘平台,企业官网|搜索引擎公开检索,https://www.nokia.com/careers,2026-09-28,入口可正常访问，来源可信,"集团统一招聘，Nokia 全球招聘页 nokia.com/careers 可按地点检索；公开资料确认 Nokia 在 Chengdu City, Sichuan 设有办公室/研发中心，但本次检索未能确认当前成都可见职位数。"
SY0083,CD0083,四川川大智胜软件股份有限公司,人工智能与大数据,http://www.wisesoft.com.cn/,200,,,http://www.wisesoft.com.cn/home | https://aiqicha.baidu.com/company_recruitmentinfo_60383829210647,A类·官网已验证（未设独立招聘栏目）,企业官网|上市公司名单|搜索引擎公开检索,http://www.wisesoft.com.cn/,2026-09-28,未找到官方招聘入口，官网已验证，按数据字典入口留空,官网 wisesoft.com.cn（爱企查显示另有 wiseface.cn）未检索到招聘栏目；公开成都岗位（C++开发、招聘专员等）来自第三方聚合数据，仅第三方平台、非官方来源。建议后续通过微信公众号或公司总机 028-6872**** 复核。
SY0084,CD0084,成都中科信息股份有限公司,人工智能与大数据,https://casit.com.cn,200,https://app.mokahr.com/campus_apply/casit/36780,302,https://app.mokahr.com/campus_apply/casit/36780｜https://casit.com.cn,A类·企业专属ATS（官方）,上市公司名单|企业官网|搜索引擎公开检索,https://app.mokahr.com/campus_apply/casit/36780,2026-09-28,入口为重定向/动态渲染页（浏览器访问正常），来源可信,升级：V1.2 为 unknown/needs_manual_review（未定位到官网招聘栏目或 ATS），本轮找到企业专属 Moka 校招站 https://app.mokahr.com/campus_apply/casit/36780（企业前缀 casit），source_type 升级为 official_ats_third_party_hosted / official_ats，is_official_source=true，status 由 needs_manual_review 升级为 active，并采集到 7 条明确标注成都的校招职位
SY0085,CD0085,成都数联铭品科技有限公司,人工智能与大数据,https://www.bbdservice.com/,200,,,https://www.bbdservice.com/index.html | https://m.11467.com/b2b/co/8886892.htm,A类·官网已验证（未设独立招聘栏目）,企业官网|公开企业目录|搜索引擎公开检索,https://www.bbdservice.com/,2026-09-28,未找到官方招聘入口，官网已验证，按数据字典入口留空,官网（bbdservice.com / bbdservice.cn）未发现招聘栏目或招聘入口；公开职位主要出现在猎聘、企云库等第三方平台，仅第三方平台、非官方来源，不计入官方招聘入口。
SY0086,CD0086,成都明途科技有限公司,人工智能与大数据,https://www.mingto.net,200,,,https://www.mingto.net｜https://developer.workbrain.cn/,A类·官网已验证（未设独立招聘栏目）,公开企业目录|企业官网|搜索引擎公开检索,https://www.mingto.net,2026-09-28,未找到官方招聘入口，官网已验证，按数据字典入口留空,维持 needs_manual_review（V1.2 为 third_party_platform/needs_manual_review）。本轮实际访问官网 mingto.net 首页，导航为产品体系/六大核心技术/行业解决方案/客户/资质，无「加入我们/人才招聘」入口；developer.workbrain.cn 的「OPC启航营」为开发者社区招募（非企业招聘岗位），不作为入口
SY0087,CD0087,成都考拉悠然科技有限公司,人工智能与大数据,https://www.kaolayouran.cn,200,,,https://www.kaolayouran.cn | https://m.tianyancha.com/srecruit/2352972105-dba3 | https://bebee.com/cn/jobs/shanghai-shanghai--t7xk-830881074,A类·官网已验证（未设独立招聘栏目）,企业官网|公开企业目录|搜索引擎公开检索,https://www.kaolayouran.cn,2026-09-28,未找到官方招聘入口，官网已验证，按数据字典入口留空,官网 kaolayouran.cn 未见独立招聘页或 ATS；招聘线索来自企业信息平台（天眼查招聘聚合，含成都算法/开发岗位）与第三方招聘平台（猎聘）。未找到企业自有招聘入口，需人工复核。
SY0088,CD0088,成都华微电子科技股份有限公司,半导体与集成电路,https://www.csmsc.com,200,https://campus.51job.com/cdhw,200,https://www.csmsc.com｜https://job.ucas.edu.cn/f/recruitmentFair/show?recruitmentFairId=47d7953889b04e36823f34b07658a5a5｜https://campus.51job.com/cdhw,D类·第三方线索（非官方）,高校就业平台登记的企业官网域名；半导体行业厂商库；中国科学院大学/清华就业网2027校招公告,https://campus.51job.com/cdhw,2026-09-28,入口可正常访问，来源可信,维持 needs_manual_review（V1.2 同为 third_party_platform/needs_manual_review）。本轮实际访问官网 csmsc.com 首页，抓取到的导航/板块（关于/产品展示/应用领域/新闻中心）未出现人才招聘栏目；尝试 job.csmsc.com 返回 403 Forbidden（tengine），无法确认是否为企业自有招聘站，故不写入入口。新增中国科学院大学（job.ucas.edu.cn）.edu.cn 官方招聘公告作为 official_announcement 证据
SY0089,CD0089,成都芯进电子股份有限公司,半导体与集成电路,http://crosschipmicro.com,200,https://web.crosschipmicro.com/en/page/joinUs/joinUs.html?navIndex=2,200,https://web.crosschipmicro.com/en/page/joinUs/joinUs.html?navIndex=2｜http://crosschipmicro.com,A类·企业官网自建招聘页,企业官网；前程无忧企业页；应届生求职网转载职位,https://web.crosschipmicro.com/en/page/joinUs/joinUs.html?navIndex=2,2026-09-28,入口可正常访问，来源可信,升级：V1.2 为 third_party_platform（入口=51job 企业页）/needs_manual_review，本轮在企业自有域名下找到官方招聘页 https://web.crosschipmicro.com/en/page/joinUs/joinUs.html?navIndex=2，source_type 升级为 official_careers_page / official_company，is_official_source=true；该页职位表为 JS 动态渲染，静态抓取仅得到表头（positions/quantity/education/Location）与联系方式，未见具体职位行，故 has_chengdu_jobs=false 且状态维持 needs_manual_review（按规则 JS 渲染不判为入口失效）
SY0090,CD0090,成都华栖云科技有限公司,数字内容,https://www.chinamcloud.com,200,,,https://www.chinamcloud.com,A类·官网已验证（未设独立招聘栏目）,企业官网|搜索引擎公开检索,https://www.chinamcloud.com,2026-09-28,未找到官方招聘入口，官网已验证，按数据字典入口留空,维持 needs_manual_review（与 V1.2 一致）。本轮实际访问 chinamcloud.com 首页（产品/方案/核心技术/客户案例/新闻与活动/免费套餐），导航与页脚无「加入我们/人才招聘/招贤纳士」，亦未发现企业专属 ATS
SY0091,CD0091,成都中光电科技有限公司,新材料,,,https://www.iguopin.com/job/detail?id=210529744154790029,200,https://www.iguopin.com/job/detail?id=210529744154790029 | https://jobs.51job.com/chengbenguanli/co2342021.html | https://news.chengdu.cn/2026/0731/6a6c1d9a2e768511f6b2b707.shtml,D类·第三方线索（非官方）,国聘平台企业职位；前程无忧企业页；成都高新区官方招聘推文（红星新闻网转载，列出HR邮箱）,https://www.iguopin.com/job/detail?id=210529744154790029,2026-09-28,入口可正常访问，来源可信,替换：原清单第30项“成都虹波”不确定，按提示替换为成都中光电科技。招聘联系邮箱 hr@cdcoe.com.cn（来自成都高新区官方招聘推文），域名 cdcoe.com.cn 疑似官网但抓取未能确认，暂不记为已验证官网；在招职位见国聘与前程无忧（第三方，非官方来源）。
SY0092,CD0092,成都硅宝科技股份有限公司,新材料,http://www.cnguibao.com,200,,,http://www.cnguibao.com/ | https://job.lzu.edu.cn/html/22/article/2025/83365.html | https://jy.scu.edu.cn/index/index/jobfaircorporationinfo.html?data=MDAwMDAwMDAwMJG6n3_Ed6imi4qQtLh4n5uKz7aqyGHRp7ugzc-GnZ2skMx9ZMN4gtKLipCwxKF0lZC5sq-0gqJv,D类·第三方线索（非官方）,企业官网；兰州大学就业网发布的官方2026届校招简章（明确投递经智联招聘、BOSS直聘平台）,http://www.cnguibao.com,2026-09-28,未找到官方招聘入口，官网已验证，按数据字典入口留空,替换：原清单第26项“成都圣邦/思瑞/拓米”不确定，按提示替换为成都硅宝科技。官方校招简章写明“线上可通过智联招聘、BOSS直聘平台投递简历”，属第三方平台非官方ATS；官网未见自有招聘系统。HR邮箱 yangxiaoxia@guibao.cn。 ‖ 官网未设招聘栏目；校招简章明确线上投递渠道为智联招聘、BOSS 直聘，并给出 HR 邮箱 yangxiaoxia@guibao.cn。仅第三方平台，非官方招聘来源。
SY0093,CD0093,成都银河磁体股份有限公司,新材料,https://www.galaxymagnets.com,200,https://jobs.51job.com/all/co2852936.html,200,https://www.galaxymagnets.com | https://jobs.51job.com/all/co2852936.html | https://job.lzu.edu.cn/html/22/article/2025/83564.html,D类·第三方线索（非官方）,企业官网（校招简章注明官网与HR邮箱）；前程无忧企业页；兰州大学就业网校招公告,https://jobs.51job.com/all/co2852936.html,2026-09-28,入口可正常访问，来源可信,校招简历投递邮箱 HR@galaxymagnets.com（企业自有域名）；社招在招职位8个见前程无忧企业页（第三方，非官方ATS）。官网未见独立招聘栏目，需人工复核。
SY0094,CD0094,成都中建材光电材料有限公司,新能源,,,https://www.iguopin.com/job/detail?id=214688699751859560,200,https://www.iguopin.com/job/detail?id=214688699751859560 | https://www.iguopin.com/job/detail?id=209094804942881549 | https://zp.sc12351.com/Companies/Info/725ed0b38be942d5b7f537e4e9e269b5,D类·第三方线索（非官方）,国聘平台企业职位；四川工会就业服务平台；万企千校平台,https://www.iguopin.com/job/detail?id=214688699751859560,2026-09-28,入口可正常访问，来源可信,替换：原清单第29项“成都宇航/中电熊猫/航天”不确定，改用成都中建材光电材料。未检索到企业自有官网域名；在招职位发布于国聘（第三方平台），非官方来源，需人工复核。
SY0095,CD0095,通威太阳能（成都）有限公司,新能源,https://www.tongwei.com,200,http://tongwei.zhaopin.com,200,http://tongwei.zhaopin.com | https://job.xjtu.edu.cn/f/recruitmentinfo/show?recruitmentId=b75fb244a99a45d79da8b5fddcf9e84d | https://career.wyu.edu.cn/detail/job?id=2706968,D类·第三方线索（非官方）,D组-新能源,http://tongwei.zhaopin.com,2026-09-28,入口可正常访问，来源可信,通威股份 2027 届校招等多份高校公告指定 PC 端投递网址为 tongwei.zhaopin.com（智联招聘域名下的企业专属招聘门户，非公开职位市场）；集团官网 www.tongwei.com 首页未设招聘栏目，需人工确认该门户为集团官方唯一网申入口。
SY0096,CD0096,成都中科唯实仪器有限责任公司,智能制造与装备,http://www.cdzkws.com,200,,,http://www.cdzkws.com/ | https://gdjy.hfut.edu.cn/detail/job?id=3231311 | https://jobs.51job.com/kunshan/co2556403.html | http://www.chinascrc.com/hotjob/com205776.shtml,D类·第三方线索（非官方）,公开企业目录|企业官网|搜索引擎公开检索,http://www.cdzkws.com,2026-09-28,未找到官方招聘入口，官网已验证，按数据字典入口留空,清单写作“成都中科唯实科技有限责任公司”，实际主体为成都中科唯实仪器有限责任公司（中科院下属控股，前身为中科院成都科学仪器研制中心）。官网 cdzkws.com 无招聘栏目；岗位见于第三方平台（前程无忧、四川人才网）与高校就业网，工作地成都高新区。仅第三方平台，非官方招聘来源。
SY0097,CD0097,成都优艾维智能科技有限责任公司,智能制造与装备,http://www.uavcro.com,200,,,http://www.uavcro.com/ | http://www.uavcro.com/col.jsp?id=105 | https://www.qcc.com/cproductinfo/4ff3f0f4fa02b208ae8ddba5f9fe7c38 | https://www.quanzhi.com/job/6aab5637c5a90953389ac0cc,D类·第三方线索（非官方）,企业官网|公开企业目录|搜索引擎公开检索,http://www.uavcro.com,2026-09-28,未找到官方招聘入口，官网已验证，按数据字典入口留空,官网 uavcro.com 可访问（含企业简介与新闻），公开信息显示公司存续且 2026 年有中标与专利活动，但官网无招聘栏目；岗位仅见于第三方平台（全职招聘网等），工作地成都郫都区。仅第三方平台，非官方招聘来源。
SY0098,CD0098,成都华川电装有限责任公司,智能制造与装备,http://www.chcd.com.cn,502,,,http://www.chcd.com.cn | https://jobs.51job.com/guangzhou/co6377450.html | https://job.rc114.com/JobInfoFair.aspx?jobOrderId=944451,D类·第三方线索（非官方）,D组-智能制造与装备,http://www.chcd.com.cn,2026-09-28,未找到官方招聘入口，官网已验证，按数据字典入口留空；官网实测异常（502）,官网域名 www.chcd.com.cn 经企查查/爱企查登记信息确认，但本次未检索到官网招聘栏目；在招职位仅见于前程无忧、智联招聘、成都人才网等第三方平台。仅第三方平台，非官方招聘来源。
SY0099,CD0099,成都瑞迪智驱科技股份有限公司,智能制造与装备,https://www.reachgroup.cn,200,https://jobs.51job.com/all/coUTMHZFc0VWMGZgZsBms.html,200,https://www.reachgroup.cn/ | https://jobs.51job.com/all/coUTMHZFc0VWMGZgZsBms.html | https://m.zhaopin.com/company/CZ134089750.htm,D类·第三方线索（非官方）,企业官网；前程无忧企业页；智联招聘企业页；猎聘职位,https://jobs.51job.com/all/coUTMHZFc0VWMGZgZsBms.html,2026-09-28,入口可正常访问，来源可信,替换：原清单第23项“成都信远”不确定，按提示替换为成都瑞迪智驱。官网未见招聘栏目，职位经前程无忧/智联/猎聘发布（第三方，非官方ATS），需人工复核。
SY0100,CD0100,成都西菱动力科技股份有限公司,智能制造与装备,http://www.cdxldl.com,200,,,http://www.cdxldl.com/news/index_3.html | https://jobs.51job.com/all/coUj0Ha1c2VWICbwFhUjY.html | https://www.zhaopin.com/companydetail/CZ319664610.htm,D类·第三方线索（非官方）,D组-智能制造与装备,http://www.cdxldl.com,2026-09-28,未找到官方招聘入口，官网已验证，按数据字典入口留空,官网（年报另载公司网址 www.xlqp.com）未设招聘栏目；在招职位仅见于智联招聘、前程无忧等第三方平台，非官方招聘来源。
SY0101,CD0101,成都豪能科技股份有限公司,智能制造与装备,https://cdhntech.com,200,,,https://cdhntech.com/ | https://xiaoyuan.zhaopin.com/job/CCL1479606720J40761432606 | https://m.yingjiesheng.com/xuanjianghui/xjh_5238489,D类·第三方线索（非官方）,D组-智能制造与装备,https://cdhntech.com,2026-09-28,未找到官方招聘入口，官网已验证，按数据字典入口留空,官网栏目仅含关于豪能、生产实力、产品、新闻动态、投资者关系，无人才招聘页；校招/社招主要经智联招聘、地方人才网与 HR 邮箱 hr@cdhntech.com。仅第三方平台，非官方招聘来源。
SY0102,CD0102,成都哆可梦网络科技有限公司,游戏,http://www.dkmol.com,502,,,http://www.dkmol.com｜https://special.zhaopin.com/pagepublish/27867671/index.html,C类·来源不明确（无官方招聘入口）,公开企业目录|企业官网|搜索引擎公开检索,http://www.dkmol.com,2026-09-28,未找到官方招聘入口，官网已验证，按数据字典入口留空；官网实测异常（502）,维持 needs_manual_review（V1.2 为 unknown/needs_manual_review）。本轮尝试直接访问官网 dkmol.com 抓取失败，检索亦未发现当前有效的官方招聘页或企业专属 ATS（可检索岗位多为历史信息与第三方面议岗位），故仍无官方入口
SY0103,CD0103,成都天象互动科技股份有限公司,游戏,http://www.skymoons.com,502,,,http://www.skymoons.com,C类·来源不明确（无官方招聘入口）,公开企业目录|企业官网|搜索引擎公开检索,http://www.skymoons.com,2026-09-28,未找到官方招聘入口，官网已验证，按数据字典入口留空；官网实测异常（502）,维持 needs_manual_review（V1.2 为 unknown/needs_manual_review）。本轮尝试直接访问官网 skymoons.com 抓取失败，检索未发现官网独立招聘页或企业专属 ATS；仅见企业域名招聘邮箱 hr@skymoons.com（历史第三方披露），不构成招聘入口
SY0104,CD0104,成都朋万科技股份有限公司,游戏,http://www.pw19.com,502,,,http://www.pw19.com｜https://xueqiu.com/S/NQ836011/detail,C类·来源不明确（无官方招聘入口）,公开企业目录|企业官网|搜索引擎公开检索,http://www.pw19.com,2026-09-28,未找到官方招聘入口，官网已验证，按数据字典入口留空；官网实测异常（502）,维持 needs_manual_review（V1.2 为 unknown/needs_manual_review）。本轮尝试直接访问官网 pw19.com 抓取失败，检索未发现独立招聘页或 ATS；仅见历史招聘邮箱 hr@pw19.com / cdpwkj@163.com（第三方披露），不构成招聘入口
SY0105,CD0105,成都百利药业股份有限公司,生物医药,http://www.baili-pharm.com,200,,,http://www.baili-pharm.com | https://jobs.51job.com/hefei/co6109928.html | https://jy.scu.edu.cn/index/index/employjobdetail.html?data=MDAwMDAwMDAwMJG6n3_Ed6imi4qQtLh4Y5WKubbSs4bddricp9CWi5qikaeWacSdqLqGfaK2w4iil5C4zNbGiL-E,D类·第三方线索（非官方）,D组-生物医药,http://www.baili-pharm.com,2026-09-28,未找到官方招聘入口，官网已验证，按数据字典入口留空,集团官网 baili-pharm.com 未设招聘栏目；百利药业/百利多特在招职位仅见于前程无忧、猎聘、BOSS 直聘等第三方平台与 HR 邮箱。仅第三方平台，非官方招聘来源。
SY0106,CD0106,成都齐碳科技有限公司,生物医药,https://www.qitantech.com,200,,,https://www.qitantech.com | https://www.bio-equip.com/supplyinfo85029.html | https://www.zhaopin.com/companydetail/CZ441296180 | https://m.zhipin.com/job_detail/c3d916d590cb465503J42NS-EFJW.html,D类·第三方线索（非官方）,企业官网|公开企业目录|搜索引擎公开检索,https://www.qitantech.com,2026-09-28,未找到官方招聘入口，官网已验证，按数据字典入口留空,官网 qitantech.com 可查（企业官网域名经产品资料与工商目录互证），本次检索未发现独立招聘页或 ATS；成都岗位（试剂生产员、QC 等）仅见于第三方平台（智联招聘、BOSS直聘、全职招聘网）。仅第三方平台，非官方招聘来源。 ‖ 官网无「加入我们/招聘」栏目，仅提供招聘邮箱 hiring@qitantech.com；可检索到的在招职位仅第三方平台，非官方招聘来源，需人工向企业 HR 核实官方投递入口。
SY0107,CD0107,成都天奥电子股份有限公司,电子信息制造,https://www.tianaodz.com,,http://campus.51job.com/elecspn,200,https://24365.cq.smartedu.cn/job/view/id/1410064/from_type/3/from_id/132733｜https://job.gufe.edu.cn/detail/online?id=3597502&menu_id=11646｜http://campus.51job.com/elecspn,D类·第三方线索（非官方）,企业官网；前程无忧校招专区（企业专属页）；重庆/四川大学就业网校招公告,http://campus.51job.com/elecspn,2026-09-28,入口可正常访问，来源可信,维持 needs_manual_review（V1.2 同为 third_party_platform/needs_manual_review，入口同为 campus.51job.com/elecspn）。本轮两次尝试直接访问官网 tianaodz.com 均抓取失败（website_verified=否），未能确认官网是否新增招聘栏目；新增 2027 届校招官方公告证据（24365 智慧就业平台、贵州财经大学就业网、应届生求职网宣讲会 2026-10-15 成都理工），成都工作地明确
SY0108,CD0108,成都雷电微力科技股份有限公司,电子信息制造,http://www.rml138.com/,200,https://jyzx.scut.edu.cn/zpxq/list.htm?id=484192,200,https://jyzx.scut.edu.cn/zpxq/list.htm?id=484192｜https://clxy.swust.edu.cn/2022/1027/c9768a169135/page.htm,C类·其他,企业官网；华南理工大学/西安电子科技大学/西南科技大学就业网招聘信息；猎聘企业页,https://jyzx.scut.edu.cn/zpxq/list.htm?id=484192,2026-09-28,入口可正常访问，来源可信,维持 needs_manual_review（V1.2 为 unknown/needs_manual_review）。本轮仍未在官网发现招聘栏目或 ATS，官网本次未直接访问（website_verified=否）；新增 .edu.cn 官方招聘公告（公布时间 2026-09-19，9 个岗位，成都双流通讯地址）作为 official_announcement 证据，但因岗位详情页在高校站点、无法回到企业侧页面，不计入正式职位
SY0109,CD0109,中国航发成都发动机有限公司,航空航天,https://www.aecc.cn,200,https://aecc.iguopin.com/job,200,https://aecc.iguopin.com/job | https://iguopin.com/job/detail?id=211244285431908992 | https://24365.cq.smartedu.cn/campus/view/id/723554/mark,D类·第三方线索（非官方）,D组-航空航天,https://aecc.iguopin.com/job,2026-09-28,入口可正常访问，来源可信,央企中国航发集团统一招聘入口（集团官网 人才招聘 → 人才招聘网 → aecc.iguopin.com），成发岗位工作地点为成都新都区；2026 届管理岗另有 campus.51job.com/420 网申页。
SY0110,CD0110,成都中电科航空电子有限公司,航空航天,http://cetca.cetc.com.cn,200,https://campus.51job.com/cetca/,200,https://career.buaa.edu.cn/f/recruitmentFair/show?recruitmentFairId=e403805e391843ab9a448afbd2d1058a | http://cetca.cetc.com.cn/ | https://job.bit.edu.cn/f/recruitmentFair/show?recruitmentFairId=88baf5bae3e64d1791b03e627161c458,D类·第三方线索（非官方）,D组-航空航天,https://campus.51job.com/cetca/,2026-09-28,入口可正常访问，来源可信,2026/2027 届校招官方网申页 campus.51job.com/cetca/（前程无忧托管的企业专属网申站），官网设「人力资源」栏目（/cetca/336796/336742/index.html），招聘邮箱 zhaopin@cetca.net.cn，工作地点成都（含芜湖）。
SY0111,CD0111,成都国星宇航科技股份有限公司,航空航天,https://www.adaspace.com,,https://career.sysu.edu.cn/campus/view/id/996906,200,https://career.sysu.edu.cn/campus/view/id/996906｜https://www.adaspace.com,C类·其他,公开企业目录|搜索引擎公开检索,https://career.sysu.edu.cn/campus/view/id/996906,2026-09-28,入口可正常访问，来源可信,维持 needs_manual_review（V1.2 同为 unknown/needs_manual_review）。本轮尝试直接访问官网 adaspace.com 抓取失败，未能确认官网是否设招聘栏目；新增中山大学就业网（career.sysu.edu.cn）发布的 2027 校招官方公告作为 official_announcement 证据，投递渠道为企业域名邮箱 hr@adaspace.com。因公告未写明岗位工作城市、且详情无法回到企业侧页面，has_chengdu_jobs 记 false，不计入正式职位
SY0112,CD0112,成都立航科技股份有限公司,航空航天,http://www.cdlihang.com,200,,,http://www.cdlihang.com/ | https://www.xihang.com.cn/jyw/2022/1102/c1284a61225/page.htm | https://jobs.51job.com 企业页,D类·第三方线索（非官方）,D组-航空航天,http://www.cdlihang.com,2026-09-28,未找到官方招聘入口，官网已验证，按数据字典入口留空,官网导航无人才招聘栏目；招聘公告中网络投递渠道为智联招聘、BOSS 直聘、前程无忧、云校招，另有 HR 邮箱（如 51400217@qq.com）。仅第三方平台，非官方招聘来源。
SY0113,CD0113,华雁智能科技（集团）股份有限公司,软件与互联网服务,https://www.whayer.cn,200,,,https://www.whayer.cn/contact/ | https://m.yingjiesheng.com/xuanjianghui/xjh_5705641 | http://hnjt.bibibi.net/detail/online?id=3521885,D类·第三方线索（非官方）,企业官网|搜索引擎公开检索,https://www.whayer.cn,2026-09-28,未找到官方招聘入口，官网已验证，按数据字典入口留空,名单写作“成都华雁智能科技股份有限公司”，工商全称为华雁智能科技（集团）股份有限公司，总部确在成都高新区天府软件园。官网“招聘信息”栏直接跳转前程无忧与智联招聘，另有校招简历邮箱 zhaopin@whayer.cn；未见企业自有招聘系统。仅第三方平台，非官方招聘来源。
SY0114,CD0114,成都信通信息技术有限公司,软件与互联网服务,https://www.xtoneict.com,,,,https://www.baike.com/wikiid/1751129812699735997 | https://www.cititic.com/qiye/co/99986-cheng-du-xin-tong-xin-xi-ji-shu-you-xian-gong-si.htm | http://cdcea.org/doc/2021/12/14/1916.shtml,C类·来源不明确（无官方招聘入口）,公开企业目录|行业协会|搜索引擎公开检索,https://www.xtoneict.com,2026-09-28,未找到官方招聘入口，官网已验证，按数据字典入口留空,原清单“成都深思创想/索贝运维/中科曙光存储”均不确定，按指示替换为成都信通信息技术有限公司。官网 xtoneict.com 由百科与企业目录记载，本次未直接访问确认；未检索到官网招聘入口，仅见 2019/2021 年的历史招聘信息。信息不足，需人工复核。
SY0115,CD0115,成都卓影科技股份有限公司,软件与互联网服务,https://www.amtv.cn,200,,,https://www.amtv.cn | https://www.shixiseng.com/com/com_yvmuwxn1xfhq | https://m.zhaopin.com/company/jobs-CZ541840820/ | https://www.yupao.com/zhaogong/355890698.html,D类·第三方线索（非官方）,企业官网|搜索引擎公开检索,https://www.amtv.cn,2026-09-28,未找到官方招聘入口，官网已验证，按数据字典入口留空,原清单“成都视达科”不确定，替换为成都卓影科技股份有限公司。官网 amtv.cn 为产品展示站，未见招聘栏目；岗位见于第三方平台（实习僧、智联招聘、鱼泡直聘、猎聘），工作地含成都武侯区天府软件园E区。仅第三方平台，非官方招聘来源。
SY0116,CD0116,成都大公博创信息技术有限公司,通信与网络设备,https://dgbc.net.cn,200,,,https://dgbc.net.cn｜https://www.zhaopin.com/companydetail/CZ638939220,A类·官网已验证（未设独立招聘栏目）,企业官网 dgbc.net.cn；智联招聘企业页；BOSS直聘企业页；猎聘职位,https://dgbc.net.cn,2026-09-28,未找到官方招聘入口，官网已验证，按数据字典入口留空,维持 needs_manual_review（V1.2 为 third_party_platform/needs_manual_review，入口=智联企业页）。本轮首次确认企业官网域名为 https://dgbc.net.cn（V1.2 官网字段为空/未确认），但官网首页确无「人才招聘/加入我们」栏目，故仍未升级为官方入口；入口字段置空，第三方链接转入 leads
SY0117,CD0117,成都芯通科技股份有限公司,通信与网络设备,,,https://m.zhipin.com/companys/f2ec09faa7ec28563nB509q1.html,200,https://m.zhipin.com/companys/f2ec09faa7ec28563nB509q1.html | https://m.liepin.com/company/12149181/ | https://maimai.cn/article/detail?fid=1689070403,D类·第三方线索（非官方）,BOSS直聘企业页；猎聘企业页；脉脉招聘帖；企查查/百度百科工商信息,https://m.zhipin.com/companys/f2ec09faa7ec28563nB509q1.html,2026-09-28,入口可正常访问，来源可信,仅第三方平台，非官方：仅检索到BOSS直聘/猎聘/脉脉招聘信息，未核实到企业自有官网域名与官方招聘系统，需人工复核。
SY0118,CD0118,成都阿加犀智能科技有限公司,人工智能与大数据,https://www.aidlux.com,200,https://www.aidlux.com/about/join,200,https://www.aidlux.com/about/join｜https://www.aidlux.com,A类·企业官网自建招聘页,搜索引擎公开检索|企业官网,https://www.aidlux.com/about/join,2026-09-28,入口可正常访问，来源可信,官网招聘页岗位未逐条标注工作城市，成都工作地按公司主体所在地与高校就业网发布的官方校招信息推定，职位 location_confidence 记为 inferred；简历投递入口为页面内『投递简历』按钮与 hr@aidlux.com
SY0119,CD0119,成都超有爱科技有限公司,软件与互联网服务,https://www.baicizhan.com,200,https://www.baicizhan.com/mobile/campus.html,200,https://www.baicizhan.com/mobile/campus.html,A类·企业官网自建招聘页,搜索引擎公开检索|企业官网,https://www.baicizhan.com/mobile/campus.html,2026-09-28,入口可正常访问，来源可信,校招页未逐职位标注城市，成都工作地依据官方页面『公司所在地: 成都』表述；页面未提供逐职位详情链接，职位 URL 记为校招页；本次按每家最多8条取前8个职位
SY0120,CD0120,成都医云科技有限公司,软件与互联网服务,https://www.medlinker.com,200,https://medlinker.com/join/hr,200,https://medlinker.com/join/hr,A类·企业官网自建招聘页,搜索引擎公开检索|企业官网,https://medlinker.com/join/hr,2026-09-28,入口可正常访问，来源可信,官网招聘页当前展示8个职位，工作地分别标注北京、深圳、上海、全国，无成都岗位，故 has_chengdu_jobs=false 且不产出成都职位样本；该页面职位发布日期显示为 2024.1.19，时效性需人工复核；成都办公地址未在官网直接核实，仅见于第三方平台引用，故不计入官方证据
SY0121,CD0121,四川锦云数智信息技术有限公司,软件与互联网服务,http://jinyunsz.com,200,http://jinyunsz.com/channels/195.html,200,http://jinyunsz.com/channels/195.html,A类·企业官网自建招聘页,搜索引擎公开检索|企业官网,http://jinyunsz.com/channels/195.html,2026-09-28,入口可正常访问，来源可信,公司自述成立于2016年，主营信创基础软件、AI大模型与数字人、公有云/私有云及IT运维项目；页面未逐职位提供详情链接，职位 URL 记为招聘列表页；官网未展示具体办公地址
SY0122,CD0122,成都海艺智创科技有限公司,人工智能与大数据,https://home.haiyi.art,200,https://app.mokahr.com/campus-recruitment/haiyi/150699?locale=zh-CN,302,https://app.mokahr.com/campus-recruitment/haiyi/150699?locale=zh-CN｜https://home.haiyi.art,A类·企业专属ATS（官方）,搜索引擎公开检索|企业官网,https://app.mokahr.com/campus-recruitment/haiyi/150699?locale=zh-CN,2026-09-28,入口为重定向/动态渲染页（浏览器访问正常），来源可信,Moka 校招站仅渲染出职位分类与数量（产品运营类共5个、内容创作类共3个、研发算法类共9个、职能支撑类共1个、星海人才计划-研究课题方向共5个），未渲染出逐职位名称与城市，故本次不产出职位样本；社招入口为 https://app.mokahr.com/recommendation-apply/haiyi ；官网右上角 MENU+ 内的『招聘信息』未能取得稳定直链（/recruitment 返回404）
SY0123,CD0123,中移（成都）信息通信科技有限公司,软件与互联网服务,https://www.cdcyy.cn,,https://job.10086.cn/personal/campus/campus_job_list.html?cId=91,200,https://job.10086.cn/personal/campus/campus_job_list.html?cId=91｜https://job.10086.cn/personal/campus/,A类·集团统一招聘平台,搜索引擎公开检索|企业官网,https://job.10086.cn/personal/campus/campus_job_list.html?cId=91,2026-09-28,入口可正常访问，来源可信,企业主体官网 www.cdcyy.cn 本次访问失败（website_verified=否），招聘入口使用中国移动集团统一招聘平台，属于集团官方招聘平台；8条职位均带详情页直链，招聘类型为2027届校园招聘
SY0124,CD0124,时时同云科技（成都）有限责任公司,软件与互联网服务,https://www.keruyun.com,200,https://keruyun.zhiye.com/home,200,https://keruyun.zhiye.com/home｜https://keruyun.zhiye.com/zpdetail/230805722｜https://keruyun.zhiye.com/zpdetail/230805650,A类·企业专属ATS（官方）,搜索引擎公开检索|企业官网,https://keruyun.zhiye.com/home,2026-09-28,入口可正常访问，来源可信,招聘系统首页展示6个热招职位与3个长招职位，本次仅对其中2条打开了详情页并确认工作地为成都，其余职位城市未逐条核实，故只产出2条职位样本；全部职位列表见 https://keruyun.zhiye.com/alljob/?o=2
SY0125,CD0125,杭州安恒信息技术股份有限公司（成都）,软件与互联网服务,https://www.dbappsecurity.com.cn,200,https://ahzp.dbappsecurity.com.cn/,200,https://ahzp.dbappsecurity.com.cn/,A类·企业专属ATS（官方）,搜索引擎公开检索|企业官网,https://ahzp.dbappsecurity.com.cn/,2026-09-28,入口可正常访问，来源可信,招聘系统首页为JS渲染，静态抓取未取得职位列表，未在官方页面直接读到成都岗位，故 has_chengdu_jobs=false、不产出职位样本；集团主站 www.dbappsecurity.com.cn 本次未打开，website_verified=否。成都岗位信息目前仅有第三方来源，需人工到官方招聘系统复核
SY0126,CD0126,成都链安科技有限公司,软件与互联网服务,https://www.lianantech.com,200,https://www.lianantech.com,200,https://www.lianantech.com,A类·企业官网自建招聘页,搜索引擎公开检索|企业官网,https://www.lianantech.com,2026-09-28,入口可正常访问，来源可信,招聘信息展示在官网首页『招聘岗位』板块，未发现独立职位详情页链接，职位 URL 记为企业招聘首页；另一岗位『GA业务销售经理』标注为『全国』，未计入成都职位
SY0127,CD0127,成都数据集团股份有限公司,人工智能与大数据,https://www.cdbdata.cn,200,https://www.cdbdata.cn/job.thtml?t=1309&cid=1,200,https://www.cdbdata.cn/job.thtml?t=1309&cid=1｜https://www.cdbdata.cn/jobinfo.thtml?t=1309&cid=78572&pn=｜https://www.cdbdata.cn/jobinfo.thtml?t=1309&cid=101179&pn=,A类·企业官网自建招聘页,搜索引擎公开检索|企业官网,https://www.cdbdata.cn/job.thtml?t=1309&cid=1,2026-09-28,入口可正常访问，来源可信,2026年9月社招公告的具体岗位名称放在PDF附件《岗位信息表》中，本次未能抽取文本，故职位样本取自官网可直接阅读的2026年4月市场化选聘公告（报名已于2026年5月23日截止）；2026年9月公告涉及成都房联云码科技、成都超算中心运营管理两家所属企业
SY0128,CD0128,中科创达软件股份有限公司（成都研发中心）,软件与互联网服务,https://www.thundersoft.com,200,https://www.thundersoft.com/careers/campus,200,https://www.thundersoft.com/careers/campus｜https://www.thundersoft.com/xiaozhao/,A类·企业官网自建招聘页,搜索引擎公开检索|企业官网,https://www.thundersoft.com/careers/campus,2026-09-28,入口可正常访问，来源可信,官网校招页岗位以城市列表形式展示，未提供逐职位详情页链接；算法/产品/设计/解决方案岗位本次未标注成都
SY0129,CD0129,深信服科技股份有限公司（成都）,软件与互联网服务,https://www.sangfor.com,200,https://hr.sangfor.com/schoolRecruitment,200,https://hr.sangfor.com/schoolRecruitment,A类·企业专属ATS（官方）,搜索引擎公开检索|企业官网,https://hr.sangfor.com/schoolRecruitment,2026-09-28,入口可正常访问，来源可信,本次仅『技术研发工程师（AI潜力方向）』在官方页面标注含成都；其余在招岗位（客户经理、售前产品经理、FAE、安全服务等）标注为全国大中城市或深圳/长沙，未计入成都职位。历史页 hr.sangfor.com/campucompon/Delivery/4099（25届C/C++）亦曾标注成都市，本次不作为样本
SY0130,CD0130,奇安信科技集团股份有限公司（成都）,软件与互联网服务,https://www.qianxin.com,200,https://www.qianxin.com/campus/internJobSearch,200,https://www.qianxin.com/campus/internJobSearch｜https://poc.qianxin.com/join-us｜https://campus.qianxin.com/,A类·企业官网自建招聘页,搜索引擎公开检索|企业官网,https://www.qianxin.com/campus/internJobSearch,2026-09-28,入口可正常访问，来源可信,两个官方页面均未逐职位提供详情页直链，职位 URL 记为对应官方列表页；另有 campus.qianxin.com 为企业校招官网
SY0131,CD0131,科大讯飞股份有限公司（成都）,人工智能与大数据,https://www.iflytek.com,200,https://iflytek.zhiye.com/campus/jobs,200,https://iflytek.zhiye.com/campus/jobs｜https://campus.iflytek.com/,A类·企业专属ATS（官方）,搜索引擎公开检索|企业官网,https://iflytek.zhiye.com/campus/jobs,2026-09-28,入口可正常访问，来源可信,本次访问 iflytek.zhiye.com/campus/jobs 与 campus.iflytek.com/campus/jobs 均由JS动态渲染，静态抓取未取得当前在招职位列表，因此未采集职位样本，也未在官方页面直接确认成都岗位；集团主站 www.iflytek.com 本次未打开，website_verified 记为否
SY0132,CD0132,新华三技术有限公司（成都研究所）,通信与网络设备,https://www.h3c.com,200,https://career.h3c.com,200,https://career.h3c.com｜https://career.h3c.com/campus/jobs,A类·企业官网自建招聘页,搜索引擎公开检索|企业官网,https://career.h3c.com,2026-09-28,入口可正常访问，来源可信,本次访问 career.h3c.com/campus/jobs 返回『暂无热招职位』、career.h3c.com/h3c/position/index 返回『页面不存在』，职位列表为JS动态渲染，未能在官方页面直接读到成都岗位，故未采集职位样本、has_chengdu_jobs 记为 false；成都信息来自高校转载的企业校招通稿，非官方页面直证
SY0133,CD0133,成都中科大旗软件股份有限公司,软件与互联网服务,https://www.daqsoft.com,200,https://www.daqsoft.com/join-us.html?code=gywm&channelCode=jrwm,200,https://www.daqsoft.com/join-us.html?code=gywm&channelCode=jrwm｜https://www.daqsoft.com/contact-us.html?code=gywm&channelCode=lxwm,A类·企业官网自建招聘页,搜索引擎公开检索|企业官网,https://www.daqsoft.com/join-us.html?code=gywm&channelCode=jrwm,2026-09-28,入口可正常访问，来源可信,官网职位发布日期统一显示 2022-11-08，页面未更新时限说明，招聘信息时效性需人工复核；页面未给出逐职位详情链接，职位 URL 记为招聘列表页
SY0134,CD0134,成都赤轮动画设计有限公司,数字内容,http://www.cgturbo.cn,200,http://www.cgturbo.cn/index.php?c=category&id=16,200,http://www.cgturbo.cn/index.php?c=category&id=16,A类·企业官网自建招聘页,搜索引擎公开检索|企业官网,http://www.cgturbo.cn/index.php?c=category&id=16,2026-09-28,入口可正常访问，来源可信,游戏美术外包企业（2015年成立，主攻次世代角色/场景）。官网「人才招聘」栏目列出 3 个在招岗位，简历投递邮箱 hr@cgturbo.cn。页面未逐条标注工作城市，成都归属为推定（location_confidence=inferred）。
SY0135,CD0135,成都品果科技有限公司,数字内容,https://www.camera360.com,200,http://hr.camera360.com/,200,http://hr.camera360.com/｜https://www.camera360.com/｜https://hr.camera360.com/positionDetail.html?id=61df9ec36170823b0ab66873&channel=school｜https://hr.camera360.com/positionDetail.html?id=684d91816170828e14b66a4f&channel=school,A类·企业官网自建招聘页,搜索引擎公开检索|企业官网,http://hr.camera360.com/,2026-09-28,入口可正常访问，来源可信,移动影像/视觉创意产品公司（产品 Camera360、Blurrr、MIX、最美证件照等）。企业自有招聘站 hr.camera360.com，职位详情页形如 hr.camera360.com/positionDetail.html?id=xxx&channel=school。当前可见职位以实习/校招为主（市场、设计、KOL运营、内容运营），工作地点明确为成都。
SY0136,CD0136,成都锐拓传媒广告有限公司,数字内容,https://www.rightol.com,200,https://www.rightol.com/info/hr,200,https://www.rightol.com/info/hr｜https://www.rightol.com/info/hr/HR260211135913365-202.html｜https://www.rightol.com/info/hr/HR251110152019576-201.html｜https://www.scfai.edu.cn/xsc/info/1015/14102.htm,A类·企业官网自建招聘页,搜索引擎公开检索|企业官网,https://www.rightol.com/info/hr,2026-09-28,入口可正常访问，来源可信,主营短视频、短剧、漫剧开发制作与版权运营的数字内容公司。官网自建招聘频道 rightol.com/info/hr，分「校园招聘」「社会招聘」两栏；本次核验时校园招聘可见 7 个职位、社会招聘显示「暂无职位！」。职位详情页的工作地点字段为空，成都归属为推定（location_confidence=inferred）。
SY0137,CD0137,成都潮我看文化传媒有限公司,数字内容,https://www.ostmcn.com,200,https://www.cwkwh.com/index.html,200,https://www.cwkwh.com/index.html｜https://www.ostmcn.com/page/2.html｜https://www.ostmcn.com/,A类·企业官网自建招聘页,搜索引擎公开检索|企业官网,https://www.cwkwh.com/index.html,2026-09-28,入口可正常访问，来源可信,大型直播+MCN 内容机构（2017年成立，签约达人5000+）。官方直招站 cwkwh.com 自称 OST传媒并披露公司主体与地址，列出 6 个 AIGC 创作类岗位，但岗位标注「地点灵活·可远程」「全国·远程可做」，因此工作地按推定（location_confidence=inferred）。官网主站 ostmcn.com 本次未直接访问（检索中可见）。
SY0138,CD0138,成都市融资再担保有限责任公司,金融科技,https://cd-frg.com,200,https://cd-frg.com/gsgg/?page=1,200,https://cd-frg.com/gsgg/1418.html｜https://cd-frg.com/gsgg/?page=1,A类·企业官网自建招聘页,搜索引擎公开检索|企业官网,https://cd-frg.com/gsgg/?page=1,2026-09-28,入口可正常访问，来源可信,2026年公开招聘「数据智能管理岗」1人（2026-08-31发布），报名时间为 2026-09-01 至 2026-09-15，核验时报名期已过，官网是否发布新公告需人工复核（不作为「招聘已关闭」结论）。报名入口为 cdfrg.zhaopin.com（智联招聘域名下的企业专属报名页，第三方托管，未计为官方入口）。岗位工作地点未在公告中单列，成都归属为推定。；V1.3 复核剔除了 7 条无法确认成都工作地/非官方关联的样本（德州仪器2、捷普2、思爱普2、融资再担保1），本字段按职位池实际行数对齐
SY0139,CD0139,四川新网银行股份有限公司,金融科技,https://xwbank.com,200,https://app.mokahr.com/campus-recruitment/xwbank/4246?locale=zh-CN,302,https://app.mokahr.com/campus-recruitment/xwbank/4246?locale=zh-CN｜https://www.iffs.uestc.edu.cn/info/1112/7486.htm｜https://xwbank.com/,A类·企业专属ATS（官方）,搜索引擎公开检索|企业官网,https://app.mokahr.com/campus-recruitment/xwbank/4246?locale=zh-CN,2026-09-28,入口为重定向/动态渲染页（浏览器访问正常），来源可信,网申系统地址由电子科技大学就业网、南方科技大学等高校渠道发布的官方招聘公告引用（https://www.iffs.uestc.edu.cn/info/1112/7486.htm ），移动端为「新网银行人力资源」公众号。本次直接访问该 Moka 校招页仅返回品牌活动图片（年会/金融科技挑战赛/新网好声音等），未见职位列表，故未抽取职位。2026届校招岗位（数字化信贷风控方向、金融科技方向）工作地点为四川省成都市，但该信息来自高校就业网转载，非企业官方页面，未计入职位样本。国聘平台在招职位（成都高新区/武侯区）为第三方平台，未计入。
SY0140,CD0140,成都银行股份有限公司,金融科技,https://www.bocd.com.cn/,200,https://bocd.zhiye.com/,200,https://bocd.zhiye.com/｜https://www.bocd.com.cn/zyxxfb/rczp/zhaopingonggao/1199002198508441600.html｜https://www.bocd.com.cn/,A类·企业专属ATS（官方）,搜索引擎公开检索|企业官网,https://bocd.zhiye.com/,2026-09-28,入口可正常访问，来源可信,官网「招聘公告」栏目（bocd.com.cn/zyxxfb/rczp）发布招聘公告，公告中明确投递入口为 PC 端 https://bocd.zhiye.com/（企业专属招聘门户）。本次直接访问 bocd.zhiye.com 首页仅返回品牌宣传内容，无职位列表；已抓到的最近公告（2025-12-18）报名期为 2025-12-18 至 2025-12-31，已结束，当前是否开放新批次需人工复核（不作为「招聘已关闭」结论）。
SY0141,CD0141,四川锦程消费金融有限责任公司,金融科技,https://www.jccfc.com,200,https://www.jccfc.com/jobs,200,https://www.jccfc.com/jobs/43｜https://www.jccfc.com/jobs/48｜https://www.jccfc.com/jobs,A类·企业官网自建招聘页,搜索引擎公开检索|企业官网,https://www.jccfc.com/jobs,2026-09-28,入口可正常访问，来源可信,官网自建招聘频道 /jobs 与 /jobs/{id} 职位详情页。本次直接访问列表页 https://www.jccfc.com/jobs 返回「服务器累了，请稍后再试」，但职位详情页（/jobs/43、/jobs/48）在检索中可见且明确标注工作地点「四川成都」。公司总部/注册地在成都高新区，全国首批、中西部首家消费金融公司。
SY0142,CD0142,成都农村商业银行股份有限公司,金融科技,https://www.cdrcb.com,200,https://www.cdrcb.com/pin/zpdetail.htm?id=267,200,https://www.cdrcb.com/pin/zpdetail.htm?id=267｜https://www.cdrcb.com/pin/zpdetail.htm?id=237,A类·企业官网自建招聘页,搜索引擎公开检索|企业官网,https://www.cdrcb.com/pin/zpdetail.htm?id=267,2026-09-28,入口可正常访问，来源可信,官网设招聘公告栏目（cdrcb.com/pin/zpdetail.htm?id=xxx）。2027年校园招聘公告报名时间为 2026年9月17日至10月25日（核验时处于开放期），岗位含分支行综合柜员岗（中心城区，90人）、分支行综合柜员岗（县市新城/异地机构，60人）等；网申系统为 cdrcb2027.zhaopin.com（智联招聘域名下的企业专属网申站，第三方托管，未作为官方入口计入）。本次未抽取「异地机构」岗位为成都岗位。
SY0143,CD0143,四川银行股份有限公司,金融科技,https://www.scbank.cn,200,https://scbank.hotjob.cn/,200,https://scbank.hotjob.cn/｜https://openbank.scbank.cn/cn/col323/4925258.html｜https://www.scbank.cn/cn/col323/3089625.html,A类·企业专属ATS（官方）,搜索引擎公开检索|企业官网,https://scbank.hotjob.cn/,2026-09-28,入口可正常访问，来源可信,四川省首家省级法人城商行，2020年11月成立，总行在成都。官网设招聘公告栏目（scbank.cn/cn/col323），社招/暑期实习网申系统为 scbank.hotjob.cn（企业专属、第三方托管）。本次直接访问 scbank.hotjob.cn 首页为前端渲染、无职位数据；2026年社招启事（8月）报名渠道指向智联招聘（第三方），故未抽取职位样本，需人工复核当前在招职位。
SY0144,CD0144,国宝人寿保险股份有限公司,金融科技,https://www.panda-assets.com,200,https://www.panda-assets.com/Position,200,https://www.panda-assets.com/Position｜https://www.panda-assets.com/Position/Detail/239｜https://www.panda-assets.com/Position/Detail/235｜http://panda-assets.com/Position/Detail/267｜http://panda-assets.com/Position/Detail/264,A类·企业官网自建招聘页,搜索引擎公开检索|企业官网,https://www.panda-assets.com/Position,2026-09-28,入口可正常访问，来源可信,官网自建人才招聘频道，职位详情页形如 panda-assets.com/Position/Detail/{id}，页面字段明确「地点：成都」「部门」等，简历投递邮箱 recruit@panda-assets.com。本次直接访问频道首页仅返回薪酬福利/工作环境介绍，职位条目由详情页直接确认。其中「四川分公司办公室(组织人事部)IT支持兼综合管理岗」第一批简历接收截止 2026-03-06，「总公司投资业务部运营保障室负责人」报名时间为 2025-12-05 至 2025-12-15，均已过期，抽取时已标注。
SY0145,CD0145,成都星合互娱科技有限公司,游戏,https://www.staruniongame.com,200,https://www.staruniongame.com/cn/join,200,https://www.staruniongame.com/cn/join｜https://www.staruniongame.com/en/join｜https://www.staruniongame.com/cn/about,A类·企业官网自建招聘页,搜索引擎公开检索|企业官网,https://www.staruniongame.com/cn/join,2026-09-28,入口可正常访问，来源可信,出海 SLG 游戏公司（2019年成立，三七互娱天使轮投资）。官网中英文站均设「加入我们」栏目并按「职位名称/职位类别/工作地点/招聘类型」列表展示岗位，工作地明确为成都、招聘类型为社会招聘。本次直接抓取该页为前端渲染（仅返回导航），职位名称与工作地取自检索结果对该官方页面正文的收录内容，建议在浏览器端复核。
SY0146,CD0146,成都力比科技有限公司,游戏,https://libii.cn,200,https://libii.cn/?page_id=225,200,https://libii.cn/?page_id=225｜https://libii.cn?lang=en&page_id=225/｜https://libii.cn,A类·企业官网自建招聘页,搜索引擎公开检索|企业官网,https://libii.cn/?page_id=225,2026-09-28,入口可正常访问，来源可信,休闲/女性向手游研发公司（2012年成立，产品含「瞬搭SuitU」「剪纸公主的冰雪世界」「时尚幻想」）。官网招聘页「当前诚聘!」列出 4 个在招职位及招聘人数（各1名），英文版为 https://libii.cn?lang=en&page_id=225/。页面未逐条标注工作城市，成都归属为推定（location_confidence=inferred）。
SY0147,CD0147,成都士兰半导体制造有限公司,半导体与集成电路,https://www.silan.com.cn/,200,https://www.silan.com.cn/index.php/about/post.html,200,https://www.silan.com.cn/index.php/about/post.html｜https://www.silan.com.cn/index.php/about/joindetails/280.html,A类·集团统一招聘平台,搜索引擎公开检索|企业官网,https://www.silan.com.cn/index.php/about/post.html,2026-09-28,入口可正常访问，来源可信,集团统一招聘。本次仅在校招岗位表中检索到 1 个明确含成都的岗位；社会招聘另见 silan.com.cn/index.php/about/social.html（本次未抓取到职位明细）。成都主体为生产制造基地（外延片、功率模块封测），社招岗位多经第三方平台与现场直招发布。
SY0148,CD0148,成都思科瑞微电子股份有限公司,半导体与集成电路,http://www.cd-screen.cn,200,,,http://cd-screen.cn/lxwm,C类·来源不明确（无官方招聘入口）,搜索引擎公开检索|企业官网,http://www.cd-screen.cn,2026-09-28,未找到官方招聘入口，官网已验证，按数据字典入口留空,官网 cd-screen.cn 本次抓取失败（fetch failed），未找到「人才招聘/加入我们」栏目或 ATS；公开在招职位（测试开发工程师、DPA/失效分析工程师等，工作地成都郫都/龙泉驿）仅见于智联招聘、猎聘等第三方平台，按规则不计入官方来源，需人工复核官网招聘入口。
SY0149,CD0149,成都芯源系统有限公司,半导体与集成电路,https://www.monolithicpower.com,200,https://www.monolithicpower.com/en/about-mps/careers/job-listings.html,200,https://www.monolithicpower.com/en/about-mps/careers/job-listings.html,A类·企业官网自建招聘页,搜索引擎公开检索|企业官网,https://www.monolithicpower.com/en/about-mps/careers/job-listings.html,2026-09-28,入口可正常访问，来源可信,全球招聘门户职位列表页为 JS 动态加载，本次静态抓取未返回任何职位明细（/careers/home、/careers/2026-campus-recruitment 均返回 404）；校招网申另经 xz.51job.com/mps/（第三方，未计入）。需人工在门户按 Chengdu 检索补录职位。
SY0150,CD0150,四川赛狄信息技术股份公司,电子信息制造,https://www.sdrising.com/,200,https://www.sdrising.com/category/topic-5,200,https://www.sdrising.com/｜https://www.sdrising.com/category/topic-5｜https://sdrising.com/content/content-473,A类·企业官网自建招聘页,搜索引擎公开检索|企业官网,https://www.sdrising.com/category/topic-5,2026-09-28,入口可正常访问，来源可信,军工电子信息装备硬件系统配套企业（国家级专精特新小巨人）。职位详情页部分标注「成都」或「成都、西安」；未标注城市的职位按公司唯一经营地成都高新西区推定。官网另注明应聘方式含 BOSS直聘/智联/前程无忧（第三方，未计入）。
SY0151,CD0151,成都运达科技股份有限公司,智能制造与装备,https://www.yd-tec.com,200,https://www.yd-tec.com/job.html,200,https://www.yd-tec.com/job.html｜https://www.yd-tec.com/jobinfo/495242729945563136.html,A类·企业官网自建招聘页,搜索引擎公开检索|企业官网,https://www.yd-tec.com/job.html,2026-09-28,入口可正常访问，来源可信,轨道交通智能系统供应商。官网人才招聘页未逐条标注工作地点，按公司总部/主要办公地成都郫都区推定；首页另公示「运达科技2027届校园招聘正式启动」。
SY0152,CD0152,成都天箭科技股份有限公司,电子信息制造,https://www.tjian.com.cn,200,https://www.tjian.com.cn/join/default.html,200,https://www.tjian.com.cn/join/default.html｜https://www.tjian.com.cn/en/enjoin/default.html,A类·企业官网自建招聘页,搜索引擎公开检索|企业官网,https://www.tjian.com.cn/join/default.html,2026-09-28,入口可正常访问，来源可信,官网主体显示为「天箭科技」，主营 MEMS 惯性传感与导航探测方向；与上市公司成都天箭科技股份有限公司（002977）的主体对应关系需人工复核。社招岗位另有智联招聘/前程无忧渠道（第三方，未计入）。
SY0153,CD0153,成都奕成科技股份有限公司,半导体与集成电路,,,https://echint.zhiye.com/campus/jobs,200,https://echint.zhiye.com/campus/jobs,A类·企业专属ATS（官方）,搜索引擎公开检索|企业官网,https://echint.zhiye.com/campus/jobs,2026-09-28,入口可正常访问，来源可信,本次静态抓取 echint.zhiye.com/campus/jobs 仅返回登录/搜索框架，未取到职位列表与详情链接，故未抽取职位样本。校招公告所列 16 个岗位（版图设计、封装设计、仿真、工艺设备、测试、良率等）来自第三方校招资讯平台转载，未计入官方职位。工商全称可能为「成都奕成集成电路有限公司」，需人工复核。
SY0154,CD0154,晶艺半导体有限公司,半导体与集成电路,http://latticeart.com,200,http://latticeart.com/page.php?id=5,200,http://latticeart.com/page.php?id=5,A类·企业官网自建招聘页,搜索引擎公开检索|企业官网,http://latticeart.com/page.php?id=5,2026-09-28,入口可正常访问，来源可信,官网人才招聘页未列出任何职位明细，仅引导至前程无忧企业页（jobs.51job.com/all/co5807709.html，第三方，未计入）或邮箱投递，故记为「入口可访问但官网无职位」。2027 届校招岗位（模拟IC设计工程师、应用工程师（电机）等，工作地成都）来自高校就业网转载的企业简章，需人工在官网核实。
SY0155,CD0155,成都航宇超合金技术有限公司,航空航天,https://www.sccast.com,200,,,https://www.sccast.com/index.html,A类·官网已验证（未设独立招聘栏目）,搜索引擎公开检索|企业官网,https://www.sccast.com,2026-09-28,未找到官方招聘入口，官网已验证，按数据字典入口留空,官网仅设公司简介、公司动态等栏目，未检索到「人才招聘/加入我们」栏目或企业专属 ATS；在招职位（实验室技术员、铸造技术研发工程师、QC质量工程师等，工作地成都双流）仅见于前程无忧、全职招聘网等第三方平台，按规则不计入官方来源，需人工复核官网招聘入口。
SY0156,CD0156,成都盟升电子技术股份有限公司,通信与网络设备,https://www.microwave-signal.com,200,https://www.microwave-signal.com/join.aspx?t=53,200,https://www.microwave-signal.com/join.aspx?t=53｜https://www.microwave-signal.com/join_detail.aspx?t=53&ContentId=1033,A类·企业官网自建招聘页,搜索引擎公开检索|企业官网,https://www.microwave-signal.com/join.aspx?t=53,2026-09-28,入口可正常访问，来源可信,官网社招列表页未逐条标注工作地点，按公司总部（成都天府新区）推定；抽查的「射频工程师」详情页显示发布时间 2023.09.04，社招列表时效需人工复核。校招另有 mshr@microwave-signal.com 邮箱投递。
SY0157,CD0157,成都亚光电子股份有限公司,半导体与集成电路,https://www.ygkjgroup.com,200,https://www.ygkjgroup.com/about/2.html,200,https://www.ygkjgroup.com/about/2.html｜https://www.ygkjgroup.com/about/show-191.html｜https://www.ygkjgroup.com/about/show-240.html,A类·集团统一招聘平台,搜索引擎公开检索|企业官网,https://www.ygkjgroup.com/about/2.html,2026-09-28,入口可正常访问，来源可信,集团统一招聘（母公司亚光科技集团股份有限公司 300123）。官网招聘页所列 5 个职位发布日期均为 2023-02，未见更新，是否仍有效需人工复核。成都主体公开在招职位多见于智联招聘等第三方平台（未计入官方来源）。
SY0158,CD0158,迈普通信技术股份有限公司,通信与网络设备,https://www.maipu.cn,200,https://app.mokahr.com/campus-recruitment/maipu/45544,302,https://app.mokahr.com/campus-recruitment/maipu/45544｜https://www.maipu.cn,A类·企业专属ATS（官方）,搜索引擎公开检索|企业官网,https://app.mokahr.com/campus-recruitment/maipu/45544,2026-09-28,入口为重定向/动态渲染页（浏览器访问正常），来源可信,Moka 网申页仅渲染职位类别与数量，静态抓取未返回具体职位名称与城市，故本次未抽取职位样本。另有北森托管门户 maipu.zhiye.com（本次访问返回 Not Found）与微信公众号「迈普招聘」。
SY0159,CD0159,成都佳驰电子科技股份有限公司,新材料,https://www.cdjc.com.cn,200,https://www.cdjc.com.cn/joinus,200,https://www.cdjc.com.cn/joinus｜https://www.cdjc.com.cn,A类·企业官网自建招聘页,搜索引擎公开检索|企业官网,https://www.cdjc.com.cn/joinus,2026-09-28,入口可正常访问，来源可信,官网 joinus 页面职位区由 JS 渲染，静态抓取仅取到人才理念部分；职位名称与「成都」标注取自该官方页面在检索结果中的可见快照，职位详情页由网申通道（智联校园 xiaoyuan.zhaopin.com，第三方）承载，故 url_type 记为 listing_page。
SY0160,CD0160,成都储翰科技股份有限公司,通信与网络设备,http://www.tsuhan.cn,200,http://www.tsuhan.cn/design/5.html,200,http://www.tsuhan.cn/design/5.html,A类·企业官网自建招聘页,搜索引擎公开检索|企业官网,http://www.tsuhan.cn/design/5.html,2026-09-28,入口可正常访问，来源可信,官网 tsuhan.cn 本次 HTTPS 抓取失败（fetch failed），职位列表与地址取自该官方页面在检索结果中的可见快照，官网可达性标记为未验证。公司为单基地经营（双流黄甲），职位工作地点按公司地址推定。
SY0161,CD0161,四川光恒通信技术有限公司,通信与网络设备,https://www.cnsunstar.com/,200,https://www.cnsunstar.com/join.html?t=2,200,https://www.cnsunstar.com/join.html?t=2｜https://www.cnsunstar.com/,A类·企业官网自建招聘页,搜索引擎公开检索|企业官网,https://www.cnsunstar.com/join.html?t=2,2026-09-28,入口可正常访问，来源可信,职位页未逐条标注工作地点，按公司唯一生产经营地（成都高新西区）推定。公司为长飞光纤（601869.SH）控股子公司，主营光器件/高速光模块。
SY0162,CD0162,成都卡诺普机器人技术股份有限公司,智能制造与装备,https://www.crprobot.com,200,https://crprobot.com/c/zhaopin.html,200,https://crprobot.com/c/zhaopin.html｜https://www.crprobot.com/c/contact.html｜https://www.crprobot.com/d/tongzhigonggao/152.html,A类·企业官网自建招聘页,搜索引擎公开检索|企业官网,https://crprobot.com/c/zhaopin.html,2026-09-28,入口可正常访问，来源可信,官网 2026-08-28 发布《关于近期不法分子冒用我司名义进行虚假招聘的严正声明》，确认官方招聘渠道为公司官网 www.crprobot.com 及官方认证平台账号；页面另注明「简历投递请前往BOSS直聘和前程无忧搜索卡诺普」（第三方，未计入）。「华东技术工程师」明显为华东岗位，未作为成都职位抽取。职位页未逐条标注城市，按总部成都成华区推定。
SY0163,CD0163,成都智明达电子股份有限公司,电子信息制造,http://www.zmdde.com,200,http://www.zmdde.com/,200,http://www.zmdde.com/,A类·企业官网自建招聘页,搜索引擎公开检索|企业官网,http://www.zmdde.com/,2026-09-28,入口可正常访问，来源可信,官网 zmdde.com 本次 HTTPS 直接抓取失败（fetch failed），未能定位到人才招聘/招聘公告子页 URL 与在线职位列表，招聘入口 URL 暂记官网首页，需人工补全具体栏目地址与在招职位。
SY0164,CD0164,成都蓉生药业有限责任公司,生物医药,https://www.ronsen.com,200,https://www.ronsen.com/list-45-1.html,200,https://www.ronsen.com/list-45-1.html｜https://www.ronsen.com,A类·企业官网自建招聘页,搜索引擎公开检索|企业官网,https://www.ronsen.com/list-45-1.html,2026-09-28,入口可正常访问，来源可信,已直接访问官网人才招聘页，当前仅1条公开招聘信息（2026年度博士后），发布日期2026.1.21，报名截止2026-03-31。列表页无独立详情链接，职位URL沿用列表页。
SY0165,CD0165,海思科医药集团股份有限公司（四川海思科制药有限公司）,生物医药,https://www.haisco.com,200,https://wecruit.hotjob.cn/SU6663b85a1eb8051cd22556e3/pb/social.html,200,https://wecruit.hotjob.cn/SU6663b85a1eb8051cd22556e3/pb/social.html｜https://www.haisco.com/recruitment.html｜https://www.haisco.com,A类·企业专属ATS（官方）,搜索引擎公开检索|企业官网,https://wecruit.hotjob.cn/SU6663b85a1eb8051cd22556e3/pb/social.html,2026-09-28,入口可正常访问，来源可信,已直接访问企业专属社招 ATS，页面显示「在招职位 93 个」，其中多条工作地点为成都市/成都市-温江区，更新日期 2026-07 至 2026-09。列表页未给出独立详情URL，职位URL沿用列表页。集团校招另走 haisco.gllue.com（大易）。
SY0166,CD0166,成都美富特环保产业股份有限公司,新材料,https://www.mft-cn.com,200,http://mft-cn.com/join/68.html,200,http://mft-cn.com/join/68.html｜https://www.mft-cn.com/news/detail/223.html,A类·企业官网自建招聘页,搜索引擎公开检索|企业官网,http://mft-cn.com/join/68.html,2026-09-28,入口可正常访问，来源可信,主营膜材料与水处理装备（膜技术方向，归为新材料）。已直接访问官网招聘页，共17条职位，抽取工作地址明确为成都/金堂的6条；其余标注「全国」「川渝」「上海、川渝」的未抽取。页面无独立详情链接，职位URL沿用列表页。部分职位发布日期为2025年，页面当前仍可见。
SY0167,CD0167,中创新航科技（成都）有限公司,新能源,http://www.calb-tech.com,200,https://calbjs.zhiye.com/social/jobs,200,https://calbjs.zhiye.com/social/jobs｜https://calbjs.zhiye.com/｜https://cd.sc91.org.cn/app/home/jobdetail/2985410.shtml?comptype=1&post_id=1034626,A类·企业专属ATS（官方）,搜索引擎公开检索|企业官网,https://calbjs.zhiye.com/social/jobs,2026-09-28,入口可正常访问，来源可信,已直接访问社招职位列表，共20条职位，其中2条工作地点含四川省·成都市；同页自贡市、眉山市职位未抽取。校招频道 /campus/jobs 当前返回「暂时没有符合条件的职位」。列表页职位「查看详情」为JS动作链接，职位URL沿用列表页。
SY0168,CD0168,成都威力生生物科技有限公司,医疗器械,http://www.china-wls.com,200,http://www.china-wls.com/jobs/1.html,200,http://www.china-wls.com/jobs/1.html｜http://www.china-wls.com,A类·企业官网自建招聘页,搜索引擎公开检索|企业官网,http://www.china-wls.com/jobs/1.html,2026-09-28,入口可正常访问，来源可信,血液净化设备（三类医疗器械）企业。官网社会招聘页可访问、职位条目工作地写「四川省成都市高新区」，但职位名称在静态页中缺失（模板未渲染），无法取得确切职位名，故未抽取职位样本，需人工复核。
SY0169,CD0169,成都华神科技集团股份有限公司,生物医药,http://www.huasungrp.com,200,https://oa.huasungrp.com/html/web/jiaruwomen/shehuizhaopin/2045025333799936001.html,200,https://oa.huasungrp.com/html/web/jiaruwomen/shehuizhaopin/2045025333799936001.html,A类·企业官网自建招聘页,搜索引擎公开检索|企业官网,https://oa.huasungrp.com/html/web/jiaruwomen/shehuizhaopin/2045025333799936001.html,2026-09-28,入口可正常访问，来源可信,已直接访问该职位详情页（综合QA，发布时间2026年04月17日，带职位ID的可直达URL）。页面「地点」字段为空，工作地按公司成都总部推定（location_confidence=inferred）。社会招聘列表页 URL 未抓取成功（资源不存在），建议人工补全。官网主域 www.huasungrp.com 本次未直接访问验证。
SY0170,CD0170,成都威特电喷有限责任公司,智能制造与装备,http://www.cdwit.com,200,http://www.cdwit.com/rlzy.html,200,http://www.cdwit.com/rlzy.html｜http://www.cdwit.com,A类·企业官网自建招聘页,搜索引擎公开检索|企业官网,http://www.cdwit.com/rlzy.html,2026-09-28,入口可正常访问，来源可信,官网人才招聘页可见职位表格（客户经理、高级运营经理等），但表格未设置工作地点列，且部分岗位描述与企业主营（柴油电喷/汽车电子）不符、疑似模板未更新，故未抽取职位样本，成都岗位需人工复核。
SY0171,CD0171,中自科技股份有限公司,新材料,https://www.sinocat.com.cn,200,http://m.sinocat.com.cn/692830.html,200,http://m.sinocat.com.cn/692830.html｜http://m.sinocat.com.cn/blog/_968537_379482.html｜https://www.sinocat.com.cn,A类·企业官网自建招聘页,搜索引擎公开检索|企业官网,http://m.sinocat.com.cn/692830.html,2026-09-28,入口可正常访问，来源可信,科创板上市企业（688737），催化剂/储能/氢能新材料方向。已直接访问职位详情页（后端开发工程师（云平台），发布时间2025-06-05，带职位ID的可直达URL）。页面未单列工作地点字段，工作地按公司成都地址推定（location_confidence=inferred）。
SY0172,CD0172,四川南格尔生物医学股份有限公司,医疗器械,https://nigale.cn,200,https://nigale.cn/contact.html,200,https://nigale.cn/contact.html｜https://nigale.cn,A类·企业官网自建招聘页,搜索引擎公开检索|企业官网,https://nigale.cn/contact.html,2026-09-28,入口可正常访问，来源可信,三类医用高分子材料及制品/体外循环及血液处理设备企业（2025年初由华润收购转为央企）。已直接访问官网招聘职位表，当前仅1条职位（制剂QA，2026-07-14，招4人，工作地点成都）。「查看详情」为JS动作，职位URL沿用列表页。
SY0173,CD0173,四川新绿色药业科技发展有限公司,生物医药,https://www.xinlvyao.com,200,https://www.xinlvyao.com/index.php?m=content&c=index&a=lists&catid=31,200,https://www.xinlvyao.com/index.php?m=content&c=index&a=lists&catid=31｜http://trc.xinlvyao.com/index.php?m=content&c=index&a=lists&catid=63,A类·企业官网自建招聘页,搜索引擎公开检索|企业官网,https://www.xinlvyao.com/index.php?m=content&c=index&a=lists&catid=31,2026-09-28,入口可正常访问，来源可信,已直接访问官网招聘岗位页，共8条在招职位（设备维护工程师、董事长秘书、市场专员、平面设计师、销售培训生、外贸专员、药房管理员等），但页面「工作地点」列统一标注为「全国」，未明确标注成都，按规则不抽取为成都职位。简历投递 hr@xinlvyao.com。
SY0174,CD0174,成都百裕制药股份有限公司,生物医药,https://en.baiyujituan.com,200,https://en.baiyujituan.com/zhaoxiannashi/,200,https://en.baiyujituan.com/zhaoxiannashi/｜https://en.baiyujituan.com/shzp/213.html｜https://en.baiyujituan.com/xyzp/214.html,A类·企业官网自建招聘页,搜索引擎公开检索|企业官网,https://en.baiyujituan.com/zhaoxiannashi/,2026-09-28,入口可正常访问，来源可信,已直接访问官网招贤纳士页，共3条职位：管培生（营销，全国）、新药化学研究员（成都天府生命科技园）、管培生（生产，成都温江区）。仅抽取明确标注成都的2条。页面给出可直达的职位详情页 URL。
SY0175,CD0175,成都第一制药有限公司,生物医药,https://www.cddyyy.com,200,https://www.cddyyy.com/home/join/index?001324,200,https://www.cddyyy.com/home/join/index?001324｜https://www.cddyyy.com/home/join/work_detail?work_id=53｜https://www.cddyyy.com/home/join/work_detail?work_id=52｜https://www.cddyyy.com/home/join/work_detail?work_id=51,A类·企业官网自建招聘页,搜索引擎公开检索|企业官网,https://www.cddyyy.com/home/join/index?001324,2026-09-28,入口可正常访问，来源可信,已直接访问官网加入我们页，共5条职位，其中3条地点为成都彭州，另2条为北京、上海（未抽取）。页面提供带 work_id 的可直达详情页 URL。
SY0176,CD0176,一汽丰田汽车（成都）有限公司,智能制造与装备,http://www.sftm.com.cn,502,https://faw-zhaopin.hotjob.cn/positionList?recruitType=1&projectId=203201,200,https://faw-zhaopin.hotjob.cn/positionList?recruitType=1&projectId=203201｜https://www.ncss.org.cn/student/jobs/XT6DCSNym6ereLGLkxpf7a/detail.html,A类·集团统一招聘平台,搜索引擎公开检索|企业官网,https://faw-zhaopin.hotjob.cn/positionList?recruitType=1&projectId=203201,2026-09-28,入口可正常访问，来源可信；官网实测异常（502）,本次直接静态抓取该列表页返回「0个在招职位」（职位由JS动态加载），成都职位条目来自对官方招聘门户的检索快照（发布2025-09-29），故状态记为需人工复核。成都岗位为整车制造操作工类。校招另走 campus 通道。
SY0177,CD0177,成都特隆美储能技术有限公司,新能源,http://www.tecloman.cn,200,http://www.tecloman.cn/join/,200,http://www.tecloman.cn/join/｜https://www.tecloman.com/｜https://cdutjy.cdut.edu.cn/index/index/employdetail.html?data=MDAwMDAwMDAwMJG6n3_Ed6imi4qQtMOgppWKutCXxoi3i7igr7-BZHxnkLZ9i8WGpNOaaKLSxKCalom6mNs,A类·企业官网自建招聘页,搜索引擎公开检索|企业官网,http://www.tecloman.cn/join/,2026-09-28,入口可正常访问，来源可信,官网 tecloman.cn/join/ 以 https 直接抓取失败（fetch failed），职位名称、类别与「成都」工作地点标注来自对该官方页面的检索结果快照，共12条职位，本次按上限抽取8条。页面无独立详情链接，职位URL沿用列表页。
SY0178,CD0178,成都天台山制药股份有限公司,生物医药,https://www.cdttszy.com,200,https://www.cdttszy.com/personnel/recruit,200,https://www.cdttszy.com/personnel/recruit｜https://cdttszy.com/personnel/recruit?page=2｜https://qionglai.gov.cn/qlsgzxxw/c150925/2026-07/02/content_e695f2509a9e43e090051c2f2630c795.shtml,A类·企业官网自建招聘页,搜索引擎公开检索|企业官网,https://www.cdttszy.com/personnel/recruit,2026-09-28,入口可正常访问，来源可信,已直接访问官网人才招聘页（含第1页5条、第2页多条），页面未逐条标注工作地，职位工作地按公司成都邛崃地址推定（location_confidence=inferred）。页面「立即申请」无独立详情URL，职位URL沿用列表页。
SY0179,CD0179,四川顺丰速运有限公司,物流供应链,https://www.sf-express.com,200,https://hr.sf-express.com/jobMainHandler/main/baseinfo.do,200,https://hr.sf-express.com/jobMainHandler/main/baseinfo.do｜https://crs-pub.sf-express.com/recruitcenter/?role=3｜https://job.sicau.edu.cn/employment/zpxx/znzp/znzp_info/index.html?id=256442,A类·集团统一招聘平台,搜索引擎公开检索|企业官网,https://hr.sf-express.com/jobMainHandler/main/baseinfo.do,2026-09-28,入口可正常访问，来源可信,集团统一招聘门户（企业自有域名）。社招职位列表中检索到明确标注「成都市」的岗位（产品经理，顺丰集团本部，2026-09-20）。列表页按城市排序，本次仅抽到1条成都职位。
SY0180,CD0181,"EVS Tech Co., Ltd.",智能制造与装备,https://www.evsint.com/,200,https://www.evsint.com/zh-CN/recruitment/,200,https://www.evsint.com/zh-CN/recruitment/｜https://www.evsint.com/zh-CN/recruitment/｜https://www.evsint.com/,A类·企业官网自建招聘页,企业官网,https://www.evsint.com/zh-CN/recruitment/,2026-09-28,入口可正常访问，来源可信,
SY0181,CD0182,中国太平洋保险股份有限公司成都分公司,金融科技,https://www.cpic.com.cn/,200,https://hr.cpic.com.cn/,403,https://hr.cpic.com.cn/｜https://hr.cpic.com.cn/｜https://www.cpic.com.cn/,A类·企业官网自建招聘页,企业官网,https://hr.cpic.com.cn/,2026-09-28,入口实测异常（403），需人工复核,2026-09-28 入口复测：hr.cpic.com.cn 返回 403（反爬拦截），浏览器人工核验待做
SY0182,CD0183,中国电力工程顾问集团成都电力勘测设计研究院有限公司,建筑与工程,http://www.chidi.com.cn/,200,http://www.chidi.com.cn/col/col6871/index.html,200,http://www.chidi.com.cn/col/col6871/index.html｜http://www.chidi.com.cn/col/col6871/index.html｜http://www.chidi.com.cn/,A类·企业官网自建招聘页,企业官网,http://www.chidi.com.cn/col/col6871/index.html,2026-09-28,入口可正常访问，来源可信,
SY0183,CD0184,中国重汽集团成都王牌商用车有限公司,智能制造与装备,https://cdw.sinotruk.com/,200,https://cdw.sinotruk.com/cdwp/2024-04/08/article_2026031616585338045.html,200,https://cdw.sinotruk.com/cdwp/2024-04/08/article_2026031616585338045.html｜https://cdw.sinotruk.com/cdwp/2024-04/08/article_2026031616585338045.html｜https://cdw.sinotruk.com/,A类·企业官网自建招聘页,企业官网,https://cdw.sinotruk.com/cdwp/2024-04/08/article_2026031616585338045.html,2026-09-28,入口可正常访问，来源可信,
SY0184,CD0185,中通快递股份有限公司,物流供应链,https://www.zto.com/,200,https://zhaopin.zto.com/,200,https://zhaopin.zto.com/｜https://zhaopin.zto.com/｜https://www.zto.com/,A类·企业官网自建招聘页,集团官方招聘平台,https://zhaopin.zto.com/,2026-09-28,入口可正常访问，来源可信,
SY0185,CD0186,中铁二院工程集团有限责任公司,建筑与工程,https://www.creegc.com/,200,https://www.creegc.com/tabid/83/InfoID/5562/frtid/40/Default.aspx,200,https://www.creegc.com/tabid/83/InfoID/5562/frtid/40/Default.aspx｜https://www.creegc.com/tabid/83/InfoID/5562/frtid/40/Default.aspx｜https://www.creegc.com/,A类·企业官网自建招聘页,企业官网,https://www.creegc.com/tabid/83/InfoID/5562/frtid/40/Default.aspx,2026-09-28,入口可正常访问，来源可信,2026-09-28 依据官网页面地址确认行政区
SY0186,CD0187,九洲集团成都创智融合科技有限公司,人工智能与大数据,https://www.jezetek.cc/,200,https://wecruit.hotjob.cn/SU67c7a52a1c240e1887c9c470/pb/index.html,200,https://www.jezetek.cc/jzgw/content/xxgk_new/detail?contentId=4836624｜https://wecruit.hotjob.cn/SU67c7a52a1c240e1887c9c470/pb/index.html｜https://www.jezetek.cc/,A类·企业官网自建招聘页,集团官网（招聘公告页解析出的官方招聘平台入口）,https://wecruit.hotjob.cn/SU67c7a52a1c240e1887c9c470/pb/index.html,2026-09-28,入口可正常访问，来源可信,
SY0187,CD0188,伊藤洋华堂（中国）投资有限公司,零售与消费,https://www.iy-cn.cn/,200,https://www.iy-cn.cn/join.html,200,https://www.iy-cn.cn/join.html｜https://www.iy-cn.cn/join.html｜https://www.iy-cn.cn/,A类·企业官网自建招聘页,企业官网,https://www.iy-cn.cn/join.html,2026-09-28,入口可正常访问，来源可信,
SY0188,CD0189,华润（集团）有限公司成都分公司,地产,https://www.crland.com.cn/,200,https://careers.crc.com.cn/,200,https://careers.crc.com.cn/｜https://careers.crc.com.cn/｜https://www.crland.com.cn/,A类·企业官网自建招聘页,集团官方招聘平台,https://careers.crc.com.cn/,2026-09-28,入口可正常访问，来源可信,2026-09-28 入口复测：放宽 TLS 复测恢复 200，页面招聘内容较少，职位可见性待人工确认
SY0189,CD0190,华西证券股份有限公司,金融科技,https://www.hx168.com.cn/,连接失败,https://www.hx168.com.cn/main/ljhx/cpyc/index.shtml,200,https://www.hx168.com.cn/main/ljhx/cpyc/index.shtml｜https://www.hx168.com.cn/main/ljhx/cpyc/index.shtml｜https://www.hx168.com.cn/,A类·企业官网自建招聘页,企业官网,https://www.hx168.com.cn/main/ljhx/cpyc/index.shtml,2026-09-28,入口可正常访问，来源可信；官网实测异常（连接失败）,2026-09-28 入口复测：放宽 TLS 复测恢复 200（社会招聘频道页），可见职位待人工确认
SY0190,CD0191,友利银行（中国）有限公司成都分行,金融科技,https://www.wooribankchina.com/,200,https://www.wooribankchina.com/woori/gyyl/rczp/zpsy/zpsys/10588.html,200,https://www.wooribankchina.com/woori/gyyl/rczp/zpsy/zpsys/10588.html｜https://www.wooribankchina.com/woori/gyyl/rczp/zpsy/zpsys/10588.html｜https://www.wooribankchina.com/,A类·企业官网自建招聘页,企业官网,https://www.wooribankchina.com/woori/gyyl/rczp/zpsy/zpsys/10588.html,2026-09-28,入口可正常访问，来源可信,
SY0191,CD0192,四川众信互联科技有限公司,软件与互联网服务,https://yesuts.com/,200,https://yesuts.com/html/rczp/,200,https://yesuts.com/html/rczp/｜https://yesuts.com/html/rczp/｜https://yesuts.com/,A类·企业官网自建招聘页,企业官网,https://yesuts.com/html/rczp/,2026-09-28,入口可正常访问，来源可信,
SY0192,CD0193,四川具身人形机器人科技有限公司,人工智能与大数据,http://www.eir.com.cn/,200,,未找到,http://www.eir.com.cn/｜http://www.eir.com.cn/,A类·官网已验证（未设独立招聘栏目）,企业官网,http://www.eir.com.cn/,2026-09-28,未找到官方招聘入口，官网已验证，按数据字典入口留空,官网未检索到独立官方招聘入口（2026-09-28 复核确认，按数据字典留空）
SY0193,CD0194,四川和芯微电子股份有限公司,半导体与集成电路,http://www.ipgoal.com/,200,http://www.ipgoal.com/about.php?bid=30,200,http://www.ipgoal.com/about.php?bid=30｜http://www.ipgoal.com/about.php?bid=30｜http://www.ipgoal.com/,A类·企业官网自建招聘页,企业官网,http://www.ipgoal.com/about.php?bid=30,2026-09-28,入口可正常访问，来源可信,行政区仍未确认：官网页面中的温江区地址属友链/无关企业，不予采信
SY0194,CD0195,四川天府银行股份有限公司,金融科技,https://www.tf.cn/,连接失败,https://tfb.zhiye.com/,200,https://tfb.zhiye.com/｜https://tfb.zhiye.com/｜https://www.tf.cn/,A类·企业官网自建招聘页,企业官网,https://tfb.zhiye.com/,2026-09-28,入口可正常访问，来源可信；官网实测异常（连接失败）,
SY0195,CD0196,四川川润股份有限公司,智能制造与装备,https://www.chuanrun.com/,200,http://job.sccrun.com/JobCenter,200,http://job.sccrun.com/JobCenter｜http://job.sccrun.com/JobCenter｜https://www.chuanrun.com/,A类·企业官网自建招聘页,企业专属ATS,http://job.sccrun.com/JobCenter,2026-09-28,入口可正常访问，来源可信,
SY0196,CD0197,四川师范大学,教育,https://www.sicnu.edu.cn/,200,https://rsc.sicnu.edu.cn/p/10/,200,https://rsc.sicnu.edu.cn/p/68/?StId=st_app_news_i_x639053162239142741｜https://rsc.sicnu.edu.cn/p/10/｜https://www.sicnu.edu.cn/,A类·企业官网自建招聘页,企业官网,https://rsc.sicnu.edu.cn/p/10/,2026-09-28,入口可正常访问，来源可信,
SY0197,CD0198,四川德康农牧食品集团股份有限公司,零售与消费,https://www.dekanggroup.com/,200,https://app.mokahr.com/campus-recruitment/dekangmuye/151636?locale=zh-CN,302,https://app.mokahr.com/campus-recruitment/dekangmuye/151636?locale=zh-CN｜https://app.mokahr.com/campus-recruitment/dekangmuye/151636?locale=zh-CN｜https://www.dekanggroup.com/,A类·企业官网自建招聘页,企业专属ATS,https://app.mokahr.com/campus-recruitment/dekangmuye/151636?locale=zh-CN,2026-09-28,入口为重定向/动态渲染页（浏览器访问正常），来源可信,2026-09-28 入口复测：Moka 校招页重定向+动态渲染，静态抓取无正文，浏览器访问正常
SY0198,CD0199,四川恒湾科技有限公司,软件与互联网服务,https://www.zillnk.com/,200,https://www.zillnk.com/Solution/20.html,200,https://www.zillnk.com/Solution/20.html｜https://www.zillnk.com/Solution/20.html｜https://www.zillnk.com/,A类·企业官网自建招聘页,企业官网,https://www.zillnk.com/Solution/20.html,2026-09-28,入口可正常访问，来源可信,
SY0199,CD0200,四川成焊宝玛焊接装备工程有限公司,智能制造与装备,https://www.cbwee.com/,200,https://www.cbwee.com/join.html,200,https://www.cbwee.com/join.html｜https://www.cbwee.com/join.html｜https://www.cbwee.com/,A类·企业官网自建招聘页,企业官网,https://www.cbwee.com/join.html,2026-09-28,入口可正常访问，来源可信,2026-09-28 依据官网页面地址确认行政区
SY0200,CD0201,四川永星电子有限公司,电子信息制造,https://china-yongxing.com/,200,https://china-yongxing.com/recruitment.aspx?category_id=5,200,https://china-yongxing.com/recruitment.aspx?category_id=5｜https://china-yongxing.com/recruitment.aspx?category_id=5｜https://china-yongxing.com/,A类·企业官网自建招聘页,企业官网,https://china-yongxing.com/recruitment.aspx?category_id=5,2026-09-28,入口可正常访问，来源可信,
SY0201,CD0202,四川汇宇制药股份有限公司,生物医药,https://www.huiyupharma.com/,200,https://www.huiyupharma.com/news_view.aspx?nid=2&typeid=4&id=965,200,https://www.huiyupharma.com/news_view.aspx?nid=2&typeid=4&id=965｜https://www.huiyupharma.com/news_view.aspx?nid=2&typeid=4&id=965｜https://www.huiyupharma.com/,A类·企业官网自建招聘页,企业官网,https://www.huiyupharma.com/news_view.aspx?nid=2&typeid=4&id=965,2026-09-28,入口可正常访问，来源可信,
SY0202,CD0203,四川省唯品富邦消费金融有限公司,金融科技,https://www.vipxf.com/,200,https://www.vipxf.com/join/,200,https://www.vipxf.com/join/｜https://www.vipxf.com/join/｜https://www.vipxf.com/,A类·企业官网自建招聘页,企业官网,https://www.vipxf.com/join/,2026-09-28,入口可正常访问，来源可信,
SY0203,CD0204,四川省机场集团有限公司,航空运输,https://www.scairports.com/,200,https://www.scairports.com/index/lists/qiyezhaopin.html,200,https://www.scairports.com/index/lists/qiyezhaopin.html｜https://www.scairports.com/index/lists/qiyezhaopin.html｜https://www.scairports.com/,A类·企业官网自建招聘页,企业官网,https://www.scairports.com/index/lists/qiyezhaopin.html,2026-09-28,入口可正常访问，来源可信,
SY0204,CD0205,四川知微传感技术有限公司,半导体与集成电路,http://www.wizmems.com/,200,http://www.wizmems.com/index.php?ac=article&at=list&tid=74,200,http://www.wizmems.com/index.php?ac=article&at=list&tid=74｜http://www.wizmems.com/index.php?ac=article&at=list&tid=74｜http://www.wizmems.com/,A类·企业官网自建招聘页,企业官网,http://www.wizmems.com/index.php?ac=article&at=list&tid=74,2026-09-28,入口可正常访问，来源可信,
SY0205,CD0206,四川红旗连锁股份有限公司,零售与消费,https://www.hqls.com/,200,https://www.hqls.com/Recruit,200,https://www.hqls.com/Recruit｜https://www.hqls.com/Recruit｜https://www.hqls.com/,A类·企业官网自建招聘页,企业官网,https://www.hqls.com/Recruit,2026-09-28,入口可正常访问，来源可信,
SY0206,CD0207,四川航空股份有限公司,航空运输,https://www.sichuanair.com/,200,https://zhaopin.sichuanair.com/,200,https://zhaopin.sichuanair.com/｜https://zhaopin.sichuanair.com/｜https://www.sichuanair.com/,A类·企业官网自建招聘页,集团官方招聘平台,https://zhaopin.sichuanair.com/,2026-09-28,入口可正常访问，来源可信,
SY0207,CD0208,四川英杰电气股份有限公司,新能源,http://www.injet.cn/,200,https://injet.zhiye.com/,200,https://injet.zhiye.com/｜https://injet.zhiye.com/｜http://www.injet.cn/,A类·企业官网自建招聘页,企业专属ATS,https://injet.zhiye.com/,2026-09-28,入口可正常访问，来源可信,
SY0208,CD0209,四川蜀道物流集团有限公司,物流供应链,https://www.shudaowl.com/,200,https://www.shudaowl.com/xxgk/rsgl/ygzp/index.shtml,200,https://www.shudaowl.com/xxgk/rsgl/ygzp/index.shtml｜https://www.shudaowl.com/xxgk/rsgl/ygzp/index.shtml｜https://www.shudaowl.com/,A类·企业官网自建招聘页,企业官网,https://www.shudaowl.com/xxgk/rsgl/ygzp/index.shtml,2026-09-28,入口可正常访问，来源可信,
SY0209,CD0210,四川金域医学检验中心有限公司,医疗器械,https://www.kingmed.com.cn/,200,http://kingmed.zhiye.com/,200,https://kingmed.zhiye.com/｜http://kingmed.zhiye.com/｜https://www.kingmed.com.cn/,A类·企业官网自建招聘页,企业官网,http://kingmed.zhiye.com/,2026-09-28,入口可正常访问，来源可信,
SY0210,CD0211,四川音乐学院,教育,https://www.sccm.edu.cn/,200,https://www.sccm.edu.cn/dz_dwjsgzb.html,200,https://www.sccm.edu.cn/dz_dwjsgzb.html｜https://www.sccm.edu.cn/dz_dwjsgzb.html｜https://www.sccm.edu.cn/,A类·企业官网自建招聘页,企业官网,https://www.sccm.edu.cn/dz_dwjsgzb.html,2026-09-28,入口可正常访问，来源可信,2026-09-28 依据官网页面地址确认行政区
SY0211,CD0212,峨眉电影集团有限公司,文化传媒与影视,http://www.emdy.cn/,200,http://www.emdy.cn/list.aspx?Model_id=1&id=17,200,http://www.emdy.cn/page.aspx?classid=17&id=1749｜http://www.emdy.cn/list.aspx?Model_id=1&id=17｜http://www.emdy.cn/,A类·企业官网自建招聘页,企业官网,http://www.emdy.cn/list.aspx?Model_id=1&id=17,2026-09-28,入口可正常访问，来源可信,2026-09-28 依据官网页面地址确认行政区
SY0212,CD0213,川财证券有限责任公司,金融科技,https://www.cczq.com/,200,https://www.cczq.com/home/about/joinus/index.html,200,https://www.cczq.com/home/about/joinus/index.html｜https://www.cczq.com/home/about/joinus/index.html｜https://www.cczq.com/,A类·企业官网自建招聘页,企业官网,https://www.cczq.com/home/about/joinus/index.html,2026-09-28,入口可正常访问，来源可信,
SY0213,CD0214,康诺亚生物医药科技（成都）有限公司,生物医药,http://www.keymedbio.com/,200,http://www.keymedbio.com/cn/contactus.html,200,http://www.keymedbio.com/｜http://www.keymedbio.com/cn/contactus.html｜http://www.keymedbio.com/,A类·企业官网自建招聘页,企业官网,http://www.keymedbio.com/cn/contactus.html,2026-09-28,入口可正常访问，来源可信,2026-09-28 依据官网页面地址确认行政区
SY0214,CD0215,成都三刻奇想动漫科技有限公司,数字内容,https://sankeqixiang.com/,200,,未找到,https://sankeqixiang.com/｜https://sankeqixiang.com/,A类·官网已验证（未设独立招聘栏目）,企业官网,https://sankeqixiang.com/,2026-09-28,未找到官方招聘入口，官网已验证，按数据字典入口留空,官网未检索到独立官方招聘入口（2026-09-28 复核确认，按数据字典留空）
SY0215,CD0216,成都中医药大学,教育,https://www.cdutcm.edu.cn/,200,http://rsczc.cdutcm.edu.cn/zp/,200,http://rsczc.cdutcm.edu.cn/zp/｜http://rsczc.cdutcm.edu.cn/zp/｜https://www.cdutcm.edu.cn/,A类·企业官网自建招聘页,企业官网,http://rsczc.cdutcm.edu.cn/zp/,2026-09-28,入口可正常访问，来源可信,2026-09-28 依据官网页面地址确认行政区
SY0216,CD0217,成都乐曼多科技有限公司,游戏,https://www.lmdgame.com/,200,https://www.lmdgame.com/job/index.html,200,https://www.lmdgame.com/job/index.html｜https://www.lmdgame.com/job/index.html｜https://www.lmdgame.com/,A类·企业官网自建招聘页,企业官网,https://www.lmdgame.com/job/index.html,2026-09-28,入口可正常访问，来源可信,
SY0217,CD0218,成都九洲迪飞科技有限责任公司,通信与网络设备,https://www.jezetek.cc/,连接失败,https://www.jezetek.cc/jzgw/content/xxgk_new/detail?contentId=4838608,200,https://www.jezetek.cc/jzgw/content/xxgk_new/detail?contentId=4838608｜https://www.jezetek.cc/jzgw/content/xxgk_new/detail?contentId=4838608｜https://www.jezetek.cc/,A类·企业官网自建招聘页,集团官方招聘平台,https://www.jezetek.cc/jzgw/content/xxgk_new/detail?contentId=4838608,2026-09-28,入口可正常访问，来源可信；官网实测异常（连接失败）,
SY0218,CD0219,成都书声科技有限公司,数字内容,https://www.tinman.cn/,200,https://jojo.zhiye.com/,200,https://jojo.zhiye.com/｜https://jojo.zhiye.com/｜https://www.tinman.cn/,A类·企业官网自建招聘页,企业专属ATS,https://jojo.zhiye.com/,2026-09-28,入口可正常访问，来源可信,
SY0219,CD0220,成都交大光芒科技股份有限公司,软件与互联网服务,https://www.cdjdgm.com/,200,http://www.cdjdgm.com/news.asp?cataid=29&cataid1=30,200,https://www.cdjdgm.com/｜http://www.cdjdgm.com/news.asp?cataid=29&cataid1=30｜https://www.cdjdgm.com/,A类·企业官网自建招聘页,企业官网,http://www.cdjdgm.com/news.asp?cataid=29&cataid1=30,2026-09-28,入口可正常访问，来源可信,2026-09-28 依据官网页面地址确认行政区
SY0220,CD0221,成都交易集团有限公司,其他,https://www.cd-jyjt.com/,200,https://www.cd-jyjt.com/jtweb/portal/,200,https://www.cd-jyjt.com/jtweb/portal/｜https://www.cd-jyjt.com/jtweb/portal/｜https://www.cd-jyjt.com/,A类·企业官网自建招聘页,企业官网,https://www.cd-jyjt.com/jtweb/portal/,2026-09-28,入口可正常访问，来源可信,
SY0221,CD0222,成都交通投资集团有限公司,建筑与工程,https://www.cdccic.com/,200,https://zhaopin.cdccic.com:6066/recruitment/all,200,https://zhaopin.cdccic.com:6066/recruitment/all｜https://zhaopin.cdccic.com:6066/recruitment/all｜https://www.cdccic.com/,A类·企业官网自建招聘页,集团官方招聘平台,https://zhaopin.cdccic.com:6066/recruitment/all,2026-09-28,入口可正常访问，来源可信,
SY0222,CD0223,成都产业投资集团有限公司,其他,https://www.cdcyjt.com/,200,https://www.cdcyjt.com/inforecurit.thtml?t=298,200,https://www.cdcyjt.com/inforecurit.thtml?t=298｜https://www.cdcyjt.com/inforecurit.thtml?t=298｜https://www.cdcyjt.com/,A类·企业官网自建招聘页,企业官网,https://www.cdcyjt.com/inforecurit.thtml?t=298,2026-09-28,入口可正常访问，来源可信,2026-09-28 依据官网页面地址确认行政区
SY0223,CD0224,成都传媒集团,文化传媒与影视,https://www.cmgchengdu.com/,200,https://www.cmgchengdu.com/jobs.php?cid=44,200,https://www.cmgchengdu.com/jobs_content.php?cid=44&id=6457｜https://www.cmgchengdu.com/jobs.php?cid=44｜https://www.cmgchengdu.com/,A类·企业官网自建招聘页,企业官网,https://www.cmgchengdu.com/jobs.php?cid=44,2026-09-28,入口可正常访问，来源可信,
SY0224,CD0225,成都信息工程大学,教育,https://www.cuit.edu.cn/,200,https://rsc.cuit.edu.cn/rczp.htm,200,https://rsc.cuit.edu.cn/rczp.htm｜https://rsc.cuit.edu.cn/rczp.htm｜https://www.cuit.edu.cn/,A类·企业官网自建招聘页,企业官网,https://rsc.cuit.edu.cn/rczp.htm,2026-09-28,入口可正常访问，来源可信,2026-09-28 依据官网页面地址确认行政区
SY0225,CD0226,成都元气蛙动漫科技有限公司,数字内容,https://www.kungfu-frog.com/,连接失败,,未找到,https://www.kungfu-frog.com/｜https://www.kungfu-frog.com/,A类·官网已验证（未设独立招聘栏目）,企业官网,https://www.kungfu-frog.com/,2026-09-28,未找到官方招聘入口，官网已验证，按数据字典入口留空；官网实测异常（连接失败）,官网未检索到独立官方招聘入口（2026-09-28 复核确认，按数据字典留空）
SY0226,CD0227,成都光华科技发展有限公司,智能制造与装备,https://guanghuagroup.net/,404,https://guanghuagroup.net/?job/,200,https://guanghuagroup.net/?job/｜https://guanghuagroup.net/?job/｜https://guanghuagroup.net/,A类·企业官网自建招聘页,企业官网,https://guanghuagroup.net/?job/,2026-09-28,入口可正常访问，来源可信；官网实测异常（404）,
SY0227,CD0229,成都华芯天微科技有限公司,半导体与集成电路,http://phasym.com/,200,,未找到,http://phasym.com/｜http://phasym.com/,A类·官网已验证（未设独立招聘栏目）,企业官网,http://phasym.com/,2026-09-28,未找到官方招聘入口，官网已验证，按数据字典入口留空,官网未检索到独立官方招聘入口（2026-09-28 复核确认，按数据字典留空）
SY0228,CD0230,成都华西海圻医药科技有限公司,生物医药,https://www.glpcd.com/,200,https://www.glpcd.com/job,200,https://www.glpcd.com/job｜https://www.glpcd.com/job｜https://www.glpcd.com/,A类·企业官网自建招聘页,企业官网,https://www.glpcd.com/job,2026-09-28,入口可正常访问，来源可信,
SY0229,CD0231,成都华远电器设备有限公司,智能制造与装备,https://www.hwayuan.com/,200,https://hwayuan.com/interna.aspx?category_id=50,200,https://hwayuan.com/interna.aspx?category_id=50｜https://hwayuan.com/interna.aspx?category_id=50｜https://www.hwayuan.com/,A类·企业官网自建招聘页,企业官网,https://hwayuan.com/interna.aspx?category_id=50,2026-09-28,入口可正常访问，来源可信,
SY0230,CD0232,成都原力电脑动画制作有限公司,数字内容,http://www.of3d.com/,连接失败,https://of3d.jobs.feishu.cn/,200,https://of3d.jobs.feishu.cn/｜https://of3d.jobs.feishu.cn/｜http://www.of3d.com/,A类·企业官网自建招聘页,企业专属ATS,https://of3d.jobs.feishu.cn/,2026-09-28,入口可正常访问，来源可信；官网实测异常（连接失败）,
SY0231,CD0233,成都双流国际机场股份有限公司,航空运输,https://www.cdairport.com/,200,https://www.cdairport.com/news_detail.aspx?cid=6295&t=60,200,https://www.cdairport.com/news_detail.aspx?cid=6295&t=60｜https://www.cdairport.com/news_detail.aspx?cid=6295&t=60｜https://www.cdairport.com/,A类·企业官网自建招聘页,企业官网,https://www.cdairport.com/news_detail.aspx?cid=6295&t=60,2026-09-28,入口可正常访问，来源可信,
SY0232,CD0234,成都启臣微电子有限公司,半导体与集成电路,http://www.chiprail.com/,200,,未找到,http://www.chiprail.com/｜http://www.chiprail.com/,A类·官网已验证（未设独立招聘栏目）,企业官网,http://www.chiprail.com/,2026-09-28,未找到官方招聘入口，官网已验证，按数据字典入口留空,官网未检索到独立官方招聘入口（2026-09-28 复核确认，按数据字典留空）
SY0233,CD0235,成都国为生物医药股份有限公司,生物医药,https://www.cdgowell.com/,200,https://www.cdgowell.com/job.aspx?Type=10054,200,https://www.cdgowell.com/job.aspx?Type=10054｜https://www.cdgowell.com/job.aspx?Type=10054｜https://www.cdgowell.com/,A类·企业官网自建招聘页,企业官网,https://www.cdgowell.com/job.aspx?Type=10054,2026-09-28,入口可正常访问，来源可信,
SY0234,CD0236,成都国际贸易集团有限公司,零售与消费,https://www.cdgmjt.cn/,200,https://www.cdgmjt.cn/jobinfo.thtml?t=1310&cid=100460,200,https://www.cdgmjt.cn/jobinfo.thtml?t=1310&cid=100460｜https://www.cdgmjt.cn/jobinfo.thtml?t=1310&cid=100460｜https://www.cdgmjt.cn/,A类·企业官网自建招聘页,企业官网,https://www.cdgmjt.cn/jobinfo.thtml?t=1310&cid=100460,2026-09-28,入口可正常访问，来源可信,
SY0235,CD0237,成都坤恒顺维科技股份有限公司,智能制造与装备,https://www.ksw-tech.com/,200,https://www.ksw-tech.com/information/campus-hiring.html,200,https://www.ksw-tech.com/information/campus-hiring.html｜https://www.ksw-tech.com/information/campus-hiring.html｜https://www.ksw-tech.com/,A类·企业官网自建招聘页,企业官网,https://www.ksw-tech.com/information/campus-hiring.html,2026-09-28,入口可正常访问，来源可信,
SY0236,CD0238,成都城建投资管理集团有限责任公司,建筑与工程,https://www.cdci.cn/,200,https://www.cdci.cn/list-127-1.html,200,https://www.cdci.cn/show-128-177-1.html｜https://www.cdci.cn/list-127-1.html｜https://www.cdci.cn/,A类·企业官网自建招聘页,企业官网,https://www.cdci.cn/list-127-1.html,2026-09-28,入口可正常访问，来源可信,行政区仍未确认：官网命中内容为成华区项目新闻，非集团办公地址
SY0237,CD0239,成都基准方中建筑设计事务所有限公司,设计服务,http://www.jzfz.com.cn/index.html,200,https://jzfz.zhiye.com/,200,https://jzfz.zhiye.com/｜https://jzfz.zhiye.com/｜http://www.jzfz.com.cn/index.html,A类·企业官网自建招聘页,企业专属ATS,https://jzfz.zhiye.com/,2026-09-28,入口可正常访问，来源可信,
SY0238,CD0240,成都壹为新能源汽车有限公司,新能源,http://www.1vtruck.com/,200,,未找到,http://www.1vtruck.com/｜http://www.1vtruck.com/,A类·官网已验证（未设独立招聘栏目）,企业官网,http://www.1vtruck.com/,2026-09-28,未找到官方招聘入口，官网已验证，按数据字典入口留空,官网未检索到独立官方招聘入口（2026-09-28 复核确认，按数据字典留空）
SY0239,CD0241,成都大学,教育,https://www.cdu.edu.cn/,200,https://rsc.cdu.edu.cn/,200,https://rsc.cdu.edu.cn/info/1032/4174.htm｜https://rsc.cdu.edu.cn/｜https://www.cdu.edu.cn/,A类·企业官网自建招聘页,企业官网,https://rsc.cdu.edu.cn/,2026-09-28,入口可正常访问，来源可信,
SY0240,CD0242,成都大眼怪科技有限公司,游戏,http://www.dayanguai.com/,200,http://www.dayanguai.com/JoinUs.html,200,http://www.dayanguai.com/JoinUs.html｜http://www.dayanguai.com/JoinUs.html｜http://www.dayanguai.com/,A类·企业官网自建招聘页,企业官网,http://www.dayanguai.com/JoinUs.html,2026-09-28,入口可正常访问，来源可信,
SY0241,CD0243,成都大运汽车集团有限公司,智能制造与装备,http://www.cddayun.com.cn/,200,http://www.cddayun.com.cn/index.php/ab7.html,200,http://www.cddayun.com.cn/index.php/ab7.html｜http://www.cddayun.com.cn/index.php/ab7.html｜http://www.cddayun.com.cn/,A类·企业官网自建招聘页,企业官网,http://www.cddayun.com.cn/index.php/ab7.html,2026-09-28,入口可正常访问，来源可信,
SY0242,CD0244,成都天府国际生物城发展集团有限公司,生物医药,https://www.cdbtgroup.com/,200,https://www.cdbtgroup.com/join.html,200,https://www.cdbtgroup.com/newsinfo/940537618683133952.html｜https://www.cdbtgroup.com/join.html｜https://www.cdbtgroup.com/,A类·企业官网自建招聘页,企业官网,https://www.cdbtgroup.com/join.html,2026-09-28,入口可正常访问，来源可信,
SY0243,CD0245,成都天纵世纪科技有限公司,IT服务与外包,http://www.skywalkart.com/,200,http://www.skywalkart.com/index/join,200,http://www.skywalkart.com/index/join｜http://www.skywalkart.com/index/join｜http://www.skywalkart.com/,A类·企业官网自建招聘页,企业官网,http://www.skywalkart.com/index/join,2026-09-28,入口可正常访问，来源可信,
SY0244,CD0246,成都天马精密机械有限公司,智能制造与装备,http://www.cdtmjm.com/,200,http://www.cdtmjm.com/zhaopin,200,http://www.cdtmjm.com/zhaopin｜http://www.cdtmjm.com/zhaopin｜http://www.cdtmjm.com/,A类·企业官网自建招聘页,企业官网,http://www.cdtmjm.com/zhaopin,2026-09-28,入口可正常访问，来源可信,
SY0245,CD0247,成都川新能控测量设备有限公司,电子信息制造,https://scdasc.com/,200,https://scdasc.com/?p=1908,200,https://scdasc.com/?p=1908｜https://scdasc.com/?p=1908｜https://scdasc.com/,A类·企业官网自建招聘页,企业官网,https://scdasc.com/?p=1908,2026-09-28,入口可正常访问，来源可信,
SY0246,CD0248,成都巴莫科技有限责任公司,新能源,http://www.bamo-tech.com/,200,http://www.bamo-tech.com/hring.aspx?AboutCateId=86&CateId=86,200,http://www.bamo-tech.com/hring.aspx?AboutCateId=86&CateId=86｜http://www.bamo-tech.com/hring.aspx?AboutCateId=86&CateId=86｜http://www.bamo-tech.com/,A类·企业官网自建招聘页,企业官网,http://www.bamo-tech.com/hring.aspx?AboutCateId=86&CateId=86,2026-09-28,入口可正常访问，来源可信,行政区仍未确认：官网命中地址为天津总部（滨海高新区），非成都主体
SY0247,CD0249,成都市公共交通集团有限公司,轨道交通,https://www.cdgjbus.com/,200,https://www.cdgjbus.com/article?articleId=2097953173471760386&activeIndex=8&activeIndexSub=16,200,https://www.cdgjbus.com/article?articleId=2097953173471760386&activeIndex=8&activeIndexSub=16｜https://www.cdgjbus.com/article?articleId=2097953173471760386&activeIndex=8&activeIndexSub=16｜https://www.cdgjbus.com/,A类·企业官网自建招聘页,企业官网,https://www.cdgjbus.com/article?articleId=2097953173471760386&activeIndex=8&activeIndexSub=16,2026-09-28,入口可正常访问，来源可信,
SY0248,CD0250,成都市兴蓉环境股份有限公司,环保,https://www.cdxrec.com/,200,https://www.cdxrec.com/show/1177-86342.html,200,https://www.cdxrec.com/show/1177-86342.html｜https://www.cdxrec.com/show/1177-86342.html｜https://www.cdxrec.com/,A类·企业官网自建招聘页,企业官网,https://www.cdxrec.com/show/1177-86342.html,2026-09-28,入口可正常访问，来源可信,
SY0249,CD0251,成都市飞狼科技有限公司,软件与互联网服务,https://fenrir-inc.com.cn/,200,,未找到,https://fenrir-inc.com.cn/｜https://fenrir-inc.com.cn/,A类·官网已验证（未设独立招聘栏目）,企业官网,https://fenrir-inc.com.cn/,2026-09-28,未找到官方招聘入口，官网已验证，按数据字典入口留空,官网未检索到独立官方招聘入口（2026-09-28 复核确认，按数据字典留空）；2026-09-28 依据官网页面地址确认行政区
SY0250,CD0252,成都微光集电科技有限公司,半导体与集成电路,http://www.imagedesign.com.cn/,200,http://www.imagedesign.com.cn/recruit1.html,200,http://www.imagedesign.com.cn/recruit1.html｜http://www.imagedesign.com.cn/recruit1.html｜http://www.imagedesign.com.cn/,A类·企业官网自建招聘页,企业官网,http://www.imagedesign.com.cn/recruit1.html,2026-09-28,入口可正常访问，来源可信,
SY0251,CD0253,成都思越智能装备股份有限公司,智能制造与装备,http://www.tk-top.com/,200,,未找到,http://www.tk-top.com/｜http://www.tk-top.com/,A类·官网已验证（未设独立招聘栏目）,企业官网,http://www.tk-top.com/,2026-09-28,未找到官方招聘入口，官网已验证，按数据字典入口留空,官网未检索到独立官方招聘入口（2026-09-28 复核确认，按数据字典留空）
SY0252,CD0254,成都成焊焊接设备有限公司,智能制造与装备,http://www.cd-ch.com/,200,,未找到,http://www.cd-ch.com/｜http://www.cd-ch.com/,A类·官网已验证（未设独立招聘栏目）,企业官网,http://www.cd-ch.com/,2026-09-28,未找到官方招聘入口，官网已验证，按数据字典入口留空,官网未检索到独立官方招聘入口（2026-09-28 复核确认，按数据字典留空）
SY0253,CD0255,成都文化旅游发展集团有限责任公司,国企事业单位,https://www.cdctg.com/,连接失败,https://www.cdctg.com/#/recDetailInfo?recruitId=2100424593283813377,200,https://www.cdctg.com/#/recDetailInfo?recruitId=2100424593283813377｜https://www.cdctg.com/#/recDetailInfo?recruitId=2100424593283813377｜https://www.cdctg.com/,A类·企业官网自建招聘页,企业官网,https://www.cdctg.com/#/recDetailInfo?recruitId=2100424593283813377,2026-09-28,入口可正常访问，来源可信；官网实测异常（连接失败）,2026-09-28 入口复测：官网为 SPA（#/路由），静态抓取无正文，浏览器访问正常
SY0254,CD0256,成都文旅集团有限公司,文化传媒与影视,https://www.cdctg.com/,200,https://www.cdctg.com/,200,https://www.cdctg.com/｜https://www.cdctg.com/｜https://www.cdctg.com/,A类·企业官网自建招聘页,企业官网,https://www.cdctg.com/,2026-09-28,入口可正常访问，来源可信,注意：本企业的招聘入口页即企业官网首页，官网未设独立招聘栏目，已列入待人工复核。
SY0255,CD0257,成都旋极星源信息技术有限公司,半导体与集成电路,https://www.star-source.cn/,200,https://www.star-source.cn/News_List.php?tag=Zhaoping&theId=8,200,https://www.star-source.cn/News_List.php?tag=Zhaoping&theId=8｜https://www.star-source.cn/News_List.php?tag=Zhaoping&theId=8｜https://www.star-source.cn/,A类·企业官网自建招聘页,企业官网,https://www.star-source.cn/News_List.php?tag=Zhaoping&theId=8,2026-09-28,入口可正常访问，来源可信,
SY0256,CD0258,成都明夷电子科技股份有限公司,半导体与集成电路,http://meenyi.com/,200,http://meenyi.com/cn/recruit.html,200,http://meenyi.com/cn/recruit.html｜http://meenyi.com/cn/recruit.html｜http://meenyi.com/,A类·企业官网自建招聘页,企业官网,http://meenyi.com/cn/recruit.html,2026-09-28,入口可正常访问，来源可信,
SY0257,CD0259,成都森未科技有限公司,半导体与集成电路,http://fusemi.cn/,200,http://fusemi.cn/c/zhaoxiannashi.html,200,http://fusemi.cn/c/zhaoxiannashi.html｜http://fusemi.cn/c/zhaoxiannashi.html｜http://fusemi.cn/,A类·企业官网自建招聘页,企业官网,http://fusemi.cn/c/zhaoxiannashi.html,2026-09-28,入口可正常访问，来源可信,2026-09-28 入口复测：放宽 TLS 复测恢复 200，招聘内容待人工确认
SY0258,CD0260,成都橙风趣游科技有限公司,游戏,http://www.metajoy.cn/,200,,未找到,http://www.metajoy.cn/｜http://www.metajoy.cn/,A类·官网已验证（未设独立招聘栏目）,企业官网,http://www.metajoy.cn/,2026-09-28,未找到官方招聘入口，官网已验证，按数据字典入口留空,官网未检索到独立官方招聘入口（2026-09-28 复核确认，按数据字典留空）；2026-09-28 依据官网页面地址确认行政区
SY0259,CD0261,成都正恒动力股份有限公司,智能制造与装备,http://www.zhdl.com/,200,,未找到,http://www.zhdl.com/｜http://www.zhdl.com/,A类·官网已验证（未设独立招聘栏目）,企业官网,http://www.zhdl.com/,2026-09-28,未找到官方招聘入口，官网已验证，按数据字典入口留空,官网未检索到独立官方招聘入口（2026-09-28 复核确认，按数据字典留空）
SY0260,CD0262,成都永源精密模具有限公司,智能制造与装备,http://www.cdyymold.com/,200,http://www.cdyymold.com/zhaopinzhiwei,200,http://www.cdyymold.com/zhaopinzhiwei｜http://www.cdyymold.com/zhaopinzhiwei｜http://www.cdyymold.com/,A类·企业官网自建招聘页,企业官网,http://www.cdyymold.com/zhaopinzhiwei,2026-09-28,入口可正常访问，来源可信,
SY0261,CD0263,成都汉芯国科集成技术有限公司,半导体与集成电路,http://hanxin-chip.cn/,200,,未找到,http://hanxin-chip.cn/｜http://hanxin-chip.cn/,A类·官网已验证（未设独立招聘栏目）,企业官网,http://hanxin-chip.cn/,2026-09-28,未找到官方招聘入口，官网已验证，按数据字典入口留空,官网未检索到独立官方招聘入口（2026-09-28 复核确认，按数据字典留空）
SY0262,CD0264,成都海思智诚自动化设备有限公司,智能制造与装备,http://www.hszcauto.com/,200,http://www.hszcauto.com/About.aspx?ClassID=32,200,http://www.hszcauto.com/About.aspx?ClassID=32｜http://www.hszcauto.com/About.aspx?ClassID=32｜http://www.hszcauto.com/,A类·企业官网自建招聘页,企业官网,http://www.hszcauto.com/About.aspx?ClassID=32,2026-09-28,入口可正常访问，来源可信,
SY0263,CD0265,成都灵动美惠科技有限公司,IT服务与外包,http://www.lingotalent-lg.com/,200,,未找到,http://www.lingotalent-lg.com/list-25-1.html｜http://www.lingotalent-lg.com/,A类·官网已验证（未设独立招聘栏目）,企业官网,http://www.lingotalent-lg.com/,2026-09-28,未找到官方招聘入口，官网已验证，按数据字典入口留空,官网未检索到独立官方招聘入口（2026-09-28 复核确认，按数据字典留空）
SY0264,CD0266,成都灵绘文化传播有限公司,游戏,http://www.ilinghui.com/,200,http://www.ilinghui.com/join/,200,http://www.ilinghui.com/join/｜http://www.ilinghui.com/join/｜http://www.ilinghui.com/,A类·企业官网自建招聘页,企业官网,http://www.ilinghui.com/join/,2026-09-28,入口可正常访问，来源可信,
SY0265,CD0267,成都烽炊网络,游戏,http://www.firewogames.com/,200,http://www.firewogames.com/,200,http://www.firewogames.com/｜http://www.firewogames.com/｜http://www.firewogames.com/,A类·企业官网自建招聘页,企业官网,http://www.firewogames.com/,2026-09-28,入口可正常访问，来源可信,注意：本企业的招聘入口页即企业官网首页，官网未设独立招聘栏目，已列入待人工复核。
SY0266,CD0268,成都环境投资集团有限公司,环保,https://www.cdenvironment.com/,200,https://www.cdenvironment.com/category/253/1.html,200,https://www.cdenvironment.com/show/1164-90548.html｜https://www.cdenvironment.com/category/253/1.html｜https://www.cdenvironment.com/,A类·企业官网自建招聘页,企业官网,https://www.cdenvironment.com/category/253/1.html,2026-09-28,入口可正常访问，来源可信,
SY0267,CD0269,成都瑞迪威科技有限公司,半导体与集成电路,http://www.ruidiwei.com/,200,http://www.ruidiwei.com/list-8-1.html,200,http://www.ruidiwei.com/list-8-1.html｜http://www.ruidiwei.com/list-8-1.html｜http://www.ruidiwei.com/,A类·企业官网自建招聘页,企业官网,http://www.ruidiwei.com/list-8-1.html,2026-09-28,入口可正常访问，来源可信,
SY0268,CD0270,成都申威科技有限责任公司,电子信息制造,http://www.swcpu.cn/,200,http://www.swcpu.cn/show-156-267-1.html,未找到,http://www.swcpu.cn/｜http://www.swcpu.cn/,A类·企业官网自建招聘页,企业官网,http://www.swcpu.cn/show-156-267-1.html,2026-09-28,入口实测异常（未找到），需人工复核,官网未检索到独立官方招聘入口（2026-09-28 复核确认，按数据字典留空）；2026-09-28 复核在官网内找到招聘公告页（关键词命中 4）
SY0269,CD0271,成都益格网络科技有限公司,游戏,http://www.cdegwl.com/,200,http://www.cdegwl.com/hrlist.aspx,200,http://www.cdegwl.com/hrlist.aspx｜http://www.cdegwl.com/hrlist.aspx｜http://www.cdegwl.com/,A类·企业官网自建招聘页,企业官网,http://www.cdegwl.com/hrlist.aspx,2026-09-28,入口可正常访问，来源可信,
SY0270,CD0272,成都益民投资集团有限公司,零售与消费,https://www.ymtzjt.com/,200,https://www.ymtzjt.com/contents/21/9837.html,200,https://www.ymtzjt.com/contents/21/9837.html｜https://www.ymtzjt.com/contents/21/9837.html｜https://www.ymtzjt.com/,A类·企业官网自建招聘页,企业官网,https://www.ymtzjt.com/contents/21/9837.html,2026-09-28,入口可正常访问，来源可信,2026-09-28 依据官网页面地址确认行政区
SY0271,CD0273,成都秦川物联网科技股份有限公司,智能制造与装备,https://www.cdqckj.com/,200,https://scic.cdqckj.com/channels/Recruit.html,200,https://scic.cdqckj.com/channels/Recruit.html｜https://scic.cdqckj.com/channels/Recruit.html｜https://www.cdqckj.com/,A类·企业官网自建招聘页,企业官网,https://scic.cdqckj.com/channels/Recruit.html,2026-09-28,入口可正常访问，来源可信,2026-09-28 入口复测：放宽 TLS 复测恢复 200，招聘频道页关键词命中 4
SY0272,CD0274,成都维客昕微电子有限公司,半导体与集成电路,http://www.vcaresensor.com/,200,http://www.vcaresensor.com/contact.html,200,http://www.vcaresensor.com/contact.html｜http://www.vcaresensor.com/contact.html｜http://www.vcaresensor.com/,A类·企业官网自建招聘页,企业官网,http://www.vcaresensor.com/contact.html,2026-09-28,入口可正常访问，来源可信,
SY0273,CD0275,成都罗森便利店管理有限公司,零售与消费,https://www.chinalawson.com.cn/,200,https://www.chinalawson.com.cn/join,200,https://www.chinalawson.com.cn/join｜https://www.chinalawson.com.cn/join｜https://www.chinalawson.com.cn/,A类·企业官网自建招聘页,企业官网,https://www.chinalawson.com.cn/join,2026-09-28,入口可正常访问，来源可信,
SY0274,CD0276,成都能通科技股份有限公司,通信与网络设备,https://www.cdlandtop.com/,200,https://www.cdlandtop.com/index.php?cid=16&v=listing,200,https://www.cdlandtop.com/index.php?cid=16&v=listing｜https://www.cdlandtop.com/index.php?cid=16&v=listing｜https://www.cdlandtop.com/,A类·企业官网自建招聘页,企业官网,https://www.cdlandtop.com/index.php?cid=16&v=listing,2026-09-28,入口可正常访问，来源可信,
SY0275,CD0277,成都航空有限公司,航空运输,https://www.cdal.com.cn/,200,https://www.cdal.com.cn/,200,https://www.cdal.com.cn/｜https://www.cdal.com.cn/｜https://www.cdal.com.cn/,A类·企业官网自建招聘页,企业官网,https://www.cdal.com.cn/,2026-09-28,入口可正常访问，来源可信,注意：本企业的招聘入口页即企业官网首页，官网未设独立招聘栏目，已列入待人工复核。
SY0276,CD0278,成都蓉城康养集团有限公司,其他,https://www.cdxctz.com/,200,https://www.cdxctz.com/giftedinfo.aspx?t=52&ContentId=339,200,https://www.cdxctz.com/giftedinfo.aspx?t=52&ContentId=339｜https://www.cdxctz.com/giftedinfo.aspx?t=52&ContentId=339｜https://www.cdxctz.com/,A类·企业官网自建招聘页,企业官网,https://www.cdxctz.com/giftedinfo.aspx?t=52&ContentId=339,2026-09-28,入口可正常访问，来源可信,行政区仍未确认：官网命中为子公司成都建工天府建设相关新闻，非集团注册地
SY0277,CD0279,成都虹波实业股份有限公司,电子信息制造,http://www.cd-hb.com/,200,,未找到,http://www.cd-hb.com/｜http://www.cd-hb.com/,A类·官网已验证（未设独立招聘栏目）,企业官网,http://www.cd-hb.com/,2026-09-28,未找到官方招聘入口，官网已验证，按数据字典入口留空,官网未检索到独立官方招聘入口（2026-09-28 复核确认，按数据字典留空）
SY0278,CD0280,成都蜀大侠餐饮管理有限公司,餐饮连锁,https://www.cd-sdx.com/,200,https://www.cd-sdx.com/about,200,https://www.cd-sdx.com/about｜https://www.cd-sdx.com/about｜https://www.cd-sdx.com/,A类·企业官网自建招聘页,企业官网,https://www.cd-sdx.com/about,2026-09-28,入口可正常访问，来源可信,
SY0279,CD0281,成都裕鸢航空智能制造股份有限公司,航空航天,https://www.yuyuanhk.com/,200,https://www.yuyuanhk.com/zpxx/,200,https://www.yuyuanhk.com/zpxx/｜https://www.yuyuanhk.com/zpxx/｜https://www.yuyuanhk.com/,A类·企业官网自建招聘页,企业官网,https://www.yuyuanhk.com/zpxx/,2026-09-28,入口可正常访问，来源可信,2026-09-28 依据官网页面地址确认行政区
SY0280,CD0282,成都西蒙博格科技有限公司,人工智能与大数据,https://www.simbog.com/,200,https://www.simbog.com/join,200,https://www.simbog.com/join｜https://www.simbog.com/join｜https://www.simbog.com/,A类·企业官网自建招聘页,企业官网,https://www.simbog.com/join,2026-09-28,入口可正常访问，来源可信,
SY0281,CD0283,成都设计咨询集团有限公司,设计服务,https://www.cdadri.com/,200,http://cdadri.com/jobview.aspx?contentid=48&t=55,200,http://cdadri.com/jobview.aspx?contentid=48&t=55｜http://cdadri.com/jobview.aspx?contentid=48&t=55｜https://www.cdadri.com/,A类·企业官网自建招聘页,企业官网,http://cdadri.com/jobview.aspx?contentid=48&t=55,2026-09-28,入口可正常访问，来源可信,
SY0282,CD0284,成都轨道交通集团有限公司,轨道交通,https://www.chengdurail.com/,200,https://www.chengdurail.com/ygzp/shzp/zpgg.htm,200,https://www.chengdurail.com/ygzp/shzp/zpgg.htm｜https://www.chengdurail.com/ygzp/shzp/zpgg.htm｜https://www.chengdurail.com/,A类·企业官网自建招聘页,企业官网,https://www.chengdurail.com/ygzp/shzp/zpgg.htm,2026-09-28,入口可正常访问，来源可信,行政区仍未确认：官网命中「青羊区蜀鑫路站」为地铁站点名，非办公地址
SY0283,CD0285,成都迅翼卫通科技有限公司,通信与网络设备,http://www.xuny-sat.com/,200,http://www.xuny-sat.com/index.php?a=lists&c=index&catid=28&m=content,200,http://www.xuny-sat.com/index.php?a=lists&c=index&catid=28&m=content｜http://www.xuny-sat.com/index.php?a=lists&c=index&catid=28&m=content｜http://www.xuny-sat.com/,A类·企业官网自建招聘页,企业官网,http://www.xuny-sat.com/index.php?a=lists&c=index&catid=28&m=content,2026-09-28,入口可正常访问，来源可信,
SY0284,CD0286,成都迪安医学检验所有限公司,医疗器械,http://www.dazd.cn/,200,http://www.dazd.cn/home/Recruit/information.html,200,http://www.dazd.cn/home/Recruit/information.html｜http://www.dazd.cn/home/Recruit/information.html｜http://www.dazd.cn/,A类·企业官网自建招聘页,企业官网,http://www.dazd.cn/home/Recruit/information.html,2026-09-28,入口可正常访问，来源可信,
SY0285,CD0287,成都高投生物医药产业发展有限公司,生物医药,https://www.tianfulifesciencepark.com/,200,https://www.tianfulifesciencepark.com/PartyBuilding/Detail?id=2898,200,https://www.tianfulifesciencepark.com/PartyBuilding/Detail?id=2898｜https://www.tianfulifesciencepark.com/PartyBuilding/Detail?id=2898｜https://www.tianfulifesciencepark.com/,A类·企业官网自建招聘页,企业官网,https://www.tianfulifesciencepark.com/PartyBuilding/Detail?id=2898,2026-09-28,入口可正常访问，来源可信,
SY0286,CD0288,成都黑鸦数码科技有限公司,游戏,http://www.blackcrowcg.com/,200,https://www.blackcrowcg.com/career/index.html,200,https://www.blackcrowcg.com/career/index.html｜https://www.blackcrowcg.com/career/index.html｜http://www.blackcrowcg.com/,A类·企业官网自建招聘页,企业官网,https://www.blackcrowcg.com/career/index.html,2026-09-28,入口可正常访问，来源可信,
SY0287,CD0289,携程（成都）,软件与互联网服务,https://careers.ctrip.com/,200,https://careers.ctrip.com/,200,https://careers.ctrip.com/api/hrrecruit/getJobAd｜https://careers.ctrip.com/｜https://careers.ctrip.com/,A类·企业官网自建招聘页,集团官方招聘平台,https://careers.ctrip.com/,2026-09-28,入口可正常访问，来源可信,注意：本企业的招聘入口页即企业官网首页，官网未设独立招聘栏目，已列入待人工复核。
SY0288,CD0290,泰康保险集团股份有限公司（成都）,金融科技,https://www.taikanglife.com/,200,https://job.taikang.com/,ERR,https://job.taikang.com/｜https://job.taikang.com/｜https://www.taikanglife.com/,A类·企业官网自建招聘页,企业官网,https://job.taikang.com/,2026-09-28,入口实测异常（ERR），需人工复核,2026-09-28 入口复测：双通道（Python+PowerShell）复测均连接失败，站点疑似关闭境外/代理访问
SY0289,CD0291,熙康云医院健康科技（成都）有限公司,医疗器械,https://www.xikang.com/,200,https://www.xikang.com/aboutus,200,https://www.xikang.com/aboutus｜https://www.xikang.com/aboutus｜https://www.xikang.com/,A类·企业官网自建招聘页,企业官网,https://www.xikang.com/aboutus,2026-09-28,入口可正常访问，来源可信,
SY0290,CD0292,索尔思光电（成都）有限公司,电子信息制造,https://www.sourcephotonics.com/,200,https://www.sourcephotonics.com/job-listings/,200,https://www.sourcephotonics.com/job-listings/｜https://www.sourcephotonics.com/job-listings/｜https://www.sourcephotonics.com/,A类·企业官网自建招聘页,企业官网,https://www.sourcephotonics.com/job-listings/,2026-09-28,入口可正常访问，来源可信,
SY0291,CD0293,绿盟科技集团股份有限公司,软件与互联网服务,https://www.nsfocus.com.cn/,200,https://app.mokahr.com/campus_apply/nsfocus/29118,302,https://app.mokahr.com/campus_apply/nsfocus/29118｜https://app.mokahr.com/campus_apply/nsfocus/29118｜https://www.nsfocus.com.cn/,A类·企业官网自建招聘页,企业专属ATS,https://app.mokahr.com/campus_apply/nsfocus/29118,2026-09-28,入口为重定向/动态渲染页（浏览器访问正常），来源可信,2026-09-28 入口复测：Moka 校招页重定向+动态渲染，浏览器访问正常
SY0292,CD0294,艾迪康医学检验中心有限公司,医疗器械,https://www.adicon.com.cn/,200,https://adicon.zhiye.com/,200,https://adicon.zhiye.com/｜https://adicon.zhiye.com/｜https://www.adicon.com.cn/,A类·企业官网自建招聘页,企业官网,https://adicon.zhiye.com/,2026-09-28,入口可正常访问，来源可信,
SY0293,CD0295,苏宁易购集团股份有限公司,零售与消费,https://www.suning.com/,200,http://careers.suning.cn/rps-web/position/show_position_new.htm?type=1,200,http://careers.suning.cn/rps-web/position/show_position_new.htm?type=1｜http://careers.suning.cn/rps-web/position/show_position_new.htm?type=1｜https://www.suning.com/,A类·企业官网自建招聘页,企业专属ATS,http://careers.suning.cn/rps-web/position/show_position_new.htm?type=1,2026-09-28,入口可正常访问，来源可信,
SY0294,CD0296,蜂巢能源科技股份有限公司,新能源,http://www.svolt.cn/,200,https://svolt.zhiye.com/,200,https://svolt.zhiye.com/｜https://svolt.zhiye.com/｜http://www.svolt.cn/,A类·企业官网自建招聘页,企业专属ATS,https://svolt.zhiye.com/,2026-09-28,入口可正常访问，来源可信,
SY0295,CD0297,西南交通大学,教育,https://www.swjtu.edu.cn/,200,https://rsc.swjtu.edu.cn/rszp.htm,200,https://rsc.swjtu.edu.cn/rszp.htm｜https://rsc.swjtu.edu.cn/rszp.htm｜https://www.swjtu.edu.cn/,A类·企业官网自建招聘页,企业官网,https://rsc.swjtu.edu.cn/rszp.htm,2026-09-28,入口可正常访问，来源可信,
SY0296,CD0298,西南石油大学,教育,https://www.swpu.edu.cn/,200,http://zp.swpu.edu.cn/index/jobs,200,http://zp.swpu.edu.cn/index/jobs｜http://zp.swpu.edu.cn/index/jobs｜https://www.swpu.edu.cn/,A类·企业官网自建招聘页,企业官网,http://zp.swpu.edu.cn/index/jobs,2026-09-28,入口可正常访问，来源可信,2026-09-28 依据官网页面地址确认行政区
SY0297,CD0299,西南证券股份有限公司,金融科技,https://www.swsc.com.cn/,200,https://wecruit.hotjob.cn/SU61d3efeabef57c13bcba2eea/pb/social.html,200,https://wecruit.hotjob.cn/SU61d3efeabef57c13bcba2eea/pb/social.html｜https://wecruit.hotjob.cn/SU61d3efeabef57c13bcba2eea/pb/social.html｜https://www.swsc.com.cn/,A类·企业官网自建招聘页,企业官网,https://wecruit.hotjob.cn/SU61d3efeabef57c13bcba2eea/pb/social.html,2026-09-28,入口可正常访问，来源可信,
SY0298,CD0300,达发科技（成都）有限公司,半导体与集成电路,https://www.airoha.com/,200,https://www.airoha.com/recruit/jobs,200,https://www.airoha.com/recruit/jobs｜https://www.airoha.com/recruit/jobs｜https://www.airoha.com/,A类·企业官网自建招聘页,企业官网,https://www.airoha.com/recruit/jobs,2026-09-28,入口可正常访问，来源可信,
SY0299,CD0301,锦泰财产保险股份有限公司,金融科技,https://www.ejintai.com/,200,https://jintai.zhiye.com/,200,https://www.ejintai.com/posts/23357.html｜https://jintai.zhiye.com/｜https://www.ejintai.com/,A类·企业官网自建招聘页,企业官网,https://jintai.zhiye.com/,2026-09-28,入口可正常访问，来源可信,
SY0300,CD0302,龙湖集团,地产,https://www.longfor.com/,200,https://www.longfor.com/join/job.html,200,https://www.longfor.com/join/job.html｜https://www.longfor.com/join/job.html｜https://www.longfor.com/,A类·企业官网自建招聘页,企业官网,https://www.longfor.com/join/job.html,2026-09-28,入口可正常访问，来源可信,
