company_id,序号,公司名称,公司别名,企业等级,公司官网,官网已验证,成都办公地点,province,city,district,location_text,location_confidence,所属行业,企业来源,招聘入口名称,招聘入口URL,source_type_code,source_type_label,招聘系统类型,source_tier,是否官方来源,official_source,含成都岗位,当前职位数量,job_count_confidence,职位样本数,status_code,status_label,招聘来源状态,verification_level,verification_method,record_category,最后验证日期,证据链接,职位复检结果,分级理由,备注
CD0001,1,埃森哲（中国）有限公司成都分公司,埃森哲成都|Accenture Chengdu|埃森哲智能运营中心,A,https://www.accenture.cn/,是,成都市高新区天府大道中段1366号天府软件园E5座,四川省,成都市,高新区,成都市高新区天府大道中段1366号天府软件园E5座,confirmed,IT服务与外包,企业官网|搜索引擎公开检索,官网招聘页,https://www.accenture.cn/cn-zh/careers/local/accenture-china-campus-page,official_careers_page,企业官网自建招聘页,企业官网自建招聘页,official_company,是,true,是,,not_available,0,active,有效（当前有可见职位）,有效（当前有可见职位）,source_evidence_only,direct_page_visit,official_active,2026-09-26,https://www.accenture.cn/cn-zh/careers/local/accenture-china-campus-page?src=BADV,,官方来源明确、当前有可见成都职位、可直接投递,集团统一招聘。埃森哲中国官网校招页明确「主要实习地点包括上海、北京、大连、广州、深圳、成都等」，涵盖战略、咨询、技术服务、智能运营方向；成都分公司成立于2009年，参保人数约694人。
CD0002,2,思特沃克软件技术（成都）有限公司,Thoughtworks成都|ThoughtWorks成都|思特沃克软件（中国）,A,https://www.thoughtworks.com/careers,是,成都市高新区,四川省,成都市,高新区,成都市高新区,confirmed,IT服务与外包,企业官网|搜索引擎公开检索,官网招聘页,https://www.thoughtworks.com/careers/jobs,group_unified_recruitment,企业官网自建招聘页,企业官网自建招聘页,group_career_site,是,true,是,,not_available,0,active,有效（当前有可见职位）,有效（当前有可见职位）,listing_count_observed,direct_page_visit,manual_review,2026-09-26,https://www.thoughtworks.com/careers | https://www.thoughtworks.com/en-in/careers/jobs/4041165,复检未抽到职位｜抓取失败：职位列表页返回35个Open jobs但均为澳大利亚/印度/新加坡/英国/越南等地，location=chengdu筛选未生效，未见成都职位,官方来源明确、当前有可见成都职位、可直接投递,官网招聘页 thoughtworks.com/careers，社招职位库 https://www.thoughtworks.com/zh-cn/careers/jobs，校招网申 join.thoughtworks.cn；检索到 City: Chengdu 的职位，校招开放城市含西安、成都、武汉。
CD0003,3,成都四方伟业软件股份有限公司,四方伟业|Sefonsoft|四方伟业控股,A,https://www.sefonsoft.com/,是,成都高新区和祥一街12号四方伟业大楼,四川省,成都市,高新区,成都高新区和祥一街12号四方伟业大楼,confirmed,人工智能与大数据,企业官网|搜索引擎公开检索,官网招聘页,https://www.sefonsoft.com/about/recruit,official_careers_page,企业官网自建招聘页,企业官网自建招聘页,official_company,是,true,是,,not_available,0,active,有效（当前有可见职位）,有效（当前有可见职位）,source_evidence_only,direct_page_visit,official_active,2026-09-26,https://sefonsoft.com/ | https://www.sc91.org.cn/app/home/jobdetail/2968848.shtml?comptype=1&post_id=1032903 | https://cd.sc91.org.cn/app/home/jobdetail/2974563.shtml?comptype=1&post_id=1033113,,官方来源明确、当前有可见成都职位、可直接投递,官网设「招聘」栏目（sefonsoft.com/about/recruit），列出大模型算法工程师、AI全栈工程师、AI研发工程师等2026届岗位，简历投递 join.us@sefonsoft.com / campus@sefonsoft.com；总部位于成都高新区。
CD0004,4,成都数之联科技股份有限公司,数之联 / UnionBigData,A,https://unionbigdata.zhiye.com/,否,四川省成都市双流区西南航空港经济开发区物联一路8号B7、B8栋,四川省,成都市,双流区,四川省成都市双流区西南航空港经济开发区物联一路8号B7、B8栋,confirmed,人工智能与大数据,企业官网|搜索引擎公开检索,企业专属ATS,https://unionbigdata.zhiye.com/,official_ats_third_party_hosted,企业专属官方ATS,官方ATS（第三方托管，如北森zhiye/Moka）,official_ats,是,true,是,,not_available,0,active,有效（当前有可见职位）,有效（当前有可见职位）,listing_count_observed,direct_page_visit,unavailable_or_no_job,2026-09-26,https://unionbigdata.zhiye.com/ | https://jy.scu.edu.cn/index/index/employjobdetail.html | https://www.postdoctor.uestc.edu.cn/info/1014/2649.htm,复检未抽到职位｜抓取失败：招聘系统首页及社招职位列表均为JS动态渲染，静态页无职位数据,官方来源明确、当前有可见成都职位、可直接投递,原清单“成都四方时代”未查到公开信息，按指示替换为成都数之联科技有限公司（工商全称为成都数之联科技股份有限公司）。招聘走北森 zhiye.com 托管的官方校招/社招站 unionbigdata.zhiye.com，2026-09 发布成都双流区电控/机械等岗位。官网主域名未在本次检索中直接确认，但官方 ATS 域名可确认。
CD0005,5,成都迈克生物股份有限公司,迈克生物 Maccura（300463）,A,https://www.maccura.com,是,成都市（含双流天府国际生物城新基地）,四川省,成都市,,成都市（含双流天府国际生物城新基地）,confirmed,医疗器械,D组-医疗器械,企业专属ATS,https://maccura.zhiye.com/jobs,official_ats_third_party_hosted,企业专属官方ATS,官方ATS（第三方托管，如北森zhiye/Moka）,official_ats,是,true,是,,not_available,5,active,有效（当前有可见职位）,有效（当前有可见职位）,direct_job_observed,direct_page_visit,official_active,2026-09-26,https://maccura.zhiye.com/jobs?KeyWords= | https://www.maccura.com/,已成功抽取 5 条真实职位样本,官方来源明确、当前有可见成都职位、可直接投递,企业专属招聘门户 maccura.zhiye.com（智联招聘 zhiye 系统托管），社招岗位 2026-08 更新且工作地点为成都市；校招另有网申二维码及公众号渠道。
CD0006,6,德州仪器半导体制造（成都）有限公司,TI成都;Texas Instruments;德州仪器,A,https://careers.ti.com/,是,四川省成都市高新西区科新路8号附8号/附10号（郫都区，综合保税区B区）,四川省,成都市,高新西区,四川省成都市高新西区科新路8号附8号/附10号（郫都区，综合保税区B区）,confirmed,半导体与集成电路,"TI 全球招聘门户 careers.ti.com（Chengdu, Sichuan 岗位）；电子科技大学就业网招聘公告（Moka投递入口）",官网招聘页,https://careers.ti.com/,group_unified_recruitment,企业官网自建招聘页,企业官网自建招聘页,group_career_site,是,true,是,,not_available,2,active,有效（当前有可见职位）,有效（当前有可见职位）,direct_job_observed,direct_page_visit,official_active,2026-09-26,https://careers.ti.com/zh-CN/sites/CX/job/25016875 | https://iffs.uestc.edu.cn/info/1112/7484.htm,复检未抽到职位｜抓取失败：careers.ti.com多个搜索路径均返回 Page not found，搜索结果由JS动态加载，静态抓取无法获取成都职位,官方来源明确、当前有可见成都职位、可直接投递,TI 自有域名招聘门户可按 Chengdu 筛选岗位（工艺工程师、量产产品生产管控工程师等2027校招岗位）；另有 Moka 投递入口 app.mokahr.com/su/vjlqkz 与微信公众号“德州仪器芯招聘”，均为官方渠道。
CD0007,7,成都仕芯半导体有限公司,仕芯半导体;SiCore Semiconductor,A,https://www.sicoresemi.com,是,成都高新西区百川路9号1号楼4层（郫都区）,四川省,成都市,高新西区,成都高新西区百川路9号1号楼4层（郫都区）,confirmed,半导体与集成电路,企业官网（新闻中心发布招聘岗位）；前程无忧企业页；BOSS直聘企业页,官网招聘页,https://www.sicoresemi.com/News_Show.php?theId=705,official_careers_page,企业官网自建招聘页,企业官网自建招聘页,official_company,是,true,是,,not_available,1,active,有效（当前有可见职位）,有效（当前有可见职位）,direct_job_observed,direct_page_visit,official_active,2026-09-26,https://www.sicoresemi.com/ | https://www.sicoresemi.com/News_Show.php?theId=705 | https://jobs.51job.com/guangzhou/co5795938.html,已成功抽取 1 条真实职位样本,官方来源明确、当前有可见成都职位、可直接投递,官网新闻中心发布岗位（模拟IC设计师等，工作地成都郫都），投递邮箱 sli2@sicoresemi.com；官网另有“关于假冒我公司名义进行虚假招聘的声明”。前程无忧企业页显示在招职位12个（第三方，不计入官方来源）。
CD0008,8,成都锐成芯微科技股份有限公司,锐成芯微;Actt;Analog Circuit Technology,A,https://www.analogcircuit.cn,是,成都市高新区天府五街200号菁蓉创业Hub1号楼B座3层,四川省,成都市,高新区,成都市高新区天府五街200号菁蓉创业Hub1号楼B座3层,confirmed,半导体与集成电路,企业官网（含 Career/招聘栏目，岗位Base标注成都、上海）,官网招聘页,https://analogcircuit.cn/recruit/800.html,official_careers_page,企业官网自建招聘页,企业官网自建招聘页,official_company,是,true,是,,not_available,1,active,有效（当前有可见职位）,有效（当前有可见职位）,direct_job_observed,direct_page_visit,official_active,2026-09-26,https://analogcircuit.cn/recruit/800.html | https://www.analogcircuit.cn/recruit/784.html | https://www.analogcircuit.cn/news/d-334.html,已成功抽取 1 条真实职位样本,官方来源明确、当前有可见成都职位、可直接投递,官网设 Career 栏目并按岗位发布招聘详情（存储器/模拟/射频等设计工程师，Base 成都）；招聘邮箱 recruit@analogcircuit.cn。
CD0009,9,海光信息技术股份有限公司（成都研发中心/成都分部）,海光信息;HYGON;688041,A,https://app.mokahr.com/m/campus-recruitment/hygon/,是,四川省成都市（海光在国内多地设研发中心，成都为其中之一）,四川省,成都市,,四川省成都市（海光在国内多地设研发中心，成都为其中之一）,confirmed,半导体与集成电路,海光官方校招公告（南方科技大学/清华大学就业网）；Moka 校招系统 app.mokahr.com；企业域名邮箱 hr@hygon.cn,企业专属ATS,https://app.mokahr.com/m/campus-recruitment/hygon/,official_ats_third_party_hosted,企业专属官方ATS,官方ATS（第三方托管，如北森zhiye/Moka）,official_ats,是,true,是,,not_available,0,active,有效（当前有可见职位）,有效（当前有可见职位）,source_evidence_only,direct_page_visit,manual_review,2026-09-26,https://app.mokahr.com/m/campus-recruitment/hygon/169939?locale=zh-CN | https://career.sustech.edu.cn/detail/job?id=3226406 | https://career.cic.tsinghua.edu.cn/xsglxt/f/jyxt/anony/showZwxx?zpxxid=510812782,,官方来源明确、当前有可见成都职位、可直接投递,海光官方校招ATS为 Moka（app.mokahr.com），2027届校招工作地点含成都；招聘邮箱 hr@hygon.cn、公众号“海光HR”。清单原表述为“成都海光集成电路”，实际主体为海光信息技术股份有限公司成都研发中心。
CD0010,10,英特尔产品（成都）有限公司,英特尔成都|Intel Chengdu|Intel Products (Chengdu),A,https://www.intel.cn/,是,成都高新区（高新西区）科新路8号附1号，成都高新综合保税区B区（郫都区）,四川省,成都市,高新区,成都高新区（高新西区）科新路8号附1号，成都高新综合保税区B区（郫都区）,confirmed,半导体与集成电路,企业官网|搜索引擎公开检索,集团招聘平台,https://chinacampus.jobs.intel.cn/,group_unified_recruitment,集团统一招聘平台,集团统一招聘平台,group_career_site,是,true,是,,not_available,5,active,有效（当前有可见职位）,有效（当前有可见职位）,direct_job_observed,direct_page_visit,official_active,2026-09-26,https://chinacampus.jobs.intel.cn/intel/position/index,已成功抽取 5 条真实职位样本,官方来源明确、当前有可见成都职位、可直接投递,集团统一招聘。英特尔中国校园招聘官网 chinacampus.jobs.intel.cn 职位列表可见多个「四川省-成都」岗位（Foundry Program Manager、Site Service Specialist、Industry Engineer、AI/ML 实习等，发布至2026-09-17）；社招走 jobs.intel.com。成都工厂为封装测试基地。
CD0011,11,成都艾尔平方文化传播有限公司,艾尔平方 / LLstudio,A,http://www.luheli.com,是,四川省成都市高新区益州大道天府四街银泰城（办公地含天府长岛）,四川省,成都市,高新区,四川省成都市高新区益州大道天府四街银泰城（办公地含天府长岛）,confirmed,数字内容,企业官网|搜索引擎公开检索,官网招聘页,http://www.luheli.com/about.php?id=9,official_careers_page,企业官网自建招聘页,企业官网自建招聘页,official_company,是,true,是,,not_available,0,active,有效（当前有可见职位）,有效（当前有可见职位）,source_evidence_only,direct_page_visit,unavailable_or_no_job,2026-09-26,http://www.luheli.com/about.php?id=9 | https://m.zhipin.com/job_detail/72870304d3b705881HJ-2tm4FlRS.html,,官方来源明确、当前有可见成都职位、可直接投递,官网“公司介绍/招聘”页直接列出社招与校招岗位，简历投递邮箱 cdzhaopin@LLstudio.cn，工作地成都高新区；部分岗位支持远程。
CD0012,12,成都光明光电股份有限公司,光明光电;CDGM;中国兵器装备集团旗下,A,https://www.cdgmgd.com,是,成都市龙泉驿区（经开区）成龙大道三段359号,四川省,成都市,龙泉驿区,成都市龙泉驿区（经开区）成龙大道三段359号,confirmed,新材料,企业官网招聘专栏（校招/社招岗位需求表）；国聘平台企业职位,官网招聘页,https://www.cdgmgd.com/templates/www.cdgmgd.com/zh_CN/pc/tempmsg/recruitment.htm,official_careers_page,企业官网自建招聘页,企业官网自建招聘页,official_company,是,true,是,12,confirmed,5,active,有效（当前有可见职位）,有效（当前有可见职位）,direct_job_observed,direct_page_visit,official_active,2026-09-26,https://www.cdgmgd.com/templates/www.cdgmgd.com/zh_CN/pc/tempmsg/recruitment.htm | https://www.iguopin.com/job/detail?id=215292420152100378,已成功抽取 5 条真实职位样本,官方来源明确、当前有可见成都职位、可直接投递,替换：原清单第27项“成都中电科/天马”不确定，按提示替换为成都光明光电。官网设招聘专栏（产品开发、销售、炉窑结构、控制技术、信息系统研发、机械设计等岗位，工作地成都），简历邮箱 tianyw@cdgmgd.com；国聘平台另有在招职位12个（国聘为第三方平台，未计入官方来源）。
CD0013,13,成都圭目机器人有限公司,圭目机器人 / GM Robot,A,https://www.gm-robot.com,是,四川省成都市（圭目机器人成都研发与生产基地；集团总部在上海）,四川省,成都市,,四川省成都市（圭目机器人成都研发与生产基地；集团总部在上海）,confirmed,智能制造与装备,企业官网|搜索引擎公开检索,官网招聘页,https://www.gm-robot.com/newsinfo/7885839.html,official_careers_page,企业官网自建招聘页,企业官网自建招聘页,official_company,是,true,是,,not_available,0,active,有效（当前有可见职位）,有效（当前有可见职位）,source_evidence_only,direct_page_visit,unavailable_or_no_job,2026-09-26,https://www.gm-robot.com/newsinfo/11285896.html | https://gm-robot.com/newsinfo/10948204.html | https://www.gm-robot.com/?page_id=3700,,官方来源明确、当前有可见成都职位、可直接投递,原清单“成都纵横大鹏无人机”按指示替换为成都圭目机器人有限公司。官网各页脚设“人才招聘”栏目并列出社招岗位与 HR 联系电话（算法工程师、机械工程师、道路养护设计专家等），同时引导“更多岗位请 BOSS直聘搜索圭目机器人”。成都为其研发与生产基地之一。
CD0014,14,成都纵横自动化技术股份有限公司,纵横股份 / 纵横大鹏 / JOUAV（688070）,A,https://www.jouav.com,是,四川省成都市（纵横股份总部及鹏飞科技园）,四川省,成都市,,四川省成都市（纵横股份总部及鹏飞科技园）,confirmed,智能制造与装备,上市公司名单|企业官网|搜索引擎公开检索,官网招聘页,https://www.jouav.com/zh/career,official_careers_page,企业官网自建招聘页,企业官网自建招聘页,official_company,是,true,是,,not_available,0,active,有效（当前有可见职位）,有效（当前有可见职位）,source_evidence_only,direct_page_visit,unavailable_or_no_job,2026-09-26,https://www.jouav.com/zh/ | https://www.jouav.con/zh/career | https://yan.sicau.edu.cn/info/1038/11767.htm | https://www.zhiye.com/jobs/1547202,复检未抽到职位｜抓取失败：招贤纳士页仅有人才理念文字，无职位列表，招聘入口为邮件投递,官方来源明确、当前有可见成都职位、可直接投递,官网设“招贤纳士-校园招聘”（jouav.com/zh/career），2027届校招同时经北森 zhiye.com 托管投递（jobs/1547202），另有简历邮箱 zhaopin@jouav.com 与“纵横翼家人”公众号；岗位工作地主要为成都。
CD0015,15,成都蜀道装备科技股份有限公司,蜀道装备（300540，原成都深冷液化设备股份有限公司）,A,https://shudaozb.com,是,成都市（蜀道集团体系，深冷装备研发制造基地）,四川省,成都市,,成都市（蜀道集团体系，深冷装备研发制造基地）,confirmed,智能制造与装备,D组-智能制造与装备,官网招聘页,https://shudaozb.com/zhaopinxinxi/,official_careers_page,企业官网自建招聘页,企业官网自建招聘页,official_company,是,true,是,12,confirmed,0,active,有效（当前有可见职位）,有效（当前有可见职位）,source_evidence_only,direct_page_visit,unavailable_or_no_job,2026-09-26,https://shudaozb.com/zhaopinxinxi/279.html | https://m.gaoxiaojob.com/announcement/detail/422532.html,复检未抽到职位｜抓取失败：招聘信息页仅有标题，职位列表为空（疑似动态加载或暂无在招职位）,官方来源明确、当前有可见成都职位、可直接投递,公司官网设「招聘信息」栏目，2026 年第三季度公开招聘 11 个岗位共 12 人（社招+校招，工作地点成都，报名截止 2027-02-09）；社招简历邮箱 hr@shudaozb.com。
CD0016,16,成都卓杭网络科技股份有限公司,卓杭科技 / DHGames,A,https://www.dhgames.cn,是,四川省成都市高新区天府三街新希望国际C座23层,四川省,成都市,高新区,四川省成都市高新区天府三街新希望国际C座23层,confirmed,游戏,企业官网|搜索引擎公开检索,官网招聘页,https://www.dhgames.cn,official_careers_page,企业官网自建招聘页,企业官网自建招聘页,official_company,是,true,是,,not_available,0,active,有效（当前有可见职位）,有效（当前有可见职位）,source_evidence_only,direct_page_visit,unavailable_or_no_job,2026-09-26,https://www.dhgames.cn | https://www.shixiseng.com/com/com_0youutrenfwr | https://www.cqbys.com/campus/view/id/691614 | http://www.chinascrc.com/company307826327.shtml,复检未抽到职位｜抓取失败：官网首页无招聘列表，/join子页返回404（NoSuchKey），未找到可渲染的职位页面,官方来源明确、当前有可见成都职位、可直接投递,官网 www.dhgames.cn 设“校园招聘”入口，移动端为“卓杭科技”微信公众号（加入我们-校园招聘/进度查询）；第三方亦显示 2026 年仍有成都岗位刷新。
CD0017,17,成都尼毕鲁科技股份有限公司,tap4fun / 成都创人所爱科技股份有限公司,A,https://www.tap4fun.com,是,四川省成都市高新区天府软件园A3,四川省,成都市,高新区,四川省成都市高新区天府软件园A3,confirmed,游戏,企业官网|搜索引擎公开检索,官网招聘页,https://campus.tap4fun.com,official_careers_page,企业官网自建招聘页,企业官网自建招聘页,official_company,是,true,是,7,not_available,0,active,有效（当前有可见职位）,有效（当前有可见职位）,listing_count_observed,direct_page_visit,official_active,2026-09-26,https://www.tap4fun.com | https://campus.tap4fun.com/campus_apply/tap4fun/291/ | https://jy.scu.edu.cn/index/index/employjobdetail.html | https://www.scfai.edu.cn/xsc/info/1015/15572.htm,复检未抽到职位｜抓取失败：校招页仅显示职位类别及数量（策划运营1、程序开发1、用户体验1、美术3、BI1），具体职位名称在Moka系统内JS渲染，静态页无法获取,官方来源明确、当前有可见成都职位、可直接投递,官网为 tap4fun.com；校招独立子站 campus.tap4fun.com（Moka 风格投递链路，域名仍属企业自有），社招/内推经官网与“tap4fun”微信公众号。2026届校招工作地点为成都市高新区天府软件园。
CD0018,18,成都数字天空科技有限公司,数字天空 / DIGISKY,A,https://www.digisky.com,是,四川省成都市高新区天华二路天府软件园C区7号楼4-6F,四川省,成都市,高新区,四川省成都市高新区天华二路天府软件园C区7号楼4-6F,confirmed,游戏,企业官网|搜索引擎公开检索,官网招聘页,https://www.digisky.com/joinUs,official_careers_page,企业官网自建招聘页,企业官网自建招聘页,official_company,是,true,是,,not_available,0,active,有效（当前有可见职位）,有效（当前有可见职位）,source_evidence_only,direct_page_visit,unavailable_or_no_job,2026-09-26,https://www.digisky.com/joinUs | https://jy.cuc.edu.cn/frontpage/cuc/html/bilateralchosefairOrderForm.html | https://www.ncss.cn/student/m/jobs/HFPYan8M3MztYJU1nGBiD7/detail.html,复检未抽到职位｜抓取失败：社招页仅按AI/RD/技术支撑/美术/艺术/策划分类展示，无具体职位名称、城市与发布日期,官方来源明确、当前有可见成都职位、可直接投递,官网社会招聘页 digisky.com/joinUs，按技术/美术/艺术/策划分类展示岗位；校招简章明确“唯一官网 www.digisky.com”，工作地成都天府软件园C区。
CD0019,19,成都西山居互动娱乐科技有限公司,西山居成都 / 金山世游（成都）,A,https://hr.xishanju.com,是,四川省成都市（西山居成都工作室）,四川省,成都市,,四川省成都市（西山居成都工作室）,confirmed,游戏,企业官网|搜索引擎公开检索,集团招聘平台,https://hr.xishanju.com,official_ats_third_party_hosted,集团统一招聘平台,集团统一招聘平台,official_ats,是,true,是,,not_available,0,active,有效（当前有可见职位）,有效（当前有可见职位）,source_evidence_only,direct_page_visit,manual_review,2026-09-26,https://hr.xishanju.com/post/job-campus-plan | https://job.seasungames.cn/campus | https://career.wyu.edu.cn/detail/online?id=3280852,复检未抽到职位｜抓取失败：招聘页仅显示职位类别及数量（美术音频7、产品策划7、程序质量1、运营发行6、职能综合1），具体职位在job.seasungames.cn内JS渲染，静态页无职位名称与城市,官方来源明确、当前有可见成都职位、可直接投递,成都主体统一走西山居集团招聘官网 hr.xishanju.com（校招入口 job.seasungames.cn/campus）。2026 秋季校招工作地点明确包含珠海与成都；另有金山世游（Seayoo）2027届校招入口 zhweb.kingsoft.com/p/seayoo_recruit，但当前开放城市为北京、武汉。
CD0020,20,成都迅游网络科技股份有限公司,迅游科技|迅游加速器|Xunyou|300467,A,https://www.xunyou.com/,是,成都高新区世纪城南路216号天府软件园D区,四川省,成都市,高新区,成都高新区世纪城南路216号天府软件园D区,confirmed,游戏,企业官网|上市公司名单|搜索引擎公开检索,官网招聘页,https://www.xunyou.com/2014hr/position.shtml,official_careers_page,企业官网自建招聘页,企业官网自建招聘页,official_company,是,true,是,,not_available,5,active,有效（当前有可见职位）,有效（当前有可见职位）,direct_job_observed,direct_page_visit,official_active,2026-09-26,https://www.xunyou.com/2014hr/position.shtml | https://aiqicha.baidu.com/details/rankList?query=a47ff4cfa99b1c4c97a8691606136aa8&type=20,已成功抽取 5 条真实职位样本,官方来源明确、当前有可见成都职位、可直接投递,官网招聘页 xunyou.com/2014hr/position.shtml 列出运维开发、软件测试、自动化测试等岗位，工作地点明确标注成都。招聘主体为四川迅游网络科技股份有限公司（北京迅游科技已于2022年注销）。
CD0021,21,成都雨墨科技有限公司,雨墨游戏 / Yumoon,A,http://www.yumoon.cn,是,四川省成都市高新区世纪城南路599号D5栋3层,四川省,成都市,高新区,四川省成都市高新区世纪城南路599号D5栋3层,confirmed,游戏,企业官网|搜索引擎公开检索,官网招聘页,http://www.yumoon.cn,official_careers_page,企业官网自建招聘页,企业官网自建招聘页,official_company,是,true,是,,not_available,0,active,有效（当前有可见职位）,有效（当前有可见职位）,source_evidence_only,direct_page_visit,unavailable_or_no_job,2026-09-26,http://www.yumoongame.cn/ | http://www.yumoon.cn/datails.php?id=6 | http://www.yumoon.cn/datails.php?id=17 | https://jy.sicnu.edu.cn/home/electionJob?corpPartId=231,,官方来源明确、当前有可见成都职位、可直接投递,企业官网 yumoongame.cn，自建招聘站 yumoon.cn 列出社招岗位（运维、策划等），简历投递邮箱 jobs@yumoon.com；高校就业网信息显示工作地为成都高新区。
CD0022,22,成都龙渊网络科技有限公司,龙渊网络 / Dragonest,A,https://www.dragonest.com,是,四川省成都市（高新区/武侯区中和一带）,四川省,成都市,高新区,四川省成都市（高新区/武侯区中和一带）,confirmed,游戏,企业官网|搜索引擎公开检索,官网招聘页,https://www.ilongyuan.com.cn/index/campusrecruit.html,official_careers_page,企业官网自建招聘页,企业官网自建招聘页,official_company,是,true,是,,not_available,1,active,有效（当前有可见职位）,有效（当前有可见职位）,direct_job_observed,direct_page_visit,official_active,2026-09-26,https://www.dragonest.com/Index/recruit | https://www.ilongyuan.com.cn/index/campusrecruit.html | https://global.dragonest.com/index/campusrecruit.html,复检未抽到职位｜抓取失败：招聘页仅展示福利与办公环境，无职位列表,官方来源明确、当前有可见成都职位、可直接投递,官网设“招聘”页（dragonest.com/Index/recruit），另有中文站 ilongyuan.com.cn 与海外站 global.dragonest.com 的校园招聘页，岗位上标注工作地成都。
CD0023,23,四川科伦博泰生物医药股份有限公司,科伦博泰 Kelun-Biotech（科伦药业控股子公司）,A,https://www.kelun-biotech.com,是,成都市温江区新华大道二段666号,四川省,成都市,温江区,成都市温江区新华大道二段666号,confirmed,生物医药,D组-生物医药,企业专属ATS,https://kelunbotai.zhiye.com/campus/,official_ats_third_party_hosted,企业专属官方ATS,官方ATS（第三方托管，如北森zhiye/Moka）,official_ats,是,true,是,,not_available,5,active,有效（当前有可见职位）,有效（当前有可见职位）,direct_job_observed,direct_page_visit,official_active,2026-09-26,https://kelunbotai.zhiye.com/campus/?PageIndex=1 | http://kelunbotai.zhiye.com/social/?c=-1&PageIndex=2 | https://www.kelun-biotech.com/contact.aspx?mid=171,已成功抽取 5 条真实职位样本,官方来源明确、当前有可见成都职位、可直接投递,企业专属招聘门户含校园招聘与社会招聘，2026-09 更新，工作地点以四川省成都市为主；官网联系页另提供人才招聘邮箱 klbotai_hr@kelun.com。
CD0024,24,四川科伦药业股份有限公司（成都）,科伦药业（002422）,A,https://www.kelun.com,是,成都市青羊区（集团总部）；成都邛崃、简阳、双流、温江等生产基地,四川省,成都市,青羊区,成都市青羊区（集团总部）；成都邛崃、简阳、双流、温江等生产基地,confirmed,生物医药,D组-生物医药,企业专属ATS,https://kelun.zhiye.com/social/,official_ats_third_party_hosted,企业专属官方ATS,官方ATS（第三方托管，如北森zhiye/Moka）,official_ats,是,true,是,48,confirmed,4,active,有效（当前有可见职位）,有效（当前有可见职位）,direct_job_observed,direct_page_visit,official_active,2026-09-26,https://www.kelun.com/intro/5.html | https://kelun.zhiye.com/social/?p=3%5E3&PageIndex=4,已成功抽取 4 条真实职位样本,官方来源明确、当前有可见成都职位、可直接投递,官网路径「人力资源 → 招贤纳士」进入企业招聘门户 kelun.zhiye.com；社招列表显示共 48 条记录，含大量四川省成都市岗位；另有微信公众号「科伦药业招聘」。
CD0025,25,成都倍特药业股份有限公司,倍特药业 Brilliant Pharmaceuticals,A,http://www.btyy.com,是,成都市高新区（总部园区）,四川省,成都市,高新区,成都市高新区（总部园区）,confirmed,生物医药,D组-生物医药,企业专属ATS,https://btyy.zhiye.com/social/jobs,official_ats_third_party_hosted,企业专属官方ATS,官方ATS（第三方托管，如北森zhiye/Moka）,official_ats,是,true,是,,not_available,5,active,有效（当前有可见职位）,有效（当前有可见职位）,direct_job_observed,direct_page_visit,official_active,2026-09-26,https://btyy.zhiye.com/social/jobs | http://www.btyy.com/contents/22/793.html,已成功抽取 5 条真实职位样本,官方来源明确、当前有可见成都职位、可直接投递,官网「职业发展-社会招聘/校园招聘」跳转企业专属招聘门户 btyy.zhiye.com（智联招聘 zhiye 企业招聘系统托管），非公开职位市场页面；岗位工作地点含四川省成都市高新区。
CD0026,26,成都康弘药业集团股份有限公司,康弘药业（002773）,A,https://www.cnkh.com,是,成都市金牛区蜀西路108号,四川省,成都市,金牛区,成都市金牛区蜀西路108号,confirmed,生物医药,D组-生物医药,官网招聘页,https://kanghong.zhiye.com/campus/jobs,official_ats_third_party_hosted,企业官网自建招聘页,企业官网自建招聘页,official_ats,是,true,是,,not_available,0,active,有效（当前有可见职位）,有效（当前有可见职位）,listing_count_observed,direct_page_visit,unavailable_or_no_job,2026-09-26,https://www.cnkh.com | https://scc.pku.edu.cn/f/recruitmentinfo/show?recruitmentId=9e996e7402244ea685f103e8efc37604,,官方来源明确、当前有可见成都职位、可直接投递,官网首页设「招贤纳士-社会招聘/校园招聘」入口，2027届校招已启动（成都、北京、南充、彭州）；具体招聘子页 URL 未抓取到，需人工补全。
CD0027,27,成都欧林生物科技股份有限公司,欧林生物（688319）,A,https://www.olymvax.com,是,成都高新区天欣路99号（另郫都区生产基地）,四川省,成都市,高新区,成都高新区天欣路99号（另郫都区生产基地）,confirmed,生物医药,D组-生物医药,官网招聘页,https://www.olymvax.com/talent.aspx?t=24,official_careers_page,企业官网自建招聘页,企业官网自建招聘页,official_company,是,true,是,,not_available,5,active,有效（当前有可见职位）,有效（当前有可见职位）,direct_job_observed,direct_page_visit,official_active,2026-09-26,https://www.olymvax.com/talent.aspx?t=24,已成功抽取 5 条真实职位样本,官方来源明确、当前有可见成都职位、可直接投递,官网「人力资源 → 招聘岗位」页面列出研发、质量、生产等岗位，工作地点成都/重庆；企业 2026 年在第三方平台另有大量在招岗位可供交叉核对。
CD0028,28,成都海创药业股份有限公司,海创药业 Hinova（688302）,A,https://www.hinovapharma.com,是,成都市高新区科园南路5号蓉药大厦,四川省,成都市,高新区,成都市高新区科园南路5号蓉药大厦,confirmed,生物医药,D组-生物医药,官网招聘页,https://www.hinovapharma.com/recruit/index.html,official_careers_page,企业官网自建招聘页,企业官网自建招聘页,official_company,是,true,是,,not_available,5,active,有效（当前有可见职位）,有效（当前有可见职位）,direct_job_observed,direct_page_visit,official_active,2026-09-26,https://www.hinovapharma.com/recruit/index.html | https://www.hinovapharma.com/recruit/index_2.html,已成功抽取 5 条真实职位样本,官方来源明确、当前有可见成都职位、可直接投递,官网「人才发展 → 职业机会」栏目按岗位分页展示，2026-04 至 2026-08 更新，工作地点均为成都；另有 HR 邮箱 yltang@hinovapharma.com。
CD0029,29,成都迪康药业股份有限公司,迪康药业,A,https://www.dikangyaoye.com,是,成都市高新西区迪康大道一号,四川省,成都市,高新西区,成都市高新西区迪康大道一号,confirmed,生物医药,D组-生物医药,官网招聘页,https://www.dikangyaoye.com/shehuizhaopin,official_careers_page,企业官网自建招聘页,企业官网自建招聘页,official_company,是,true,是,8,confirmed,5,active,有效（当前有可见职位）,有效（当前有可见职位）,direct_job_observed,direct_page_visit,official_active,2026-09-26,https://www.dikangyaoye.com/shehuizhaopin | https://dikangyaoye.com/Fjob/show?catid=64&job_id=213,已成功抽取 5 条真实职位样本,官方来源明确、当前有可见成都职位、可直接投递,官网「人力资源」板块含社会招聘与校园招聘专区，社招页列出约 8 个在招岗位（成都、万州等），岗位更新至 2026-06。
CD0030,30,成都京东方光电科技有限公司,BOE成都;京东方;000725,A,https://m.boe.com/join/index,是,成都市郫都区合作路1188号（高新西区德源片区）,四川省,成都市,高新西区,成都市郫都区合作路1188号（高新西区德源片区）,confirmed,电子信息制造,京东方集团官网“加入我们/招聘公告”栏目；第三方蓝领招聘站转载岗位,集团招聘平台,https://m.boe.com/join/index,group_unified_recruitment,集团统一招聘平台,集团统一招聘平台,group_career_site,是,true,是,,not_available,0,active,有效（当前有可见职位）,有效（当前有可见职位）,source_evidence_only,direct_page_visit,manual_review,2026-09-26,https://m.boe.com/join/index | https://m.jrzp.com/job4220017.shtml,复检未抽到职位｜抓取失败：campus.boe.com与career.boe.com/professionals职位列表均为JS动态渲染，静态页未返回任何职位数据,官方来源明确、当前有可见成都职位、可直接投递,使用京东方集团统一招聘门户（boe.com/join），成都基地岗位（设备/检测/助理工程师等）由集团招聘系统发布，属官方来源；第三方站点转载的岗位信息不作为独立来源。
CD0031,31,成都国光电气股份有限公司,国光电气;chinaguoguang,A,https://chinaguoguang.com,是,成都市龙泉驿区星光西路117号（成都经济技术开发区）,四川省,成都市,龙泉驿区,成都市龙泉驿区星光西路117号（成都经济技术开发区）,confirmed,电子信息制造,企业官网“人才招聘-招聘职位”栏目；高校就业网招聘信息；智联招聘,官网招聘页,https://chinaguoguang.com/go-c97.htm,official_careers_page,企业官网自建招聘页,企业官网自建招聘页,official_company,是,true,是,,not_available,0,active,有效（当前有可见职位）,有效（当前有可见职位）,source_evidence_only,direct_page_visit,unavailable_or_no_job,2026-09-26,http://chinaguoguang.com/go-c97.htm | https://chinaguoguang.com/go-a512.htm,,官方来源明确、当前有可见成都职位、可直接投递,官网设“人才招聘-招聘职位”栏目（电真空设计师、电气/机械设计师、工艺师等，工作地成都龙泉驿）；招聘联系邮箱 513760463@qq.com 为第三方邮箱，建议人工复核。
CD0032,32,成都天马微电子有限公司,天马微电子;深天马A;000050;tianma,A,https://campus.tianma.cn/,是,成都高新区天源路88号（另在郫都区设生产基地）,四川省,成都市,高新区,成都高新区天源路88号（另在郫都区设生产基地）,confirmed,电子信息制造,天马集团官网；天马校招官网 campus.tianma.cn；北森招聘系统 tianma.zhiye.com；国家大学生就业服务平台,企业专属ATS,https://campus.tianma.cn/,group_unified_recruitment,企业专属官方ATS,官方ATS（第三方托管，如北森zhiye/Moka）,group_career_site,是,true,是,,not_available,0,active,有效（当前有可见职位）,有效（当前有可见职位）,source_evidence_only,direct_page_visit,manual_review,2026-09-26,http://campus.tianma.cn/ | http://tianma.zhiye.com/Campus | https://th.ncss.cn/student/jobs/MgPUJKiFitkEgxG1aw2JQP/detail.html,,官方来源明确、当前有可见成都职位、可直接投递,集团统一校招系统（自建 campus.tianma.cn，另接北森 tianma.zhiye.com），成都基地岗位明确（成都HR邮箱 yanqing_zhao@tianma.cn、xiaoqin_li@tianma.cn），微信公众号“天马招聘”。
CD0033,33,成都旭光电子股份有限公司,旭光电子;600353,A,https://www.xuguang.com.cn,是,四川省成都市新都区新工大道318号（新都工业开发区）,四川省,成都市,新都区,四川省成都市新都区新工大道318号（新都工业开发区）,confirmed,电子信息制造,企业官网“人才招聘”栏目；职友集聚合职位；全职招聘网,官网招聘页,https://www.xuguang.com.cn/jobL,official_careers_page,企业官网自建招聘页,企业官网自建招聘页,official_company,是,true,是,,not_available,0,active,有效（当前有可见职位）,有效（当前有可见职位）,source_evidence_only,direct_page_visit,unavailable_or_no_job,2026-09-26,https://www.xuguang.com.cn/jobL | https://m.jobui.com/company/23376571/jobs,复检未抽到职位｜抓取失败：人才招聘栏目仅显示公司简介类文章，详情页为未渲染模板，无在招职位,官方来源明确、当前有可见成都职位、可直接投递,官网设“人才招聘”栏目（/jobL），岗位工作地成都新都（研发/材料/电气/工艺等）。
CD0034,34,捷普科技（成都）有限公司,捷普;Jabil;JBL,A,https://careers.jabil.com/,是,成都市崇州经济开发区创新路三段1号（崇州市，部分登记为世纪大道创新人力资源大厦）,四川省,成都市,崇州市,成都市崇州经济开发区创新路三段1号（崇州市，部分登记为世纪大道创新人力资源大厦）,confirmed,电子信息制造,Jabil 全球官网；Jabil 招聘门户 careers.jabil.com / jobs.jabil.com（Chengdu 岗位）；前程无忧企业页,企业专属ATS,https://careers.jabil.com/,group_unified_recruitment,企业专属官方ATS,官方ATS（第三方托管，如北森zhiye/Moka）,group_career_site,是,true,是,,not_available,2,active,有效（当前有可见职位）,有效（当前有可见职位）,direct_job_observed,direct_page_visit,official_active,2026-09-26,https://careers.jabil.com/cn/global-careers.html | https://jobs.jabil.com/ | https://jobs.51job.com/gcjx-others/co3282937.html,,官方来源明确、当前有可见成都职位、可直接投递,捷普自有域名招聘门户（careers.jabil.com / jobs.jabil.com）可按 Chengdu 检索到在招岗位（如初级AI工程师 J2452807，2026-03发布）；成都工厂位于崇州市，非高新西区。
CD0035,35,鸿富锦精密电子（成都）有限公司,富士康成都|Foxconn成都|富士康科技集团成都科技园,A,https://www.foxconn.com.cn/,是,成都市郫都区高新西区合作路888号（招募与培训中心：郫都区合作路618号）,四川省,成都市,高新西区,成都市郫都区高新西区合作路888号（招募与培训中心：郫都区合作路618号）,confirmed,电子信息制造,企业官网|搜索引擎公开检索,官网招聘页,https://www.51pin.foxconn.com/,official_careers_page,企业官网自建招聘页,企业官网自建招聘页,official_company,是,true,是,,not_available,5,active,有效（当前有可见职位）,有效（当前有可见职位）,direct_job_observed,direct_page_visit,official_active,2026-09-26,https://aiqicha.baidu.com/details/ugknowledge?id=aca770927693e15626decc11d0af5e0c | https://aeo.uibe.edu.cn/front/zpxx.jspa?tid=1987777641725378561,已成功抽取 5 条真实职位样本,官方来源明确、当前有可见成都职位、可直接投递,富士康官方招募网 51pin.foxconn.com（企业自有招募系统）为官方入口；菁干班校园招聘明确工作地含成都，园区约8万人，主产 iPad/Apple Watch。
CD0036,36,中航（成都）无人机系统股份有限公司,中航无人机 AVIC UAS（688297）,A,https://www.avicuas.com,是,成都市高新西区合作路1199号,四川省,成都市,高新西区,成都市高新西区合作路1199号,confirmed,航空航天,D组-航空航天,企业专属ATS,https://avicuas.zhiye.com/,official_ats_third_party_hosted,企业专属官方ATS,官方ATS（第三方托管，如北森zhiye/Moka）,official_ats,是,true,是,,not_available,5,active,有效（当前有可见职位）,有效（当前有可见职位）,direct_job_observed,direct_page_visit,official_active,2026-09-26,https://avicuas.zhiye.com/zpdetail/351607548 | https://avicuas.zhiye.com/zpdetail/351605128 | https://www.avicuas.com,已成功抽取 5 条真实职位样本,官方来源明确、当前有可见成都职位、可直接投递,公司自有招聘系统 avicuas.zhiye.com，校招/社招岗位 2026-08 至 2026-09 更新，工作地点四川省成都市；官网 www.avicuas.com 为集团内企业门户。
CD0037,37,成都爱乐达航空设备制造股份有限公司,爱乐达（300696）,A,https://www.cdald.com,是,成都高新西区天勤路/安泰二路/康强四路及新都航空产业园,四川省,成都市,高新西区,成都高新西区天勤路/安泰二路/康强四路及新都航空产业园,confirmed,航空航天,D组-航空航天,官网招聘页,https://www.cdald.com/hr-culture.aspx?t=14,official_careers_page,企业官网自建招聘页,企业官网自建招聘页,official_company,是,true,是,,not_available,1,active,有效（当前有可见职位）,有效（当前有可见职位）,direct_job_observed,direct_page_visit,official_active,2026-09-26,https://www.cdald.com/hr-culture.aspx?t=14 | https://www.cdald.com,已成功抽取 1 条真实职位样本,官方来源明确、当前有可见成都职位、可直接投递,官网设「Join us 加入我们」栏目（招贤礼士/人才理念与招聘联系方式），岗位地点成都高新西区与新都；在招岗位数量与更新时间需人工核实。
CD0038,38,北京三快在线科技有限公司成都分公司,美团成都|美团点评成都,A,https://www.meituan.com/,是,成都市,四川省,成都市,,成都市,confirmed,软件与互联网服务,企业官网|搜索引擎公开检索,集团招聘平台,https://zhaopin.meituan.com/,group_unified_recruitment,集团统一招聘平台,集团统一招聘平台,group_career_site,是,true,是,,not_available,5,active,有效（当前有可见职位）,有效（当前有可见职位）,direct_job_observed,direct_page_visit,official_active,2026-09-26,https://zhaopin.meituan.com/web/social?cityList=001027001 | https://career.meituan.com/web/social | http://hr.meituan.com/,已成功抽取 5 条真实职位样本,官方来源明确、当前有可见成都职位、可直接投递,集团统一招聘，可按城市筛选成都；社招列表检索到工作地含成都市的岗位（安全事务经理、小象超市品控等，更新至2026-09-10）。校招另有 campus.meituan.com 北斗计划。
CD0039,39,北京京东世纪贸易有限公司成都分公司,京东成都|京东成都研究院,A,https://zhaopin.jd.com/,是,成都市,四川省,成都市,,成都市,confirmed,软件与互联网服务,企业官网|搜索引擎公开检索,集团招聘平台,https://zhaopin.jd.com/,group_unified_recruitment,集团统一招聘平台,集团统一招聘平台,group_career_site,是,true,是,,not_available,0,active,有效（当前有可见职位）,有效（当前有可见职位）,listing_count_observed,direct_page_visit,manual_review,2026-09-26,https://zhaopin.jd.com/ | https://campus.jd.com/api/wx/position/index?type=present&emplErp=CBVT | https://job.zzu.edu.cn/teachin/view/id/190688,复检未抽到职位｜抓取失败：首页热招职位无成都岗位；按城市筛选的职位列表页强制跳转京东passport登录，未登录无法获取成都职位数据,官方来源明确、当前有可见成都职位、可直接投递,集团统一招聘。社招官网 zhaopin.jd.com，校招官网 campus.jd.com；校招职位列表与JD STAR新星计划简章均明确含四川省-成都，技术方向工作地含成都。
CD0040,40,北京字节跳动科技有限公司成都分公司,字节跳动成都|抖音集团成都|成都字节跳动科技有限公司,A,https://www.bytedance.com/,是,成都市武侯区桂溪广场/OCG国际中心A座；天府新区正兴街道顺圣路178号（成都字节跳动科技有限公司注册地）,四川省,成都市,天府新区,成都市武侯区桂溪广场/OCG国际中心A座；天府新区正兴街道顺圣路178号（成都字节跳动科技有限公司注册地）,confirmed,软件与互联网服务,企业官网|搜索引擎公开检索,集团招聘平台,https://jobs.bytedance.com/,group_unified_recruitment,集团统一招聘平台,集团统一招聘平台,group_career_site,是,true,是,,not_available,5,active,有效（当前有可见职位）,有效（当前有可见职位）,direct_job_observed,direct_page_visit,official_active,2026-09-26,https://jobs.bytedance.com/campus/position/7665291531588258053/detail | https://jobs.bytedance.com/en/,已成功抽取 5 条真实职位样本,官方来源明确、当前有可见成都职位、可直接投递,集团统一招聘，可在城市筛选成都。检索到标注「成都」的2027届校招职位（内容质量与数据服务平台）。成都招聘主体多为北京抖音信息服务有限公司，另有成都字节跳动科技有限公司、成都不亦说乎科技有限公司。
CD0041,41,四川久远银海软件股份有限公司,久远银海|Yinhai|002777,A,https://www.yinhai.com/,是,成都高新区科园一路3号；成都市锦江区三色路163号银海芯座,四川省,成都市,高新区,成都高新区科园一路3号；成都市锦江区三色路163号银海芯座,confirmed,软件与互联网服务,企业官网|上市公司名单|搜索引擎公开检索,官网招聘页,https://www.yinhai.com/pc/ycjh_1702523841087/index.html,official_careers_page,企业官网自建招聘页,企业官网自建招聘页,official_company,是,true,是,,not_available,0,active,有效（当前有可见职位）,有效（当前有可见职位）,direct_job_observed,direct_page_visit,official_active,2026-09-26,https://www.yinhai.com/pc/jrwm_1702523391000/index.html | https://www.wondercv.com/xiaozhao/silver-sea-2027-campus-13951-29c8e5,复检未抽到职位｜抓取失败：加入我们页仅展示福利与文化内容，无职位列表,官方来源明确、当前有可见成都职位、可直接投递,官网「加入我们」页含校园招聘与社会招聘入口；已启动2027届校园招聘，工作地含成都（AI应用开发、系统工程师、Java开发、运维开发）。
CD0042,42,思爱普（中国）有限公司成都分公司,SAP成都|SAP中国研究院成都|思爱普成都,A,https://jobs.sap.com/,是,成都市高新区,四川省,成都市,高新区,成都市高新区,confirmed,软件与互联网服务,企业官网|搜索引擎公开检索,企业专属ATS,https://jobs.sap.com/,group_unified_recruitment,企业专属官方ATS,官方ATS（第三方托管，如北森zhiye/Moka）,group_career_site,是,true,是,,not_available,2,active,有效（当前有可见职位）,有效（当前有可见职位）,direct_job_observed,direct_page_visit,official_active,2026-09-26,https://jobs.sap.com/job/Chengdu-Developer-Associate-610041/1110749001/ | https://www.iffs.uestc.edu.cn/info/1112/7070.htm,,官方来源明确、当前有可见成都职位、可直接投递,SAP 全球招聘系统 jobs.sap.com（SuccessFactors 托管，企业自有域名）可按城市筛选 Chengdu；检索到 Chengdu Developer Associate 岗位，SAP STAR/VT 项目在成都设有软件开发岗与顾问咨询岗。
CD0043,43,成都云智天下科技股份有限公司,云智天下,A,https://yunzhicloud.com,是,四川省成都市高新区盛通街16号86栋,四川省,成都市,高新区,四川省成都市高新区盛通街16号86栋,confirmed,软件与互联网服务,企业官网|产业园区名单|搜索引擎公开检索,官网招聘页,https://yunzhicloud.com/web-aboutyz/joinus/hiring,official_careers_page,企业官网自建招聘页,企业官网自建招聘页,official_company,是,true,是,,not_available,3,active,有效（当前有可见职位）,有效（当前有可见职位）,direct_job_observed,direct_page_visit,official_active,2026-09-26,https://yunzhicloud.com/web-aboutyz/joinus/hiring | https://m.jobui.com/company/16293502/ | https://www.yupao.com/qiye/1852191476289884182.html,已成功抽取 3 条真实职位样本,官方来源明确、当前有可见成都职位、可直接投递,原清单“成都可可兰/联汇科技”不确定，按指示替换为天府软件园片区的成都云智天下科技股份有限公司。官网设“人才招聘”页（joinus/hiring），列出商务经理、高级产品经理、解决方案工程师等成都岗位。
CD0044,44,滴滴出行科技有限公司成都分公司,滴滴成都|DiDi Chengdu,A,https://talent.didiglobal.com/,是,成都市,四川省,成都市,,成都市,confirmed,软件与互联网服务,企业官网|搜索引擎公开检索,集团招聘平台,https://talent.didiglobal.com/,group_unified_recruitment,集团统一招聘平台,集团统一招聘平台,group_career_site,是,true,是,,not_available,0,active,有效（当前有可见职位）,有效（当前有可见职位）,listing_count_observed,direct_page_visit,manual_review,2026-09-26,https://talent.didiglobal.com/social/p/66436 | https://talent.didiglobal.com/social/p/62562 | https://careers.didiglobal.com/,复检未抽到职位｜抓取失败：社招列表页可访问但返回的岗位均在北京市/杭州市/广州市/台州市/金华市，未见成都职位；页面无城市筛选静态URL,官方来源明确、当前有可见成都职位、可直接投递,集团统一招聘，可按城市筛选成都；检索到工作地标注「成都市」的社招岗位（高级研发工程师 JR20260915013、资深前端研发工程师 JR2026031700T）。
CD0045,45,腾讯科技（成都）有限公司,腾讯成都|腾讯成都分公司|天美工作室群成都,A,https://careers.tencent.com/,是,成都市武侯区（腾讯大厦/腾讯成都办公区）,四川省,成都市,武侯区,成都市武侯区（腾讯大厦/腾讯成都办公区）,confirmed,软件与互联网服务,企业官网|搜索引擎公开检索,集团招聘平台,https://careers.tencent.com/,group_unified_recruitment,集团统一招聘平台,集团统一招聘平台,group_career_site,是,true,是,,not_available,7,active,有效（当前有可见职位）,有效（当前有可见职位）,direct_job_observed,direct_page_visit,official_active,2026-09-26,https://careers.tencent.com/home.html | https://careers.tencent.com/jobdesc.html?postId=2100572451716120576,复检未抽到职位｜抓取失败：搜索页为JS动态渲染，keywords/city参数均无效，两次请求均返回同一默认列表（深圳/北京/上海/中国香港），未见任何成都职位,官方来源明确、当前有可见成都职位、可直接投递,集团统一招聘，可在城市筛选成都；成都岗位以《王者荣耀》研发（天美）、腾讯云、企业微信为主，检索到2026-09-18更新的成都游戏策划岗位。
CD0046,46,阿里巴巴（中国）有限公司成都分公司,阿里成都|蚂蚁集团成都|阿里云成都,A,https://campus-talent.alibaba.com/,是,成都市高新区,四川省,成都市,高新区,成都市高新区,confirmed,软件与互联网服务,企业官网|搜索引擎公开检索,集团招聘平台,https://campus-talent.alibaba.com/,group_unified_recruitment,集团统一招聘平台,集团统一招聘平台,group_career_site,是,true,是,,not_available,1,active,有效（当前有可见职位）,有效（当前有可见职位）,direct_job_observed,direct_page_visit,official_active,2026-09-26,https://careers.aliyun.com/campus/notice?code=1&lang=zh&tab=notice | https://talent.antgroup.com/home?chInfo=ch_ali | https://talent.antgroup.com/campus-full-list?depts=G0676,,官方来源明确、当前有可见成都职位、可直接投递,集团统一招聘，可在城市筛选成都。阿里巴巴集团校招官网 campus-talent.alibaba.com 明确列出成都为工作地点；蚂蚁集团招聘官网 talent.antgroup.com 首页有独立「成都」城市入口，校招职位含北京/上海/杭州/成都。成都分公司无独立官网与独立招聘系统。
CD0047,47,中兴通讯股份有限公司成都分公司,中兴成都|ZTE成都|中兴通讯成都研发中心,A,http://job.zte.com.cn/,是,成都市高新区（中兴通讯成都研发中心）,四川省,成都市,高新区,成都市高新区（中兴通讯成都研发中心）,confirmed,通信与网络设备,企业官网|搜索引擎公开检索,集团招聘平台,http://job.zte.com.cn/,group_unified_recruitment,集团统一招聘平台,集团统一招聘平台,group_career_site,是,true,是,,not_available,0,active,有效（当前有可见职位）,有效（当前有可见职位）,source_evidence_only,direct_page_visit,manual_review,2026-09-26,http://job.zte.com.cn/ | https://scc.pku.edu.cn/f/recruitmentinfo/show?recruitmentId=6f471a5d248649649ff2708c0b1d9940,复检未抽到职位｜抓取失败：官网仅展示职位族名称（软件开发工程师、客户经理等）及跳转链接，具体岗位、城市、发布日期均在Moka系统内JS动态渲染，静态页无在招职位明细,官方来源明确、当前有可见成都职位、可直接投递,集团统一招聘，招聘官网 job.zte.com.cn 含校招/社招；2027届校招明确工作地点含成都，终端事业部岗位城市含西安/上海/成都/深圳。中兴全球学习发展中心在成都设有培训基地。
CD0048,48,华为技术有限公司成都研究所,华为成都研究所|华为成研所|华为成都,A,https://career.huawei.com/,是,成都高新区（西区）西源大道1899号（郫都区）,四川省,成都市,高新区,成都高新区（西区）西源大道1899号（郫都区）,confirmed,通信与网络设备,企业官网|搜索引擎公开检索,集团招聘平台,https://career.huawei.com/,group_unified_recruitment,集团统一招聘平台,集团统一招聘平台,group_career_site,是,true,是,,not_available,1,active,有效（当前有可见职位）,有效（当前有可见职位）,direct_job_observed,direct_page_visit,official_active,2026-09-26,https://career.huawei.com/reccampportal/portal5/campus-recruitment.html | https://www.quanzhi.com/job/6a9e3be967c5b4892ccc474a,复检未抽到职位｜抓取失败：原portal5搜索页返回404；社招/首页均为品牌宣传页，职位检索需登录且由JS动态渲染，未返回任何职位列表,官方来源明确、当前有可见成都职位、可直接投递,集团统一招聘，招聘官网可按地点筛选「成都」；成都研究所成立于2000年，主攻5G/5.5G无线网络产品线、华为云等。投递时需注意区分华为正式编制与OD（外包）岗位。
CD0049,49,成都优博创通信技术股份有限公司,优博创;Superxon;831400,A,https://www.superxon.cn,是,成都市双流区邵家街666号（总部曾登记于成都高新区天府软件园）,四川省,成都市,高新区,成都市双流区邵家街666号（总部曾登记于成都高新区天府软件园）,confirmed,通信与网络设备,企业官网“加入我们”栏目；前程无忧企业页；智联/猎聘职位,官网招聘页,https://www.superxon.cn/jrwm,official_careers_page,企业官网自建招聘页,企业官网自建招聘页,official_company,是,true,是,3,confirmed,3,active,有效（当前有可见职位）,有效（当前有可见职位）,direct_job_observed,direct_page_visit,official_active,2026-09-26,https://www.superxon.cn/jrwm | https://jobs.51job.com/renshijingli/co2129357.html,已成功抽取 3 条真实职位样本,官方来源明确、当前有可见成都职位、可直接投递,官网“加入我们”栏目列出成都双流岗位（数通光模块硬件总监、光模块硬件工程师、国际营销总监等），投递邮箱 hr@superxon.com；前程无忧企业页另有在招职位22个（第三方，不计入官方来源）。
CD0050,50,成都华日通讯技术股份有限公司,华日通讯;cdhuari;华日,A,https://cdhuari.com,是,四川省成都市武侯区武兴四路130号,四川省,成都市,武侯区,四川省成都市武侯区武兴四路130号,confirmed,通信与网络设备,企业官网“招贤纳士”栏目；猎聘企业页,官网招聘页,http://www.cdhuari.com/job-detail.html?id=10022,official_careers_page,企业官网自建招聘页,企业官网自建招聘页,official_company,是,true,是,,not_available,1,active,有效（当前有可见职位）,有效（当前有可见职位）,direct_job_observed,direct_page_visit,official_active,2026-09-26,https://cdhuari.com | http://www.cdhuari.com/job-detail.html?id=10022 | https://m.liepin.com/company/7975385/,已成功抽取 1 条真实职位样本,官方来源明确、当前有可见成都职位、可直接投递,替换：原清单第24项“成都威频科技”不确定，改用成都华日通讯。官网设“招贤纳士”栏目（/job-detail.html 岗位详情），工作地成都；简历投递邮箱 hrpersonnel@cdhuari.com。
CD0051,51,成都天锐星通科技股份有限公司,天锐星通 / T-RAY,B,http://t-ray.net,是,四川省成都市高新区天府新谷10号楼21层,四川省,成都市,高新区,四川省成都市高新区天府新谷10号楼21层,confirmed,通信与网络设备,企业官网|高校官方就业网公告,就业机会,http://www.t-ray.net/channels/29.html,official_careers_page,企业官网自建招聘页,企业官网自建招聘页,official_company,是,true,未知,,not_available,0,needs_manual_review,需人工复核,需人工复核,source_evidence_only,direct_page_visit,manual_review,2026-09-27,http://t-ray.net/ | http://www.t-ray.net/channels/29.html | https://jy.scu.edu.cn/index/index/employjobdetail.html?data=MDAwMDAwMDAwMJG6n3_Ed6imi4qQtLh4Y9-K0NSyyWHddricp9CWi5qikaeWacSdqLqGfaK2w4iil5C4zNbGiL-E | https://jy.scu.edu.cn/index/index/employjobdetail.html?data=MDAwMDAwMDAwMJG6n3_Ed6imi4qQtLh4Y9-K0NSqspzddricp9CWi5qikaeWacSdqLqGfaK2w4iil5C4zNbGiL-E | https://career.hit.edu.cn/zhxy-xszyfzpt/zpxx/zpxxxq?id=ODcyNGY2ZTAyYmU5NGQ3M2E4NGFiOGRlNmE5ZDFjMmI=,,官方官网招聘入口真实存在，但页面为无日期静态 JD，当前是否仍在招聘无法确认；保留入口并转人工复核。,官网“就业机会”页可访问并存在岗位 JD，但页面无发布日期、更新提示、在线投递按钮或当前职位列表；近期高校招聘公告有效期已结束，当前是否仍在招聘无法确认。官方入口存在，但不应标记为官方有效在招或立即投递。
CD0052,52,成都新易盛通信科技股份有限公司,新易盛;Eoptolink;300502;成都新易盛通信技术股份有限公司,A,https://www.eoptolink.com/about-us/careers,是,四川省成都市（成都总部为研发核心，另设美国、泰国基地）,四川省,成都市,,四川省成都市（成都总部为研发核心，另设美国、泰国基地）,confirmed,通信与网络设备,企业官网 eoptolink.com（Careers 栏目）；哈工大/吉林大学就业网2027届校招公告；企业专属北森校招系统 eoptolink.zhiye.com,官网招聘页,https://eoptolink.zhiye.com/campus/jobs,official_ats_third_party_hosted,企业官网自建招聘页,企业官网自建招聘页,official_ats,是,true,是,,not_available,8,active,有效（当前有可见职位）,有效（当前有可见职位）,direct_job_observed,direct_page_visit,official_active,2026-09-26,https://www.eoptolink.com/about-us/careers | https://eoptolink.zhiye.com/campus | https://career.hit.edu.cn/zhxy-xszyfzpt/zpxx/zpxxxq?id=ZmM4OTdhZTUwM2Q5NGI1MTkzMmM5YjhhMTUzMDYyOTI-,复检未抽到职位｜抓取失败：官网careers页仅按Engineering/Marketing/Operations分类给出通用任职条件，明确提示无具体在招职位；eoptolink.zhiye.com/campus职位列表为JS渲染，静态页无数据,官方来源明确、当前有可见成都职位、可直接投递,企业自有域名招聘页 + 采购的北森ATS（eoptolink.zhiye.com/campus，27届校招网申入口），另设微信公众号“Eoptolink新易盛”投递；招聘邮箱 recruit@eoptolink.com。2027届校招岗位含光芯片/MEMS/硬件/嵌入式等，base 成都。
CD0053,53,中软国际科技服务有限公司成都分公司,中软国际成都|Chinasoft International成都|中软国际科技成都,B,https://www.chinasofti.com/,是,成都市高新区天府软件园C3座；郫都区高新西区西芯大道3号,四川省,成都市,高新区,成都市高新区天府软件园C3座；郫都区高新西区西芯大道3号,confirmed,IT服务与外包,企业官网|上市公司名单|搜索引擎公开检索,官网招聘页,http://zhaopin.chinasoftinc.com,official_careers_page,企业官网自建招聘页,企业官网自建招聘页,official_company,是,true,否,,unknown,0,needs_manual_review,需人工复核,需人工复核,source_evidence_only,direct_page_visit|manual_review,manual_review,2026-09-26,https://www.chinasofti.com/joinUs/index.htm | http://zhaopin.chinasoftinc.com | https://job.ustb.edu.cn/f/recruitmentinfo/show?recruitmentId=957891e403d14f16838c1060542c29bf,,企业真实且有已验证官网，但招聘侧暂不稳定/无职位/待复核,官网「加入我们」页含校园招聘/社会招聘入口，社招系统 zhaopin.chinasoftinc.com 为前端渲染页面，本次检索未能确认成都可见职位数。中软国际在成都设有大型交付基地，公开成都岗位多见于BOSS直聘/猎聘等第三方平台（仅第三方，非官方）。
CD0054,54,成都博彦软件技术有限公司,博彦科技成都|Beyondsoft成都|博彦科技成都研发中心,B,https://www.beyondsoft.com/,是,成都市高新区天府软件园C区12号楼19层（成都高新区盛华南路403号）,四川省,成都市,高新区,成都市高新区天府软件园C区12号楼19层（成都高新区盛华南路403号）,confirmed,IT服务与外包,企业官网|上市公司名单|搜索引擎公开检索,官网招聘页,https://www.beyondsoft.com/joinus/employ-enroll.html,official_careers_page,企业官网自建招聘页,企业官网自建招聘页,official_company,是,true,未知,,unknown,0,needs_manual_review,需人工复核,需人工复核,manual_review_required,direct_page_visit|manual_review,manual_review,2026-09-26,https://www.beyondsoft.com/joinus/employ-enroll.html,,企业真实且有已验证官网，但招聘侧暂不稳定/无职位/待复核,博彦科技官网「加入我们-校园招聘」页列出成都研发中心及西部地区校招联系方式（campus-xa@beyondsoft.com），但为静态报名说明页，无在线职位库，未能确认当前成都职位数。
CD0055,55,软通动力信息技术（集团）股份有限公司成都分公司,软通动力成都|iSoftStone成都|软通动力信息技术集团成都科技有限公司,B,https://www.isoftstone.com/,是,成都市,四川省,成都市,,成都市,confirmed,IT服务与外包,企业官网|搜索引擎公开检索,官网招聘页,https://www.isoftstone.com/zh-cn/htmls/campusRecruitment/index.html,official_careers_page,企业官网自建招聘页,企业官网自建招聘页,official_company,是,true,未知,,unknown,0,needs_manual_review,需人工复核,需人工复核,manual_review_required,direct_page_visit|manual_review,manual_review,2026-09-26,https://www.isoftstone.com/zh-cn/htmls/campusRecruitment/index.html | http://istudy.isoftstone.com/,,企业真实且有已验证官网，但招聘侧暂不稳定/无职位/待复核,官网校园招聘专栏（含27届在招职位列表）与社招入口，校招网申站 istudy.isoftstone.com；校招简章工作地含成都，但当前列表页未直接确认成都职位数。
CD0056,56,云从科技（成都）,CloudWalk / 云从科技成都,B,https://www.cloudwalk.com,是,四川省成都市双流区天府菁蓉中心D区B5号楼,四川省,成都市,双流区,四川省成都市双流区天府菁蓉中心D区B5号楼,confirmed,人工智能与大数据,上市公司名单|企业官网|搜索引擎公开检索,官网招聘页,http://jobs.cloudwalk.com/,official_careers_page,企业官网自建招聘页,企业官网自建招聘页,official_company,是,true,未知,,unknown,0,needs_manual_review,需人工复核,需人工复核,manual_review_required,direct_page_visit|manual_review,manual_review,2026-09-26,https://www.cloudwalk.com/Join | http://jobs.cloudwalk.com/ | https://m.liepin.com/job/1946531013.shtml,,企业真实且有已验证官网，但招聘侧暂不稳定/无职位/待复核,集团官网“加入我们”（cloudwalk.com/Join）指向自建社招站 jobs.cloudwalk.com（云南从自有域名托管）。本次可见社招岗位集中在上海/广州/北京/衡阳等，未列出成都；成都双流岗位仅见于第三方平台（猎聘/BOSS）。成都岗位是否仍开放需人工复核。
CD0057,57,成都振芯科技股份有限公司,振芯科技;corpro;300101,B,http://www.corpro.cn,是,四川省成都市高新区（新川创新基地智能产业园，原益州大道办公区）,四川省,成都市,高新区,四川省成都市高新区（新川创新基地智能产业园，原益州大道办公区）,confirmed,半导体与集成电路,企业官网（首页含校园招聘入口）；2027届秋招公告（第三方校招资讯站转载，注明来源为官网）,官网招聘页,http://www.corpro.cn/,official_careers_page,企业官网自建招聘页,企业官网自建招聘页,official_company,是,true,是,,unknown,0,temporarily_unavailable,入口暂时不可访问,入口暂时不可访问,temporarily_unavailable,direct_page_visit,unavailable_or_no_job,2026-09-26,http://www.corpro.cn/ | https://www.upcv.tech/xiaozhao/cmto6nqnr00xzm9th9hnroiml.html | https://miaoruzhi.com/recruitment/dab82dde-0417-4c56-90fb-60c7b4830c0d,复检失败｜抓取失败：官网请求失败（fetch failed，站点不可达）,企业真实且有已验证官网，但招聘侧暂不稳定/无职位/待复核,官网首页含“校园招聘”栏目；27届秋招岗位（模拟/数字IC、版图、AI算法、FPGA等）以成都为主、部分北京。具体网申链接需人工在官网核实。
CD0058,58,成都海威华芯科技有限公司,海威华芯;HiWafer,B,http://hiwafer.com,是,中国（四川）自由贸易试验区成都市双流区西南航空港经济开发区物联大道88号,四川省,成都市,双流区,中国（四川）自由贸易试验区成都市双流区西南航空港经济开发区物联大道88号,confirmed,半导体与集成电路,企业官网（公司新闻栏目发布公开招聘公告）；智联招聘企业页；成都人才网,官网招聘页,http://hiwafer.com/company-news/184.html,official_careers_page,企业官网自建招聘页,企业官网自建招聘页,official_company,是,true,是,,not_available,0,accessible_no_job,入口可访问但暂无职位,入口可访问但暂无职位,listing_count_observed,direct_page_visit,unavailable_or_no_job,2026-09-26,http://hiwafer.com | http://hiwafer.com/company-news/184.html | https://m.zhaopin.com/company/jobs-CZ375646680/,,企业真实且有已验证官网，但招聘侧暂不稳定/无职位/待复核,官网仅在“公司新闻”发布公开招聘公告（总经理、董事长助理遴选），未见常规社招职位列表；日常社招岗位主要经智联招聘发布（第三方，非官方ATS），需人工复核。
CD0059,59,成都可可豆动画影视有限公司,可可豆动画 / 饺克力动画,B,http://cocoaniworks.net,是,四川省成都市高新区盛通街16号58、59栋,四川省,成都市,高新区,四川省成都市高新区盛通街16号58、59栋,confirmed,数字内容,企业官网|搜索引擎公开检索,官网招聘页,http://cocoaniworks.net/?p=6,official_careers_page,企业官网自建招聘页,企业官网自建招聘页,official_company,是,true,是,,unknown,0,temporarily_unavailable,入口暂时不可访问,入口暂时不可访问,temporarily_unavailable,direct_page_visit,unavailable_or_no_job,2026-09-26,http://cocoaniworks.net/?p=6 | http://cocoaniworks.net/en/?page_id=6 | https://aiqicha.baidu.com/details/ugknowledge?id=6bb3282b710d82f4a31e736f6ff9df36,复检失败｜抓取失败：招聘页请求失败（fetch failed，站点不可达）,企业真实且有已验证官网，但招聘侧暂不稳定/无职位/待复核,官网设“加入我们”页（含中英文版），列出 PM、AIGC应用工程师、资深2D美术、VFX 等成都岗位；另有域名 cococartoon.com 指向同一招聘入口。
CD0060,60,成都索贝数码科技股份有限公司,索贝数码|Sobey|索贝,B,https://www.sobey.com,是,成都市高新区新加坡工业园新元大道南二路2号,四川省,成都市,高新区,成都市高新区新加坡工业园新元大道南二路2号,confirmed,数字内容,企业官网|搜索引擎公开检索,无,https://sobey.zhiye.com,official_ats_third_party_hosted,未找到,未找到,official_ats,是,false,否,,unknown,0,not_found,未找到官方招聘入口,未找到官方招聘入口,source_evidence_only,direct_page_visit,unavailable_or_no_job,2026-09-26,https://www.sobey.com/ | https://www.cdzp.com/company/c_show-id_571.html,,企业真实且有已验证官网，但招聘侧暂不稳定/无职位/待复核,官网 sobey.com 未检索到招聘栏目/招聘入口；公开职位（含校招职位列表）主要来自BOSS直聘、成都招聘网等第三方平台，仅第三方平台、非官方来源。
CD0061,61,中国东方电气集团有限公司（成都）,东方电气集团 DEC（成都总部）,B,https://www.dongfang.com,是,成都市（集团总部；主要制造基地在德阳、自贡）,四川省,成都市,,成都市（集团总部；主要制造基地在德阳、自贡）,confirmed,新能源,D组-新能源,微信招聘,,wechat_official_account,微信公众号招聘,微信公众号招聘,official_wechat,否,false,是,,unknown,0,needs_manual_review,需人工复核,需人工复核,manual_review_required,direct_page_visit|manual_review,manual_review,2026-09-26,https://www.dongfang.com | https://job.xjtu.edu.cn/f/recruitmentinfo/show?recruitmentId=09b0345c5fc6429f97cab1211f9121a8 | https://dfem.dongfang.com/rczp/xyzp.htm,,企业真实且有已验证官网，但招聘侧暂不稳定/无职位/待复核,2027 届集团校招（20+单位、400+岗位、900+offer，工作地点含成都）报名入口为微信公众号「东方电气微招聘」，需人工确认公众号主体为集团官方；子企业东方电机官网设人才招聘栏目 dfem.dongfang.com/rczp（工作地点成都/德阳）。
CD0062,62,天齐锂业股份有限公司,天齐锂业 Tianqi Lithium（002466/9696.HK，总部成都）,B,https://www.tianqilithium.com,是,成都市（公司总部）,四川省,成都市,,成都市（公司总部）,confirmed,新能源,D组-新能源,企业专属ATS,https://tianqilithium.zhiye.com,official_ats_third_party_hosted,企业专属官方ATS,官方ATS（第三方托管，如北森zhiye/Moka）,official_ats,是,true,是,,not_available,0,accessible_no_job,入口可访问但暂无职位,入口可访问但暂无职位,source_evidence_only,direct_page_visit,unavailable_or_no_job,2026-09-26,https://tianqilithium.zhiye.com | https://career.csu.edu.cn/campus/view/id/557842 | https://www.yeyahui.com/archives/91162.html,复检失败｜抓取失败：招聘站点根域及/social、/social/jobs均返回 Not Found，招聘系统疑似已下线,企业真实且有已验证官网，但招聘侧暂不稳定/无职位/待复核,校招公告称「官方指定唯一网申入口」为 tianqilithium.zhiye.com（智联招聘 zhiye 企业招聘系统托管的企业专属门户）；公司总部位于成都，岗位含成都职能/研发岗。
CD0063,63,成都依米康科技集团股份有限公司,依米康|YMK|300249,B,http://www.ymk.com.cn,是,成都高新区科园南二路2号（另有郫都区生产基地、武侯区办公点）,四川省,成都市,高新区,成都高新区科园南二路2号（另有郫都区生产基地、武侯区办公点）,confirmed,智能制造与装备,企业官网|上市公司名单|搜索引擎公开检索,无,https://job.xjtu.edu.cn/f/recruitmentinfo/show?recruitmentId=057f7bad12cb49fc9606f0212dc4a800,unknown,未找到,未找到,official_announcement,否,false,否,,unknown,0,not_found,未找到官方招聘入口,未找到官方招聘入口,source_evidence_only,direct_page_visit,manual_review,2026-09-26,http://www.ymk.com.cn/ | https://job.xjtu.edu.cn/f/recruitmentinfo/show?recruitmentId=057f7bad12cb49fc9606f0212dc4a800,,企业真实且有已验证官网，但招聘侧暂不稳定/无职位/待复核,官网 ymk.com.cn 未检索到招聘栏目；2026校招通过高校就业网发布、简历投递至 lijc@ymk.com.cn 等企业邮箱。公开成都岗位主要来自51job/猎聘/应届生等第三方平台（非官方来源）。
CD0064,64,成都大宏立机器股份有限公司,大宏立（300865）,B,http://www.dhljqgroup.com,是,成都市大邑县晋原镇工业大道128号（经济开发区）,四川省,成都市,大邑县,成都市大邑县晋原镇工业大道128号（经济开发区）,confirmed,智能制造与装备,D组-智能制造与装备,官网招聘页,http://www.dhljqgroup.com/job/150.html,official_careers_page,企业官网自建招聘页,企业官网自建招聘页,official_company,是,true,是,,not_available,0,accessible_no_job,入口可访问但暂无职位,入口可访问但暂无职位,listing_count_observed,direct_page_visit,unavailable_or_no_job,2026-09-26,http://www.dhljqgroup.com/job/150.html | https://www.dayizp.cn/company/5289,,企业真实且有已验证官网，但招聘侧暂不稳定/无职位/待复核,官网「联系我们 → 人才招聘」栏目可访问，但岗位信息更新至 2021 年，未见有效在招职位；当前招聘主要经地方/第三方招聘网站，需人工确认官网招聘页是否维护。
CD0065,65,成都完美世界软件有限公司,完美世界成都,B,https://www.wanmei.com,是,四川省成都市（完美世界成都研发/办公点）,四川省,成都市,,四川省成都市（完美世界成都研发/办公点）,confirmed,游戏,企业官网|搜索引擎公开检索,集团招聘平台,https://recruit.games.wanmei.com/,group_unified_recruitment,集团统一招聘平台,集团统一招聘平台,group_career_site,是,true,是,,not_available,0,accessible_no_job,入口可访问但暂无职位,入口可访问但暂无职位,source_evidence_only,direct_page_visit,unavailable_or_no_job,2026-09-26,https://recruit.games.wanmei.com/ | https://jy.cuc.edu.cn/frontpage/cuc/html/recruitmentinfoForm.html | https://career.hit.edu.cn/zhxy-xszyfzpt/zpxx/zczphxq,复检失败｜抓取失败：招聘站点提示“当前网页已关停”,企业真实且有已验证官网，但招聘侧暂不稳定/无职位/待复核,成都为完美世界岗位常设工作地之一（北京、上海、苏州、成都）。招聘走集团统一校招官网 recruit.games.wanmei.com 与“完美世界招聘”微信公众号。
CD0066,66,成都先导药物开发股份有限公司,HitGen 先导药物,B,https://www.hitgen.com,是,成都市双流区天府国际生物城（另设高新区天府生命科技园研发基地）,四川省,成都市,高新区,成都市双流区天府国际生物城（另设高新区天府生命科技园研发基地）,confirmed,生物医药,D组-生物医药,官网招聘页,https://www.hitgen.com,official_careers_page,企业官网自建招聘页,企业官网自建招聘页,official_company,是,true,是,,unknown,0,temporarily_unavailable,入口暂时不可访问,入口暂时不可访问,temporarily_unavailable,direct_page_visit,unavailable_or_no_job,2026-09-26,https://jy.scu.edu.cn/index/index/jobfaircorporationinfo.html?data=MDAwMDAwMDAwMJG6n3_Ed6imi4qQtLh4iZiKk7amyGHRp7ugzc-GnZ2skMx9ZMN4gtKLipCwxKF0lZC5sq-0gqJv | https://jobcareer.sdu.edu.cn/eweb/jygl/index.so?modcode=jygl_zpxxck&subsyscode=zpfw&rklx=jyw&lmxhV=0402&type=ssoZxzpView&id=8QthEFLegoUNPDYFyRCK2Q,复检失败｜抓取失败：官网首页及/careers均返回 HTTP 503 Service Unavailable,企业真实且有已验证官网，但招聘侧暂不稳定/无职位/待复核,高校就业网招聘简章明确投递路径为「官网 https://www.hitgen.com → 加入我们 → 职位信息」，另有校招邮箱 campus@hitgen.com；本次核验时官网首页返回 503，招聘子页 URL 需人工补全。
CD0067,67,成都圣诺生物制药股份有限公司,圣诺生物（688117，母公司：成都圣诺生物科技股份有限公司）,B,https://www.snbiopharm.com,是,成都市大邑县青霞街道雪山大道一段258号,四川省,成都市,大邑县,成都市大邑县青霞街道雪山大道一段258号,confirmed,生物医药,D组-生物医药,官网招聘页,https://www.snbiopharm.com/index.php/Index/join.shtml,official_careers_page,企业官网自建招聘页,企业官网自建招聘页,official_company,是,true,是,,unknown,0,needs_manual_review,需人工复核,需人工复核,manual_review_required,direct_page_visit|manual_review,manual_review,2026-09-26,https://www.snbiopharm.com/index.php/Index/join.shtml | https://www.snbiopharm.com/index.php/Index/contact.shtml,,企业真实且有已验证官网，但招聘侧暂不稳定/无职位/待复核,官网设「加入圣诺/招贤纳士」栏目，但页面岗位内容陈旧（仍为非医药类旧岗），实际招聘主要经招聘邮箱 hr@snbiopharm.com 及第三方平台；需人工确认官网招聘页是否已更新。
CD0068,68,成都康华生物制品股份有限公司,康华生物（300841）,B,https://www.kangh.com,是,成都市龙泉驿区北京路182号（另温江研发中心）,四川省,成都市,龙泉驿区,成都市龙泉驿区北京路182号（另温江研发中心）,confirmed,生物医药,D组-生物医药,微信招聘,,wechat_official_account,微信公众号招聘,微信公众号招聘,official_wechat,否,false,是,,unknown,0,needs_manual_review,需人工复核,需人工复核,manual_review_required,direct_page_visit|manual_review,manual_review,2026-09-26,https://www.kangh.com | https://24365.smartedu.cn/student/jobs/9d8YUXL7jFc3PdSZwtf8GQ/detail.html,,企业真实且有已验证官网，但招聘侧暂不稳定/无职位/待复核,官网未发现「人才招聘」栏目；2026 年管培生计划通过微信公众号「康华生物」发布（作者主体显示为康华生物），需人工确认公众号认证主体为成都康华生物制品股份有限公司后再收录。
CD0069,69,成都苑东生物制药股份有限公司,苑东生物 Easton,B,http://www.eastonpharma.cn,是,成都市双流区安康路8号（生物城总部园区）、高新区西源大道8号（高新园区）,四川省,成都市,高新区,成都市双流区安康路8号（生物城总部园区）、高新区西源大道8号（高新园区）,confirmed,生物医药,D组-生物医药,官网招聘页,http://www.eastonpharma.cn/shzp/,official_careers_page,企业官网自建招聘页,企业官网自建招聘页,official_company,是,true,是,,unknown,0,temporarily_unavailable,入口暂时不可访问,入口暂时不可访问,temporarily_unavailable,direct_page_visit,unavailable_or_no_job,2026-09-26,http://www.eastonpharma.cn/shzp/ | http://www.eastonpharma.cn/investor.html,复检失败｜抓取失败：社会招聘页请求失败（fetch failed，站点不可达/无响应），重试后仍失败,企业真实且有已验证官网，但招聘侧暂不稳定/无职位/待复核,官网设「人力资源-人才理念/社会招聘/校园招聘」栏目，社招页在招 QC、生产操作员等岗位（工作地点成都），简历投递邮箱 hr@eastonpharma.cn。
CD0070,70,成都赜灵生物医药科技股份有限公司,赜灵生物 Zenitar,B,http://www.zenitar.com.cn,是,成都市高新区,四川省,成都市,高新区,成都市高新区,confirmed,生物医药,D组-生物医药,官网招聘页,http://www.zenitar.com.cn/hr.aspx?t=22,official_careers_page,企业官网自建招聘页,企业官网自建招聘页,official_company,是,true,是,,unknown,0,temporarily_unavailable,入口暂时不可访问,入口暂时不可访问,temporarily_unavailable,direct_page_visit,unavailable_or_no_job,2026-09-26,http://www.zenitar.com.cn/hr.aspx?bejslq=n0jcc3&t=22 | https://m.liepin.com/job/1979808197.shtml,复检失败｜抓取失败：人力资源页请求失败（fetch failed，站点不可达）,企业真实且有已验证官网，但招聘侧暂不稳定/无职位/待复核,官网「人才发展 → 企业招聘」栏目列出临床医学、药理药效、结构生物学、CMC 等岗位，工作地点成都高新区；猎聘可见同名在招职位交叉印证。
CD0071,71,四川华鲲振宇智能科技有限责任公司,华鲲振宇;schkzy;华为鲲鹏+昇腾天宫系列,B,https://www.schkzy.com,是,中国（四川）自由贸易试验区成都高新区天府大道北段28号（总部落户成都国家级经济技术开发区）,四川省,成都市,高新区,中国（四川）自由贸易试验区成都高新区天府大道北段28号（总部落户成都国家级经济技术开发区）,confirmed,电子信息制造,北航就业网2027/2026届校招简章（列示官网 www.schkzy.com）；重庆24365就业平台宣讲会信息；电子科技大学转载招聘简章,未知,https://www.schkzy.com/,unknown,未知,未知,official_announcement,是,true,是,,unknown,0,needs_manual_review,需人工复核,需人工复核,manual_review_required,direct_page_visit|official_announcement|manual_review,manual_review,2026-09-26,https://career.buaa.edu.cn/f/recruitmentinfo/show?recruitmentId=395ff67b2e6040c5a9be3d22f65566d3 | https://24365.cq.smartedu.cn/teachin/view/id/129576 | https://www.schkzy.com/ | https://www.schkzy.com/cn/about_us/contact_us,,企业真实且有已验证官网，但招聘侧暂不稳定/无职位/待复核,替换：原清单第21项（成都芯源系统MPS等候选）不确定，改用成都真实存在的国产算力企业四川华鲲振宇。官网 schkzy.com 已在高校就业平台招聘简章中列示；校招投递邮箱 zhaopin@schkzy.cn，另有二维码直投；未核实到独立招聘门户/ATS，需人工复核。 ‖ 工商全称与官网主体均为「四川华鲲振宇智能科技有限责任公司」（清单中「成都华鲲振宇」为别名）。官网 schkzy.com 未检索到招聘栏目；华为「鲲鹏+昇腾」战略级合作伙伴，成都高新区国资控股。
CD0072,72,成都宏明电子股份有限公司,宏明电子;715厂,B,https://www.chinahongming.com,是,成都市龙泉驿区北京路188号（蛟龙生产基地：青羊区蛟龙工业港高新区B48座）,四川省,成都市,高新区,成都市龙泉驿区北京路188号（蛟龙生产基地：青羊区蛟龙工业港高新区B48座）,confirmed,电子信息制造,企业官网“人才招聘”栏目；前程无忧企业页；成都人才网,官网招聘页,https://www.chinahongming.com/hr.html,official_careers_page,企业官网自建招聘页,企业官网自建招聘页,official_company,是,true,是,,not_available,0,accessible_no_job,入口可访问但暂无职位,入口可访问但暂无职位,listing_count_observed,direct_page_visit,unavailable_or_no_job,2026-09-26,https://www.chinahongming.com/hr.html | https://jobs.51job.com/yx/co4360624.html,,企业真实且有已验证官网，但招聘侧暂不稳定/无职位/待复核,官网设“人才招聘”栏目，但所列岗位（工艺/产品设计/销售经理等）均标注“已结束”；当前社招主要经前程无忧发布。简历投递邮箱 zhaomj@chinahongming.com。
CD0073,73,成都成电光信科技股份有限公司,成电光信;UESTCOC;920008（北交所）,B,http://www.uestcoc.com,是,成都市高新西区天辰路88号电子科技大学西区科技园7栋1单元,四川省,成都市,高新西区,成都市高新西区天辰路88号电子科技大学西区科技园7栋1单元,confirmed,电子信息制造,企业官网“人力资源-社会招聘/校园招聘”栏目；智联/猎聘/前程无忧职位,官网招聘页,http://www.uestcoc.com/social.aspx?t=25,official_careers_page,企业官网自建招聘页,企业官网自建招聘页,official_company,是,true,是,,unknown,0,temporarily_unavailable,入口暂时不可访问,入口暂时不可访问,temporarily_unavailable,direct_page_visit,unavailable_or_no_job,2026-09-26,http://www.uestcoc.com/social.aspx?t=25 | http://www.uestcoc.com/campus.aspx?t=26 | https://zq.zhaopin.com/companyDetail/CZ675526220,复检失败｜抓取失败：社会招聘页请求失败（fetch failed，站点不可达）,企业真实且有已验证官网，但招聘侧暂不稳定/无职位/待复核,替换：原清单第28项“成都摩尔/芯愿景”不确定，按提示替换为成都成电光信。官网设社会招聘/校园招聘栏目（岗位表需展开，页面给出投递邮箱 hr@cd-uestcoc.com），工作地成都高新西区。
CD0074,74,成都极米科技股份有限公司,极米科技 / XGIMI（688696）,B,https://www.xgimi.com,是,四川省成都市高新区天府三街软件园A4,四川省,成都市,高新区,四川省成都市高新区天府三街软件园A4,confirmed,电子信息制造,上市公司名单|企业官网|搜索引擎公开检索,官网招聘页,https://campus.xgimi.com,official_careers_page,企业官网自建招聘页,企业官网自建招聘页,official_company,是,true,是,,not_available,0,accessible_no_job,入口可访问但暂无职位,入口可访问但暂无职位,source_evidence_only,direct_page_visit,unavailable_or_no_job,2026-09-26,https://campus.xgimi.com | https://www.xgimi.com | https://www.nowcoder.com/enterprise/2530 | https://jy.scu.edu.cn/index/index/employjobdetail.html,复检失败｜抓取失败：校招站点提示“当前网页已关停”,企业真实且有已验证官网，但招聘侧暂不稳定/无职位/待复核,校招官网 campus.xgimi.com（岗位大量标注工作地成都），社招岗位亦指向官网投递（“简历直投官网”）。2026 春招已开放成都研发/营销/供应链岗位。
CD0075,75,成都飞机工业（集团）有限责任公司,航空工业成飞 CAC,B,https://www.cac.avic.com,是,成都市青羊区（本部）,四川省,成都市,青羊区,成都市青羊区（本部）,confirmed,航空航天,D组-航空航天,官网招聘页,https://www.cac.avic.com,official_careers_page,企业官网自建招聘页,企业官网自建招聘页,official_company,是,true,是,,unknown,0,temporarily_unavailable,入口暂时不可访问,入口暂时不可访问,temporarily_unavailable,direct_page_visit,unavailable_or_no_job,2026-09-26,https://hk.cqcvc.edu.cn/info.thtml?t=11066&cid=73504&pn= | https://dzxy.cavtc.cn/info/1111/3272.htm,复检失败｜抓取失败：官网请求失败（fetch failed，站点不可达）,企业真实且有已验证官网，但招聘侧暂不稳定/无职位/待复核,多家高校招聘通知明确投递入口为成飞官网 cac.avic.com「人力资源 → 人才招聘」，另提供扫码投递；具体招聘子页 URL 需人工补全。
CD0076,76,中电科网络安全科技股份有限公司,成都卫士通信息产业股份有限公司|卫士通|电科网安|中国电科30所|002268,B,https://www.westone.com.cn/,是,成都市高新区云华路333号电科网安大厦/信息安全产业园,四川省,成都市,高新区,成都市高新区云华路333号电科网安大厦/信息安全产业园,confirmed,软件与互联网服务,企业官网|上市公司名单|搜索引擎公开检索,企业专属ATS,http://zgwa.gllue.me/,official_ats_third_party_hosted,企业专属官方ATS,官方ATS（第三方托管，如北森zhiye/Moka）,official_ats,是,true,未知,,unknown,0,needs_manual_review,需人工复核,需人工复核,manual_review_required,direct_page_visit|manual_review,manual_review,2026-09-26,https://www.westone.com.cn/index.php?m=content&c=index&a=show&catid=43&id=97 | https://campus.51job.com/westone/apply.html | https://radio.seu.edu.cn/2018/0928/c19216a241721/pagem.htm,,企业真实且有已验证官网，但招聘侧暂不稳定/无职位/待复核,公司2023年更名为中电科网络安全科技股份有限公司（002268），系中国电科30所/中国网安旗下上市平台。中国网安统一网申系统 zgwa.gllue.me（ATS 托管）为官方入口，但本次仅检索到历史公告引用，未能确认当前成都可见职位数。另有前程无忧企业校招专区 campus.51job.com/westone（仅第三方平台，非官方，仅供参考）。
CD0077,77,创意信息技术股份有限公司,成都创意信息技术股份有限公司|创意信息|TROY|300366,B,https://www.troy.cn,是,成都市郫都区西芯大道28号,四川省,成都市,郫都区,成都市郫都区西芯大道28号,confirmed,软件与互联网服务,企业官网|上市公司名单|搜索引擎公开检索,无,,not_found,未找到,未找到,third_party_lead,否,false,否,,unknown,0,not_found,未找到官方招聘入口,未找到官方招聘入口,manual_review_required,direct_page_visit,unavailable_or_no_job,2026-09-26,https://www.qiyunku.com/company/21870370239820129 | https://tanzhi.cn/companies/51b3a0d3-3b1b-492d-82bb-c8b47cd11271,,企业真实且有已验证官网，但招聘侧暂不稳定/无职位/待复核,已检索官网 troy.cn（另有 inno-gence.com、sc-troy.com 等备案域名），未发现招聘栏目；公开成都岗位（算法工程师、DBA 等）主要来自智联招聘/全职招聘网等第三方平台，仅第三方平台、非官方来源。
CD0078,78,北京快手科技有限公司成都分公司,快手成都|Kuaishou Chengdu,B,https://www.kuaishou.com/,是,成都市,四川省,成都市,,成都市,confirmed,软件与互联网服务,企业官网|搜索引擎公开检索,集团招聘平台,https://zhaopin.kuaishou.cn/,group_unified_recruitment,集团统一招聘平台,集团统一招聘平台,group_career_site,是,true,未知,,unknown,0,needs_manual_review,需人工复核,需人工复核,manual_review_required,direct_page_visit|manual_review,manual_review,2026-09-26,https://zhaopin.kuaishou.cn/#/official/jianghu/ | https://campus.kuaishou.cn/#/campus/schedule/intern/process,,企业真实且有已验证官网，但招聘侧暂不稳定/无职位/待复核,集团统一招聘。社招官网 zhaopin.kuaishou.cn、校招官网 campus.kuaishou.cn 均可访问，但岗位列表为动态加载/需登录，本次检索未能确认当前成都可见职位数；历史校招简章曾列成都为工作地点之一。
CD0079,79,成都佳发安泰教育科技股份有限公司,佳发教育|佳发安泰|300559,B,http://www.jf-r.com/,是,成都市武侯区武科西二路188号佳发科技大厦（武侯电商产业功能区）,四川省,成都市,武侯区,成都市武侯区武科西二路188号佳发科技大厦（武侯电商产业功能区）,confirmed,软件与互联网服务,企业官网|上市公司名单|搜索引擎公开检索,官网招聘页,http://www.jf-r.com/about/join?sort_id=12,official_careers_page,企业官网自建招聘页,企业官网自建招聘页,official_company,是,true,是,,unknown,0,temporarily_unavailable,入口暂时不可访问,入口暂时不可访问,temporarily_unavailable,direct_page_visit,unavailable_or_no_job,2026-09-26,http://www.jf-r.com/about/join?sort_id=12 | http://www.jf-r.com/,复检失败｜抓取失败：人才加入页请求失败（fetch failed，站点不可达）,企业真实且有已验证官网，但招聘侧暂不稳定/无职位/待复核,官网「加入我们」页（jf-r.com/about/join）列出销售经理、售前工程师、项目经理等岗位；公开在招职位含成都（招投标专员、Java研发、算法工程师等）。
CD0080,80,成都易我科技开发有限责任公司,易我科技|EaseUS|易我数据恢复,B,https://www.easeus.com.cn,是,成都市高新区天益街38号理想中心1栋12楼,四川省,成都市,高新区,成都市高新区天益街38号理想中心1栋12楼,confirmed,软件与互联网服务,企业官网|搜索引擎公开检索,无,,not_found,未找到,未找到,third_party_lead,否,false,否,,unknown,0,not_found,未找到官方招聘入口,未找到官方招聘入口,manual_review_required,direct_page_visit,unavailable_or_no_job,2026-09-26,https://www.easeus.com.cn/ | https://jobs.51job.com/shangwusiji/co1140226.html,,企业真实且有已验证官网，但招聘侧暂不稳定/无职位/待复核,官网 easeus.com.cn 未检索到招聘栏目；官方招聘邮箱为 zhaopin@easeus.com.cn（51job 企业主页披露）。当前公开成都岗位（海外营销、用户运营、音视频开发等）均来自猎聘/51job/天眼查等第三方平台，非官方来源。
CD0081,81,四川天邑康和通信股份有限公司,天邑股份;天邑康和;300504,B,https://www.tianyisc.com,是,四川省成都市大邑县晋原镇雪山大道一段198号,四川省,成都市,大邑县,四川省成都市大邑县晋原镇雪山大道一段198号,confirmed,通信与网络设备,企业官网（2026届校招简章PDF托管于官网）；国家大学生就业服务平台；光纤在线通信英才网,未知,https://www.tianyisc.com/,unknown,未知,未知,official_announcement,是,true,是,,unknown,0,needs_manual_review,需人工复核,需人工复核,manual_review_required,direct_page_visit|official_announcement|manual_review,manual_review,2026-09-26,https://www.tianyisc.com/ | https://24365.smartedu.cn/student/jobs/58827e90ac3c4c249de1d129e9c29278/corp.html | https://c-fol.net/job/showcmp.php?cmpid=7000000000000628,,企业真实且有已验证官网，但招聘侧暂不稳定/无职位/待复核,官网可访问，2026届校招简章PDF以官网域名托管、校招信息真实；但未检索到独立的“人才招聘”栏目或自研/采购ATS，需人工复核官网招聘入口。光纤在线职位页为第三方行业招聘站，不作为官方来源。
CD0082,82,诺基亚通信系统技术（北京）有限公司成都分公司,诺基亚成都研发中心|Nokia Chengdu|上海诺基亚贝尔成都,B,https://www.nokia.com/,是,成都市高新区,四川省,成都市,高新区,成都市高新区,confirmed,通信与网络设备,企业官网|搜索引擎公开检索,集团招聘平台,https://www.nokia.com/careers,group_unified_recruitment,集团统一招聘平台,集团统一招聘平台,group_career_site,是,true,未知,,unknown,0,needs_manual_review,需人工复核,需人工复核,manual_review_required,direct_page_visit|manual_review,manual_review,2026-09-26,https://www.nokia.com/careers | https://builtin.com/company/nokia,,企业真实且有已验证官网，但招聘侧暂不稳定/无职位/待复核,"集团统一招聘，Nokia 全球招聘页 nokia.com/careers 可按地点检索；公开资料确认 Nokia 在 Chengdu City, Sichuan 设有办公室/研发中心，但本次检索未能确认当前成都可见职位数。"
CD0083,83,四川川大智胜软件股份有限公司,川大智胜|Wisesoft|002253,C,http://www.wisesoft.com.cn/,是,成都市武侯区武科东一路七号,四川省,成都市,武侯区,成都市武侯区武科东一路七号,confirmed,人工智能与大数据,企业官网|上市公司名单|搜索引擎公开检索,无,,not_found,未找到,未找到,unknown,否,false,未知,,unknown,0,needs_manual_review,需人工复核,需人工复核,manual_review_required,direct_page_visit|manual_review,manual_review,2026-09-26,http://www.wisesoft.com.cn/home | https://aiqicha.baidu.com/company_recruitmentinfo_60383829210647,,仅存在第三方招聘平台信息或来源不明确，无法确认为官方渠道,官网 wisesoft.com.cn（爱企查显示另有 wiseface.cn）未检索到招聘栏目；公开成都岗位（C++开发、招聘专员等）来自第三方聚合数据，仅第三方平台、非官方来源。建议后续通过微信公众号或公司总机 028-6872**** 复核。
CD0084,84,成都中科信息股份有限公司,中科信息 / 中科院成都信息技术股份有限公司（300678）,A,https://casit.com.cn,是,四川省成都市天府新区兴隆街道科智路1369号,四川省,成都市,天府新区,四川省成都市天府新区兴隆街道科智路1369号,confirmed,人工智能与大数据,上市公司名单|企业官网|搜索引擎公开检索,未知,https://app.mokahr.com/campus_apply/casit/36780,official_ats_third_party_hosted,未知,未知,official_ats,是,false,是,,unknown,7,active,需人工复核,需人工复核,direct_job_observed,direct_page_visit|official_announcement|manual_review,official_active,2026-09-26,https://casit.com.cn | https://jy.hunau.edu.cn/detail/online?id=3129951,,仅存在第三方招聘平台信息或来源不明确，无法确认为官方渠道,官网 casit.com.cn 可访问并列出人力资源部联系方式（028-85224291）与招聘邮箱 zp@casit.com.cn，但本次检索未定位到官网招聘栏目或 ATS；岗位信息主要经高校就业网发布，工作地成都天府新区。需人工复核官网招聘入口。
CD0085,85,成都数联铭品科技有限公司,数联铭品|BBD|BrandBigData,C,https://www.bbdservice.com/,是,成都市天府大道北段966号天府国际金融中心9号楼（高新区）,四川省,成都市,高新区,成都市天府大道北段966号天府国际金融中心9号楼（高新区）,confirmed,人工智能与大数据,企业官网|公开企业目录|搜索引擎公开检索,无,,not_found,未找到,未找到,unknown,否,false,未知,,unknown,0,needs_manual_review,需人工复核,需人工复核,manual_review_required,direct_page_visit|manual_review,manual_review,2026-09-26,https://www.bbdservice.com/index.html | https://m.11467.com/b2b/co/8886892.htm,,仅存在第三方招聘平台信息或来源不明确，无法确认为官方渠道,官网（bbdservice.com / bbdservice.cn）未发现招聘栏目或招聘入口；公开职位主要出现在猎聘、企云库等第三方平台，仅第三方平台、非官方来源，不计入官方招聘入口。
CD0086,86,成都明途科技有限公司,明途科技 / Minto / WorkBrain,C,https://www.mingto.net,是,四川省成都市天府新区湖畔路北段366号1栋3楼（办公地：双流区天府新经济产业园D区）,四川省,成都市,天府新区,四川省成都市天府新区湖畔路北段366号1栋3楼（办公地：双流区天府新经济产业园D区）,confirmed,人工智能与大数据,公开企业目录|企业官网|搜索引擎公开检索,第三方平台,,unknown,第三方招聘平台（非官方）,第三方招聘平台（非官方）,third_party_lead,否,false,是,,unknown,0,needs_manual_review,需人工复核,需人工复核,manual_review_required,direct_page_visit|third_party_evidence|manual_review,manual_review,2026-09-26,http://www.mingto.net/ | https://data.iyiou.com/company/details/255ab6f21c4c3e5488dbee63ff0bf629/profile | https://www.zhipin.com/job_detail/c42a2b0deecb1a871Hd-2dm4F1pW.html | https://developer.workbrain.cn/,,仅存在第三方招聘平台信息或来源不明确，无法确认为官方渠道,官网 mingto.net（另有 workbrain.cn 产品/开发者域名）未见招聘入口；在招岗位仅见于第三方平台（BOSS直聘、鱼泡直聘），工作地为成都双流区。仅第三方平台，非官方招聘来源，需人工复核。
CD0087,87,成都考拉悠然科技有限公司,考拉悠然 / Youran,C,https://www.kaolayouran.cn,是,四川省成都市高新区天府五街200号4号楼A区10层,四川省,成都市,高新区,四川省成都市高新区天府五街200号4号楼A区10层,confirmed,人工智能与大数据,企业官网|公开企业目录|搜索引擎公开检索,无,,not_found,未找到,未找到,unknown,否,false,未知,,unknown,0,needs_manual_review,需人工复核,需人工复核,manual_review_required,direct_page_visit|manual_review,manual_review,2026-09-26,https://www.kaolayouran.cn | https://m.tianyancha.com/srecruit/2352972105-dba3 | https://bebee.com/cn/jobs/shanghai-shanghai--t7xk-830881074,,仅存在第三方招聘平台信息或来源不明确，无法确认为官方渠道,官网 kaolayouran.cn 未见独立招聘页或 ATS；招聘线索来自企业信息平台（天眼查招聘聚合，含成都算法/开发岗位）与第三方招聘平台（猎聘）。未找到企业自有招聘入口，需人工复核。
CD0088,88,成都华微电子科技股份有限公司,成都华微;CSMSC;688709;中国电子CEC旗下,C,https://www.csmsc.com,是,四川省成都市高新区益州大道1800号移动互联创业大厦（注册地另登记为成都市简阳市）,四川省,成都市,高新区,四川省成都市高新区益州大道1800号移动互联创业大厦（注册地另登记为成都市简阳市）,confirmed,半导体与集成电路,高校就业平台登记的企业官网域名；半导体行业厂商库；中国科学院大学/清华就业网2027校招公告,第三方平台,https://campus.51job.com/cdhw,third_party_platform,第三方招聘平台（非官方）,第三方招聘平台（非官方）,third_party_lead,否,false,是,,unknown,0,needs_manual_review,需人工复核,需人工复核,source_evidence_only,direct_page_visit|third_party_evidence|manual_review,manual_review,2026-09-26,https://campus.51job.com/cdhw | https://job.ucas.ac.cn/f/recruitmentFair/show?recruitmentFairId=47d7953889b04e36823f34b07658a5a5 | https://www.semiw.com/company/2138.html,,仅存在第三方招聘平台信息或来源不明确，无法确认为官方渠道,27届校招网申为前程无忧（51job）企业专属校招页，属第三方平台、非官方ATS；岗位覆盖成都/上海/南京/西安/长沙。官网域名 csmsc.com 由高校就业平台与行业库登记，未直接抓取验证，需人工复核是否含招聘栏目。
CD0089,89,成都芯进电子股份有限公司,芯进电子;CrossChip Microsystems;sicoresemi同园区企业,B,http://crosschipmicro.com,是,四川省成都市（总部成都，高新区/郫都区办公，另设深圳、上海、苏州分支）,四川省,成都市,高新区,四川省成都市（总部成都，高新区/郫都区办公，另设深圳、上海、苏州分支）,confirmed,半导体与集成电路,企业官网；前程无忧企业页；应届生求职网转载职位,第三方平台,https://web.crosschipmicro.com/en/page/joinUs/joinUs.html?navIndex=2,official_careers_page,第三方招聘平台（非官方）,第三方招聘平台（非官方）,official_company,是,false,是,,unknown,0,needs_manual_review,需人工复核,需人工复核,source_evidence_only,direct_page_visit|third_party_evidence|manual_review,manual_review,2026-09-26,https://www.crosschipmicro.com/ | https://m.51job.com/search/codetail.php?coid=4139631,,仅存在第三方招聘平台信息或来源不明确，无法确认为官方渠道,官网首页未见“人才招聘/招贤纳士”栏目；在招职位主要发布在前程无忧企业页（第三方，非官方ATS），需人工复核是否有官方招聘入口。工商全称现为成都芯进电子股份有限公司（清单写作成都芯进电子有限公司）。
CD0090,90,成都华栖云科技有限公司,华栖云 / ChinaMCloud,C,https://www.chinamcloud.com,是,四川省成都市高新区天府五街200号4号楼A座9楼（菁蓉国际广场）,四川省,成都市,高新区,四川省成都市高新区天府五街200号4号楼A座9楼（菁蓉国际广场）,confirmed,数字内容,企业官网|搜索引擎公开检索,第三方平台,,unknown,第三方招聘平台（非官方）,第三方招聘平台（非官方）,third_party_lead,否,false,是,,unknown,0,needs_manual_review,需人工复核,需人工复核,manual_review_required,direct_page_visit|third_party_evidence|manual_review,manual_review,2026-09-26,http://www.chinamcloud.com/ | https://www.quanzhi.com/job/6aaf819fc5a9095338a1ab51 | https://jobs.zhaopin.com/CC411343030J40853043615.htm | https://www.zhipin.com/job_detail/b40afc50791726ca031_39-5EFVS.html,,仅存在第三方招聘平台信息或来源不明确，无法确认为官方渠道,官网 chinamcloud.com 可访问（产品/方案/案例），但未见“加入我们/人才招聘”入口；成都武侯区岗位仅见于第三方平台（BOSS直聘、智联招聘、全职招聘网）。仅第三方平台，非官方招聘来源。
CD0091,91,成都中光电科技有限公司,中光电;cdcoe;液晶玻璃基板,C,,否,成都高新西区（犀浦）合作路1133号,四川省,成都市,高新西区,成都高新西区（犀浦）合作路1133号,confirmed,新材料,国聘平台企业职位；前程无忧企业页；成都高新区官方招聘推文（红星新闻网转载，列出HR邮箱）,第三方平台,https://www.iguopin.com/job/detail?id=210529744154790029,third_party_platform,第三方招聘平台（非官方）,第三方招聘平台（非官方）,third_party_lead,否,false,是,4,confirmed,0,needs_manual_review,需人工复核,需人工复核,manual_review_required,third_party_evidence|manual_review,manual_review,2026-09-26,https://www.iguopin.com/job/detail?id=210529744154790029 | https://jobs.51job.com/chengbenguanli/co2342021.html | https://news.chengdu.cn/2026/0731/6a6c1d9a2e768511f6b2b707.shtml,,官网未验证且无官方招聘来源，真实性或可投递性无法确认,替换：原清单第30项“成都虹波”不确定，按提示替换为成都中光电科技。招聘联系邮箱 hr@cdcoe.com.cn（来自成都高新区官方招聘推文），域名 cdcoe.com.cn 疑似官网但抓取未能确认，暂不记为已验证官网；在招职位见国聘与前程无忧（第三方，非官方来源）。
CD0092,92,成都硅宝科技股份有限公司,硅宝科技;cnguibao;300019,C,http://www.cnguibao.com,是,成都市武侯区武侯祠大街264号（新园大道16号）,四川省,成都市,武侯区,成都市武侯区武侯祠大街264号（新园大道16号）,confirmed,新材料,企业官网；兰州大学就业网发布的官方2026届校招简章（明确投递经智联招聘、BOSS直聘平台）,第三方平台,,third_party_platform,第三方招聘平台（非官方）,第三方招聘平台（非官方）,third_party_lead,否,false,是,,unknown,0,needs_manual_review,需人工复核,需人工复核,manual_review_required,direct_page_visit|third_party_evidence|manual_review,manual_review,2026-09-26,http://www.cnguibao.com/ | https://job.lzu.edu.cn/html/22/article/2025/83365.html | https://jy.scu.edu.cn/index/index/jobfaircorporationinfo.html?data=MDAwMDAwMDAwMJG6n3_Ed6imi4qQtLh4n5uKz7aqyGHRp7ugzc-GnZ2skMx9ZMN4gtKLipCwxKF0lZC5sq-0gqJv,,仅存在第三方招聘平台信息或来源不明确，无法确认为官方渠道,替换：原清单第26项“成都圣邦/思瑞/拓米”不确定，按提示替换为成都硅宝科技。官方校招简章写明“线上可通过智联招聘、BOSS直聘平台投递简历”，属第三方平台非官方ATS；官网未见自有招聘系统。HR邮箱 yangxiaoxia@guibao.cn。 ‖ 官网未设招聘栏目；校招简章明确线上投递渠道为智联招聘、BOSS 直聘，并给出 HR 邮箱 yangxiaoxia@guibao.cn。仅第三方平台，非官方招聘来源。
CD0093,93,成都银河磁体股份有限公司,银河磁体;Galaxy Magnets;300127,C,https://www.galaxymagnets.com,是,成都市高新西区百草路608号,四川省,成都市,高新西区,成都市高新西区百草路608号,confirmed,新材料,企业官网（校招简章注明官网与HR邮箱）；前程无忧企业页；兰州大学就业网校招公告,第三方平台,https://jobs.51job.com/all/co2852936.html,third_party_platform,第三方招聘平台（非官方）,第三方招聘平台（非官方）,third_party_lead,否,false,是,8,confirmed,0,needs_manual_review,需人工复核,需人工复核,manual_review_required,direct_page_visit|third_party_evidence|manual_review,manual_review,2026-09-26,https://www.galaxymagnets.com | https://jobs.51job.com/all/co2852936.html | https://job.lzu.edu.cn/html/22/article/2025/83564.html,,仅存在第三方招聘平台信息或来源不明确，无法确认为官方渠道,校招简历投递邮箱 HR@galaxymagnets.com（企业自有域名）；社招在招职位8个见前程无忧企业页（第三方，非官方ATS）。官网未见独立招聘栏目，需人工复核。
CD0094,94,成都中建材光电材料有限公司,成都中建材;碲化镉发电玻璃;中国建材集团凯盛科技所属,C,,否,成都市双流区西航港街道空港二路558号（另登记腾飞三路485号）,四川省,成都市,双流区,成都市双流区西航港街道空港二路558号（另登记腾飞三路485号）,confirmed,新能源,国聘平台企业职位；四川工会就业服务平台；万企千校平台,第三方平台,https://www.iguopin.com/job/detail?id=214688699751859560,third_party_platform,第三方招聘平台（非官方）,第三方招聘平台（非官方）,third_party_lead,否,false,是,3,confirmed,0,needs_manual_review,需人工复核,需人工复核,manual_review_required,third_party_evidence|manual_review,manual_review,2026-09-26,https://www.iguopin.com/job/detail?id=214688699751859560 | https://www.iguopin.com/job/detail?id=209094804942881549 | https://zp.sc12351.com/Companies/Info/725ed0b38be942d5b7f537e4e9e269b5,,官网未验证且无官方招聘来源，真实性或可投递性无法确认,替换：原清单第29项“成都宇航/中电熊猫/航天”不确定，改用成都中建材光电材料。未检索到企业自有官网域名；在招职位发布于国聘（第三方平台），非官方来源，需人工复核。
CD0095,95,通威太阳能（成都）有限公司,通威太阳能（通威集团 600438）,C,https://www.tongwei.com,是,成都市高新区天府大道中段588号（集团总部）；双流区、邛崃市生产基地,四川省,成都市,高新区,成都市高新区天府大道中段588号（集团总部）；双流区、邛崃市生产基地,confirmed,新能源,D组-新能源,第三方平台,http://tongwei.zhaopin.com,third_party_platform,第三方招聘平台（非官方）,第三方招聘平台（非官方）,third_party_lead,否,false,是,,unknown,0,needs_manual_review,需人工复核,需人工复核,manual_review_required,direct_page_visit|third_party_evidence|manual_review,manual_review,2026-09-26,http://tongwei.zhaopin.com | https://job.xjtu.edu.cn/f/recruitmentinfo/show?recruitmentId=b75fb244a99a45d79da8b5fddcf9e84d | https://career.wyu.edu.cn/detail/job?id=2706968,,仅存在第三方招聘平台信息或来源不明确，无法确认为官方渠道,通威股份 2027 届校招等多份高校公告指定 PC 端投递网址为 tongwei.zhaopin.com（智联招聘域名下的企业专属招聘门户，非公开职位市场）；集团官网 www.tongwei.com 首页未设招聘栏目，需人工确认该门户为集团官方唯一网申入口。
CD0096,96,成都中科唯实仪器有限责任公司,成都唯实 / 中科唯实,C,http://www.cdzkws.com,是,四川省成都市高新区科园南一路七号,四川省,成都市,高新区,四川省成都市高新区科园南一路七号,confirmed,智能制造与装备,公开企业目录|企业官网|搜索引擎公开检索,第三方平台,,third_party_platform,第三方招聘平台（非官方）,第三方招聘平台（非官方）,third_party_lead,否,false,是,,unknown,0,needs_manual_review,需人工复核,需人工复核,manual_review_required,direct_page_visit|third_party_evidence|manual_review,manual_review,2026-09-26,http://www.cdzkws.com/ | https://gdjy.hfut.edu.cn/detail/job?id=3231311 | https://jobs.51job.com/kunshan/co2556403.html | http://www.chinascrc.com/hotjob/com205776.shtml,,仅存在第三方招聘平台信息或来源不明确，无法确认为官方渠道,清单写作“成都中科唯实科技有限责任公司”，实际主体为成都中科唯实仪器有限责任公司（中科院下属控股，前身为中科院成都科学仪器研制中心）。官网 cdzkws.com 无招聘栏目；岗位见于第三方平台（前程无忧、四川人才网）与高校就业网，工作地成都高新区。仅第三方平台，非官方招聘来源。
CD0097,97,成都优艾维智能科技有限责任公司,优艾维智能 / 艾维智能,C,http://www.uavcro.com,是,四川省成都市郫都区西源大道2228号（晶立电子信息产业园）,四川省,成都市,郫都区,四川省成都市郫都区西源大道2228号（晶立电子信息产业园）,confirmed,智能制造与装备,企业官网|公开企业目录|搜索引擎公开检索,第三方平台,,third_party_platform,第三方招聘平台（非官方）,第三方招聘平台（非官方）,third_party_lead,否,false,是,,unknown,0,needs_manual_review,需人工复核,需人工复核,manual_review_required,direct_page_visit|third_party_evidence|manual_review,manual_review,2026-09-26,http://www.uavcro.com/ | http://www.uavcro.com/col.jsp?id=105 | https://www.qcc.com/cproductinfo/4ff3f0f4fa02b208ae8ddba5f9fe7c38 | https://www.quanzhi.com/job/6aab5637c5a90953389ac0cc,,仅存在第三方招聘平台信息或来源不明确，无法确认为官方渠道,官网 uavcro.com 可访问（含企业简介与新闻），公开信息显示公司存续且 2026 年有中标与专利活动，但官网无招聘栏目；岗位仅见于第三方平台（全职招聘网等），工作地成都郫都区。仅第三方平台，非官方招聘来源。
CD0098,98,成都华川电装有限责任公司,华川电装 CHCD（中国长安汽车集团旗下）,C,http://www.chcd.com.cn,是,四川省成都经济技术开发区（柏合镇）合灵路7号,四川省,成都市,,四川省成都经济技术开发区（柏合镇）合灵路7号,confirmed,智能制造与装备,D组-智能制造与装备,第三方平台,,third_party_platform,第三方招聘平台（非官方）,第三方招聘平台（非官方）,third_party_lead,否,false,是,,unknown,0,needs_manual_review,需人工复核,需人工复核,manual_review_required,direct_page_visit|third_party_evidence|manual_review,manual_review,2026-09-26,http://www.chcd.com.cn | https://jobs.51job.com/guangzhou/co6377450.html | https://job.rc114.com/JobInfoFair.aspx?jobOrderId=944451,,仅存在第三方招聘平台信息或来源不明确，无法确认为官方渠道,官网域名 www.chcd.com.cn 经企查查/爱企查登记信息确认，但本次未检索到官网招聘栏目；在招职位仅见于前程无忧、智联招聘、成都人才网等第三方平台。仅第三方平台，非官方招聘来源。
CD0099,99,成都瑞迪智驱科技股份有限公司,瑞迪智驱;REACH;301596;瑞迪实业,C,https://www.reachgroup.cn,是,成都市双流区西南航空港经济开发区西航港大道中四段909号,四川省,成都市,双流区,成都市双流区西南航空港经济开发区西航港大道中四段909号,confirmed,智能制造与装备,企业官网；前程无忧企业页；智联招聘企业页；猎聘职位,第三方平台,https://jobs.51job.com/all/coUTMHZFc0VWMGZgZsBms.html,third_party_platform,第三方招聘平台（非官方）,第三方招聘平台（非官方）,third_party_lead,否,false,是,9,confirmed,0,needs_manual_review,需人工复核,需人工复核,manual_review_required,direct_page_visit|third_party_evidence|manual_review,manual_review,2026-09-26,https://www.reachgroup.cn/ | https://jobs.51job.com/all/coUTMHZFc0VWMGZgZsBms.html | https://m.zhaopin.com/company/CZ134089750.htm,,仅存在第三方招聘平台信息或来源不明确，无法确认为官方渠道,替换：原清单第23项“成都信远”不确定，按提示替换为成都瑞迪智驱。官网未见招聘栏目，职位经前程无忧/智联/猎聘发布（第三方，非官方ATS），需人工复核。
CD0100,100,成都西菱动力科技股份有限公司,西菱动力（300733）,C,http://www.cdxldl.com,是,成都市青羊区腾飞大道298号（另大邑县、温江区、郫都区、新都区基地）,四川省,成都市,青羊区,成都市青羊区腾飞大道298号（另大邑县、温江区、郫都区、新都区基地）,confirmed,智能制造与装备,D组-智能制造与装备,第三方平台,,third_party_platform,第三方招聘平台（非官方）,第三方招聘平台（非官方）,third_party_lead,否,false,是,,unknown,0,needs_manual_review,需人工复核,需人工复核,manual_review_required,direct_page_visit|third_party_evidence|manual_review,manual_review,2026-09-26,http://www.cdxldl.com/news/index_3.html | https://jobs.51job.com/all/coUj0Ha1c2VWICbwFhUjY.html | https://www.zhaopin.com/companydetail/CZ319664610.htm,,仅存在第三方招聘平台信息或来源不明确，无法确认为官方渠道,官网（年报另载公司网址 www.xlqp.com）未设招聘栏目；在招职位仅见于智联招聘、前程无忧等第三方平台，非官方招聘来源。
CD0101,101,成都豪能科技股份有限公司,豪能股份（603809）,C,https://cdhntech.com,是,成都市龙泉驿区经济技术开发区南二路288号,四川省,成都市,龙泉驿区,成都市龙泉驿区经济技术开发区南二路288号,confirmed,智能制造与装备,D组-智能制造与装备,第三方平台,,third_party_platform,第三方招聘平台（非官方）,第三方招聘平台（非官方）,third_party_lead,否,false,是,,unknown,0,needs_manual_review,需人工复核,需人工复核,manual_review_required,direct_page_visit|third_party_evidence|manual_review,manual_review,2026-09-26,https://cdhntech.com/ | https://xiaoyuan.zhaopin.com/job/CCL1479606720J40761432606 | https://m.yingjiesheng.com/xuanjianghui/xjh_5238489,,仅存在第三方招聘平台信息或来源不明确，无法确认为官方渠道,官网栏目仅含关于豪能、生产实力、产品、新闻动态、投资者关系，无人才招聘页；校招/社招主要经智联招聘、地方人才网与 HR 邮箱 hr@cdhntech.com。仅第三方平台，非官方招聘来源。
CD0102,102,成都哆可梦网络科技有限公司,哆可梦游戏,C,http://www.dkmol.com,是,四川省成都市高新区世纪城南路559号天府软件园D区6号楼15层,四川省,成都市,高新区,四川省成都市高新区世纪城南路559号天府软件园D区6号楼15层,confirmed,游戏,公开企业目录|企业官网|搜索引擎公开检索,未知,,unknown,未知,未知,third_party_lead,否,false,否,,unknown,0,needs_manual_review,需人工复核,需人工复核,manual_review_required,direct_page_visit|manual_review,manual_review,2026-09-26,http://www.dkmol.com | https://data.iyiou.com/company/details/3fd39e9f6d4a3ea811b9d8fdce406e65/profile | https://special.zhaopin.com/pagepublish/27867671/index.html,,仅存在第三方招聘平台信息或来源不明确，无法确认为官方渠道,官网 dkmol.com 在工商/企业数据库中可查，本次检索未发现当前有效的官方招聘页；可检索到的岗位多为 2020 年及以前的历史信息。企业状态存续，但招聘活跃度存疑，需人工复核。
CD0103,103,成都天象互动科技股份有限公司,天象互动 / Skymoons,C,http://www.skymoons.com,是,四川省成都市高新区新川南五路188号（原天府软件园E区）,四川省,成都市,高新区,四川省成都市高新区新川南五路188号（原天府软件园E区）,confirmed,游戏,公开企业目录|企业官网|搜索引擎公开检索,未知,,unknown,未知,未知,third_party_lead,否,false,否,,unknown,0,needs_manual_review,需人工复核,需人工复核,manual_review_required,direct_page_visit|manual_review,manual_review,2026-09-26,http://www.skymoons.com | https://www.quanzhi.com/company/11913291/ | https://www.aichaicp.com/cd-ed2d7c76bc6ebff7cc6a9f543901fd3b.html,,仅存在第三方招聘平台信息或来源不明确，无法确认为官方渠道,官网 skymoons.com 在多个企业目录中被备案确认，但本次检索未发现官网独立招聘页/ATS；仅检索到招聘邮箱 hr@skymoons.com。第三方平台显示“暂无职位”。建议人工复核官网招聘入口是否已下线。
CD0104,104,成都朋万科技股份有限公司,朋万科技,C,http://www.pw19.com,是,四川省成都市高新区天华一路99号（天府软件园B8一带）,四川省,成都市,高新区,四川省成都市高新区天华一路99号（天府软件园B8一带）,confirmed,游戏,公开企业目录|企业官网|搜索引擎公开检索,未知,,unknown,未知,未知,third_party_lead,否,false,否,,unknown,0,needs_manual_review,需人工复核,需人工复核,manual_review_required,direct_page_visit|manual_review,manual_review,2026-09-26,http://www.pw19.com | https://www.chaojijianli.com/company/brand_YOacFmwM7wMkbrJ1.html | https://special.zhaopin.com/pagepublish/41919842/index.html,,仅存在第三方招聘平台信息或来源不明确，无法确认为官方渠道,官网 pw19.com 存在（企业目录可查），但未检索到独立招聘页或 ATS；仅见招聘邮箱 hr@pw19.com / cdpwkj@163.com 与历史第三方招聘信息。企业规模较小（<50人），招聘活跃度低。
CD0105,105,成都百利药业股份有限公司,百利药业（集团官网主体：四川百利天恒药业股份有限公司 688506）,C,http://www.baili-pharm.com,是,成都市温江区海峡两岸科技园区百利路161号（另武侯区天府生命科技园）,四川省,成都市,武侯区,成都市温江区海峡两岸科技园区百利路161号（另武侯区天府生命科技园）,confirmed,生物医药,D组-生物医药,第三方平台,,third_party_platform,第三方招聘平台（非官方）,第三方招聘平台（非官方）,third_party_lead,否,false,是,,unknown,0,needs_manual_review,需人工复核,需人工复核,manual_review_required,direct_page_visit|third_party_evidence|manual_review,manual_review,2026-09-26,http://www.baili-pharm.com | https://jobs.51job.com/hefei/co6109928.html | https://jy.scu.edu.cn/index/index/employjobdetail.html?data=MDAwMDAwMDAwMJG6n3_Ed6imi4qQtLh4Y5WKubbSs4bddricp9CWi5qikaeWacSdqLqGfaK2w4iil5C4zNbGiL-E,,仅存在第三方招聘平台信息或来源不明确，无法确认为官方渠道,集团官网 baili-pharm.com 未设招聘栏目；百利药业/百利多特在招职位仅见于前程无忧、猎聘、BOSS 直聘等第三方平台与 HR 邮箱。仅第三方平台，非官方招聘来源。
CD0106,106,成都齐碳科技有限公司,齐碳科技 / QITAN TECH,C,https://www.qitantech.com,是,四川省成都市武侯区人民南路四段3号来福士广场T1-3101（生产基地：双流区凤凰路618号）,四川省,成都市,武侯区,四川省成都市武侯区人民南路四段3号来福士广场T1-3101（生产基地：双流区凤凰路618号）,confirmed,生物医药,企业官网|公开企业目录|搜索引擎公开检索,第三方平台,,third_party_platform,第三方招聘平台（非官方）,第三方招聘平台（非官方）,third_party_lead,否,false,是,,unknown,0,needs_manual_review,需人工复核,需人工复核,manual_review_required,direct_page_visit|third_party_evidence|manual_review,manual_review,2026-09-26,https://www.qitantech.com | https://www.bio-equip.com/supplyinfo85029.html | https://www.zhaopin.com/companydetail/CZ441296180 | https://m.zhipin.com/job_detail/c3d916d590cb465503J42NS-EFJW.html,,仅存在第三方招聘平台信息或来源不明确，无法确认为官方渠道,官网 qitantech.com 可查（企业官网域名经产品资料与工商目录互证），本次检索未发现独立招聘页或 ATS；成都岗位（试剂生产员、QC 等）仅见于第三方平台（智联招聘、BOSS直聘、全职招聘网）。仅第三方平台，非官方招聘来源。 ‖ 官网无「加入我们/招聘」栏目，仅提供招聘邮箱 hiring@qitantech.com；可检索到的在招职位仅第三方平台，非官方招聘来源，需人工向企业 HR 核实官方投递入口。
CD0107,107,成都天奥电子股份有限公司,天奥电子;elecspn;002935;中电科十所旗下,C,https://www.tianaodz.com,是,四川省成都市金牛区盛业路66号,四川省,成都市,金牛区,四川省成都市金牛区盛业路66号,confirmed,电子信息制造,企业官网；前程无忧校招专区（企业专属页）；重庆/四川大学就业网校招公告,第三方平台,http://campus.51job.com/elecspn,third_party_platform,第三方招聘平台（非官方）,第三方招聘平台（非官方）,third_party_lead,否,false,是,,unknown,0,needs_manual_review,需人工复核,需人工复核,source_evidence_only,direct_page_visit|third_party_evidence|manual_review,manual_review,2026-09-26,https://www.elecspn.com/index.html | http://campus.51job.com/elecspn | https://24365.cq.smartedu.cn/job/view/id/1410064/from_type/3/from_id/132733,,仅存在第三方招聘平台信息或来源不明确，无法确认为官方渠道,校招网申为前程无忧企业专属校招页（第三方，非官方ATS）；校招咨询邮箱 tadz-zhaopin@cetc.com.cn（中电科集团域名）。官网未见独立招聘栏目，需人工复核。
CD0108,108,成都雷电微力科技股份有限公司,雷电微力;RML;301050,C,http://www.rml138.com/,是,四川省成都市双流区华府大道四段19号,四川省,成都市,双流区,四川省成都市双流区华府大道四段19号,confirmed,电子信息制造,企业官网；华南理工大学/西安电子科技大学/西南科技大学就业网招聘信息；猎聘企业页,未知,https://jyzx.scut.edu.cn/zpxq/list.htm?id=484192,unknown,未知,未知,official_announcement,否,false,是,,unknown,0,needs_manual_review,需人工复核,需人工复核,source_evidence_only,direct_page_visit|official_announcement|manual_review,manual_review,2026-09-26,http://www.rml138.com/ | https://jyzx.scut.edu.cn/zpxq/list.htm?id=484192 | https://job.xidian.edu.cn/campus/view/id/756993,,仅存在第三方招聘平台信息或来源不明确，无法确认为官方渠道,官网可访问但未发现招聘栏目；公开校招信息通过企业域名HR邮箱投递（hr8000@rml138.com、li.caifeng@rml138.com）；社招岗位大量出现在猎聘（第三方），不计入官方来源，需人工复核官网招聘入口。
CD0109,109,中国航发成都发动机有限公司,中国航发成发,C,https://www.aecc.cn,是,成都市新都区成发工业园（另新都航空发动机产业园、金牛高科产业园、天府轻动产业园）,四川省,成都市,新都区,成都市新都区成发工业园（另新都航空发动机产业园、金牛高科产业园、天府轻动产业园）,confirmed,航空航天,D组-航空航天,第三方平台,https://aecc.iguopin.com/job,third_party_platform,第三方招聘平台（非官方）,第三方招聘平台（非官方）,third_party_lead,否,false,是,,not_available,0,active,有效（当前有可见职位）,有效（当前有可见职位）,source_evidence_only,direct_page_visit|third_party_evidence,third_party_active_lead,2026-09-26,https://aecc.iguopin.com/job | https://iguopin.com/job/detail?id=211244285431908992 | https://24365.cq.smartedu.cn/campus/view/id/723554/mark,,仅存在第三方招聘平台信息或来源不明确，无法确认为官方渠道,央企中国航发集团统一招聘入口（集团官网 人才招聘 → 人才招聘网 → aecc.iguopin.com），成发岗位工作地点为成都新都区；2026 届管理岗另有 campus.51job.com/420 网申页。
CD0110,110,成都中电科航空电子有限公司,电科航电 CETCA,C,http://cetca.cetc.com.cn,是,成都市高新西区百川路9号,四川省,成都市,高新西区,成都市高新西区百川路9号,confirmed,航空航天,D组-航空航天,第三方平台,https://campus.51job.com/cetca/,third_party_platform,第三方招聘平台（非官方）,第三方招聘平台（非官方）,third_party_lead,否,false,是,,not_available,0,active,有效（当前有可见职位）,有效（当前有可见职位）,source_evidence_only,direct_page_visit|third_party_evidence,third_party_active_lead,2026-09-26,https://career.buaa.edu.cn/f/recruitmentFair/show?recruitmentFairId=e403805e391843ab9a448afbd2d1058a | http://cetca.cetc.com.cn/ | https://job.bit.edu.cn/f/recruitmentFair/show?recruitmentFairId=88baf5bae3e64d1791b03e627161c458,,仅存在第三方招聘平台信息或来源不明确，无法确认为官方渠道,2026/2027 届校招官方网申页 campus.51job.com/cetca/（前程无忧托管的企业专属网申站），官网设「人力资源」栏目（/cetca/336796/336742/index.html），招聘邮箱 zhaopin@cetca.net.cn，工作地点成都（含芜湖）。
CD0111,111,成都国星宇航科技股份有限公司,国星宇航 / ADA Space,C,https://www.adaspace.com,否,四川省成都市高新区锦和路1699号,四川省,成都市,高新区,四川省成都市高新区锦和路1699号,confirmed,航空航天,公开企业目录|搜索引擎公开检索,未知,https://career.sysu.edu.cn/campus/view/id/996906,unknown,未知,未知,official_announcement,否,false,是,,unknown,0,needs_manual_review,需人工复核,需人工复核,source_evidence_only,official_announcement|manual_review,manual_review,2026-09-26,https://career.sysu.edu.cn/campus/view/id/996906 | https://www.zhipin.com/gongsi/5a015ce42031101e1XJ52dq6FQ~~.html | https://m.liepin.com/job/1982492723.shtml,,官网未验证且无官方招聘来源，真实性或可投递性无法确认,本次检索未能直接确认官网（招聘邮箱域名为 adaspace.com，推测为官网，标记为未验证）。2027 校园招聘官方投递渠道为简历邮箱 hr@adaspace.com；在招职位主要发布于第三方平台（BOSS直聘约105个职位、猎聘），其中含成都岗位（产品质量工程师、热控设计工程师、荧光检测工程师）。未见企业自有招聘系统，需人工复核。
CD0112,112,成都立航科技股份有限公司,立航科技（603261）,C,http://www.cdlihang.com,是,成都高新区安泰三路100号（另青羊区日月大道666号成飞高科技产业园）,四川省,成都市,高新区,成都高新区安泰三路100号（另青羊区日月大道666号成飞高科技产业园）,confirmed,航空航天,D组-航空航天,第三方平台,,third_party_platform,第三方招聘平台（非官方）,第三方招聘平台（非官方）,third_party_lead,否,false,是,,unknown,0,needs_manual_review,需人工复核,需人工复核,manual_review_required,direct_page_visit|third_party_evidence|manual_review,manual_review,2026-09-26,http://www.cdlihang.com/ | https://www.xihang.com.cn/jyw/2022/1102/c1284a61225/page.htm | https://jobs.51job.com 企业页,,仅存在第三方招聘平台信息或来源不明确，无法确认为官方渠道,官网导航无人才招聘栏目；招聘公告中网络投递渠道为智联招聘、BOSS 直聘、前程无忧、云校招，另有 HR 邮箱（如 51400217@qq.com）。仅第三方平台，非官方招聘来源。
CD0113,113,华雁智能科技（集团）股份有限公司,华雁智科 / Whayer,C,https://www.whayer.cn,是,四川省成都市高新区天华二路219号天府软件园C区10号楼16层,四川省,成都市,高新区,四川省成都市高新区天华二路219号天府软件园C区10号楼16层,confirmed,软件与互联网服务,企业官网|搜索引擎公开检索,第三方平台,,third_party_platform,第三方招聘平台（非官方）,第三方招聘平台（非官方）,third_party_lead,否,false,是,,unknown,0,needs_manual_review,需人工复核,需人工复核,manual_review_required,direct_page_visit|third_party_evidence|manual_review,manual_review,2026-09-26,https://www.whayer.cn/contact/ | https://m.yingjiesheng.com/xuanjianghui/xjh_5705641 | http://hnjt.bibibi.net/detail/online?id=3521885,,仅存在第三方招聘平台信息或来源不明确，无法确认为官方渠道,名单写作“成都华雁智能科技股份有限公司”，工商全称为华雁智能科技（集团）股份有限公司，总部确在成都高新区天府软件园。官网“招聘信息”栏直接跳转前程无忧与智联招聘，另有校招简历邮箱 zhaopin@whayer.cn；未见企业自有招聘系统。仅第三方平台，非官方招聘来源。
CD0114,114,成都信通信息技术有限公司,信通公司 / ICT,C,https://www.xtoneict.com,否,四川省成都市高新区交子大道177号（注册地：金牛区金科东路50号）,四川省,成都市,高新区,四川省成都市高新区交子大道177号（注册地：金牛区金科东路50号）,confirmed,软件与互联网服务,公开企业目录|行业协会|搜索引擎公开检索,未知,,unknown,未知,未知,search_evidence_only,否,false,未知,,unknown,0,needs_manual_review,需人工复核,需人工复核,manual_review_required,manual_review,manual_review,2026-09-26,https://www.baike.com/wikiid/1751129812699735997 | https://www.cititic.com/qiye/co/99986-cheng-du-xin-tong-xin-xi-ji-shu-you-xian-gong-si.htm | http://cdcea.org/doc/2021/12/14/1916.shtml,,官网未验证且无官方招聘来源，真实性或可投递性无法确认,原清单“成都深思创想/索贝运维/中科曙光存储”均不确定，按指示替换为成都信通信息技术有限公司。官网 xtoneict.com 由百科与企业目录记载，本次未直接访问确认；未检索到官网招聘入口，仅见 2019/2021 年的历史招聘信息。信息不足，需人工复核。
CD0115,115,成都卓影科技股份有限公司,卓影科技 / AMTV / Androidmov,C,https://www.amtv.cn,是,四川省成都市高新区天府软件园E区E1座,四川省,成都市,高新区,四川省成都市高新区天府软件园E区E1座,confirmed,软件与互联网服务,企业官网|搜索引擎公开检索,第三方平台,,third_party_platform,第三方招聘平台（非官方）,第三方招聘平台（非官方）,third_party_lead,否,false,是,,unknown,0,needs_manual_review,需人工复核,需人工复核,manual_review_required,direct_page_visit|third_party_evidence|manual_review,manual_review,2026-09-26,https://www.amtv.cn | https://www.shixiseng.com/com/com_yvmuwxn1xfhq | https://m.zhaopin.com/company/jobs-CZ541840820/ | https://www.yupao.com/zhaogong/355890698.html,,仅存在第三方招聘平台信息或来源不明确，无法确认为官方渠道,原清单“成都视达科”不确定，替换为成都卓影科技股份有限公司。官网 amtv.cn 为产品展示站，未见招聘栏目；岗位见于第三方平台（实习僧、智联招聘、鱼泡直聘、猎聘），工作地含成都武侯区天府软件园E区。仅第三方平台，非官方招聘来源。
CD0116,116,成都大公博创信息技术有限公司,大公博创;DGB;（清单写作成都大公博创科技有限公司）,C,https://dgbc.net.cn,是,成都电子信息产业功能区（高新西区/郫都区德源）,四川省,成都市,高新西区,成都电子信息产业功能区（高新西区/郫都区德源）,confirmed,通信与网络设备,企业官网 dgbc.net.cn；智联招聘企业页；BOSS直聘企业页；猎聘职位,第三方平台,https://www.zhaopin.com/companydetail/CZ638939220,unknown,第三方招聘平台（非官方）,第三方招聘平台（非官方）,third_party_lead,否,false,是,25,confirmed,0,needs_manual_review,需人工复核,需人工复核,manual_review_required,direct_page_visit|third_party_evidence|manual_review,manual_review,2026-09-26,https://www.dgbc.net.cn/ | https://www.zhaopin.com/companydetail/CZ638939220 | https://www.zhipin.com/job_detail/491d5ce7397bb4c003Z43d-6FlJW.html,,仅存在第三方招聘平台信息或来源不明确，无法确认为官方渠道,替换：原清单第25项“成都英创/芯电/振华”不确定，改用成都大公博创（工商登记全称为“成都大公博创信息技术有限公司”）。官网未见招聘栏目，职位主要经智联/BOSS直聘/猎聘发布（第三方，非官方ATS），需人工复核。
CD0117,117,成都芯通科技股份有限公司,芯通科技;芯通软件;837924（已终止挂牌）,C,,否,中国（四川）自由贸易试验区成都市高新区德华路333号芯通科技大厦2栋19楼（武侯区）,四川省,成都市,高新区,中国（四川）自由贸易试验区成都市高新区德华路333号芯通科技大厦2栋19楼（武侯区）,confirmed,通信与网络设备,BOSS直聘企业页；猎聘企业页；脉脉招聘帖；企查查/百度百科工商信息,第三方平台,https://m.zhipin.com/companys/f2ec09faa7ec28563nB509q1.html,third_party_platform,第三方招聘平台（非官方）,第三方招聘平台（非官方）,third_party_lead,否,false,是,,unknown,0,needs_manual_review,需人工复核,需人工复核,manual_review_required,third_party_evidence|manual_review,manual_review,2026-09-26,https://m.zhipin.com/companys/f2ec09faa7ec28563nB509q1.html | https://m.liepin.com/company/12149181/ | https://maimai.cn/article/detail?fid=1689070403,,官网未验证且无官方招聘来源，真实性或可投递性无法确认,仅第三方平台，非官方：仅检索到BOSS直聘/猎聘/脉脉招聘信息，未核实到企业自有官网域名与官方招聘系统，需人工复核。
CD0118,118,成都阿加犀智能科技有限公司,阿加犀智能｜阿加犀｜AidLux,A,https://www.aidlux.com,是,成都市武侯区,四川省,成都市,武侯区,成都市武侯区,confirmed,人工智能与大数据,搜索引擎公开检索|企业官网,加入我们,https://www.aidlux.com/about/join,official_careers_page,企业官网自建招聘页,企业官网自建招聘页,official_company,是,true,是,,not_available,7,active,有效（当前有可见职位）,有效（当前有可见职位）,direct_job_observed,direct_page_visit,official_active,2026-09-26,https://www.aidlux.com/about/join｜https://www.aidlux.com,,官方来源明确；本次抽到 7 条成都职位（其中 0 条详情页）,官网招聘页岗位未逐条标注工作城市，成都工作地按公司主体所在地与高校就业网发布的官方校招信息推定，职位 location_confidence 记为 inferred；简历投递入口为页面内『投递简历』按钮与 hr@aidlux.com
CD0119,119,成都超有爱科技有限公司,百词斩｜超有爱科技｜baicizhan｜薄荷阅读,A,https://www.baicizhan.com,是,成都市天府新区/武侯区（总部位于成都天府软件园，官方校招页写明『公司所在地: 成都』）,四川省,成都市,高新区,成都市天府新区/武侯区（总部位于成都天府软件园，官方校招页写明『公司所在地: 成都』）,confirmed,软件与互联网服务,搜索引擎公开检索|企业官网,百词斩校园招聘,https://www.baicizhan.com/mobile/campus.html,official_careers_page,企业官网自建招聘页,企业官网自建招聘页,official_company,是,true,是,,not_available,8,active,有效（当前有可见职位）,有效（当前有可见职位）,direct_job_observed,direct_page_visit,official_active,2026-09-26,https://www.baicizhan.com/mobile/campus.html,,官方来源明确；本次抽到 8 条成都职位（其中 0 条详情页）,校招页未逐职位标注城市，成都工作地依据官方页面『公司所在地: 成都』表述；页面未提供逐职位详情链接，职位 URL 记为校招页；本次按每家最多8条取前8个职位
CD0120,120,成都医云科技有限公司,医联｜Medlinker,B,https://www.medlinker.com,是,成都市高新区（天府软件园B区6栋二楼，该地址来自第三方招聘平台引用，官网招聘页本次未列出成都地址）,四川省,成都市,高新区,成都市高新区（天府软件园B区6栋二楼，该地址来自第三方招聘平台引用，官网招聘页本次未列出成都地址）,confirmed,软件与互联网服务,搜索引擎公开检索|企业官网,加入医联-HR招聘,https://medlinker.com/join/hr,official_careers_page,企业官网自建招聘页,企业官网自建招聘页,official_company,是,true,否,,not_available,0,active,有效（当前有可见职位）,有效（当前有可见职位）,direct_job_observed,direct_page_visit|search_engine_evidence,official_active,2026-09-26,https://medlinker.com/join/hr,,官方来源明确；官方页面有可见招聘信息但未取到具体职位,官网招聘页当前展示8个职位，工作地分别标注北京、深圳、上海、全国，无成都岗位，故 has_chengdu_jobs=false 且不产出成都职位样本；该页面职位发布日期显示为 2024.1.19，时效性需人工复核；成都办公地址未在官网直接核实，仅见于第三方平台引用，故不计入官方证据
CD0121,121,四川锦云数智信息技术有限公司,锦云数智｜jinyunsz,A,http://jinyunsz.com,是,成都市（官网招聘页岗位工作地点列明确写『成都』，区/街道未在官网核实）,四川省,成都市,（未在官网确认）,成都市（官网招聘页岗位工作地点列明确写『成都』，区/街道未在官网核实）,confirmed,软件与互联网服务,搜索引擎公开检索|企业官网,加入我们,http://jinyunsz.com/channels/195.html,official_careers_page,企业官网自建招聘页,企业官网自建招聘页,official_company,是,true,是,,not_available,3,active,有效（当前有可见职位）,有效（当前有可见职位）,direct_job_observed,direct_page_visit,official_active,2026-09-26,http://jinyunsz.com/channels/195.html,,官方来源明确；本次抽到 3 条成都职位（其中 0 条详情页）,公司自述成立于2016年，主营信创基础软件、AI大模型与数字人、公有云/私有云及IT运维项目；页面未逐职位提供详情链接，职位 URL 记为招聘列表页；官网未展示具体办公地址
CD0122,122,成都海艺智创科技有限公司,海艺互娱｜海艺科技｜SeaArt｜海艺AI,A,https://home.haiyi.art,是,成都市天府新区（中海财富中心/天府海创园，官网资讯与招聘公告均指向成都）,四川省,成都市,天府新区,成都市天府新区（中海财富中心/天府海创园，官网资讯与招聘公告均指向成都）,confirmed,人工智能与大数据,搜索引擎公开检索|企业官网,海艺校园招聘（Moka 专属 ATS）,https://app.mokahr.com/campus-recruitment/haiyi/150699?locale=zh-CN,official_ats_third_party_hosted,企业专属官方ATS,企业专属官方ATS,official_ats,是,true,是,,not_available,0,active,有效（当前有可见职位）,有效（当前有可见职位）,listing_count_observed,direct_page_visit|search_engine_evidence,official_active,2026-09-26,https://app.mokahr.com/campus-recruitment/haiyi/150699?locale=zh-CN｜https://home.haiyi.art,,官方来源明确；官方页面有可见招聘信息但未取到具体职位,Moka 校招站仅渲染出职位分类与数量（产品运营类共5个、内容创作类共3个、研发算法类共9个、职能支撑类共1个、星海人才计划-研究课题方向共5个），未渲染出逐职位名称与城市，故本次不产出职位样本；社招入口为 https://app.mokahr.com/recommendation-apply/haiyi ；官网右上角 MENU+ 内的『招聘信息』未能取得稳定直链（/recruitment 返回404）
CD0123,123,中移（成都）信息通信科技有限公司,中国移动成都产业研究院｜中移成研院｜中国移动(成都)产业研究院,A,https://www.cdcyy.cn,否,成都市高新区（交子大道575号J座/新通大道1333号，来自高校就业网公示，官网本次访问失败）,四川省,成都市,高新区,成都市高新区（交子大道575号J座/新通大道1333号，来自高校就业网公示，官网本次访问失败）,confirmed,软件与互联网服务,搜索引擎公开检索|企业官网,中国移动招聘网站-成都产业研究院,https://job.10086.cn/personal/campus/campus_job_list.html?cId=91,group_unified_recruitment,集团统一招聘平台,集团统一招聘平台,group_career_site,是,true,是,8,confirmed,8,active,有效（当前有可见职位）,有效（当前有可见职位）,direct_job_observed,direct_page_visit,official_active,2026-09-26,https://job.10086.cn/personal/campus/campus_job_list.html?cId=91｜https://job.10086.cn/personal/campus/,,官方来源明确；本次抽到 8 条成都职位（其中 8 条详情页）,企业主体官网 www.cdcyy.cn 本次访问失败（website_verified=否），招聘入口使用中国移动集团统一招聘平台，属于集团官方招聘平台；8条职位均带详情页直链，招聘类型为2027届校园招聘
CD0124,124,时时同云科技（成都）有限责任公司,客如云｜keruyun｜美味不用等,A,https://www.keruyun.com,是,成都市高新区（益州大道1999号15栋8层801号，工商注册地；招聘系统职位标注『四川省-成都市』）,四川省,成都市,高新区,成都市高新区（益州大道1999号15栋8层801号，工商注册地；招聘系统职位标注『四川省-成都市』）,confirmed,软件与互联网服务,搜索引擎公开检索|企业官网,时时同云招聘系统（keruyun.zhiye.com）,https://keruyun.zhiye.com/home,official_ats_third_party_hosted,企业专属官方ATS,企业专属官方ATS,official_ats,是,true,是,,not_available,12,active,有效（当前有可见职位）,有效（当前有可见职位）,direct_job_observed,direct_page_visit,official_active,2026-09-26,https://keruyun.zhiye.com/home｜https://keruyun.zhiye.com/zpdetail/230805722｜https://keruyun.zhiye.com/zpdetail/230805650,,官方来源明确；本次抽到 12 条成都职位（其中 12 条详情页）,招聘系统首页展示6个热招职位与3个长招职位，本次仅对其中2条打开了详情页并确认工作地为成都，其余职位城市未逐条核实，故只产出2条职位样本；全部职位列表见 https://keruyun.zhiye.com/alljob/?o=2
CD0125,125,杭州安恒信息技术股份有限公司（成都）,安恒信息｜DBAPPSecurity｜688023,B,https://www.dbappsecurity.com.cn,否,成都市（设有成都研发/办公机构，具体地址未在官方招聘页核实）,四川省,成都市,（未在官网确认）,成都市（设有成都研发/办公机构，具体地址未在官方招聘页核实）,confirmed,软件与互联网服务,搜索引擎公开检索|企业官网,安恒信息招聘,https://ahzp.dbappsecurity.com.cn/,official_ats_third_party_hosted,企业专属官方ATS,企业专属官方ATS,official_ats,是,true,否,,unknown,0,needs_manual_review,需人工复核,需人工复核,manual_review_required,direct_page_visit|search_engine_evidence,manual_review,2026-09-26,https://ahzp.dbappsecurity.com.cn/,,官方来源明确,招聘系统首页为JS渲染，静态抓取未取得职位列表，未在官方页面直接读到成都岗位，故 has_chengdu_jobs=false、不产出职位样本；集团主站 www.dbappsecurity.com.cn 本次未打开，website_verified=否。成都岗位信息目前仅有第三方来源，需人工到官方招聘系统复核
CD0126,126,成都链安科技有限公司,成都链安｜Beosin｜Beosin成都链安,A,https://www.lianantech.com,是,成都市高新区（天府软件园，官网岗位标注『四川成都』）,四川省,成都市,高新区,成都市高新区（天府软件园，官网岗位标注『四川成都』）,confirmed,软件与互联网服务,搜索引擎公开检索|企业官网,官网首页-招聘岗位,https://www.lianantech.com,official_careers_page,企业官网自建招聘页,企业官网自建招聘页,official_company,是,true,是,,not_available,3,active,有效（当前有可见职位）,有效（当前有可见职位）,direct_job_observed,direct_page_visit,official_active,2026-09-26,https://www.lianantech.com,,官方来源明确；本次抽到 3 条成都职位（其中 0 条详情页）,招聘信息展示在官网首页『招聘岗位』板块，未发现独立职位详情页链接，职位 URL 记为企业招聘首页；另一岗位『GA业务销售经理』标注为『全国』，未计入成都职位
CD0127,127,成都数据集团股份有限公司,成都数据集团｜CDBData｜成都市大数据集团,A,https://www.cdbdata.cn,是,成都市锦江区（2026年4月市场化选聘公告写明工作地点『成都市锦江区』）,四川省,成都市,锦江区,成都市锦江区（2026年4月市场化选聘公告写明工作地点『成都市锦江区』）,confirmed,人工智能与大数据,搜索引擎公开检索|企业官网,员工招聘-招聘公告,https://www.cdbdata.cn/job.thtml?t=1309&cid=1,official_careers_page,企业官网自建招聘页,企业官网自建招聘页,official_company,是,true,是,,not_available,1,active,有效（当前有可见职位）,有效（当前有可见职位）,direct_job_observed,direct_page_visit,official_active,2026-09-26,https://www.cdbdata.cn/job.thtml?t=1309&cid=1｜https://www.cdbdata.cn/jobinfo.thtml?t=1309&cid=78572&pn=｜https://www.cdbdata.cn/jobinfo.thtml?t=1309&cid=101179&pn=,,官方来源明确；本次抽到 1 条成都职位（其中 1 条详情页）,2026年9月社招公告的具体岗位名称放在PDF附件《岗位信息表》中，本次未能抽取文本，故职位样本取自官网可直接阅读的2026年4月市场化选聘公告（报名已于2026年5月23日截止）；2026年9月公告涉及成都房联云码科技、成都超算中心运营管理两家所属企业
CD0128,128,中科创达软件股份有限公司（成都研发中心）,中科创达｜ThunderSoft｜300496,A,https://www.thundersoft.com,是,成都市（设有成都研发中心，具体园区地址未在官方招聘页核实）,四川省,成都市,（未在官网确认）,成都市（设有成都研发中心，具体园区地址未在官方招聘页核实）,confirmed,软件与互联网服务,搜索引擎公开检索|企业官网,2026 校园招聘,https://www.thundersoft.com/careers/campus,official_careers_page,企业官网自建招聘页,企业官网自建招聘页,official_company,是,true,是,,not_available,2,active,有效（当前有可见职位）,有效（当前有可见职位）,direct_job_observed,direct_page_visit,official_active,2026-09-26,https://www.thundersoft.com/careers/campus｜https://www.thundersoft.com/xiaozhao/,,官方来源明确；本次抽到 2 条成都职位（其中 0 条详情页）,官网校招页岗位以城市列表形式展示，未提供逐职位详情页链接；算法/产品/设计/解决方案岗位本次未标注成都
CD0129,129,深信服科技股份有限公司（成都）,深信服｜Sangfor｜300454,A,https://www.sangfor.com,是,成都市（官方校招岗位工作城市含成都，具体办公地址未在招聘页标注）,四川省,成都市,（未在官网确认）,成都市（官方校招岗位工作城市含成都，具体办公地址未在招聘页标注）,confirmed,软件与互联网服务,搜索引擎公开检索|企业官网,深信服招聘（校园招聘）,https://hr.sangfor.com/schoolRecruitment,official_ats_third_party_hosted,企业专属官方ATS,企业专属官方ATS,official_ats,是,true,是,,not_available,1,active,有效（当前有可见职位）,有效（当前有可见职位）,direct_job_observed,direct_page_visit,official_active,2026-09-26,https://hr.sangfor.com/schoolRecruitment,,官方来源明确；本次抽到 1 条成都职位（其中 0 条详情页）,本次仅『技术研发工程师（AI潜力方向）』在官方页面标注含成都；其余在招岗位（客户经理、售前产品经理、FAE、安全服务等）标注为全国大中城市或深圳/长沙，未计入成都职位。历史页 hr.sangfor.com/campucompon/Delivery/4099（25届C/C++）亦曾标注成都市，本次不作为样本
CD0130,130,奇安信科技集团股份有限公司（成都）,奇安信｜Qianxin｜688561｜奇安信天工实验室,A,https://www.qianxin.com,是,成都市（官方招聘页岗位工作城市含成都，具体办公地址未在招聘页标注）,四川省,成都市,（未在官网确认）,成都市（官方招聘页岗位工作城市含成都，具体办公地址未在招聘页标注）,confirmed,软件与互联网服务,搜索引擎公开检索|企业官网,奇安信校园招聘-招聘岗位,https://www.qianxin.com/campus/internJobSearch,official_careers_page,企业官网自建招聘页,企业官网自建招聘页,official_company,是,true,是,,not_available,4,active,有效（当前有可见职位）,有效（当前有可见职位）,direct_job_observed,direct_page_visit,official_active,2026-09-26,https://www.qianxin.com/campus/internJobSearch｜https://poc.qianxin.com/join-us｜https://campus.qianxin.com/,,官方来源明确；本次抽到 4 条成都职位（其中 2 条详情页）,两个官方页面均未逐职位提供详情页直链，职位 URL 记为对应官方列表页；另有 campus.qianxin.com 为企业校招官网
CD0131,131,科大讯飞股份有限公司（成都）,科大讯飞｜iFlytek｜002230,B,https://www.iflytek.com,否,成都市（设有成都办公/研发机构，具体地址未在官方招聘页核实）,四川省,成都市,（未在官网确认）,成都市（设有成都办公/研发机构，具体地址未在官方招聘页核实）,confirmed,人工智能与大数据,搜索引擎公开检索|企业官网,科大讯飞招聘（专属 ATS）,https://iflytek.zhiye.com/campus/jobs,official_ats_third_party_hosted,企业专属官方ATS,企业专属官方ATS,official_ats,是,true,否,,unknown,0,needs_manual_review,需人工复核,需人工复核,manual_review_required,direct_page_visit|search_engine_evidence,manual_review,2026-09-26,https://iflytek.zhiye.com/campus/jobs｜https://campus.iflytek.com/,,官方来源明确,本次访问 iflytek.zhiye.com/campus/jobs 与 campus.iflytek.com/campus/jobs 均由JS动态渲染，静态抓取未取得当前在招职位列表，因此未采集职位样本，也未在官方页面直接确认成都岗位；集团主站 www.iflytek.com 本次未打开，website_verified 记为否
CD0132,132,新华三技术有限公司（成都研究所）,新华三｜H3C｜新华三集团,B,https://www.h3c.com,是,成都市（设有成都研究所，具体地址未在官方招聘页核实）,四川省,成都市,（未在官网确认）,成都市（设有成都研究所，具体地址未在官方招聘页核实）,confirmed,通信与网络设备,搜索引擎公开检索|企业官网,新华三集团招聘,https://career.h3c.com,official_careers_page,企业官网自建招聘页,企业官网自建招聘页,official_company,是,true,否,,unknown,0,needs_manual_review,需人工复核,需人工复核,manual_review_required,direct_page_visit|search_engine_evidence,manual_review,2026-09-26,https://career.h3c.com｜https://career.h3c.com/campus/jobs,,官方来源明确,本次访问 career.h3c.com/campus/jobs 返回『暂无热招职位』、career.h3c.com/h3c/position/index 返回『页面不存在』，职位列表为JS动态渲染，未能在官方页面直接读到成都岗位，故未采集职位样本、has_chengdu_jobs 记为 false；成都信息来自高校转载的企业校招通稿，非官方页面直证
CD0133,133,成都中科大旗软件股份有限公司,中科大旗｜大旗软件｜daqsoft,A,https://www.daqsoft.com,是,成都市高新区（公司总部位于中国成都AI创新中心B区）,四川省,成都市,高新区,成都市高新区（公司总部位于中国成都AI创新中心B区）,confirmed,软件与互联网服务,搜索引擎公开检索|企业官网,关于我们-加入我们,https://www.daqsoft.com/join-us.html?code=gywm&channelCode=jrwm,official_careers_page,企业官网自建招聘页,企业官网自建招聘页,official_company,是,true,是,,not_available,8,active,有效（当前有可见职位）,有效（当前有可见职位）,direct_job_observed,direct_page_visit,official_active,2026-09-26,https://www.daqsoft.com/join-us.html?code=gywm&channelCode=jrwm｜https://www.daqsoft.com/contact-us.html?code=gywm&channelCode=lxwm,,官方来源明确；本次抽到 8 条成都职位（其中 0 条详情页）,官网职位发布日期统一显示 2022-11-08，页面未更新时限说明，招聘信息时效性需人工复核；页面未给出逐职位详情链接，职位 URL 记为招聘列表页
CD0134,134,成都赤轮动画设计有限公司,赤轮动画｜CGTURBO｜cgturbo,A,http://www.cgturbo.cn,是,成都市（官网招聘页以「成都赤轮动画设计有限公司」署名，并称「成都赤轮是国内专业游戏美术外包企业」；具体办公地址未在页面披露）,四川省,成都市,,成都市（官网招聘页以「成都赤轮动画设计有限公司」署名，并称「成都赤轮是国内专业游戏美术外包企业」；具体办公地址未在页面披露）,confirmed,数字内容,搜索引擎公开检索|企业官网,人才招聘（cgturbo.cn 加入我们）,http://www.cgturbo.cn/index.php?c=category&id=16,official_careers_page,企业官网自建招聘页,企业官网自建招聘页,official_company,是,true,是,3,confirmed,3,active,有效（当前有可见职位）,有效（当前有可见职位）,direct_job_observed,direct_page_visit,official_active,2026-09-26,http://www.cgturbo.cn/index.php?c=category&id=16,,官方来源明确；本次抽到 3 条成都职位（其中 0 条详情页）,游戏美术外包企业（2015年成立，主攻次世代角色/场景）。官网「人才招聘」栏目列出 3 个在招岗位，简历投递邮箱 hr@cgturbo.cn。页面未逐条标注工作城市，成都归属为推定（location_confidence=inferred）。
CD0135,135,成都品果科技有限公司,Camera360｜品果科技｜Pinguo,A,https://www.camera360.com,是,中国四川省成都市（官网首页写明「公司总部位于中国四川省成都市」）,四川省,成都市,,中国四川省成都市（官网首页写明「公司总部位于中国四川省成都市」）,confirmed,数字内容,搜索引擎公开检索|企业官网,Camera360 加入我们（hr.camera360.com）,http://hr.camera360.com/,official_careers_page,企业官网自建招聘页,企业官网自建招聘页,official_company,是,true,是,,not_available,2,active,有效（当前有可见职位）,有效（当前有可见职位）,direct_job_observed,direct_page_visit,official_active,2026-09-26,http://hr.camera360.com/｜https://www.camera360.com/｜https://hr.camera360.com/positionDetail.html?id=61df9ec36170823b0ab66873&channel=school｜https://hr.camera360.com/positionDetail.html?id=684d91816170828e14b66a4f&channel=school,,官方来源明确；本次抽到 2 条成都职位（其中 2 条详情页）,移动影像/视觉创意产品公司（产品 Camera360、Blurrr、MIX、最美证件照等）。企业自有招聘站 hr.camera360.com，职位详情页形如 hr.camera360.com/positionDetail.html?id=xxx&channel=school。当前可见职位以实习/校招为主（市场、设计、KOL运营、内容运营），工作地点明确为成都。
CD0136,136,成都锐拓传媒广告有限公司,锐拓传媒｜RIGHTOL｜rightol,A,https://www.rightol.com,是,成都市青羊区日月大道一段1501号万和中心2栋1609号（工作地址来自高校就业网转载的企业招聘公告，官网职位页城市字段为空）,四川省,成都市,青羊区,成都市青羊区日月大道一段1501号万和中心2栋1609号（工作地址来自高校就业网转载的企业招聘公告，官网职位页城市字段为空）,confirmed,数字内容,搜索引擎公开检索|企业官网,锐拓传媒招聘官网（rightol.com/info/hr）,https://www.rightol.com/info/hr,official_careers_page,企业官网自建招聘页,企业官网自建招聘页,official_company,是,true,是,,not_available,1,active,有效（当前有可见职位）,有效（当前有可见职位）,direct_job_observed,direct_page_visit,official_active,2026-09-26,https://www.rightol.com/info/hr｜https://www.rightol.com/info/hr/HR260211135913365-202.html｜https://www.rightol.com/info/hr/HR251110152019576-201.html｜https://www.scfai.edu.cn/xsc/info/1015/14102.htm,,官方来源明确；本次抽到 1 条成都职位（其中 1 条详情页）,主营短视频、短剧、漫剧开发制作与版权运营的数字内容公司。官网自建招聘频道 rightol.com/info/hr，分「校园招聘」「社会招聘」两栏；本次核验时校园招聘可见 7 个职位、社会招聘显示「暂无职位！」。职位详情页的工作地点字段为空，成都归属为推定（location_confidence=inferred）。
CD0137,137,成都潮我看文化传媒有限公司,OST传媒｜OST娱乐｜四川原声无限文化传媒集团,A,https://www.ostmcn.com,否,成都市锦江区红豆树街77号 OST新媒体产业园（总部）；孵化基地位于锦江区红豆树街109号5层1号,四川省,成都市,锦江区,成都市锦江区红豆树街77号 OST新媒体产业园（总部）；孵化基地位于锦江区红豆树街109号5层1号,confirmed,数字内容,搜索引擎公开检索|企业官网,OST传媒 AI创作者灵活用工直招（cwkwh.com）,https://www.cwkwh.com/index.html,official_careers_page,企业官网自建招聘页,企业官网自建招聘页,official_company,是,true,是,6,confirmed,6,active,有效（当前有可见职位）,有效（当前有可见职位）,direct_job_observed,direct_page_visit,official_active,2026-09-26,https://www.cwkwh.com/index.html｜https://www.ostmcn.com/page/2.html｜https://www.ostmcn.com/,,官方来源明确；本次抽到 6 条成都职位（其中 0 条详情页）,大型直播+MCN 内容机构（2017年成立，签约达人5000+）。官方直招站 cwkwh.com 自称 OST传媒并披露公司主体与地址，列出 6 个 AIGC 创作类岗位，但岗位标注「地点灵活·可远程」「全国·远程可做」，因此工作地按推定（location_confidence=inferred）。官网主站 ostmcn.com 本次未直接访问（检索中可见）。
CD0138,138,成都市融资再担保有限责任公司,成都市融资再担保｜市再担保公司｜cd-frg,C,https://cd-frg.com,是,四川省成都市（成都市委市政府设立的国有金融企业，业务实现成都区域全覆盖）,四川省,成都市,,四川省成都市（成都市委市政府设立的国有金融企业，业务实现成都区域全覆盖）,confirmed,金融科技,搜索引擎公开检索|企业官网,官网公开招聘公告（cd-frg.com/gsgg）,https://cd-frg.com/gsgg/?page=1,unknown,未知,未知,official_announcement,否,false,是,1,confirmed,1,needs_manual_review,需人工复核,需人工复核,direct_job_observed,direct_page_visit,manual_review,2026-09-26,https://cd-frg.com/gsgg/1418.html｜https://cd-frg.com/gsgg/?page=1,,本次抽到 1 条成都职位（其中 0 条详情页）；官方来源未确认,2026年公开招聘「数据智能管理岗」1人（2026-08-31发布），报名时间为 2026-09-01 至 2026-09-15，核验时报名期已过，官网是否发布新公告需人工复核（不作为「招聘已关闭」结论）。报名入口为 cdfrg.zhaopin.com（智联招聘域名下的企业专属报名页，第三方托管，未计为官方入口）。岗位工作地点未在公告中单列，成都归属为推定。
CD0139,139,四川新网银行股份有限公司,新网银行｜XWBank,B,https://xwbank.com,否,中国(四川)自由贸易试验区成都高新区吉泰三路8号1栋1单元（官网披露的银行经营场所）,四川省,成都市,高新区,中国(四川)自由贸易试验区成都高新区吉泰三路8号1栋1单元（官网披露的银行经营场所）,confirmed,金融科技,搜索引擎公开检索|企业官网,新网银行校园招聘（Moka 企业专属网申系统）,https://app.mokahr.com/campus-recruitment/xwbank/4246?locale=zh-CN,official_ats_third_party_hosted,企业专属官方ATS,企业专属官方ATS,official_ats,是,true,否,,unknown,0,needs_manual_review,需人工复核,需人工复核,manual_review_required,direct_page_visit|search_engine_evidence,manual_review,2026-09-26,https://app.mokahr.com/campus-recruitment/xwbank/4246?locale=zh-CN｜https://www.iffs.uestc.edu.cn/info/1112/7486.htm｜https://xwbank.com/,,官方来源明确,网申系统地址由电子科技大学就业网、南方科技大学等高校渠道发布的官方招聘公告引用（https://www.iffs.uestc.edu.cn/info/1112/7486.htm ），移动端为「新网银行人力资源」公众号。本次直接访问该 Moka 校招页仅返回品牌活动图片（年会/金融科技挑战赛/新网好声音等），未见职位列表，故未抽取职位。2026届校招岗位（数字化信贷风控方向、金融科技方向）工作地点为四川省成都市，但该信息来自高校就业网转载，非企业官方页面，未计入职位样本。国聘平台在招职位（成都高新区/武侯区）为第三方平台，未计入。
CD0140,140,成都银行股份有限公司,成都银行｜BOCD｜601838,B,https://www.bocd.com.cn/,是,四川省成都市青羊区西御街16号成都银行大厦（总行）,四川省,成都市,青羊区,四川省成都市青羊区西御街16号成都银行大厦（总行）,confirmed,金融科技,搜索引擎公开检索|企业官网,成都银行招聘门户（bocd.zhiye.com）+ 官网招聘公告,https://bocd.zhiye.com/,official_ats_third_party_hosted,企业专属官方ATS,企业专属官方ATS,official_ats,是,true,是,,unknown,2,needs_manual_review,需人工复核,需人工复核,source_evidence_only,direct_page_visit,manual_review,2026-09-26,https://bocd.zhiye.com/｜https://www.bocd.com.cn/zyxxfb/rczp/zhaopingonggao/1199002198508441600.html｜https://www.bocd.com.cn/,,官方来源明确；本次抽到 2 条成都职位（其中 0 条详情页）,官网「招聘公告」栏目（bocd.com.cn/zyxxfb/rczp）发布招聘公告，公告中明确投递入口为 PC 端 https://bocd.zhiye.com/（企业专属招聘门户）。本次直接访问 bocd.zhiye.com 首页仅返回品牌宣传内容，无职位列表；已抓到的最近公告（2025-12-18）报名期为 2025-12-18 至 2025-12-31，已结束，当前是否开放新批次需人工复核（不作为「招聘已关闭」结论）。
CD0141,141,四川锦程消费金融有限责任公司,锦程消费金融｜JCCFC,A,https://www.jccfc.com,否,中国(四川)自由贸易试验区成都高新区天韵路186号（注册地；办公地含高新区天晖南街169号ACC中航城市广场）,四川省,成都市,高新区,中国(四川)自由贸易试验区成都高新区天韵路186号（注册地；办公地含高新区天晖南街169号ACC中航城市广场）,confirmed,金融科技,搜索引擎公开检索|企业官网,锦程消费金融官网招聘频道（jccfc.com/jobs）,https://www.jccfc.com/jobs,official_careers_page,企业官网自建招聘页,企业官网自建招聘页,official_company,是,true,是,,not_available,2,active,有效（当前有可见职位）,有效（当前有可见职位）,direct_job_observed,direct_page_visit,official_active,2026-09-26,https://www.jccfc.com/jobs/43｜https://www.jccfc.com/jobs/48｜https://www.jccfc.com/jobs,,官方来源明确；本次抽到 2 条成都职位（其中 2 条详情页）,官网自建招聘频道 /jobs 与 /jobs/{id} 职位详情页。本次直接访问列表页 https://www.jccfc.com/jobs 返回「服务器累了，请稍后再试」，但职位详情页（/jobs/43、/jobs/48）在检索中可见且明确标注工作地点「四川成都」。公司总部/注册地在成都高新区，全国首批、中西部首家消费金融公司。
CD0142,142,成都农村商业银行股份有限公司,成都农商银行｜CDRCB,A,https://www.cdrcb.com,否,四川省成都市武侯区（总行；成都地区营业网点500余个）,四川省,成都市,武侯区,四川省成都市武侯区（总行；成都地区营业网点500余个）,confirmed,金融科技,搜索引擎公开检索|企业官网,成都农商银行官网招聘公告栏目,https://www.cdrcb.com/pin/zpdetail.htm?id=267,official_careers_page,企业官网自建招聘页,企业官网自建招聘页,official_company,是,true,是,,not_available,1,active,有效（当前有可见职位）,有效（当前有可见职位）,direct_job_observed,direct_page_visit,official_active,2026-09-26,https://www.cdrcb.com/pin/zpdetail.htm?id=267｜https://www.cdrcb.com/pin/zpdetail.htm?id=237,,官方来源明确；本次抽到 1 条成都职位（其中 0 条详情页）,官网设招聘公告栏目（cdrcb.com/pin/zpdetail.htm?id=xxx）。2027年校园招聘公告报名时间为 2026年9月17日至10月25日（核验时处于开放期），岗位含分支行综合柜员岗（中心城区，90人）、分支行综合柜员岗（县市新城/异地机构，60人）等；网申系统为 cdrcb2027.zhaopin.com（智联招聘域名下的企业专属网申站，第三方托管，未作为官方入口计入）。本次未抽取「异地机构」岗位为成都岗位。
CD0143,143,四川银行股份有限公司,四川银行｜SCBANK,B,https://www.scbank.cn,是,四川省成都市（总行；已在成都等14个市州设立分行）,四川省,成都市,,四川省成都市（总行；已在成都等14个市州设立分行）,confirmed,金融科技,搜索引擎公开检索|企业官网,四川银行招聘系统（scbank.hotjob.cn）+ 官网招聘公告栏目,https://scbank.hotjob.cn/,official_ats_third_party_hosted,企业专属官方ATS,企业专属官方ATS,official_ats,是,true,否,,unknown,0,needs_manual_review,需人工复核,需人工复核,manual_review_required,direct_page_visit|search_engine_evidence,manual_review,2026-09-26,https://scbank.hotjob.cn/｜https://openbank.scbank.cn/cn/col323/4925258.html｜https://www.scbank.cn/cn/col323/3089625.html,,官方来源明确,四川省首家省级法人城商行，2020年11月成立，总行在成都。官网设招聘公告栏目（scbank.cn/cn/col323），社招/暑期实习网申系统为 scbank.hotjob.cn（企业专属、第三方托管）。本次直接访问 scbank.hotjob.cn 首页为前端渲染、无职位数据；2026年社招启事（8月）报名渠道指向智联招聘（第三方），故未抽取职位样本，需人工复核当前在招职位。
CD0144,144,国宝人寿保险股份有限公司,国宝人寿｜panda-assets,A,https://www.panda-assets.com,是,四川省成都市（总公司及四川分公司均在成都）,四川省,成都市,,四川省成都市（总公司及四川分公司均在成都）,confirmed,金融科技,搜索引擎公开检索|企业官网,国宝人寿官网人才招聘频道（panda-assets.com/Position）,https://www.panda-assets.com/Position,official_careers_page,企业官网自建招聘页,企业官网自建招聘页,official_company,是,true,是,,not_available,4,active,有效（当前有可见职位）,有效（当前有可见职位）,direct_job_observed,direct_page_visit,official_active,2026-09-26,https://www.panda-assets.com/Position｜https://www.panda-assets.com/Position/Detail/239｜https://www.panda-assets.com/Position/Detail/235｜http://panda-assets.com/Position/Detail/267｜http://panda-assets.com/Position/Detail/264,,官方来源明确；本次抽到 4 条成都职位（其中 4 条详情页）,官网自建人才招聘频道，职位详情页形如 panda-assets.com/Position/Detail/{id}，页面字段明确「地点：成都」「部门」等，简历投递邮箱 recruit@panda-assets.com。本次直接访问频道首页仅返回薪酬福利/工作环境介绍，职位条目由详情页直接确认。其中「四川分公司办公室(组织人事部)IT支持兼综合管理岗」第一批简历接收截止 2026-03-06，「总公司投资业务部运营保障室负责人」报名时间为 2025-12-05 至 2025-12-15，均已过期，抽取时已标注。
CD0145,145,成都星合互娱科技有限公司,星合互娱｜STAR UNION｜staruniongame,A,https://www.staruniongame.com,是,中国成都市天府新区祥鹤四街418号中海财富中心（官网「加入我们」页披露公司地址）,四川省,成都市,天府新区,中国成都市天府新区祥鹤四街418号中海财富中心（官网「加入我们」页披露公司地址）,confirmed,游戏,搜索引擎公开检索|企业官网,加入我们（staruniongame.com/cn/join）,https://www.staruniongame.com/cn/join,official_careers_page,企业官网自建招聘页,企业官网自建招聘页,official_company,是,true,是,,not_available,5,active,有效（当前有可见职位）,有效（当前有可见职位）,direct_job_observed,direct_page_visit,official_active,2026-09-26,https://www.staruniongame.com/cn/join｜https://www.staruniongame.com/en/join｜https://www.staruniongame.com/cn/about,,官方来源明确；本次抽到 5 条成都职位（其中 0 条详情页）,出海 SLG 游戏公司（2019年成立，三七互娱天使轮投资）。官网中英文站均设「加入我们」栏目并按「职位名称/职位类别/工作地点/招聘类型」列表展示岗位，工作地明确为成都、招聘类型为社会招聘。本次直接抓取该页为前端渲染（仅返回导航），职位名称与工作地取自检索结果对该官方页面正文的收录内容，建议在浏览器端复核。
CD0146,146,成都力比科技有限公司,力比科技｜Libii,A,https://libii.cn,是,成都市高新区（工商登记地址：中国(四川)自由贸易试验区成都高新区府城大道西段399号9栋4层2号；官网未在页面披露地址）,四川省,成都市,高新区,成都市高新区（工商登记地址：中国(四川)自由贸易试验区成都高新区府城大道西段399号9栋4层2号；官网未在页面披露地址）,confirmed,游戏,搜索引擎公开检索|企业官网,当前诚聘（libii.cn 招聘页）,https://libii.cn/?page_id=225,official_careers_page,企业官网自建招聘页,企业官网自建招聘页,official_company,是,true,是,4,confirmed,4,active,有效（当前有可见职位）,有效（当前有可见职位）,direct_job_observed,direct_page_visit,official_active,2026-09-26,https://libii.cn/?page_id=225｜https://libii.cn?lang=en&page_id=225/｜https://libii.cn,,官方来源明确；本次抽到 4 条成都职位（其中 0 条详情页）,休闲/女性向手游研发公司（2012年成立，产品含「瞬搭SuitU」「剪纸公主的冰雪世界」「时尚幻想」）。官网招聘页「当前诚聘!」列出 4 个在招职位及招聘人数（各1名），英文版为 https://libii.cn?lang=en&page_id=225/。页面未逐条标注工作城市，成都归属为推定（location_confidence=inferred）。
CD0147,147,成都士兰半导体制造有限公司,成都士兰｜士兰微成都｜Silan Chengdu,A,https://www.silan.com.cn/,是,四川省成都市金堂县淮口街道成阿工业园区士芯路9号,四川省,成都市,金堂县,四川省成都市金堂县淮口街道成阿工业园区士芯路9号,confirmed,半导体与集成电路,搜索引擎公开检索|企业官网,人才招聘-校园招聘-校招岗位,https://www.silan.com.cn/index.php/about/post.html,group_unified_recruitment,集团统一招聘平台,集团统一招聘平台,group_career_site,是,true,是,,not_available,1,active,有效（当前有可见职位）,有效（当前有可见职位）,direct_job_observed,direct_page_visit,official_active,2026-09-26,https://www.silan.com.cn/index.php/about/post.html｜https://www.silan.com.cn/index.php/about/joindetails/280.html,,官方来源明确；本次抽到 1 条成都职位（其中 1 条详情页）,集团统一招聘。本次仅在校招岗位表中检索到 1 个明确含成都的岗位；社会招聘另见 silan.com.cn/index.php/about/social.html（本次未抓取到职位明细）。成都主体为生产制造基地（外延片、功率模块封测），社招岗位多经第三方平台与现场直招发布。
CD0148,148,成都思科瑞微电子股份有限公司,思科瑞｜SCREEN｜688053,C,http://www.cd-screen.cn,否,四川省成都市高新区安泰四路68号（另龙泉驿区星光西路117号国光产业园）,四川省,成都市,高新区,四川省成都市高新区安泰四路68号（另龙泉驿区星光西路117号国光产业园）,confirmed,半导体与集成电路,搜索引擎公开检索|企业官网,,,not_found,未找到,未找到,unknown,否,false,否,,unknown,0,not_found,未找到官方招聘入口,未找到官方招聘入口,manual_review_required,direct_page_visit|search_engine_evidence,unavailable_or_no_job,2026-09-26,http://cd-screen.cn/lxwm,,官方来源未确认,官网 cd-screen.cn 本次抓取失败（fetch failed），未找到「人才招聘/加入我们」栏目或 ATS；公开在招职位（测试开发工程师、DPA/失效分析工程师等，工作地成都郫都/龙泉驿）仅见于智联招聘、猎聘等第三方平台，按规则不计入官方来源，需人工复核官网招聘入口。
CD0149,149,成都芯源系统有限公司,芯源系统｜MPS｜Monolithic Power Systems｜MPS成都,B,https://www.monolithicpower.com,是,四川省成都市高新西区综合保税区科新路8号,四川省,成都市,高新西区,四川省成都市高新西区综合保税区科新路8号,confirmed,半导体与集成电路,搜索引擎公开检索|企业官网,Careers - Job Listings,https://www.monolithicpower.com/en/about-mps/careers/job-listings.html,official_careers_page,企业官网自建招聘页,企业官网自建招聘页,official_company,是,true,是,,unknown,0,needs_manual_review,需人工复核,需人工复核,manual_review_required,direct_page_visit|search_engine_evidence,manual_review,2026-09-26,https://www.monolithicpower.com/en/about-mps/careers/job-listings.html,,官方来源明确,全球招聘门户职位列表页为 JS 动态加载，本次静态抓取未返回任何职位明细（/careers/home、/careers/2026-campus-recruitment 均返回 404）；校招网申另经 xz.51job.com/mps/（第三方，未计入）。需人工在门户按 Chengdu 检索补录职位。
CD0150,150,四川赛狄信息技术股份公司,赛狄｜SDRISING｜四川赛狄,A,https://www.sdrising.com/,是,四川省成都市高新区西区新创路2号,四川省,成都市,高新区,四川省成都市高新区西区新创路2号,confirmed,电子信息制造,搜索引擎公开检索|企业官网,赛狄招聘-社会招聘,https://www.sdrising.com/category/topic-5,official_careers_page,企业官网自建招聘页,企业官网自建招聘页,official_company,是,true,是,,not_available,6,active,有效（当前有可见职位）,有效（当前有可见职位）,direct_job_observed,direct_page_visit,official_active,2026-09-26,https://www.sdrising.com/｜https://www.sdrising.com/category/topic-5｜https://sdrising.com/content/content-473,,官方来源明确；本次抽到 6 条成都职位（其中 6 条详情页）,军工电子信息装备硬件系统配套企业（国家级专精特新小巨人）。职位详情页部分标注「成都」或「成都、西安」；未标注城市的职位按公司唯一经营地成都高新西区推定。官网另注明应聘方式含 BOSS直聘/智联/前程无忧（第三方，未计入）。
CD0151,151,成都运达科技股份有限公司,运达科技｜YUNDA｜300440,A,https://www.yd-tec.com,是,四川省成都市郫都区（运达科技总部及产业园）,四川省,成都市,郫都区,四川省成都市郫都区（运达科技总部及产业园）,confirmed,智能制造与装备,搜索引擎公开检索|企业官网,加入我们-人才招聘,https://www.yd-tec.com/job.html,official_careers_page,企业官网自建招聘页,企业官网自建招聘页,official_company,是,true,是,,not_available,6,active,有效（当前有可见职位）,有效（当前有可见职位）,direct_job_observed,direct_page_visit,official_active,2026-09-26,https://www.yd-tec.com/job.html｜https://www.yd-tec.com/jobinfo/495242729945563136.html,,官方来源明确；本次抽到 6 条成都职位（其中 6 条详情页）,轨道交通智能系统供应商。官网人才招聘页未逐条标注工作地点，按公司总部/主要办公地成都郫都区推定；首页另公示「运达科技2027届校园招聘正式启动」。
CD0152,152,成都天箭科技股份有限公司,天箭科技｜TJIAN｜002977,A,https://www.tjian.com.cn,是,四川省成都市锦江区（另成华区华盛路58号35栋）,四川省,成都市,锦江区,四川省成都市锦江区（另成华区华盛路58号35栋）,confirmed,电子信息制造,搜索引擎公开检索|企业官网,加入我们 JOIN US,https://www.tjian.com.cn/join/default.html,official_careers_page,企业官网自建招聘页,企业官网自建招聘页,official_company,是,true,是,2,confirmed,2,active,有效（当前有可见职位）,有效（当前有可见职位）,direct_job_observed,direct_page_visit,official_active,2026-09-26,https://www.tjian.com.cn/join/default.html｜https://www.tjian.com.cn/en/enjoin/default.html,,官方来源明确；本次抽到 2 条成都职位（其中 0 条详情页）,官网主体显示为「天箭科技」，主营 MEMS 惯性传感与导航探测方向；与上市公司成都天箭科技股份有限公司（002977）的主体对应关系需人工复核。社招岗位另有智联招聘/前程无忧渠道（第三方，未计入）。
CD0153,153,成都奕成科技股份有限公司,成都奕成集成电路有限公司｜奕成科技｜echint｜奕斯伟生态,B,,否,四川省成都市高新西区,四川省,成都市,高新西区,四川省成都市高新西区,confirmed,半导体与集成电路,搜索引擎公开检索|企业官网,2027届校园招聘网申（北森 zhiye 企业专属门户）,https://echint.zhiye.com/campus/jobs,official_ats_third_party_hosted,企业专属官方ATS,企业专属官方ATS,official_ats,是,true,是,,unknown,0,needs_manual_review,需人工复核,需人工复核,manual_review_required,direct_page_visit|search_engine_evidence,manual_review,2026-09-26,https://echint.zhiye.com/campus/jobs,,官方来源明确,本次静态抓取 echint.zhiye.com/campus/jobs 仅返回登录/搜索框架，未取到职位列表与详情链接，故未抽取职位样本。校招公告所列 16 个岗位（版图设计、封装设计、仿真、工艺设备、测试、良率等）来自第三方校招资讯平台转载，未计入官方职位。工商全称可能为「成都奕成集成电路有限公司」，需人工复核。
CD0154,154,晶艺半导体有限公司,晶艺半导体｜LatticeArt,B,http://latticeart.com,否,四川省成都市高新区天府大道北段1777号7栋NIC国创中心1单元15层,四川省,成都市,高新区,四川省成都市高新区天府大道北段1777号7栋NIC国创中心1单元15层,confirmed,半导体与集成电路,搜索引擎公开检索|企业官网,人才招聘,http://latticeart.com/page.php?id=5,official_careers_page,企业官网自建招聘页,企业官网自建招聘页,official_company,是,true,否,,not_available,0,accessible_no_job,入口可访问但暂无职位,入口可访问但暂无职位,manual_review_required,direct_page_visit|search_engine_evidence,unavailable_or_no_job,2026-09-26,http://latticeart.com/page.php?id=5,,官方来源明确,官网人才招聘页未列出任何职位明细，仅引导至前程无忧企业页（jobs.51job.com/all/co5807709.html，第三方，未计入）或邮箱投递，故记为「入口可访问但官网无职位」。2027 届校招岗位（模拟IC设计工程师、应用工程师（电机）等，工作地成都）来自高校就业网转载的企业简章，需人工在官网核实。
CD0155,155,成都航宇超合金技术有限公司,成都航宇｜CAST｜炼石航空子公司,C,https://www.sccast.com,是,四川省成都市双流区西航港大道南延线2999号,四川省,成都市,双流区,四川省成都市双流区西航港大道南延线2999号,confirmed,航空航天,搜索引擎公开检索|企业官网,,,not_found,未找到,未找到,unknown,否,false,否,,unknown,0,not_found,未找到官方招聘入口,未找到官方招聘入口,manual_review_required,direct_page_visit|search_engine_evidence,unavailable_or_no_job,2026-09-26,https://www.sccast.com/index.html,,官方来源未确认,官网仅设公司简介、公司动态等栏目，未检索到「人才招聘/加入我们」栏目或企业专属 ATS；在招职位（实验室技术员、铸造技术研发工程师、QC质量工程师等，工作地成都双流）仅见于前程无忧、全职招聘网等第三方平台，按规则不计入官方来源，需人工复核官网招聘入口。
CD0156,156,成都盟升电子技术股份有限公司,盟升电子｜MENGSHENG｜688311,A,https://www.microwave-signal.com,是,四川省成都市天府新区兴隆街道桐子咀南街350号,四川省,成都市,天府新区,四川省成都市天府新区兴隆街道桐子咀南街350号,confirmed,通信与网络设备,搜索引擎公开检索|企业官网,社会招聘,https://www.microwave-signal.com/join.aspx?t=53,official_careers_page,企业官网自建招聘页,企业官网自建招聘页,official_company,是,true,是,11,confirmed,11,active,有效（当前有可见职位）,有效（当前有可见职位）,direct_job_observed,direct_page_visit,official_active,2026-09-26,https://www.microwave-signal.com/join.aspx?t=53｜https://www.microwave-signal.com/join_detail.aspx?t=53&ContentId=1033,,官方来源明确；本次抽到 11 条成都职位（其中 11 条详情页）,官网社招列表页未逐条标注工作地点，按公司总部（成都天府新区）推定；抽查的「射频工程师」详情页显示发布时间 2023.09.04，社招列表时效需人工复核。校招另有 mshr@microwave-signal.com 邮箱投递。
CD0157,157,成都亚光电子股份有限公司,成都亚光｜亚光科技集团｜970厂,B,https://www.ygkjgroup.com,是,四川省成都市成华区东虹路66号,四川省,成都市,成华区,四川省成都市成华区东虹路66号,confirmed,半导体与集成电路,搜索引擎公开检索|企业官网,人才招聘,https://www.ygkjgroup.com/about/2.html,group_unified_recruitment,集团统一招聘平台,集团统一招聘平台,group_career_site,是,true,是,5,confirmed,5,needs_manual_review,需人工复核,需人工复核,direct_job_observed,direct_page_visit,manual_review,2026-09-26,https://www.ygkjgroup.com/about/2.html｜https://www.ygkjgroup.com/about/show-191.html｜https://www.ygkjgroup.com/about/show-240.html,,官方来源明确；本次抽到 5 条成都职位（其中 5 条详情页）,集团统一招聘（母公司亚光科技集团股份有限公司 300123）。官网招聘页所列 5 个职位发布日期均为 2023-02，未见更新，是否仍有效需人工复核。成都主体公开在招职位多见于智联招聘等第三方平台（未计入官方来源）。
CD0158,158,迈普通信技术股份有限公司,迈普｜maipu｜中国电子CEC旗下,A,https://www.maipu.cn,是,四川省成都市高新区（迈普总部及主要研发基地）,四川省,成都市,高新区,四川省成都市高新区（迈普总部及主要研发基地）,confirmed,通信与网络设备,搜索引擎公开检索|企业官网,迈普招聘-2027届校园招聘网申（Moka）,https://app.mokahr.com/campus-recruitment/maipu/45544,official_ats_third_party_hosted,企业专属官方ATS,企业专属官方ATS,official_ats,是,true,是,8,confirmed,0,active,有效（当前有可见职位）,有效（当前有可见职位）,listing_count_observed,direct_page_visit|search_engine_evidence,official_active,2026-09-26,https://app.mokahr.com/campus-recruitment/maipu/45544｜https://www.maipu.cn,,官方来源明确；官方页面有可见招聘信息但未取到具体职位,Moka 网申页仅渲染职位类别与数量，静态抓取未返回具体职位名称与城市，故本次未抽取职位样本。另有北森托管门户 maipu.zhiye.com（本次访问返回 Not Found）与微信公众号「迈普招聘」。
CD0159,159,成都佳驰电子科技股份有限公司,佳驰科技｜688708｜CDJC,A,https://www.cdjc.com.cn,是,四川省成都市郫都区德源街道文明街西段288号,四川省,成都市,郫都区,四川省成都市郫都区德源街道文明街西段288号,confirmed,新材料,搜索引擎公开检索|企业官网,人才招聘-招贤纳士,https://www.cdjc.com.cn/joinus,official_careers_page,企业官网自建招聘页,企业官网自建招聘页,official_company,是,true,是,,not_available,8,active,有效（当前有可见职位）,有效（当前有可见职位）,direct_job_observed,direct_page_visit,official_active,2026-09-26,https://www.cdjc.com.cn/joinus｜https://www.cdjc.com.cn,,官方来源明确；本次抽到 8 条成都职位（其中 0 条详情页）,官网 joinus 页面职位区由 JS 渲染，静态抓取仅取到人才理念部分；职位名称与「成都」标注取自该官方页面在检索结果中的可见快照，职位详情页由网申通道（智联校园 xiaoyuan.zhaopin.com，第三方）承载，故 url_type 记为 listing_page。
CD0160,160,成都储翰科技股份有限公司,储翰科技｜TSUHAN｜中际旭创控股,A,http://www.tsuhan.cn,否,四川省成都市双流区黄甲街道牧科路8号,四川省,成都市,双流区,四川省成都市双流区黄甲街道牧科路8号,confirmed,通信与网络设备,搜索引擎公开检索|企业官网,加入我们 JOIN US,http://www.tsuhan.cn/design/5.html,official_careers_page,企业官网自建招聘页,企业官网自建招聘页,official_company,是,true,是,5,confirmed,5,active,有效（当前有可见职位）,有效（当前有可见职位）,direct_job_observed,direct_page_visit,official_active,2026-09-26,http://www.tsuhan.cn/design/5.html,,官方来源明确；本次抽到 5 条成都职位（其中 0 条详情页）,官网 tsuhan.cn 本次 HTTPS 抓取失败（fetch failed），职位列表与地址取自该官方页面在检索结果中的可见快照，官网可达性标记为未验证。公司为单基地经营（双流黄甲），职位工作地点按公司地址推定。
CD0161,161,四川光恒通信技术有限公司,光恒通信｜Sunstar｜长飞光纤控股,A,https://www.cnsunstar.com/,是,四川省成都市高新西区西区大道199号成都模具工业园D1栋四楼,四川省,成都市,高新西区,四川省成都市高新西区西区大道199号成都模具工业园D1栋四楼,confirmed,通信与网络设备,搜索引擎公开检索|企业官网,加入我们,https://www.cnsunstar.com/join.html?t=2,official_careers_page,企业官网自建招聘页,企业官网自建招聘页,official_company,是,true,是,3,confirmed,3,active,有效（当前有可见职位）,有效（当前有可见职位）,direct_job_observed,direct_page_visit,official_active,2026-09-26,https://www.cnsunstar.com/join.html?t=2｜https://www.cnsunstar.com/,,官方来源明确；本次抽到 3 条成都职位（其中 0 条详情页）,职位页未逐条标注工作地点，按公司唯一生产经营地（成都高新西区）推定。公司为长飞光纤（601869.SH）控股子公司，主营光器件/高速光模块。
CD0162,162,成都卡诺普机器人技术股份有限公司,卡诺普｜CRP ROBOT｜卡诺普机器人,A,https://www.crprobot.com,是,四川省成都市成华区华月路188号,四川省,成都市,成华区,四川省成都市成华区华月路188号,confirmed,智能制造与装备,搜索引擎公开检索|企业官网,人才招聘,https://crprobot.com/c/zhaopin.html,official_careers_page,企业官网自建招聘页,企业官网自建招聘页,official_company,是,true,是,3,confirmed,2,active,有效（当前有可见职位）,有效（当前有可见职位）,direct_job_observed,direct_page_visit,official_active,2026-09-26,https://crprobot.com/c/zhaopin.html｜https://www.crprobot.com/c/contact.html｜https://www.crprobot.com/d/tongzhigonggao/152.html,,官方来源明确；本次抽到 2 条成都职位（其中 0 条详情页）,官网 2026-08-28 发布《关于近期不法分子冒用我司名义进行虚假招聘的严正声明》，确认官方招聘渠道为公司官网 www.crprobot.com 及官方认证平台账号；页面另注明「简历投递请前往BOSS直聘和前程无忧搜索卡诺普」（第三方，未计入）。「华东技术工程师」明显为华东岗位，未作为成都职位抽取。职位页未逐条标注城市，按总部成都成华区推定。
CD0163,163,成都智明达电子股份有限公司,智明达｜ZMD｜688636,B,http://www.zmdde.com,否,四川省成都市青羊区敬业路108号T1栋（青羊工业总部基地T区1栋）,四川省,成都市,青羊区,四川省成都市青羊区敬业路108号T1栋（青羊工业总部基地T区1栋）,confirmed,电子信息制造,搜索引擎公开检索|企业官网,人才招聘 / 招聘公告,http://www.zmdde.com/,official_careers_page,企业官网自建招聘页,企业官网自建招聘页,official_company,是,true,是,,unknown,0,needs_manual_review,需人工复核,需人工复核,manual_review_required,direct_page_visit|search_engine_evidence,manual_review,2026-09-26,http://www.zmdde.com/,,官方来源明确,官网 zmdde.com 本次 HTTPS 直接抓取失败（fetch failed），未能定位到人才招聘/招聘公告子页 URL 与在线职位列表，招聘入口 URL 暂记官网首页，需人工补全具体栏目地址与在招职位。
CD0164,164,成都蓉生药业有限责任公司,国药天坛蓉生｜蓉生药业｜天坛生物核心子公司,A,https://www.ronsen.com,是,成都市高新区起步园科园南路7号（招聘公告联系地址：成都市双流区菁园路280号）,四川省,成都市,高新区,成都市高新区起步园科园南路7号（招聘公告联系地址：成都市双流区菁园路280号）,confirmed,生物医药,搜索引擎公开检索|企业官网,人才招聘,https://www.ronsen.com/list-45-1.html,official_careers_page,企业官网自建招聘页,企业官网自建招聘页,official_company,是,true,是,,not_available,1,active,有效（当前有可见职位）,有效（当前有可见职位）,direct_job_observed,direct_page_visit,official_active,2026-09-26,https://www.ronsen.com/list-45-1.html｜https://www.ronsen.com,,官方来源明确；本次抽到 1 条成都职位（其中 0 条详情页）,已直接访问官网人才招聘页，当前仅1条公开招聘信息（2026年度博士后），发布日期2026.1.21，报名截止2026-03-31。列表页无独立详情链接，职位URL沿用列表页。
CD0165,165,海思科医药集团股份有限公司（四川海思科制药有限公司）,海思科｜Haisco｜002653｜四川海思科制药,A,https://www.haisco.com,是,成都市温江区海峡两岸科技产业开发园百利路136号,四川省,成都市,温江区,成都市温江区海峡两岸科技产业开发园百利路136号,confirmed,生物医药,搜索引擎公开检索|企业官网,人才招聘（社招 ATS：海思科招聘官网）,https://wecruit.hotjob.cn/SU6663b85a1eb8051cd22556e3/pb/social.html,official_ats_third_party_hosted,企业专属官方ATS,企业专属官方ATS,official_ats,是,true,是,93,confirmed,8,active,有效（当前有可见职位）,有效（当前有可见职位）,direct_job_observed,direct_page_visit,official_active,2026-09-26,https://wecruit.hotjob.cn/SU6663b85a1eb8051cd22556e3/pb/social.html｜https://www.haisco.com/recruitment.html｜https://www.haisco.com,,官方来源明确；本次抽到 8 条成都职位（其中 0 条详情页）,已直接访问企业专属社招 ATS，页面显示「在招职位 93 个」，其中多条工作地点为成都市/成都市-温江区，更新日期 2026-07 至 2026-09。列表页未给出独立详情URL，职位URL沿用列表页。集团校招另走 haisco.gllue.com（大易）。
CD0166,166,成都美富特环保产业股份有限公司,美富特环保｜美富特膜环保｜MFT,A,https://www.mft-cn.com,是,成都市金牛区金科北路48号5楼（生产基地：成都金堂淮口）,四川省,成都市,金牛区,成都市金牛区金科北路48号5楼（生产基地：成都金堂淮口）,confirmed,新材料,搜索引擎公开检索|企业官网,加入我们（招聘信息）,http://mft-cn.com/join/68.html,official_careers_page,企业官网自建招聘页,企业官网自建招聘页,official_company,是,true,是,,not_available,6,active,有效（当前有可见职位）,有效（当前有可见职位）,direct_job_observed,direct_page_visit,official_active,2026-09-26,http://mft-cn.com/join/68.html｜https://www.mft-cn.com/news/detail/223.html,,官方来源明确；本次抽到 6 条成都职位（其中 0 条详情页）,主营膜材料与水处理装备（膜技术方向，归为新材料）。已直接访问官网招聘页，共17条职位，抽取工作地址明确为成都/金堂的6条；其余标注「全国」「川渝」「上海、川渝」的未抽取。页面无独立详情链接，职位URL沿用列表页。部分职位发布日期为2025年，页面当前仍可见。
CD0167,167,中创新航科技（成都）有限公司,中创新航成都｜CALB Chengdu｜中航锂电成都,A,http://www.calb-tech.com,是,四川省成都经济技术开发区（龙泉驿区）大面街道成龙大道二段888号,四川省,成都市,龙泉驿区,四川省成都经济技术开发区（龙泉驿区）大面街道成龙大道二段888号,confirmed,新能源,搜索引擎公开检索|企业官网,中创新航招聘（企业专属ATS）·社会招聘,https://calbjs.zhiye.com/social/jobs,official_ats_third_party_hosted,企业专属官方ATS,企业专属官方ATS,official_ats,是,true,是,,not_available,2,active,有效（当前有可见职位）,有效（当前有可见职位）,direct_job_observed,direct_page_visit,official_active,2026-09-26,https://calbjs.zhiye.com/social/jobs｜https://calbjs.zhiye.com/｜https://cd.sc91.org.cn/app/home/jobdetail/2985410.shtml?comptype=1&post_id=1034626,,官方来源明确；本次抽到 2 条成都职位（其中 0 条详情页）,已直接访问社招职位列表，共20条职位，其中2条工作地点含四川省·成都市；同页自贡市、眉山市职位未抽取。校招频道 /campus/jobs 当前返回「暂时没有符合条件的职位」。列表页职位「查看详情」为JS动作链接，职位URL沿用列表页。
CD0168,168,成都威力生生物科技有限公司,威力生生物｜Wesley Biotech,B,http://www.china-wls.com,是,成都市高新区科园南路88号天府生命科技园B6幢,四川省,成都市,高新区,成都市高新区科园南路88号天府生命科技园B6幢,confirmed,医疗器械,搜索引擎公开检索|企业官网,社会招聘,http://www.china-wls.com/jobs/1.html,official_careers_page,企业官网自建招聘页,企业官网自建招聘页,official_company,是,true,否,,unknown,0,needs_manual_review,需人工复核,需人工复核,manual_review_required,direct_page_visit|search_engine_evidence,manual_review,2026-09-26,http://www.china-wls.com/jobs/1.html｜http://www.china-wls.com,,官方来源明确,血液净化设备（三类医疗器械）企业。官网社会招聘页可访问、职位条目工作地写「四川省成都市高新区」，但职位名称在静态页中缺失（模板未渲染），无法取得确切职位名，故未抽取职位样本，需人工复核。
CD0169,169,成都华神科技集团股份有限公司,华神科技｜000790｜成都中医药大学华神药业,A,http://www.huasungrp.com,否,四川省成都市武侯区（华神科技集团总部）,四川省,成都市,武侯区,四川省成都市武侯区（华神科技集团总部）,confirmed,生物医药,搜索引擎公开检索|企业官网,加入我们-社会招聘,https://oa.huasungrp.com/html/web/jiaruwomen/shehuizhaopin/2045025333799936001.html,official_careers_page,企业官网自建招聘页,企业官网自建招聘页,official_company,是,true,是,,not_available,1,active,有效（当前有可见职位）,有效（当前有可见职位）,direct_job_observed,direct_page_visit,official_active,2026-09-26,https://oa.huasungrp.com/html/web/jiaruwomen/shehuizhaopin/2045025333799936001.html,,官方来源明确；本次抽到 1 条成都职位（其中 1 条详情页）,已直接访问该职位详情页（综合QA，发布时间2026年04月17日，带职位ID的可直达URL）。页面「地点」字段为空，工作地按公司成都总部推定（location_confidence=inferred）。社会招聘列表页 URL 未抓取成功（资源不存在），建议人工补全。官网主域 www.huasungrp.com 本次未直接访问验证。
CD0170,170,成都威特电喷有限责任公司,威特电喷｜cdwit｜成飞集团全资子公司,B,http://www.cdwit.com,是,成都市高新区西源大道84号,四川省,成都市,高新区,成都市高新区西源大道84号,confirmed,智能制造与装备,搜索引擎公开检索|企业官网,人力资源-人才招聘,http://www.cdwit.com/rlzy.html,official_careers_page,企业官网自建招聘页,企业官网自建招聘页,official_company,是,true,否,,not_available,0,active,有效（当前有可见职位）,有效（当前有可见职位）,listing_count_observed,direct_page_visit|search_engine_evidence,official_active,2026-09-26,http://www.cdwit.com/rlzy.html｜http://www.cdwit.com,,官方来源明确；官方页面有可见招聘信息但未取到具体职位,官网人才招聘页可见职位表格（客户经理、高级运营经理等），但表格未设置工作地点列，且部分岗位描述与企业主营（柴油电喷/汽车电子）不符、疑似模板未更新，故未抽取职位样本，成都岗位需人工复核。
CD0171,171,中自科技股份有限公司,中自科技｜Sinocat｜688737｜成都中自,A,https://www.sinocat.com.cn,是,四川省成都高新西区古楠街88号（另成都高新区安泰五路66号安泰园区）,四川省,成都市,高新区,四川省成都高新西区古楠街88号（另成都高新区安泰五路66号安泰园区）,confirmed,新材料,搜索引擎公开检索|企业官网,加入中自（招聘信息）,http://m.sinocat.com.cn/692830.html,official_careers_page,企业官网自建招聘页,企业官网自建招聘页,official_company,是,true,是,,not_available,8,active,有效（当前有可见职位）,有效（当前有可见职位）,direct_job_observed,direct_page_visit,official_active,2026-09-26,http://m.sinocat.com.cn/692830.html｜http://m.sinocat.com.cn/blog/_968537_379482.html｜https://www.sinocat.com.cn,,官方来源明确；本次抽到 8 条成都职位（其中 1 条详情页）,科创板上市企业（688737），催化剂/储能/氢能新材料方向。已直接访问职位详情页（后端开发工程师（云平台），发布时间2025-06-05，带职位ID的可直达URL）。页面未单列工作地点字段，工作地按公司成都地址推定（location_confidence=inferred）。
CD0172,172,四川南格尔生物医学股份有限公司,南格尔生物｜南格尔｜Nigale,A,https://nigale.cn,是,成都市高新区盛安街401号1栋2单元9层,四川省,成都市,高新区,成都市高新区盛安街401号1栋2单元9层,confirmed,医疗器械,搜索引擎公开检索|企业官网,联系我们-招聘职位,https://nigale.cn/contact.html,official_careers_page,企业官网自建招聘页,企业官网自建招聘页,official_company,是,true,是,,not_available,1,active,有效（当前有可见职位）,有效（当前有可见职位）,direct_job_observed,direct_page_visit,official_active,2026-09-26,https://nigale.cn/contact.html｜https://nigale.cn,,官方来源明确；本次抽到 1 条成都职位（其中 0 条详情页）,三类医用高分子材料及制品/体外循环及血液处理设备企业（2025年初由华润收购转为央企）。已直接访问官网招聘职位表，当前仅1条职位（制剂QA，2026-07-14，招4人，工作地点成都）。「查看详情」为JS动作，职位URL沿用列表页。
CD0173,173,四川新绿色药业科技发展有限公司,新绿色药业｜新绿色集团｜neo-gpt,B,https://www.xinlvyao.com,是,成都市金牛区天悦城中心15栋（新绿色集团总部）,四川省,成都市,金牛区,成都市金牛区天悦城中心15栋（新绿色集团总部）,confirmed,生物医药,搜索引擎公开检索|企业官网,招聘岗位,https://www.xinlvyao.com/index.php?m=content&c=index&a=lists&catid=31,official_careers_page,企业官网自建招聘页,企业官网自建招聘页,official_company,是,true,否,,not_available,0,active,有效（当前有可见职位）,有效（当前有可见职位）,listing_count_observed,direct_page_visit|search_engine_evidence,official_active,2026-09-26,https://www.xinlvyao.com/index.php?m=content&c=index&a=lists&catid=31｜http://trc.xinlvyao.com/index.php?m=content&c=index&a=lists&catid=63,,官方来源明确；官方页面有可见招聘信息但未取到具体职位,已直接访问官网招聘岗位页，共8条在招职位（设备维护工程师、董事长秘书、市场专员、平面设计师、销售培训生、外贸专员、药房管理员等），但页面「工作地点」列统一标注为「全国」，未明确标注成都，按规则不抽取为成都职位。简历投递 hr@xinlvyao.com。
CD0174,174,成都百裕制药股份有限公司,百裕制药｜百裕集团｜银杏医药,A,https://en.baiyujituan.com,是,成都市温江区海峡两岸科技产业开发园（骑士大道三段安贤路433号/柳台大道西段436号）,四川省,成都市,温江区,成都市温江区海峡两岸科技产业开发园（骑士大道三段安贤路433号/柳台大道西段436号）,confirmed,生物医药,搜索引擎公开检索|企业官网,招贤纳士,https://en.baiyujituan.com/zhaoxiannashi/,official_careers_page,企业官网自建招聘页,企业官网自建招聘页,official_company,是,true,是,,not_available,2,active,有效（当前有可见职位）,有效（当前有可见职位）,direct_job_observed,direct_page_visit,official_active,2026-09-26,https://en.baiyujituan.com/zhaoxiannashi/｜https://en.baiyujituan.com/shzp/213.html｜https://en.baiyujituan.com/xyzp/214.html,,官方来源明确；本次抽到 2 条成都职位（其中 2 条详情页）,已直接访问官网招贤纳士页，共3条职位：管培生（营销，全国）、新药化学研究员（成都天府生命科技园）、管培生（生产，成都温江区）。仅抽取明确标注成都的2条。页面给出可直达的职位详情页 URL。
CD0175,175,成都第一制药有限公司,成一药业｜成都第一制药｜成一,A,https://www.cddyyy.com,是,成都彭州天彭镇东三环路133号（另设成都第一制药原料药有限公司）,四川省,成都市,彭州市,成都彭州天彭镇东三环路133号（另设成都第一制药原料药有限公司）,confirmed,生物医药,搜索引擎公开检索|企业官网,加入我们,https://www.cddyyy.com/home/join/index?001324,official_careers_page,企业官网自建招聘页,企业官网自建招聘页,official_company,是,true,是,,not_available,3,active,有效（当前有可见职位）,有效（当前有可见职位）,direct_job_observed,direct_page_visit,official_active,2026-09-26,https://www.cddyyy.com/home/join/index?001324｜https://www.cddyyy.com/home/join/work_detail?work_id=53｜https://www.cddyyy.com/home/join/work_detail?work_id=52｜https://www.cddyyy.com/home/join/work_detail?work_id=51,,官方来源明确；本次抽到 3 条成都职位（其中 3 条详情页）,已直接访问官网加入我们页，共5条职位，其中3条地点为成都彭州，另2条为北京、上海（未抽取）。页面提供带 work_id 的可直达详情页 URL。
CD0176,176,一汽丰田汽车（成都）有限公司,四川一汽丰田｜一汽丰田成都｜FAW Toyota Chengdu,B,http://www.sftm.com.cn,否,四川省成都市龙泉驿区经济技术开发区经开区南三路222号,四川省,成都市,龙泉驿区,四川省成都市龙泉驿区经济技术开发区经开区南三路222号,confirmed,智能制造与装备,搜索引擎公开检索|企业官网,中国一汽招聘（三地招聘-一汽丰田）,https://faw-zhaopin.hotjob.cn/positionList?recruitType=1&projectId=203201,group_unified_recruitment,集团统一招聘平台,集团统一招聘平台,group_career_site,是,true,是,,unknown,1,needs_manual_review,需人工复核,需人工复核,direct_job_observed,direct_page_visit,manual_review,2026-09-26,https://faw-zhaopin.hotjob.cn/positionList?recruitType=1&projectId=203201｜https://www.ncss.org.cn/student/jobs/XT6DCSNym6ereLGLkxpf7a/detail.html,,官方来源明确；本次抽到 1 条成都职位（其中 0 条详情页）,本次直接静态抓取该列表页返回「0个在招职位」（职位由JS动态加载），成都职位条目来自对官方招聘门户的检索快照（发布2025-09-29），故状态记为需人工复核。成都岗位为整车制造操作工类。校招另走 campus 通道。
CD0177,177,成都特隆美储能技术有限公司,特隆美储能｜Tecloman｜特隆美集团,A,http://www.tecloman.cn,是,四川省成都市新都区工业东区900号（集团总部）,四川省,成都市,新都区,四川省成都市新都区工业东区900号（集团总部）,confirmed,新能源,搜索引擎公开检索|企业官网,加入我们,http://www.tecloman.cn/join/,official_careers_page,企业官网自建招聘页,企业官网自建招聘页,official_company,是,true,是,,not_available,8,active,有效（当前有可见职位）,有效（当前有可见职位）,direct_job_observed,direct_page_visit,official_active,2026-09-26,http://www.tecloman.cn/join/｜https://www.tecloman.com/｜https://cdutjy.cdut.edu.cn/index/index/employdetail.html?data=MDAwMDAwMDAwMJG6n3_Ed6imi4qQtMOgppWKutCXxoi3i7igr7-BZHxnkLZ9i8WGpNOaaKLSxKCalom6mNs,,官方来源明确；本次抽到 8 条成都职位（其中 0 条详情页）,官网 tecloman.cn/join/ 以 https 直接抓取失败（fetch failed），职位名称、类别与「成都」工作地点标注来自对该官方页面的检索结果快照，共12条职位，本次按上限抽取8条。页面无独立详情链接，职位URL沿用列表页。
CD0178,178,成都天台山制药股份有限公司,天台山制药｜cdttszy,A,https://www.cdttszy.com,是,四川省成都市邛崃市天兴大道88号,四川省,成都市,邛崃市,四川省成都市邛崃市天兴大道88号,confirmed,生物医药,搜索引擎公开检索|企业官网,人力资源-人才招聘（招聘公告）,https://www.cdttszy.com/personnel/recruit,official_careers_page,企业官网自建招聘页,企业官网自建招聘页,official_company,是,true,是,,not_available,5,active,有效（当前有可见职位）,有效（当前有可见职位）,direct_job_observed,direct_page_visit,official_active,2026-09-26,https://www.cdttszy.com/personnel/recruit｜https://cdttszy.com/personnel/recruit?page=2｜https://qionglai.gov.cn/qlsgzxxw/c150925/2026-07/02/content_e695f2509a9e43e090051c2f2630c795.shtml,,官方来源明确；本次抽到 5 条成都职位（其中 0 条详情页）,已直接访问官网人才招聘页（含第1页5条、第2页多条），页面未逐条标注工作地，职位工作地按公司成都邛崃地址推定（location_confidence=inferred）。页面「立即申请」无独立详情URL，职位URL沿用列表页。
CD0179,179,四川顺丰速运有限公司,顺丰速运四川｜顺丰成都｜SF Express Sichuan,A,https://www.sf-express.com,否,四川省成都市成华区双林路251号十一科技广场B座8楼,四川省,成都市,成华区,四川省成都市成华区双林路251号十一科技广场B座8楼,confirmed,物流供应链,搜索引擎公开检索|企业官网,顺丰人才招聘系统-社会招聘,https://hr.sf-express.com/jobMainHandler/main/baseinfo.do,group_unified_recruitment,集团统一招聘平台,集团统一招聘平台,group_career_site,是,true,是,,not_available,1,active,有效（当前有可见职位）,有效（当前有可见职位）,direct_job_observed,direct_page_visit,official_active,2026-09-26,https://hr.sf-express.com/jobMainHandler/main/baseinfo.do｜https://crs-pub.sf-express.com/recruitcenter/?role=3｜https://job.sicau.edu.cn/employment/zpxx/znzp/znzp_info/index.html?id=256442,,官方来源明确；本次抽到 1 条成都职位（其中 0 条详情页）,集团统一招聘门户（企业自有域名）。社招职位列表中检索到明确标注「成都市」的岗位（产品经理，顺丰集团本部，2026-09-20）。列表页按城市排序，本次仅抽到1条成都职位。
