job_key,company_id,序号,公司名称,是否匹配企业池,企业等级,所属行业,职位名称,工作地,location_text,province,city,district,location_cities,location_confidence,职能类别,招聘类型,发布日期,url_type,is_direct_detail,detail_url_confidence,职位详情URL,来源招聘入口,是否官方来源,official_source,验证日期,备注
CD0040:7667113601964329221,CD0040,71,北京字节跳动科技有限公司成都分公司,是,A,软件与互联网服务,AI全栈开发工程师 - 抖音平台产品,成都,成都,四川省,成都市,,成都,confirmed,研发,校园招聘,,direct_detail,是,high,https://jobs.bytedance.com/campus/position/7667113601964329221/detail,https://jobs.bytedance.com/campus/position?keywords=成都,是,true,2026-09-28,
CD0040:7666319253851441461,CD0040,70,北京字节跳动科技有限公司成都分公司,是,A,软件与互联网服务,数据库开发工程师 - AI算力基础设施,成都,成都,四川省,成都市,,成都,confirmed,研发,校园招聘,,direct_detail,是,high,https://jobs.bytedance.com/campus/position/7666319253851441461/detail,https://jobs.bytedance.com/campus/position?keywords=成都,是,true,2026-09-28,
CD0040:7683446298945210629,CD0040,73,北京字节跳动科技有限公司成都分公司,是,A,软件与互联网服务,模型搜索专项运营 - AI数据与安全,成都,成都,四川省,成都市,,成都,confirmed,运营,校园招聘,,direct_detail,是,high,https://jobs.bytedance.com/campus/position/7683446298945210629/detail,https://jobs.bytedance.com/campus/position?keywords=成都,是,true,2026-09-28,
CD0040:7683445224186775861,CD0040,72,北京字节跳动科技有限公司成都分公司,是,A,软件与互联网服务,模型搜索资源引入专项运营 - AI数据与安全,成都,成都,四川省,成都市,,成都,confirmed,运营,校园招聘,,direct_detail,是,high,https://jobs.bytedance.com/campus/position/7683445224186775861/detail,https://jobs.bytedance.com/campus/position?keywords=成都,是,true,2026-09-28,
CD0040:7665291531588258053,CD0040,69,北京字节跳动科技有限公司成都分公司,是,A,软件与互联网服务,模型运营（广告方向） - 内容质量与数据服务平台,成都,成都,四川省,成都市,,成都,confirmed,运营,校园招聘,,direct_detail,是,high,https://jobs.bytedance.com/campus/position/7665291531588258053/detail,https://jobs.bytedance.com/campus/position?keywords=成都,是,true,2026-09-28,
CD0038|北京三快在线科技有限公司成都分公司|安全事务经理|成都市,CD0038,66,北京三快在线科技有限公司成都分公司,是,A,软件与互联网服务,安全事务经理,成都市,成都市,四川省,成都市,,成都,confirmed,职能支持,社会招聘,2026-09-26,listing_page,否,low,https://zhaopin.meituan.com/web/social?cityList=001027001,https://zhaopin.meituan.com/web/social?cityList=001027001,是,true,2026-09-28,2026-09-28 复测 200 但招聘关键词命中少
CD0038|北京三快在线科技有限公司成都分公司|美团充电宝直营-城市经理-中西-（base地多城可选）|成都市,CD0038,68,北京三快在线科技有限公司成都分公司,是,A,软件与互联网服务,美团充电宝直营-城市经理-中西-（base地多城可选）,成都市,成都市,四川省,成都市,,成都,confirmed,销售,社会招聘,2026-09-26,listing_page,否,low,https://zhaopin.meituan.com/web/social?cityList=001027001,https://zhaopin.meituan.com/web/social?cityList=001027001,是,true,2026-09-28,2026-09-28 复测 200 但招聘关键词命中少
CD0038|北京三快在线科技有限公司成都分公司|履约业务HRBP|成都市,CD0038,67,北京三快在线科技有限公司成都分公司,是,A,软件与互联网服务,履约业务HRBP,成都市,成都市,四川省,成都市,,成都,confirmed,职能支持,社会招聘,2026-09-25,listing_page,否,low,https://zhaopin.meituan.com/web/social?cityList=001027001,https://zhaopin.meituan.com/web/social?cityList=001027001,是,true,2026-09-28,2026-09-28 复测 200 但招聘关键词命中少
CD0038|北京三快在线科技有限公司成都分公司|充电宝大客户经理-商场休娱组（大型商场方向）|成都市,CD0038,64,北京三快在线科技有限公司成都分公司,是,A,软件与互联网服务,充电宝大客户经理-商场休娱组（大型商场方向）,成都市,成都市,四川省,成都市,,成都,confirmed,销售,社会招聘,2026-09-24,listing_page,否,low,https://zhaopin.meituan.com/web/social?cityList=001027001,https://zhaopin.meituan.com/web/social?cityList=001027001,是,true,2026-09-28,2026-09-28 复测 200 但招聘关键词命中少
CD0038|北京三快在线科技有限公司成都分公司|医疗服务业务部/口腔全国销售中心/口腔CBD区域|成都市,CD0038,65,北京三快在线科技有限公司成都分公司,是,A,软件与互联网服务,医疗服务业务部/口腔全国销售中心/口腔CBD区域,成都市,成都市,四川省,成都市,,成都,confirmed,销售,社会招聘,2026-09-20,listing_page,否,low,https://zhaopin.meituan.com/web/social?cityList=001027001,https://zhaopin.meituan.com/web/social?cityList=001027001,是,true,2026-09-28,2026-09-28 复测 200 但招聘关键词命中少
"CD0010|英特尔产品（成都）有限公司|Foundry Program Manager, Service Operations and Program Management|成都市",CD0010,9,英特尔产品（成都）有限公司,是,A,半导体与集成电路,"Foundry Program Manager, Service Operations and Program Management",四川省成都市高新区,四川省成都市高新区,四川省,成都市,高新区,成都,confirmed,研发,未知,2026-09-17,listing_page,否,low,https://chinacampus.jobs.intel.cn/intel/position/index,https://chinacampus.jobs.intel.cn/intel/position/index,是,true,2026-09-28,
CD0010|英特尔产品（成都）有限公司|Industry Engineer|成都市,CD0010,10,英特尔产品（成都）有限公司,是,A,半导体与集成电路,Industry Engineer,四川省成都市,四川省成都市,四川省,成都市,,成都,confirmed,生产制造,未知,2026-09-24,listing_page,否,low,https://chinacampus.jobs.intel.cn/intel/position/index,https://chinacampus.jobs.intel.cn/intel/position/index,是,true,2026-09-28,
CD0010|英特尔产品（成都）有限公司|Site Service Specialist|成都市,CD0010,12,英特尔产品（成都）有限公司,是,A,半导体与集成电路,Site Service Specialist,四川省成都市,四川省成都市,四川省,成都市,,成都,confirmed,职能支持,未知,2026-07-07,listing_page,否,low,https://chinacampus.jobs.intel.cn/intel/position/index,https://chinacampus.jobs.intel.cn/intel/position/index,是,true,2026-09-28,
CD0010|英特尔产品（成都）有限公司|Operations Research Engineer Intern|成都市,CD0010,11,英特尔产品（成都）有限公司,是,A,半导体与集成电路,Operations Research Engineer Intern,四川省成都市,四川省成都市,四川省,成都市,,成都,confirmed,职能支持,实习,2026-09-10,listing_page,否,low,https://chinacampus.jobs.intel.cn/intel/position/index,https://chinacampus.jobs.intel.cn/intel/position/index,是,true,2026-09-28,
CD0010|英特尔产品（成都）有限公司|AI/ML Software App Development Intern|成都市,CD0010,8,英特尔产品（成都）有限公司,是,A,半导体与集成电路,AI/ML Software App Development Intern,四川省成都市,四川省成都市,四川省,成都市,,成都,confirmed,生产制造,实习,2026-09-07,listing_page,否,low,https://chinacampus.jobs.intel.cn/intel/position/index,https://chinacampus.jobs.intel.cn/intel/position/index,是,true,2026-09-28,
CD0035|鸿富锦精密电子（成都）有限公司|组装|成都市,CD0035,56,鸿富锦精密电子（成都）有限公司,是,A,电子信息制造,组装,成都,成都,四川省,成都市,,成都,confirmed,生产制造,社会招聘,,company_careers_home,否,low,https://www.51pin.foxconn.com/,https://www.51pin.foxconn.com/,是,true,2026-09-28,
CD0035|鸿富锦精密电子（成都）有限公司|测试|成都市,CD0035,55,鸿富锦精密电子（成都）有限公司,是,A,电子信息制造,测试,成都,成都,四川省,成都市,,成都,confirmed,生产制造,社会招聘,,company_careers_home,否,low,https://www.51pin.foxconn.com/,https://www.51pin.foxconn.com/,是,true,2026-09-28,
CD0035|鸿富锦精密电子（成都）有限公司|维修|成都市,CD0035,57,鸿富锦精密电子（成都）有限公司,是,A,电子信息制造,维修,成都,成都,四川省,成都市,,成都,confirmed,生产制造,社会招聘,,company_careers_home,否,low,https://www.51pin.foxconn.com/,https://www.51pin.foxconn.com/,是,true,2026-09-28,
CD0035|鸿富锦精密电子（成都）有限公司|品管|成都市,CD0035,54,鸿富锦精密电子（成都）有限公司,是,A,电子信息制造,品管,成都,成都,四川省,成都市,,成都,confirmed,生产制造,社会招聘,,company_careers_home,否,low,https://www.51pin.foxconn.com/,https://www.51pin.foxconn.com/,是,true,2026-09-28,
CD0035|鸿富锦精密电子（成都）有限公司|仓管|成都市,CD0035,53,鸿富锦精密电子（成都）有限公司,是,A,电子信息制造,仓管,成都,成都,四川省,成都市,,成都,confirmed,供应链,社会招聘,,company_careers_home,否,low,https://www.51pin.foxconn.com/,https://www.51pin.foxconn.com/,是,true,2026-09-28,
CD0028|成都海创药业股份有限公司|医学联络官MSL|成都市,CD0028,43,成都海创药业股份有限公司,是,A,生物医药,医学联络官MSL,成都,成都,四川省,成都市,,成都,confirmed,其他,社会招聘,2026-08-04,listing_page,否,low,https://www.hinovapharma.com/recruit/index.html,https://www.hinovapharma.com/recruit/index.html,是,true,2026-09-28,
CD0028|成都海创药业股份有限公司|审计经理|成都市,CD0028,44,成都海创药业股份有限公司,是,A,生物医药,审计经理,成都,成都,四川省,成都市,,成都,confirmed,职能支持,社会招聘,2026-08-03,listing_page,否,low,https://www.hinovapharma.com/recruit/index.html,https://www.hinovapharma.com/recruit/index.html,是,true,2026-09-28,
CD0028|成都海创药业股份有限公司|生物副研究员|成都市,CD0028,45,成都海创药业股份有限公司,是,A,生物医药,生物副研究员,成都,成都,四川省,成都市,,成都,confirmed,研发,社会招聘,2026-08-03,listing_page,否,low,https://www.hinovapharma.com/recruit/index.html,https://www.hinovapharma.com/recruit/index.html,是,true,2026-09-28,
CD0028|成都海创药业股份有限公司|药代毒理总监|成都市,CD0028,46,成都海创药业股份有限公司,是,A,生物医药,药代毒理总监,成都,成都,四川省,成都市,,成都,confirmed,研发,社会招聘,2026-04-21,listing_page,否,low,https://www.hinovapharma.com/recruit/index.html,https://www.hinovapharma.com/recruit/index.html,是,true,2026-09-28,
CD0028|成都海创药业股份有限公司|药物化学博士研究员|成都市,CD0028,25,成都海创药业股份有限公司,是,A,生物医药,药物化学博士研究员,成都(推定),成都(推定),四川省,成都市,,成都,inferred,研发,社会招聘,2026-04-21,listing_page,否,low,https://www.hinovapharma.com/recruit/index.html,https://www.hinovapharma.com/recruit/index.html,是,true,2026-09-26,该条页面未单独标注城市，公司招聘页其余岗位均标注成都
CD0027|成都欧林生物科技股份有限公司|R&D Project Lead|成都市,CD0027,26,成都欧林生物科技股份有限公司,是,A,生物医药,R&D Project Lead,成都(推定),成都(推定),四川省,成都市,,成都,inferred,研发,社会招聘,,listing_page,否,low,https://www.olymvax.com/talent.aspx?t=24,https://www.olymvax.com/talent.aspx?t=24,是,true,2026-09-26,
CD0027|成都欧林生物科技股份有限公司|助理技术员（质量研究）|成都市,CD0027,27,成都欧林生物科技股份有限公司,是,A,生物医药,助理技术员（质量研究）,成都(推定),成都(推定),四川省,成都市,,成都,inferred,研发,社会招聘,,listing_page,否,low,https://www.olymvax.com/talent.aspx?t=24,https://www.olymvax.com/talent.aspx?t=24,是,true,2026-09-26,
CD0027|成都欧林生物科技股份有限公司|助理技术员（纯化）|成都市,CD0027,28,成都欧林生物科技股份有限公司,是,A,生物医药,助理技术员（纯化）,成都(推定),成都(推定),四川省,成都市,,成都,inferred,研发,社会招聘,,listing_page,否,low,https://www.olymvax.com/talent.aspx?t=24,https://www.olymvax.com/talent.aspx?t=24,是,true,2026-09-26,
CD0027|成都欧林生物科技股份有限公司|助理技术员（发酵）|成都市,CD0027,29,成都欧林生物科技股份有限公司,是,A,生物医药,助理技术员（发酵）,成都(推定),成都(推定),四川省,成都市,,成都,inferred,研发,社会招聘,,listing_page,否,low,https://www.olymvax.com/talent.aspx?t=24,https://www.olymvax.com/talent.aspx?t=24,是,true,2026-09-26,
CD0027|成都欧林生物科技股份有限公司|质量技术员|成都市,CD0027,30,成都欧林生物科技股份有限公司,是,A,生物医药,质量技术员,成都(推定),成都(推定),四川省,成都市,,成都,inferred,研发,社会招聘,,listing_page,否,low,https://www.olymvax.com/talent.aspx?t=24,https://www.olymvax.com/talent.aspx?t=24,是,true,2026-09-26,
CD0029:255,CD0029,52,成都迪康药业股份有限公司,是,A,生物医药,设备部经理,成都,成都,四川省,成都市,,成都,confirmed,生产制造,社会招聘,2026-06-05,direct_detail,是,medium,https://www.dikangyaoye.com/Fjob/show?job_id=255&catid=63,https://www.dikangyaoye.com/shehuizhaopin,是,true,2026-09-28,
CD0029:254,CD0029,51,成都迪康药业股份有限公司,是,A,生物医药,电商经理,成都,成都,四川省,成都市,,成都,confirmed,销售,社会招聘,2026-06-05,direct_detail,是,medium,https://www.dikangyaoye.com/Fjob/show?job_id=254&catid=63,https://www.dikangyaoye.com/shehuizhaopin,是,true,2026-09-28,
CD0029:246,CD0029,50,成都迪康药业股份有限公司,是,A,生物医药,财务分析师,成都,成都,四川省,成都市,,成都,confirmed,职能支持,社会招聘,2026-03-09,direct_detail,是,medium,https://www.dikangyaoye.com/Fjob/show?job_id=246&catid=63,https://www.dikangyaoye.com/shehuizhaopin,是,true,2026-09-28,
CD0029:245,CD0029,49,成都迪康药业股份有限公司,是,A,生物医药,高级品牌经理,成都,成都,四川省,成都市,,成都,confirmed,市场,社会招聘,2026-03-09,direct_detail,是,medium,https://www.dikangyaoye.com/Fjob/show?job_id=245&catid=63,https://www.dikangyaoye.com/shehuizhaopin,是,true,2026-09-28,
CD0029:243,CD0029,48,成都迪康药业股份有限公司,是,A,生物医药,产品组经理,成都,成都,四川省,成都市,,成都,confirmed,市场,社会招聘,2026-03-09,direct_detail,是,medium,https://www.dikangyaoye.com/Fjob/show?job_id=243&catid=63,https://www.dikangyaoye.com/shehuizhaopin,是,true,2026-09-28,
CD0005|成都迈克生物股份有限公司|机械结构工程师(J11944)|成都市,CD0005,4,成都迈克生物股份有限公司,是,A,医疗器械,机械结构工程师(J11944),四川省成都市,四川省成都市,四川省,成都市,,成都,confirmed,研发,社会招聘,2026-09-22,listing_page,否,low,https://maccura.zhiye.com/jobs,https://maccura.zhiye.com/jobs,是,true,2026-09-28,
CD0005|成都迈克生物股份有限公司|算法工程师（大模型应用方向）(J11777)|成都市,CD0005,5,成都迈克生物股份有限公司,是,A,医疗器械,算法工程师（大模型应用方向）(J11777),四川省成都市,四川省成都市,四川省,成都市,,成都,confirmed,算法,社会招聘,2026-09-21,listing_page,否,low,https://maccura.zhiye.com/jobs,https://maccura.zhiye.com/jobs,是,true,2026-09-28,
CD0005|成都迈克生物股份有限公司|产品经理（临检方向）(J11943)|成都市,CD0005,1,成都迈克生物股份有限公司,是,A,医疗器械,产品经理（临检方向）(J11943),四川省成都市,四川省成都市,四川省,成都市,,成都,confirmed,产品,社会招聘,2026-09-20,listing_page,否,low,https://maccura.zhiye.com/jobs,https://maccura.zhiye.com/jobs,是,true,2026-09-28,
CD0005|成都迈克生物股份有限公司|光学工程师(J11941)|成都市,CD0005,2,成都迈克生物股份有限公司,是,A,医疗器械,光学工程师(J11941),四川省成都市,四川省成都市,四川省,成都市,,成都,confirmed,研发,社会招聘,2026-09-17,listing_page,否,low,https://maccura.zhiye.com/jobs,https://maccura.zhiye.com/jobs,是,true,2026-09-28,
CD0005|成都迈克生物股份有限公司|制造工程师（化学方向）(J11925)|成都市,CD0005,3,成都迈克生物股份有限公司,是,A,医疗器械,制造工程师（化学方向）(J11925),四川省成都市,四川省成都市,四川省,成都市,,成都,confirmed,生产制造,社会招聘,2026-09-01,listing_page,否,low,https://maccura.zhiye.com/jobs,https://maccura.zhiye.com/jobs,是,true,2026-09-28,
CD0024:230939214,CD0024,29,四川科伦药业股份有限公司（成都）,是,A,生物医药,科伦药业-集团质量副总裁(J13460),四川省成都市,四川省成都市,四川省,成都市,,成都,confirmed,生产制造,社会招聘,,direct_detail,是,high,https://kelun.zhiye.com/job_show/230939214,https://kelun.zhiye.com/social/,是,true,2026-09-28,
CD0024:230943521,CD0024,32,四川科伦药业股份有限公司（成都）,是,A,生物医药,新开元-体系QA(J13520),四川省成都市,四川省成都市,四川省,成都市,,成都,confirmed,生产制造,社会招聘,,direct_detail,是,high,https://kelun.zhiye.com/job_show/230943521,https://kelun.zhiye.com/social/,是,true,2026-09-28,
CD0024:230943069,CD0024,30,四川科伦药业股份有限公司（成都）,是,A,生物医药,科伦研究院-药物化学科学家(J13501),四川省成都市,四川省成都市,四川省,成都市,,成都,confirmed,研发,社会招聘,,direct_detail,是,high,https://kelun.zhiye.com/job_show/230943069,https://kelun.zhiye.com/social/,是,true,2026-09-28,
CD0024:230943303,CD0024,31,四川科伦药业股份有限公司（成都）,是,A,生物医药,科伦博泰-药效研究助理科学家/科学家(J13516),四川省成都市,四川省成都市,四川省,成都市,,成都,confirmed,研发,社会招聘,,direct_detail,是,high,https://kelun.zhiye.com/job_show/230943303,https://kelun.zhiye.com/social/,是,true,2026-09-28,
CD0023:230943304,CD0023,28,四川科伦博泰生物医药股份有限公司,是,A,生物医药,科伦博泰-药效研究助理科学家/科学家(J13516),四川省成都市,四川省成都市,四川省,成都市,,成都,confirmed,研发,社会招聘,2026-09-20,direct_detail,是,high,https://kelunbotai.zhiye.com/zpdetail/230943304,https://kelunbotai.zhiye.com/social/,是,true,2026-09-28,
CD0023:230926854,CD0023,27,四川科伦博泰生物医药股份有限公司,是,A,生物医药,科伦博泰-毒理研究科学家(J13413),四川省成都市,四川省成都市,四川省,成都市,,成都,confirmed,研发,社会招聘,2026-08-07,direct_detail,是,high,https://kelunbotai.zhiye.com/zpdetail/230926854,https://kelunbotai.zhiye.com/social/,是,true,2026-09-28,
CD0023:230914698,CD0023,26,四川科伦博泰生物医药股份有限公司,是,A,生物医药,科伦博泰-合规专员（成都）(J13350),四川省成都市,四川省成都市,四川省,成都市,,成都,confirmed,职能支持,社会招聘,2026-06-24,direct_detail,是,high,https://kelunbotai.zhiye.com/zpdetail/230914698,https://kelunbotai.zhiye.com/social/,是,true,2026-09-28,
CD0023:230904233,CD0023,25,四川科伦博泰生物医药股份有限公司,是,A,生物医药,科伦博泰-（高级）招聘经理(J13232),四川省成都市,四川省成都市,四川省,成都市,,成都,confirmed,职能支持,社会招聘,2026-05-14,direct_detail,是,high,https://kelunbotai.zhiye.com/zpdetail/230904233,https://kelunbotai.zhiye.com/social/,是,true,2026-09-28,
CD0023:230901690,CD0023,24,四川科伦博泰生物医药股份有限公司,是,A,生物医药,科伦博泰-临床试验助理(CTA）(J10125),四川省成都市,四川省成都市,四川省,成都市,,成都,confirmed,研发,社会招聘,2026-05-07,direct_detail,是,high,https://kelunbotai.zhiye.com/zpdetail/230901690,https://kelunbotai.zhiye.com/social/,是,true,2026-09-28,
CD0025|成都倍特药业股份有限公司|人力信息主管（HRIS）(J13405)|成都市,CD0025,33,成都倍特药业股份有限公司,是,A,生物医药,人力信息主管（HRIS）(J13405),四川省成都市双流区,四川省成都市双流区,四川省,成都市,双流区,成都,confirmed,职能支持,社会招聘,2026-09-24,listing_page,否,low,https://btyy.zhiye.com/social/jobs,https://btyy.zhiye.com/social/jobs,是,true,2026-09-28,
CD0025|成都倍特药业股份有限公司|采购主管(J13418)|成都市,CD0025,37,成都倍特药业股份有限公司,是,A,生物医药,采购主管(J13418),四川省成都市双流区,四川省成都市双流区,四川省,成都市,双流区,成都,confirmed,供应链,社会招聘,2026-09-24,listing_page,否,low,https://btyy.zhiye.com/social/jobs,https://btyy.zhiye.com/social/jobs,是,true,2026-09-28,
CD0025|成都倍特药业股份有限公司|发酵车间主任(J13417)|成都市,CD0025,35,成都倍特药业股份有限公司,是,A,生物医药,发酵车间主任(J13417),四川省成都市双流区,四川省成都市双流区,四川省,成都市,双流区,成都,confirmed,生产制造,社会招聘,2026-09-24,listing_page,否,low,https://btyy.zhiye.com/social/jobs,https://btyy.zhiye.com/social/jobs,是,true,2026-09-28,
CD0025|成都倍特药业股份有限公司|人力资源主管(J13391)|成都市,CD0025,34,成都倍特药业股份有限公司,是,A,生物医药,人力资源主管(J13391),四川省成都市,四川省成都市,四川省,成都市,,成都,confirmed,职能支持,社会招聘,2026-07-17,listing_page,否,low,https://btyy.zhiye.com/social/jobs,https://btyy.zhiye.com/social/jobs,是,true,2026-09-28,
CD0025|成都倍特药业股份有限公司|成本会计(J13363)|成都市,CD0025,36,成都倍特药业股份有限公司,是,A,生物医药,成本会计(J13363),四川省成都市,四川省成都市,四川省,成都市,,成都,confirmed,职能支持,社会招聘,2026-06-10,listing_page,否,low,https://btyy.zhiye.com/social/jobs,https://btyy.zhiye.com/social/jobs,是,true,2026-09-28,
CD0036:351615596,CD0036,62,中航（成都）无人机系统股份有限公司,是,A,航空航天,任务系统研发岗（射频专业）(J10468),四川省成都市,四川省成都市,四川省,成都市,,成都,confirmed,研发,社会招聘,2026-09-20,direct_detail,是,high,https://avicuas.zhiye.com/zpdetail/351615596,https://avicuas.zhiye.com/alljob/,是,true,2026-09-28,
CD0036:351615583,CD0036,61,中航（成都）无人机系统股份有限公司,是,A,航空航天,服务保障岗(J10467),四川省成都市,四川省成都市,四川省,成都市,,成都,confirmed,其他,社会招聘,2026-09-20,direct_detail,是,high,https://avicuas.zhiye.com/zpdetail/351615583,https://avicuas.zhiye.com/alljob/,是,true,2026-09-28,
CD0036:351612930,CD0036,60,中航（成都）无人机系统股份有限公司,是,A,航空航天,总体研发岗（气动综合）(J10377),四川省成都市,四川省成都市,四川省,成都市,,成都,confirmed,研发,社会招聘,2026-09-11,direct_detail,是,high,https://avicuas.zhiye.com/zpdetail/351612930,https://avicuas.zhiye.com/alljob/,是,true,2026-09-28,
CD0036:351609456,CD0036,59,中航（成都）无人机系统股份有限公司,是,A,航空航天,财经管理岗(J10398),四川省成都市,四川省成都市,四川省,成都市,,成都,confirmed,职能支持,社会招聘,2026-09-04,direct_detail,是,high,https://avicuas.zhiye.com/zpdetail/351609456,https://avicuas.zhiye.com/alljob/,是,true,2026-09-28,
CD0036:351608572,CD0036,58,中航（成都）无人机系统股份有限公司,是,A,航空航天,结构强度研发岗(J10232),四川省成都市,四川省成都市,四川省,成都市,,成都,confirmed,研发,社会招聘,2026-09-03,direct_detail,是,high,https://avicuas.zhiye.com/zpdetail/351608572,https://avicuas.zhiye.com/alljob/,是,true,2026-09-28,
CD0008|成都锐成芯微科技股份有限公司|存储器设计工程师|成都市,CD0008,7,成都锐成芯微科技股份有限公司,是,A,半导体与集成电路,存储器设计工程师,成都/上海,成都/上海,四川省,成都市,,成都|上海,confirmed,研发,社会招聘,,listing_page,否,low,https://analogcircuit.cn/recruit/800.html,https://analogcircuit.cn/recruit/800.html,是,true,2026-09-28,页面Base标注为成都/上海
CD0007:705,CD0007,61,成都仕芯半导体有限公司,是,A,半导体与集成电路,模拟ic设计师,成都(推定),成都(推定),四川省,成都市,,成都,inferred,研发,社会招聘,2024-09-12,direct_detail,是,medium,https://www.sicoresemi.com/News_Show.php?theId=705,https://www.sicoresemi.com/News_Show.php?theId=705,是,true,2026-09-26,官网新闻页发布的招聘信息，页面未标注工作城市
CD0012|成都光明光电股份有限公司|产品开发|成都市,CD0012,13,成都光明光电股份有限公司,是,A,新材料,产品开发,成都市龙泉驿区,成都市龙泉驿区,四川省,成都市,龙泉驿区,成都,confirmed,研发,校园招聘,,listing_page,否,low,https://www.cdgmgd.com/templates/www.cdgmgd.com/zh_CN/pc/tempmsg/recruitment.htm,https://www.cdgmgd.com/templates/www.cdgmgd.com/zh_CN/pc/tempmsg/recruitment.htm,是,true,2026-09-28,
CD0012|成都光明光电股份有限公司|销售业务员|成都市,CD0012,17,成都光明光电股份有限公司,是,A,新材料,销售业务员,成都市龙泉驿区,成都市龙泉驿区,四川省,成都市,龙泉驿区,成都,confirmed,销售,校园招聘,,listing_page,否,low,https://www.cdgmgd.com/templates/www.cdgmgd.com/zh_CN/pc/tempmsg/recruitment.htm,https://www.cdgmgd.com/templates/www.cdgmgd.com/zh_CN/pc/tempmsg/recruitment.htm,是,true,2026-09-28,
CD0012|成都光明光电股份有限公司|炉窑结构研究|成都市,CD0012,16,成都光明光电股份有限公司,是,A,新材料,炉窑结构研究,成都市龙泉驿区,成都市龙泉驿区,四川省,成都市,龙泉驿区,成都,confirmed,研发,校园招聘,,listing_page,否,low,https://www.cdgmgd.com/templates/www.cdgmgd.com/zh_CN/pc/tempmsg/recruitment.htm,https://www.cdgmgd.com/templates/www.cdgmgd.com/zh_CN/pc/tempmsg/recruitment.htm,是,true,2026-09-28,
CD0012|成都光明光电股份有限公司|控制技术|成都市,CD0012,15,成都光明光电股份有限公司,是,A,新材料,控制技术,成都市龙泉驿区,成都市龙泉驿区,四川省,成都市,龙泉驿区,成都,confirmed,研发,校园招聘,,listing_page,否,low,https://www.cdgmgd.com/templates/www.cdgmgd.com/zh_CN/pc/tempmsg/recruitment.htm,https://www.cdgmgd.com/templates/www.cdgmgd.com/zh_CN/pc/tempmsg/recruitment.htm,是,true,2026-09-28,
CD0012|成都光明光电股份有限公司|信息系统研发|成都市,CD0012,14,成都光明光电股份有限公司,是,A,新材料,信息系统研发,成都市龙泉驿区,成都市龙泉驿区,四川省,成都市,龙泉驿区,成都,confirmed,研发,校园招聘,,listing_page,否,low,https://www.cdgmgd.com/templates/www.cdgmgd.com/zh_CN/pc/tempmsg/recruitment.htm,https://www.cdgmgd.com/templates/www.cdgmgd.com/zh_CN/pc/tempmsg/recruitment.htm,是,true,2026-09-28,
CD0049|成都优博创通信技术股份有限公司|数通光模块硬件总监|成都市,CD0049,88,成都优博创通信技术股份有限公司,是,A,通信与网络设备,数通光模块硬件总监,成都市双流区,成都市双流区,四川省,成都市,双流区,成都,confirmed,研发,社会招聘,,listing_page,否,low,https://www.superxon.cn/jrwm,https://www.superxon.cn/jrwm,是,true,2026-09-28,
CD0049|成都优博创通信技术股份有限公司|光模块硬件工程师|成都市,CD0049,86,成都优博创通信技术股份有限公司,是,A,通信与网络设备,光模块硬件工程师,成都市双流区,成都市双流区,四川省,成都市,双流区,成都,confirmed,研发,社会招聘,,listing_page,否,low,https://www.superxon.cn/jrwm,https://www.superxon.cn/jrwm,是,true,2026-09-28,
CD0049|成都优博创通信技术股份有限公司|国际营销总监|成都市,CD0049,87,成都优博创通信技术股份有限公司,是,A,通信与网络设备,国际营销总监,成都市双流区,成都市双流区,四川省,成都市,双流区,成都,confirmed,销售,社会招聘,,listing_page,否,low,https://www.superxon.cn/jrwm,https://www.superxon.cn/jrwm,是,true,2026-09-28,
CD0050:10022,CD0050,89,成都华日通讯技术股份有限公司,是,A,通信与网络设备,硬件工程师,成都,成都,四川省,成都市,,成都,confirmed,研发,社会招聘,2023-12-04,direct_detail,是,medium,http://www.cdhuari.com/job-detail.html?id=10022,http://www.cdhuari.com/job-detail.html?id=10022,是,true,2026-09-28,
CD0020|成都迅游网络科技股份有限公司|运维开发工程师（成都）|成都市,CD0020,22,成都迅游网络科技股份有限公司,是,A,游戏,运维开发工程师（成都）,成都,成都,四川省,成都市,,成都,confirmed,研发,社会招聘,,listing_page,否,low,https://www.xunyou.com/2014hr/position.shtml,https://www.xunyou.com/2014hr/position.shtml,是,true,2026-09-28,
CD0020|成都迅游网络科技股份有限公司|软件测试（成都）|成都市,CD0020,21,成都迅游网络科技股份有限公司,是,A,游戏,软件测试（成都）,成都,成都,四川省,成都市,,成都,confirmed,研发,社会招聘,,listing_page,否,low,https://www.xunyou.com/2014hr/position.shtml,https://www.xunyou.com/2014hr/position.shtml,是,true,2026-09-28,
CD0020|成都迅游网络科技股份有限公司|自动化测试工程师（成都）|成都市,CD0020,20,成都迅游网络科技股份有限公司,是,A,游戏,自动化测试工程师（成都）,成都,成都,四川省,成都市,,成都,confirmed,研发,社会招聘,,listing_page,否,low,https://www.xunyou.com/2014hr/position.shtml,https://www.xunyou.com/2014hr/position.shtml,是,true,2026-09-28,
CD0020|成都迅游网络科技股份有限公司|C/C++客户端开发工程师（成都）|成都市,CD0020,19,成都迅游网络科技股份有限公司,是,A,游戏,C/C++客户端开发工程师（成都）,成都,成都,四川省,成都市,,成都,confirmed,研发,社会招聘,,listing_page,否,low,https://www.xunyou.com/2014hr/position.shtml,https://www.xunyou.com/2014hr/position.shtml,是,true,2026-09-28,
CD0020|成都迅游网络科技股份有限公司|C++开发工程师（成都）|成都市,CD0020,18,成都迅游网络科技股份有限公司,是,A,游戏,C++开发工程师（成都）,成都,成都,四川省,成都市,,成都,confirmed,研发,社会招聘,,listing_page,否,low,https://www.xunyou.com/2014hr/position.shtml,https://www.xunyou.com/2014hr/position.shtml,是,true,2026-09-28,
CD0037:6,CD0037,63,成都爱乐达航空设备制造股份有限公司,是,A,航空航天,机械工程师,成都,成都,四川省,成都市,,成都,confirmed,生产制造,社会招聘,2023-12-14,direct_detail,是,medium,https://www.cdald.com/recruit-details.aspx?Id=6,https://www.cdald.com/hr-culture.aspx?t=14,是,true,2026-09-28,
CD0043|成都云智天下科技股份有限公司|商务经理|成都市,CD0043,77,成都云智天下科技股份有限公司,是,A,软件与互联网服务,商务经理,成都(推定),成都(推定),四川省,成都市,,成都,inferred,销售,社会招聘,,listing_page,否,low,https://yunzhicloud.com/web-aboutyz/joinus/hiring,https://yunzhicloud.com/web-aboutyz/joinus/hiring,是,true,2026-09-26,页面未标注工作城市
CD0043|成都云智天下科技股份有限公司|高级产品经理|成都市,CD0043,78,成都云智天下科技股份有限公司,是,A,软件与互联网服务,高级产品经理,成都(推定),成都(推定),四川省,成都市,,成都,inferred,产品,社会招聘,,listing_page,否,low,https://yunzhicloud.com/web-aboutyz/joinus/hiring,https://yunzhicloud.com/web-aboutyz/joinus/hiring,是,true,2026-09-26,页面未标注工作城市
CD0043|成都云智天下科技股份有限公司|解决方案工程师|成都市,CD0043,79,成都云智天下科技股份有限公司,是,A,软件与互联网服务,解决方案工程师,成都(推定),成都(推定),四川省,成都市,,成都,inferred,销售,社会招聘,,listing_page,否,low,https://yunzhicloud.com/web-aboutyz/joinus/hiring,https://yunzhicloud.com/web-aboutyz/joinus/hiring,是,true,2026-09-26,页面未标注工作城市
CD0022|成都龙渊网络科技有限公司|原画设计师实习生（物华弥新项目）|成都市,CD0022,23,成都龙渊网络科技有限公司,是,A,游戏,原画设计师实习生（物华弥新项目）,成都,成都,四川省,成都市,,成都市,confirmed,其他,实习,,listing_page,否,low,https://www.ilongyuan.com.cn/index/campusrecruit.html,https://www.ilongyuan.com.cn/index/campusrecruit.html,是,true,2026-09-28,2026-09-26复核：龙渊中文官网校园招聘页直接显示该职位原名、类别“美术”和地点“成都”；页面为职位列表页，未标发布日期。
CD0045|腾讯科技（成都）有限公司|和平精英-资深动画师|成都市,CD0045,81,腾讯科技（成都）有限公司,是,A,软件与互联网服务,和平精英-资深动画师,成都,成都,四川省,成都市,,成都市,confirmed,其他,社会招聘,,listing_page,否,low,https://careers.tencent.com/cityinfo.html?city=8,https://careers.tencent.com/cityinfo.html?city=8,是,true,2026-09-28,腾讯招聘官网成都城市页逐条列出，工作地标注「成都」，部门 IEG，职类设计，页面显示更新于 2026年09月24日（非发布日期，故 posting_date 留空）；2026-09-28 复测 200 但招聘关键词命中少
CD0045|腾讯科技（成都）有限公司|存储业务后台研发工程师|成都市,CD0045,83,腾讯科技（成都）有限公司,是,A,软件与互联网服务,存储业务后台研发工程师,成都,成都,四川省,成都市,,成都市,confirmed,研发,社会招聘,,listing_page,否,low,https://careers.tencent.com/cityinfo.html?city=8,https://careers.tencent.com/cityinfo.html?city=8,是,true,2026-09-28,腾讯招聘官网成都城市页逐条列出，工作地标注「成都」，部门 TEG，职类技术，页面显示更新于 2026年09月23日；2026-09-28 复测 200 但招聘关键词命中少
CD0045|腾讯科技（成都）有限公司|天美游戏-综合项目管理|成都市,CD0045,82,腾讯科技（成都）有限公司,是,A,软件与互联网服务,天美游戏-综合项目管理,成都,成都,四川省,成都市,,成都市,confirmed,产品,社会招聘,,listing_page,否,low,https://careers.tencent.com/cityinfo.html?city=8,https://careers.tencent.com/cityinfo.html?city=8,是,true,2026-09-28,腾讯招聘官网成都城市页逐条列出，工作地标注「成都」，部门 IEG，职类产品，页面显示更新于 2026年09月23日；2026-09-28 复测 200 但招聘关键词命中少
CD0045|腾讯科技（成都）有限公司|《王者荣耀》资深影视场景概念设计|成都市,CD0045,80,腾讯科技（成都）有限公司,是,A,软件与互联网服务,《王者荣耀》资深影视场景概念设计,成都,成都,四川省,成都市,,成都市,confirmed,其他,社会招聘,,listing_page,否,low,https://careers.tencent.com/cityinfo.html?city=8,https://careers.tencent.com/cityinfo.html?city=8,是,true,2026-09-28,腾讯招聘官网成都城市页逐条列出，工作地标注「成都」，部门 IEG，职类设计，页面显示更新于 2026年09月23日；2026-09-28 复测 200 但招聘关键词命中少
CD0045|腾讯科技（成都）有限公司|《王者万象棋》项目经理-合作专项|成都市,CD0045,79,腾讯科技（成都）有限公司,是,A,软件与互联网服务,《王者万象棋》项目经理-合作专项,成都,成都,四川省,成都市,,成都市,confirmed,产品,社会招聘,,listing_page,否,low,https://careers.tencent.com/cityinfo.html?city=8,https://careers.tencent.com/cityinfo.html?city=8,是,true,2026-09-28,腾讯招聘官网成都城市页逐条列出，工作地标注「成都」，部门 IEG，职类产品，页面显示更新于 2026年09月22日；2026-09-28 复测 200 但招聘关键词命中少
CD0045|腾讯科技（成都）有限公司|《王者万象棋》3D角色|成都市,CD0045,78,腾讯科技（成都）有限公司,是,A,软件与互联网服务,《王者万象棋》3D角色,成都,成都,四川省,成都市,,成都市,confirmed,其他,社会招聘,,listing_page,否,low,https://careers.tencent.com/cityinfo.html?city=8,https://careers.tencent.com/cityinfo.html?city=8,是,true,2026-09-28,腾讯招聘官网成都城市页逐条列出，工作地标注「成都」，部门 IEG，职类设计，页面显示更新于 2026年09月22日；2026-09-28 复测 200 但招聘关键词命中少
CD0045:2082418129375506432,CD0045,77,腾讯科技（成都）有限公司,是,A,软件与互联网服务,腾讯云-金融售前架构师-成都/重庆,成都,成都,四川省,成都市,,成都市,confirmed,产品,社会招聘,,direct_detail,是,high,https://careers.tencent.com/jobdesc.html?postId=2082418129375506432,https://careers.tencent.com/,是,true,2026-09-28,careers.tencent.com 官方职位详情页，页面标注工作地「成都」、职类「产品」、五年以上工作经验，更新于2026年08月10日；标题含成都/重庆，工作地字段明确为成都
CD0046:199907640056,CD0046,84,阿里巴巴（中国）有限公司成都分公司,是,A,软件与互联网服务,AI Infra工程师,北京 / 成都 / 广州 / 杭州 / 上海 / 深圳,北京 / 成都 / 广州 / 杭州 / 上海 / 深圳,四川省,成都市,,成都市,confirmed,研发,校园招聘,,direct_detail,是,high,https://campus-talent.alibaba.com/campus/position/199907640056?deptCodes=,https://campus-talent.alibaba.com/campus/position-list?campusType=freshman,是,true,2026-09-28,阿里巴巴校园招聘官网职位列表页（2027届应届生），该职位工作地点字段明确列出成都，职类技术类，页面显示更新于 2026-08-24
CD0048:41276,CD0048,85,华为技术有限公司成都研究所,是,A,通信与网络设备,软件验证工程师,成都,成都,四川省,成都市,,成都市,confirmed,测试,社会招聘,,direct_detail,是,high,https://career.huawei.com/cn/job-details?advertisementId=41276,https://career.huawei.com/,是,true,2026-09-28,career.huawei.com 官方职位详情页，页面标注「研发族 成都 ICT BG 一年以上工作经验」，正文工作地点=成都、入职部门=ICT BG，更新于2026-09-08
CD0052:J10579,CD0052,90,成都新易盛通信科技股份有限公司,是,A,通信与网络设备,光芯片设计工程师(J10579),四川省·成都市·双流区,四川省·成都市·双流区,四川省,成都市,双流区,成都市,confirmed,研发,校园招聘,2026-08-26,listing_page,否,low,https://eoptolink.zhiye.com/campus/jobs,https://eoptolink.zhiye.com/campus/jobs,是,true,2026-09-28,官方 ATS 校招列表页逐条列出，工作地点字段写「四川省·成都市·双流区」，页面标注 2026-08-26 发布
CD0052:J10580,CD0052,91,成都新易盛通信科技股份有限公司,是,A,通信与网络设备,MEMS芯片设计工程师(J10580),四川省·成都市·双流区,四川省·成都市·双流区,四川省,成都市,双流区,成都市,confirmed,研发,校园招聘,2026-08-26,listing_page,否,low,https://eoptolink.zhiye.com/campus/jobs,https://eoptolink.zhiye.com/campus/jobs,是,true,2026-09-28,官方 ATS 校招列表页逐条列出，工作地点字段写「四川省·成都市·双流区」，页面标注 2026-08-26 发布
CD0052:J10581,CD0052,92,成都新易盛通信科技股份有限公司,是,A,通信与网络设备,硅光工艺整合工程师(J10581),四川省·成都市·双流区,四川省·成都市·双流区,四川省,成都市,双流区,成都市,confirmed,生产制造,校园招聘,2026-08-26,listing_page,否,low,https://eoptolink.zhiye.com/campus/jobs,https://eoptolink.zhiye.com/campus/jobs,是,true,2026-09-28,官方 ATS 校招列表页逐条列出，工作地点字段写「四川省·成都市·双流区」，页面标注 2026-08-26 发布
CD0052:J10582,CD0052,93,成都新易盛通信科技股份有限公司,是,A,通信与网络设备,结构工程师(J10582),四川省·成都市·双流区,四川省·成都市·双流区,四川省,成都市,双流区,成都市,confirmed,研发,校园招聘,2026-08-26,listing_page,否,low,https://eoptolink.zhiye.com/campus/jobs,https://eoptolink.zhiye.com/campus/jobs,是,true,2026-09-28,官方 ATS 校招列表页逐条列出，工作地点字段写「四川省·成都市·双流区」，页面标注 2026-08-26 发布
CD0052:J10583,CD0052,94,成都新易盛通信科技股份有限公司,是,A,通信与网络设备,硅光芯片测试工程师(J10583),四川省·成都市·双流区,四川省·成都市·双流区,四川省,成都市,双流区,成都市,confirmed,测试,校园招聘,2026-08-26,listing_page,否,low,https://eoptolink.zhiye.com/campus/jobs,https://eoptolink.zhiye.com/campus/jobs,是,true,2026-09-28,官方 ATS 校招列表页逐条列出，工作地点字段写「四川省·成都市·双流区」，页面标注 2026-08-26 发布
CD0052:J10585,CD0052,95,成都新易盛通信科技股份有限公司,是,A,通信与网络设备,光封装设计工程师(J10585),四川省·成都市·双流区,四川省·成都市·双流区,四川省,成都市,双流区,成都市,confirmed,研发,校园招聘,2026-08-26,listing_page,否,low,https://eoptolink.zhiye.com/campus/jobs,https://eoptolink.zhiye.com/campus/jobs,是,true,2026-09-28,官方 ATS 校招列表页逐条列出，工作地点字段写「四川省·成都市·双流区」，页面标注 2026-08-26 发布
CD0052:J10586,CD0052,96,成都新易盛通信科技股份有限公司,是,A,通信与网络设备,光学设计工程师(J10586),四川省·成都市·双流区,四川省·成都市·双流区,四川省,成都市,双流区,成都市,confirmed,研发,校园招聘,2026-08-26,listing_page,否,low,https://eoptolink.zhiye.com/campus/jobs,https://eoptolink.zhiye.com/campus/jobs,是,true,2026-09-28,官方 ATS 校招列表页逐条列出，工作地点字段写「四川省·成都市·双流区」，页面标注 2026-08-26 发布
CD0052:J10587,CD0052,97,成都新易盛通信科技股份有限公司,是,A,通信与网络设备,嵌入式软件开发工程师(J10587),四川省·成都市·双流区,四川省·成都市·双流区,四川省,成都市,双流区,成都市,confirmed,研发,校园招聘,2026-08-26,listing_page,否,low,https://eoptolink.zhiye.com/campus/jobs,https://eoptolink.zhiye.com/campus/jobs,是,true,2026-09-28,官方 ATS 校招列表页逐条列出，工作地点字段写「四川省·成都市·双流区」，页面标注 2026-08-26 发布
CD0084:ZX-T-11-005,CD0084,104,成都中科信息股份有限公司,是,A,人工智能与大数据,产品经理(ZX-T-11-005),四川·成都市,四川·成都市,四川省,成都市,,成都市,confirmed,产品,校园招聘,,listing_page,否,low,https://app.mokahr.com/campus_apply/casit/36780,https://app.mokahr.com/campus_apply/casit/36780,是,true,2026-09-28,来自企业专属 Moka 校招站（app.mokahr.com/campus_apply/casit/36780）的校招职位列表，职位名后明确标注工作地「四川·成都市」；页面为 JS 渲染，职位信息取自该 URL 的检索快照，故 URL 记为列表页而非详情页；动态渲染页（重定向/SPA），浏览器访问正常
CD0084:GY-S-007,CD0084,98,成都中科信息股份有限公司,是,A,人工智能与大数据,人力专员(GY-S-007),四川·成都市,四川·成都市,四川省,成都市,,成都市,confirmed,职能支持,校园招聘,,listing_page,否,low,https://app.mokahr.com/campus_apply/casit/36780,https://app.mokahr.com/campus_apply/casit/36780,是,true,2026-09-28,Moka 校招站列表页标注工作地「四川·成都市」；职能支持类岗位；动态渲染页（重定向/SPA），浏览器访问正常
CD0084:GY-T-011,CD0084,99,成都中科信息股份有限公司,是,A,人工智能与大数据,实施工程师(GY-T-011),四川·成都市,四川·成都市,四川省,成都市,,成都市,confirmed,其他,校园招聘,,listing_page,否,low,https://app.mokahr.com/campus_apply/casit/36780,https://app.mokahr.com/campus_apply/casit/36780,是,true,2026-09-28,Moka 校招站列表页标注工作地「四川·成都市」；项目实施/交付方向，按可选分类归入其他；动态渲染页（重定向/SPA），浏览器访问正常
CD0084:GY-T-018,CD0084,100,成都中科信息股份有限公司,是,A,人工智能与大数据,UI工程师(GY-T-018),四川·成都市,四川·成都市,四川省,成都市,,成都市,confirmed,研发,校园招聘,,listing_page,否,low,https://app.mokahr.com/campus_apply/casit/36780,https://app.mokahr.com/campus_apply/casit/36780,是,true,2026-09-28,Moka 校招站列表页标注工作地「四川·成都市」；前端/界面开发方向归入研发；动态渲染页（重定向/SPA），浏览器访问正常
CD0084:ZX-T-027,CD0084,103,成都中科信息股份有限公司,是,A,人工智能与大数据,售前工程师(ZX-T-027),四川·成都市,四川·成都市,四川省,成都市,,成都市,confirmed,销售,校园招聘,,listing_page,否,low,https://app.mokahr.com/campus_apply/casit/36780,https://app.mokahr.com/campus_apply/casit/36780,是,true,2026-09-28,Moka 校招站列表页标注工作地「四川·成都市」；售前技术支持归入销售；动态渲染页（重定向/SPA），浏览器访问正常
CD0084:ZX-T-010,CD0084,101,成都中科信息股份有限公司,是,A,人工智能与大数据,硬件研发工程师(ZX-T-010),四川·成都市,四川·成都市,四川省,成都市,,成都市,confirmed,研发,校园招聘,,listing_page,否,low,https://app.mokahr.com/campus_apply/casit/36780,https://app.mokahr.com/campus_apply/casit/36780,是,true,2026-09-28,Moka 校招站列表页标注工作地「四川·成都市」；硬件研发方向；动态渲染页（重定向/SPA），浏览器访问正常
CD0084:ZX-T-013,CD0084,102,成都中科信息股份有限公司,是,A,人工智能与大数据,C++开发工程师(ZX-T-013),四川·成都市,四川·成都市,四川省,成都市,,成都市,confirmed,研发,校园招聘,,listing_page,否,low,https://app.mokahr.com/campus_apply/casit/36780,https://app.mokahr.com/campus_apply/casit/36780,是,true,2026-09-28,Moka 校招站列表页标注工作地「四川·成都市」；软件开发方向，官方来源为企业专属 Moka 门户；动态渲染页（重定向/SPA），浏览器访问正常
CD0126|成都链安科技有限公司|海外售前工程师|成都市,CD0126,145,成都链安科技有限公司,是,A,软件与互联网服务,海外售前工程师,四川成都,四川成都,四川省,成都市,,成都市,confirmed,销售,未知,,company_careers_home,否,low,https://www.lianantech.com,https://www.lianantech.com,是,true,2026-09-28,官网首页『招聘岗位』板块逐条标注：海外售前工程师 / 安全类 / 四川成都，成都为官方页面明确写法；2026-09-28 复测 200 但招聘关键词命中少
CD0126|成都链安科技有限公司|安全研究工程师|成都市,CD0126,144,成都链安科技有限公司,是,A,软件与互联网服务,安全研究工程师,四川成都,四川成都,四川省,成都市,,成都市,confirmed,研发,未知,,company_careers_home,否,low,https://www.lianantech.com,https://www.lianantech.com,是,true,2026-09-28,官网首页『招聘岗位』板块逐条标注：安全研究工程师 / 安全类 / 四川成都；2026-09-28 复测 200 但招聘关键词命中少
CD0126|成都链安科技有限公司|AI Agent开发工程师|成都市,CD0126,143,成都链安科技有限公司,是,A,软件与互联网服务,AI Agent开发工程师,四川成都,四川成都,四川省,成都市,,成都市,confirmed,研发,未知,,company_careers_home,否,low,https://www.lianantech.com,https://www.lianantech.com,是,true,2026-09-28,官网首页『招聘岗位』板块逐条标注：AI Agent开发工程师 / 研发类 / 四川成都；2026-09-28 复测 200 但招聘关键词命中少
CD0127:78572,CD0127,146,成都数据集团股份有限公司,是,A,人工智能与大数据,人工智能与算力事业部副总经理,成都市锦江区,成都市锦江区,四川省,成都市,锦江区,成都市,confirmed,其他,社会招聘,2026-04-23,direct_detail,是,high,https://www.cdbdata.cn/jobinfo.thtml?t=1309&cid=78572&pn=,https://www.cdbdata.cn/job.thtml?t=1309&cid=1,是,true,2026-09-28,官网『员工招聘-招聘公告』内的《成都产业投资集团有限公司所属企业成都数据集团股份有限公司市场化选聘中层管理人员的公告》，岗位表明确『工作地点：成都市锦江区』『招聘人数1名』『薪酬不低于40万元/年』；报名时间为2026年4月23日至5月23日，已过报名期，仅作官方证据留存
CD0128|中科创达软件股份有限公司（成都研发中心）|2026 校园招聘 — 研发工程师|成都市,CD0128,148,中科创达软件股份有限公司（成都研发中心）,是,A,软件与互联网服务,2026 校园招聘 — 研发工程师,北京 / 上海 / 深圳 / 成都,北京 / 上海 / 深圳 / 成都,四川省,成都市,,成都市,confirmed,研发,校园招聘,,listing_page,否,low,https://www.thundersoft.com/careers/campus,https://www.thundersoft.com/careers/campus,是,true,2026-09-28,中科创达官网校招页『在招岗位』原文标注『北京 / 上海 / 深圳 / 成都 · 全职』，成都为官方页面明确列出的工作城市
CD0128|中科创达软件股份有限公司（成都研发中心）|2026 校园招聘 — 测试工程师|成都市,CD0128,147,中科创达软件股份有限公司（成都研发中心）,是,A,软件与互联网服务,2026 校园招聘 — 测试工程师,成都 / 上海,成都 / 上海,四川省,成都市,,成都市,confirmed,测试,校园招聘,,listing_page,否,low,https://www.thundersoft.com/careers/campus,https://www.thundersoft.com/careers/campus,是,true,2026-09-28,中科创达官网校招页『在招岗位』原文标注『成都 / 上海 · 全职』，成都为官方页面明确列出的工作城市
CD0129|深信服科技股份有限公司（成都）|深信服27届—技术研发工程师（AI潜力方向）|成都市,CD0129,149,深信服科技股份有限公司（成都）,是,A,软件与互联网服务,深信服27届—技术研发工程师（AI潜力方向）,"深圳市,长沙市,北京市,成都市","深圳市,长沙市,北京市,成都市",四川省,成都市,,成都市,confirmed,研发,校园招聘,,listing_page,否,low,https://hr.sangfor.com/schoolRecruitment,https://hr.sangfor.com/schoolRecruitment,是,true,2026-09-28,"深信服官方招聘系统 hr.sangfor.com 校招页面原文『工作城市：深圳市,长沙市,北京市,成都市』，成都为官方 ATS 明确列出的工作城市"
CD0130|奇安信科技集团股份有限公司（成都）|渗透测试工程师(安服)|成都市,CD0130,151,奇安信科技集团股份有限公司（成都）,是,A,软件与互联网服务,渗透测试工程师(安服),"北京,广州,成都,深圳,上海","北京,广州,成都,深圳,上海",四川省,成都市,,成都市,confirmed,其他,未知,,listing_page,否,low,https://www.qianxin.com/campus/internJobSearch,https://www.qianxin.com/campus/internJobSearch,是,true,2026-09-28,"奇安信官网校招职位页原文『渗透测试工程师(安服) 安全类 北京,广州,成都,深圳,上海』，成都为官方页面明确列出的工作城市"
CD0130|奇安信科技集团股份有限公司（成都）|安全工程师 - Web漏洞方向|成都市,CD0130,150,奇安信科技集团股份有限公司（成都）,是,A,软件与互联网服务,安全工程师 - Web漏洞方向,南京、成都、西安,南京、成都、西安,四川省,成都市,,成都市,confirmed,其他,未知,,listing_page,否,low,https://poc.qianxin.com/join-us,https://poc.qianxin.com/join-us,是,true,2026-09-28,奇安信天工实验室官网招聘页『开放职位 01 安全工程师 - Web漏洞方向 工作地点: 南京､成都､西安』，成都为官方页面明确列出的工作城市；2026-09-28 复测 200 但招聘关键词命中少
CD0133|成都中科大旗软件股份有限公司|实习生|成都市,CD0133,158,成都中科大旗软件股份有限公司,是,A,软件与互联网服务,实习生,成都,成都,四川省,成都市,,成都市,confirmed,职能支持,实习,2022-11-08,listing_page,否,low,https://www.daqsoft.com/join-us.html?code=gywm&channelCode=jrwm,https://www.daqsoft.com/join-us.html?code=gywm&channelCode=jrwm,是,true,2026-09-28,官网『加入我们』页面职位列表原文：实习生 综合管理部 成都 2022-11-08，招聘部门综合管理部，招聘人数5
CD0133|成都中科大旗软件股份有限公司|高级Java开发工程师(大数据方向）|成都市,CD0133,159,成都中科大旗软件股份有限公司,是,A,软件与互联网服务,高级Java开发工程师(大数据方向）,成都,成都,四川省,成都市,,成都市,confirmed,研发,未知,2022-11-08,listing_page,否,low,https://www.daqsoft.com/join-us.html?code=gywm&channelCode=jrwm,https://www.daqsoft.com/join-us.html?code=gywm&channelCode=jrwm,是,true,2026-09-28,官网『加入我们』页面职位列表原文：高级Java开发工程师(大数据方向） 技术中心 成都 2022-11-08（职位名保留原文括号与全角右括号）
CD0133|成都中科大旗软件股份有限公司|大数据运维工程师|成都市,CD0133,157,成都中科大旗软件股份有限公司,是,A,软件与互联网服务,大数据运维工程师,成都,成都,四川省,成都市,,成都市,confirmed,研发,未知,2022-11-08,listing_page,否,low,https://www.daqsoft.com/join-us.html?code=gywm&channelCode=jrwm,https://www.daqsoft.com/join-us.html?code=gywm&channelCode=jrwm,是,true,2026-09-28,官网『加入我们』页面职位列表原文：大数据运维工程师 技术中心 成都 2022-11-08
CD0133|成都中科大旗软件股份有限公司|hadoop大数据开发工程师|成都市,CD0133,155,成都中科大旗软件股份有限公司,是,A,软件与互联网服务,hadoop大数据开发工程师,成都,成都,四川省,成都市,,成都市,confirmed,研发,未知,2022-11-08,listing_page,否,low,https://www.daqsoft.com/join-us.html?code=gywm&channelCode=jrwm,https://www.daqsoft.com/join-us.html?code=gywm&channelCode=jrwm,是,true,2026-09-28,官网『加入我们』页面职位列表原文：hadoop大数据开发工程师 技术中心 成都 2022-11-08
CD0133|成都中科大旗软件股份有限公司|web前端开发工程师|成都市,CD0133,156,成都中科大旗软件股份有限公司,是,A,软件与互联网服务,web前端开发工程师,成都,成都,四川省,成都市,,成都市,confirmed,研发,未知,2022-11-08,listing_page,否,low,https://www.daqsoft.com/join-us.html?code=gywm&channelCode=jrwm,https://www.daqsoft.com/join-us.html?code=gywm&channelCode=jrwm,是,true,2026-09-28,官网『加入我们』页面职位列表原文：web前端开发工程师 产品中心/技术中心 成都 2022-11-08
CD0133|成都中科大旗软件股份有限公司|Java开发工程师|成都市,CD0133,154,成都中科大旗软件股份有限公司,是,A,软件与互联网服务,Java开发工程师,成都,成都,四川省,成都市,,成都市,confirmed,研发,未知,2022-11-08,listing_page,否,low,https://www.daqsoft.com/join-us.html?code=gywm&channelCode=jrwm,https://www.daqsoft.com/join-us.html?code=gywm&channelCode=jrwm,是,true,2026-09-28,官网『加入我们』页面职位列表原文：Java开发工程师 产品中心 成都 2022-11-08
CD0133|成都中科大旗软件股份有限公司|高级大数据架构师|成都市,CD0133,160,成都中科大旗软件股份有限公司,是,A,软件与互联网服务,高级大数据架构师,成都,成都,四川省,成都市,,成都市,confirmed,研发,未知,2022-11-08,listing_page,否,low,https://www.daqsoft.com/join-us.html?code=gywm&channelCode=jrwm,https://www.daqsoft.com/join-us.html?code=gywm&channelCode=jrwm,是,true,2026-09-28,官网『加入我们』页面职位列表原文：高级大数据架构师 技术中心 成都 2022-11-08
CD0133|成都中科大旗软件股份有限公司|高级项目经理|成都市,CD0133,161,成都中科大旗软件股份有限公司,是,A,软件与互联网服务,高级项目经理,成都,成都,四川省,成都市,,成都市,confirmed,其他,未知,2022-11-08,listing_page,否,low,https://www.daqsoft.com/join-us.html?code=gywm&channelCode=jrwm,https://www.daqsoft.com/join-us.html?code=gywm&channelCode=jrwm,是,true,2026-09-28,官网『加入我们』页面职位列表原文：高级项目经理 交付中心 成都 2022-11-08；同页『销售经理』标注为『全国』，未计入成都职位
CD0119|成都超有爱科技有限公司|iOS 客户端开发工程师|成都市,CD0119,117,成都超有爱科技有限公司,是,A,软件与互联网服务,iOS 客户端开发工程师,成都,成都,四川省,成都市,,成都市,confirmed,研发,校园招聘,,listing_page,否,low,https://www.baicizhan.com/mobile/campus.html,https://www.baicizhan.com/mobile/campus.html,是,true,2026-09-28,官网校招页『今年校招职位』第1条，同页写明『公司所在地: 成都』，简历投递邮箱 xzhr@baicizhan.com
CD0119|成都超有爱科技有限公司|Android 客户端开发工程师|成都市,CD0119,113,成都超有爱科技有限公司,是,A,软件与互联网服务,Android 客户端开发工程师,成都,成都,四川省,成都市,,成都市,confirmed,研发,校园招聘,,listing_page,否,low,https://www.baicizhan.com/mobile/campus.html,https://www.baicizhan.com/mobile/campus.html,是,true,2026-09-28,官网校招页『今年校招职位』原文职位名，公司所在地成都
CD0119|成都超有爱科技有限公司|Server 服务器端开发工程师|成都市,CD0119,114,成都超有爱科技有限公司,是,A,软件与互联网服务,Server 服务器端开发工程师,成都,成都,四川省,成都市,,成都市,confirmed,研发,校园招聘,,listing_page,否,low,https://www.baicizhan.com/mobile/campus.html,https://www.baicizhan.com/mobile/campus.html,是,true,2026-09-28,官网校招页『今年校招职位』原文职位名，公司所在地成都
CD0119|成都超有爱科技有限公司|Web 前端开发工程师|成都市,CD0119,116,成都超有爱科技有限公司,是,A,软件与互联网服务,Web 前端开发工程师,成都,成都,四川省,成都市,,成都市,confirmed,研发,校园招聘,,listing_page,否,low,https://www.baicizhan.com/mobile/campus.html,https://www.baicizhan.com/mobile/campus.html,是,true,2026-09-28,官网校招页『今年校招职位』原文职位名，公司所在地成都
CD0119|成都超有爱科技有限公司|测试工程师|成都市,CD0119,118,成都超有爱科技有限公司,是,A,软件与互联网服务,测试工程师,成都,成都,四川省,成都市,,成都市,confirmed,测试,校园招聘,,listing_page,否,low,https://www.baicizhan.com/mobile/campus.html,https://www.baicizhan.com/mobile/campus.html,是,true,2026-09-28,官网校招页『今年校招职位』原文职位名，公司所在地成都
CD0119|成都超有爱科技有限公司|营销管培生|成都市,CD0119,119,成都超有爱科技有限公司,是,A,软件与互联网服务,营销管培生,成都,成都,四川省,成都市,,成都市,confirmed,市场,校园招聘,,listing_page,否,low,https://www.baicizhan.com/mobile/campus.html,https://www.baicizhan.com/mobile/campus.html,是,true,2026-09-28,官网校招页『今年校招职位』原文职位名，公司所在地成都
CD0119|成都超有爱科技有限公司|AE 动画师|成都市,CD0119,112,成都超有爱科技有限公司,是,A,软件与互联网服务,AE 动画师,成都,成都,四川省,成都市,,成都市,confirmed,其他,校园招聘,,listing_page,否,low,https://www.baicizhan.com/mobile/campus.html,https://www.baicizhan.com/mobile/campus.html,是,true,2026-09-28,官网校招页『今年校招职位』原文职位名，公司所在地成都
CD0119|成都超有爱科技有限公司|UI 设计师|成都市,CD0119,115,成都超有爱科技有限公司,是,A,软件与互联网服务,UI 设计师,成都,成都,四川省,成都市,,成都市,confirmed,其他,校园招聘,,listing_page,否,low,https://www.baicizhan.com/mobile/campus.html,https://www.baicizhan.com/mobile/campus.html,是,true,2026-09-28,官网校招页『今年校招职位』原文职位名，公司所在地成都；同页另有『平面设计师』未超出每家8条上限故未收录
CD0121|四川锦云数智信息技术有限公司|AI研发工程师|成都市,CD0121,120,四川锦云数智信息技术有限公司,是,A,软件与互联网服务,AI研发工程师,成都,成都,四川省,成都市,,成都市,confirmed,研发,社会招聘,,listing_page,否,low,http://jinyunsz.com/channels/195.html,http://jinyunsz.com/channels/195.html,是,true,2026-09-28,官网『加入我们』招聘表格：招聘职位 AI研发工程师 / 工作地点 成都 / 招聘人数 2人，投递邮箱 hr@jinyunsz.com；岗位含大模型 Agent 应用开发与模型部署调优
CD0121|四川锦云数智信息技术有限公司|大客户销售|成都市,CD0121,121,四川锦云数智信息技术有限公司,是,A,软件与互联网服务,大客户销售,成都,成都,四川省,成都市,,成都市,confirmed,销售,社会招聘,,listing_page,否,low,http://jinyunsz.com/channels/195.html,http://jinyunsz.com/channels/195.html,是,true,2026-09-28,官网『加入我们』招聘表格：招聘职位 大客户销售 / 工作地点 成都 / 招聘人数 4人
CD0121|四川锦云数智信息技术有限公司|销售代表|成都市,CD0121,122,四川锦云数智信息技术有限公司,是,A,软件与互联网服务,销售代表,成都,成都,四川省,成都市,,成都市,confirmed,销售,社会招聘,,listing_page,否,low,http://jinyunsz.com/channels/195.html,http://jinyunsz.com/channels/195.html,是,true,2026-09-28,官网『加入我们』招聘表格（第二组）：招聘职位 销售代表 / 工作地点 成都 / 招聘人数 4人
CD0123:037cb6e5-be9b-485c-8a50-86a3ed91fc71,CD0123,123,中移（成都）信息通信科技有限公司,是,A,软件与互联网服务,空域运行工程师-金种子,四川省-成都市,四川省-成都市,四川省,成都市,,成都市,confirmed,其他,校园招聘,2026-09-10,direct_detail,是,high,https://job.10086.cn/personal/job/detail.html?id=037cb6e5-be9b-485c-8a50-86a3ed91fc71&typess=1,https://job.10086.cn/personal/campus/campus_job_list.html?cId=91,是,true,2026-09-28,中国移动集团统一招聘平台『成都产业研究院-中移（成都）产业研究院』职位列表第1条，工作地点四川省-成都市，技术类，博士研究生，全职，发布时间2026-09-10
CD0123:5be62a64-ca90-4f7d-9539-9222d83069bf,CD0123,124,中移（成都）信息通信科技有限公司,是,A,软件与互联网服务,信息安全工程师-金种子,四川省-成都市,四川省-成都市,四川省,成都市,,成都市,confirmed,其他,校园招聘,2026-09-10,direct_detail,是,high,https://job.10086.cn/personal/job/detail.html?id=5be62a64-ca90-4f7d-9539-9222d83069bf&typess=1,https://job.10086.cn/personal/campus/campus_job_list.html?cId=91,是,true,2026-09-28,集团招聘平台成都产业研究院职位列表第2条，工作地点四川省-成都市，技术类，博士研究生，全职，发布时间2026-09-10
CD0123:f65ddb12-751b-4015-ae9b-98379814e9fe,CD0123,129,中移（成都）信息通信科技有限公司,是,A,软件与互联网服务,AI全栈工程师-金种子,四川省-成都市,四川省-成都市,四川省,成都市,,成都市,confirmed,研发,校园招聘,2026-09-10,direct_detail,是,high,https://job.10086.cn/personal/job/detail.html?id=f65ddb12-751b-4015-ae9b-98379814e9fe&typess=1,https://job.10086.cn/personal/campus/campus_job_list.html?cId=91,是,true,2026-09-28,集团招聘平台成都产业研究院职位列表第3条，工作地点四川省-成都市，技术类，博士研究生，全职，发布时间2026-09-10
CD0123:fb70c4dc-a914-43cb-9982-0e56c6ee8a80,CD0123,130,中移（成都）信息通信科技有限公司,是,A,软件与互联网服务,Agent开发工程师-金种子,四川省-成都市,四川省-成都市,四川省,成都市,,成都市,confirmed,研发,校园招聘,2026-09-10,direct_detail,是,high,https://job.10086.cn/personal/job/detail.html?id=fb70c4dc-a914-43cb-9982-0e56c6ee8a80&typess=1,https://job.10086.cn/personal/campus/campus_job_list.html?cId=91,是,true,2026-09-28,集团招聘平台成都产业研究院职位列表第4条，工作地点四川省-成都市，技术类，博士研究生，全职，发布时间2026-09-10
CD0123:8826a095-fc70-4fbc-b42b-35db0349a024,CD0123,125,中移（成都）信息通信科技有限公司,是,A,软件与互联网服务,信息安全工程师,四川省-成都市,四川省-成都市,四川省,成都市,,成都市,confirmed,其他,校园招聘,2026-09-03,direct_detail,是,high,https://job.10086.cn/personal/job/detail.html?id=8826a095-fc70-4fbc-b42b-35db0349a024&typess=1,https://job.10086.cn/personal/campus/campus_job_list.html?cId=91,是,true,2026-09-28,集团招聘平台成都产业研究院职位列表第5条，工作地点四川省-成都市，技术类，硕士研究生，全职，发布时间2026-09-03
CD0123:a5e099d4-cb7d-4512-a076-ddeddb2ab503,CD0123,126,中移（成都）信息通信科技有限公司,是,A,软件与互联网服务,Agent开发工程师,四川省-成都市,四川省-成都市,四川省,成都市,,成都市,confirmed,研发,校园招聘,2026-09-03,direct_detail,是,high,https://job.10086.cn/personal/job/detail.html?id=a5e099d4-cb7d-4512-a076-ddeddb2ab503&typess=1,https://job.10086.cn/personal/campus/campus_job_list.html?cId=91,是,true,2026-09-28,集团招聘平台成都产业研究院职位列表第6条，工作地点四川省-成都市，技术类，硕士研究生，全职，发布时间2026-09-03
CD0123:d3dd3d32-25fb-4c16-a10c-49de2062ef77,CD0123,127,中移（成都）信息通信科技有限公司,是,A,软件与互联网服务,空域运行工程师,四川省-成都市,四川省-成都市,四川省,成都市,,成都市,confirmed,其他,校园招聘,2026-09-03,direct_detail,是,high,https://job.10086.cn/personal/job/detail.html?id=d3dd3d32-25fb-4c16-a10c-49de2062ef77&typess=1,https://job.10086.cn/personal/campus/campus_job_list.html?cId=91,是,true,2026-09-28,集团招聘平台成都产业研究院职位列表第7条，工作地点四川省-成都市，技术类，硕士研究生，全职，发布时间2026-09-03
CD0123:deaf515a-77a2-478b-a5c0-558e3083d0e3,CD0123,128,中移（成都）信息通信科技有限公司,是,A,软件与互联网服务,AI全栈工程师,四川省-成都市,四川省-成都市,四川省,成都市,,成都市,confirmed,研发,校园招聘,2026-09-03,direct_detail,是,high,https://job.10086.cn/personal/job/detail.html?id=deaf515a-77a2-478b-a5c0-558e3083d0e3&typess=1,https://job.10086.cn/personal/campus/campus_job_list.html?cId=91,是,true,2026-09-28,集团招聘平台成都产业研究院职位列表第8条（共8条），工作地点四川省-成都市，技术类，硕士研究生，全职，发布时间2026-09-03
CD0124:J10585,CD0124,141,时时同云科技（成都）有限责任公司,是,A,软件与互联网服务,Java开发工程师-数据平台方向(J10585),四川省-成都市,四川省-成都市,四川省,成都市,,成都市,confirmed,研发,社会招聘,,direct_detail,是,high,https://keruyun.zhiye.com/zpdetail/230805722,https://keruyun.zhiye.com/home,是,true,2026-09-28,"企业专属 ATS keruyun.zhiye.com 职位详情页『工作地点：四川省,四川省-成都市』，岗位为客如云餐饮SaaS收银与大数据中台相关系统建设"
CD0124:J10590,CD0124,142,时时同云科技（成都）有限责任公司,是,A,软件与互联网服务,中级测开工程师(J10590),四川省-成都市,四川省-成都市,四川省,成都市,,成都市,confirmed,测试,社会招聘,,direct_detail,是,high,https://keruyun.zhiye.com/zpdetail/230805650,https://keruyun.zhiye.com/home,是,true,2026-09-28,企业专属 ATS keruyun.zhiye.com 职位详情页『工作地点：四川省-成都市』，负责客如云技术部业务端到端测试
CD0141:43,CD0141,176,四川锦程消费金融有限责任公司,是,A,金融科技,数据分析岗,四川成都,四川成都,四川省,成都市,,成都市,confirmed,其他,未知,,direct_detail,是,high,https://www.jccfc.com/jobs/43,https://www.jccfc.com/jobs,是,true,2026-09-28,官网职位详情页字段「工作地点：四川成都」，招1人，本科及以上。
CD0141:48,CD0141,177,四川锦程消费金融有限责任公司,是,A,金融科技,业务综合岗,四川成都,四川成都,四川省,成都市,,成都市,confirmed,其他,未知,,direct_detail,是,high,https://www.jccfc.com/jobs/48,https://www.jccfc.com/jobs,是,true,2026-09-28,官网职位详情页字段「工作地点：四川成都」，招2人，本科及以上。
CD0142:267,CD0142,178,成都农村商业银行股份有限公司,是,A,金融科技,分支行综合柜员岗（中心城区）,成都（中心城区支行）,成都（中心城区支行）,四川省,成都市,,成都市,confirmed,其他,校园招聘,,listing_page,否,low,https://www.cdrcb.com/pin/zpdetail.htm?id=267,https://www.cdrcb.com/pin/zpdetail.htm?id=267,是,true,2026-09-28,官网2027年校园招聘公告原文岗位名，招聘90人，中心城区支行名单见公告附件2；报名时间 2026-09-17 至 2026-10-25，核验时处于开放期。
CD0144:239,CD0144,180,国宝人寿保险股份有限公司,是,A,金融科技,资深/高级/中级核保（个险/团险）,成都,成都,四川省,成都市,,成都市,confirmed,其他,社会招聘,,direct_detail,是,high,https://www.panda-assets.com/Position/Detail/239,https://www.panda-assets.com/Position,是,true,2026-09-28,官网职位详情页字段「地点：成都」「部门：运营管理部」，投递邮箱 recruit@panda-assets.com。
CD0144:235,CD0144,179,国宝人寿保险股份有限公司,是,A,金融科技,精算评估岗,成都,成都,四川省,成都市,,成都市,confirmed,其他,社会招聘,,direct_detail,是,high,https://www.panda-assets.com/Position/Detail/235,https://www.panda-assets.com/Position,是,true,2026-09-28,官网职位详情页字段「地点：成都」「部门：产品精算部」。
CD0144:264,CD0144,181,国宝人寿保险股份有限公司,是,A,金融科技,总公司投资业务部运营保障室负责人,成都,成都,四川省,成都市,,成都市,confirmed,其他,社会招聘,2025-12-05,direct_detail,是,high,http://panda-assets.com/Position/Detail/264,https://www.panda-assets.com/Position,是,true,2026-09-28,官网职位详情页字段「地点：成都」「部门：投资业务部」，页面写明报名时间 2025-12-05 至 2025-12-15，已过期。
CD0144:267,CD0144,182,国宝人寿保险股份有限公司,是,A,金融科技,四川分公司办公室（组织人事部）IT支持兼综合管理岗,成都,成都,四川省,成都市,,成都市,confirmed,职能支持,社会招聘,,direct_detail,是,high,http://panda-assets.com/Position/Detail/267,https://www.panda-assets.com/Position,是,true,2026-09-28,官网职位详情页字段「地点：成都」「部门：办公室（组织人事部）」，第一批简历接收截止 2026-03-06。
CD0145|成都星合互娱科技有限公司|游戏制作人|成都市,CD0145,185,成都星合互娱科技有限公司,是,A,游戏,游戏制作人,成都,成都,四川省,成都市,,成都市,confirmed,产品,社会招聘,,listing_page,否,low,https://www.staruniongame.com/cn/join,https://www.staruniongame.com/cn/join,是,true,2026-09-28,官网「加入我们」页列表字段：职位类别=产品策划，工作地点=成都，招聘类型=社会招聘。该页为前端渲染，直接抓取未返回列表，职位内容取自检索结果对该官方页面正文的收录，建议浏览器端复核。；2026-09-28 复测 200 但招聘关键词命中少
CD0145|成都星合互娱科技有限公司|系统策划|成都市,CD0145,186,成都星合互娱科技有限公司,是,A,游戏,系统策划,成都,成都,四川省,成都市,,成都市,confirmed,产品,社会招聘,,listing_page,否,low,https://www.staruniongame.com/cn/join,https://www.staruniongame.com/cn/join,是,true,2026-09-28,官网「加入我们」页列表字段：职位类别=产品策划，工作地点=成都，招聘类型=社会招聘。；2026-09-28 复测 200 但招聘关键词命中少
CD0145|成都星合互娱科技有限公司|数值策划|成都市,CD0145,183,成都星合互娱科技有限公司,是,A,游戏,数值策划,成都,成都,四川省,成都市,,成都市,confirmed,产品,社会招聘,,listing_page,否,low,https://www.staruniongame.com/cn/join,https://www.staruniongame.com/cn/join,是,true,2026-09-28,官网「加入我们」页列表字段：职位类别=产品策划，工作地点=成都，招聘类型=社会招聘。；2026-09-28 复测 200 但招聘关键词命中少
CD0145|成都星合互娱科技有限公司|数据运营|成都市,CD0145,184,成都星合互娱科技有限公司,是,A,游戏,数据运营,成都,成都,四川省,成都市,,成都市,confirmed,运营,社会招聘,,listing_page,否,low,https://www.staruniongame.com/cn/join,https://www.staruniongame.com/cn/join,是,true,2026-09-28,官网「加入我们」页列表字段：职位类别=语言运营（数据运营），工作地点=成都，招聘类型=社会招聘。；2026-09-28 复测 200 但招聘关键词命中少
CD0145|成都星合互娱科技有限公司|翻译兼GM（英语、越南语）|成都市,CD0145,187,成都星合互娱科技有限公司,是,A,游戏,翻译兼GM（英语、越南语）,成都,成都,四川省,成都市,,成都市,confirmed,运营,社会招聘,,listing_page,否,low,https://www.staruniongame.com/cn/join,https://www.staruniongame.com/cn/join,是,true,2026-09-28,官网「加入我们」页列表字段：职位类别=语言运营，工作地点=成都，招聘类型=社会招聘。；2026-09-28 复测 200 但招聘关键词命中少
CD0135:61df9ec36170823b0ab66873,CD0135,165,成都品果科技有限公司,是,A,数字内容,KOL运营实习生,成都,成都,四川省,成都市,,成都市,confirmed,运营,实习,,direct_detail,是,high,https://hr.camera360.com/positionDetail.html?id=61df9ec36170823b0ab66873&channel=school,http://hr.camera360.com/,是,true,2026-09-28,企业自有招聘站职位详情页，列表页工作地点列明「成都」，招聘对象为「27届及以上同学」。
CD0135:684d91816170828e14b66a4f,CD0135,166,成都品果科技有限公司,是,A,数字内容,内容运营实习生,成都,成都,四川省,成都市,,成都市,confirmed,运营,实习,,direct_detail,是,high,https://hr.camera360.com/positionDetail.html?id=684d91816170828e14b66a4f&channel=school,http://hr.camera360.com/,是,true,2026-09-28,企业自有招聘站职位详情页，列表页工作地点列明「成都」，招聘对象为「27届及以上同学」。
CD0147:280,CD0147,192,成都士兰半导体制造有限公司,是,A,半导体与集成电路,模拟 IC 设计师（2027届）,杭州、西安、北京、无锡、成都、上海,杭州、西安、北京、无锡、成都、上海,四川省,成都市,,成都市,confirmed,研发,校园招聘,2026-07-21,direct_detail,是,high,https://www.silan.com.cn/index.php/about/joindetails/280.html,https://www.silan.com.cn/index.php/about/post.html,是,true,2026-09-28,集团官网校招岗位表工作地点一栏明确列出「成都」，招聘人数 25，发布时间 2026/07/21
CD0157:191,CD0157,218,成都亚光电子股份有限公司,是,B,半导体与集成电路,射频工程师（校招）,成都/长沙,成都/长沙,四川省,成都市,,成都市,confirmed,研发,校园招聘,2023-02-21,direct_detail,是,high,https://www.ygkjgroup.com/about/show-191.html,https://www.ygkjgroup.com/about/2.html,是,true,2026-09-28,集团官网人才招聘页明确「工作地点：成都/长沙」，招聘人数6人；发布日期2023-02-21，时效需人工复核
CD0157:240,CD0157,219,成都亚光电子股份有限公司,是,B,半导体与集成电路,射频芯片设计师（校招）,成都/长沙,成都/长沙,四川省,成都市,,成都市,confirmed,研发,校园招聘,2023-02-22,direct_detail,是,high,https://www.ygkjgroup.com/about/show-240.html,https://www.ygkjgroup.com/about/2.html,是,true,2026-09-28,集团官网人才招聘页明确「工作地点：成都/长沙」，招聘人数4人；发布日期2023-02-22，时效需人工复核
CD0157:241,CD0157,220,成都亚光电子股份有限公司,是,B,半导体与集成电路,微波工艺工程师（校招）,成都/长沙,成都/长沙,四川省,成都市,,成都市,confirmed,研发,校园招聘,2023-02-22,direct_detail,是,high,https://www.ygkjgroup.com/about/show-241.html,https://www.ygkjgroup.com/about/2.html,是,true,2026-09-28,集团官网人才招聘页明确「工作地点：成都/长沙」，招聘人数4人；发布日期2023-02-22，时效需人工复核
CD0157:242,CD0157,221,成都亚光电子股份有限公司,是,B,半导体与集成电路,高级射频工程师（社招）,成都/长沙,成都/长沙,四川省,成都市,,成都市,confirmed,研发,社会招聘,2023-02-22,direct_detail,是,high,https://www.ygkjgroup.com/about/show-242.html,https://www.ygkjgroup.com/about/2.html,是,true,2026-09-28,集团官网人才招聘页明确「工作地点：成都/长沙」，招聘人数8人；发布日期2023-02-22，时效需人工复核
CD0159|成都佳驰电子科技股份有限公司|2027届-电磁研发工程师|成都市,CD0159,225,成都佳驰电子科技股份有限公司,是,A,新材料,2027届-电磁研发工程师,成都,成都,四川省,成都市,,成都市,confirmed,研发,校园招聘,,listing_page,否,low,https://www.cdjc.com.cn/joinus,https://www.cdjc.com.cn/joinus,是,true,2026-09-28,官网人才招聘页招贤纳士逐条标注「成都」，硕士及以上，招若干人；网申通道为智联校园（第三方），故记为列表页；2026-09-28 复测 200 但招聘关键词命中少
CD0159|成都佳驰电子科技股份有限公司|2027届-材料研发工程师|成都市,CD0159,223,成都佳驰电子科技股份有限公司,是,A,新材料,2027届-材料研发工程师,成都,成都,四川省,成都市,,成都市,confirmed,研发,校园招聘,,listing_page,否,low,https://www.cdjc.com.cn/joinus,https://www.cdjc.com.cn/joinus,是,true,2026-09-28,官网人才招聘页招贤纳士逐条标注「成都」；专业：复合材料、材料科学与工程、高分子材料等；2026-09-28 复测 200 但招聘关键词命中少
CD0159|成都佳驰电子科技股份有限公司|2027届-结构研发工程师|成都市,CD0159,227,成都佳驰电子科技股份有限公司,是,A,新材料,2027届-结构研发工程师,成都,成都,四川省,成都市,,成都市,confirmed,研发,校园招聘,,listing_page,否,low,https://www.cdjc.com.cn/joinus,https://www.cdjc.com.cn/joinus,是,true,2026-09-28,官网人才招聘页招贤纳士逐条标注「成都」；专业：力学、结构强度、飞行器设计与工程等；2026-09-28 复测 200 但招聘关键词命中少
CD0159|成都佳驰电子科技股份有限公司|2027届-飞控系统工程师|成都市,CD0159,229,成都佳驰电子科技股份有限公司,是,A,新材料,2027届-飞控系统工程师,成都,成都,四川省,成都市,,成都市,confirmed,研发,校园招聘,,listing_page,否,low,https://www.cdjc.com.cn/joinus,https://www.cdjc.com.cn/joinus,是,true,2026-09-28,官网人才招聘页招贤纳士逐条标注「成都」；专业：飞行器设计、控制工程、飞行器动力工程等；2026-09-28 复测 200 但招聘关键词命中少
CD0150:473,CD0150,197,四川赛狄信息技术股份公司,是,A,电子信息制造,售前方案工程师,成都,成都,四川省,成都市,,成都市,confirmed,其他,社会招聘,,direct_detail,是,high,https://sdrising.com/content/content-473,https://www.sdrising.com/category/topic-5,是,true,2026-09-28,官网职位详情页明确「工作地点：成都」，薪资 15W-25W/年
CD0150:470,CD0150,194,四川赛狄信息技术股份公司,是,A,电子信息制造,软件工程师,成都、西安,成都、西安,四川省,成都市,,成都市,confirmed,研发,社会招聘,,direct_detail,是,high,https://sdrising.com/content/content-470,https://www.sdrising.com/category/topic-5,是,true,2026-09-28,官网职位详情页明确「工作地点：成都、西安」，薪资 20W-40W/年
CD0152|成都天箭科技股份有限公司|mems结构设计工程师|成都市,CD0152,206,成都天箭科技股份有限公司,是,A,电子信息制造,mems结构设计工程师,成都-锦江,成都-锦江,四川省,成都市,,成都市,confirmed,研发,社会招聘,,listing_page,否,low,https://www.tjian.com.cn/join/default.html,https://www.tjian.com.cn/join/default.html,是,true,2026-09-28,官网加入我们页明确标注「成都-锦江」，15-25k，招5人，硕士，所属设计开发部
CD0152|成都天箭科技股份有限公司|mems电路设计工程师|成都市,CD0152,205,成都天箭科技股份有限公司,是,A,电子信息制造,mems电路设计工程师,成都-锦江,成都-锦江,四川省,成都市,,成都市,confirmed,研发,社会招聘,,listing_page,否,low,https://www.tjian.com.cn/join/default.html,https://www.tjian.com.cn/join/default.html,是,true,2026-09-28,官网加入我们页明确标注「成都-锦江」，15-25k，招10人，硕士；英文站同步发布
CD0164|成都蓉生药业有限责任公司|2026年度博士后|成都市,CD0164,241,成都蓉生药业有限责任公司,是,A,生物医药,2026年度博士后,成都（成都市双流区菁园路280号）,成都（成都市双流区菁园路280号）,四川省,成都市,双流区,成都市,confirmed,研发,社会招聘,2026-01-21,listing_page,否,low,https://www.ronsen.com/list-45-1.html,https://www.ronsen.com/list-45-1.html,是,true,2026-09-28,官网人才招聘页招聘职位表列出「2026年度博士后」，发布日期2026.1.21，公告正文联系地址写明成都市双流区菁园路280号
CD0159|成都佳驰电子科技股份有限公司|2027届-电磁研发工程师成都|成都市,CD0159,226,成都佳驰电子科技股份有限公司,是,A,新材料,2027届-电磁研发工程师成都,成都,成都,四川省,成都市,,成都市,confirmed,研发,校园招聘,,listing_page,否,low,https://www.cdjc.com.cn/joinus?rijsla=7oef71,https://www.cdjc.com.cn/joinus?rijsla=7oef71,是,true,2026-09-28,官网加入我们页职位名后直接标注工作地成都；要求硕士及以上，电子科学与技术/电磁场与微波技术等相关专业；2026-09-28 复测 200 但招聘关键词命中少
CD0159|成都佳驰电子科技股份有限公司|2027届-材料研发工程师成都|成都市,CD0159,224,成都佳驰电子科技股份有限公司,是,A,新材料,2027届-材料研发工程师成都,成都,成都,四川省,成都市,,成都市,confirmed,研发,校园招聘,,listing_page,否,low,https://www.cdjc.com.cn/joinus?rijsla=7oef71,https://www.cdjc.com.cn/joinus?rijsla=7oef71,是,true,2026-09-28,官网加入我们页职位名后直接标注工作地成都；复合材料/材料科学与工程/高分子材料等相关专业；2026-09-28 复测 200 但招聘关键词命中少
CD0159|成都佳驰电子科技股份有限公司|2027届-结构研发工程师成都|成都市,CD0159,228,成都佳驰电子科技股份有限公司,是,A,新材料,2027届-结构研发工程师成都,成都,成都,四川省,成都市,,成都市,confirmed,研发,校园招聘,,listing_page,否,low,https://www.cdjc.com.cn/joinus?rijsla=7oef71,https://www.cdjc.com.cn/joinus?rijsla=7oef71,是,true,2026-09-28,官网加入我们页职位名后直接标注工作地成都；力学/结构强度/飞行器设计与工程等相关专业；2026-09-28 复测 200 但招聘关键词命中少
CD0159|成都佳驰电子科技股份有限公司|2027届-飞控系统工程师成都|成都市,CD0159,230,成都佳驰电子科技股份有限公司,是,A,新材料,2027届-飞控系统工程师成都,成都,成都,四川省,成都市,,成都市,confirmed,研发,校园招聘,,listing_page,否,low,https://www.cdjc.com.cn/joinus?rijsla=7oef71,https://www.cdjc.com.cn/joinus?rijsla=7oef71,是,true,2026-09-28,官网加入我们页职位名后直接标注工作地成都；飞行器设计/控制工程/飞行器动力工程等相关专业；2026-09-28 复测 200 但招聘关键词命中少
CD0174:213,CD0174,268,成都百裕制药股份有限公司,是,A,生物医药,新药化学研究员,成都天府生命科技园,成都天府生命科技园,四川省,成都市,,成都市,confirmed,研发,社会招聘,,direct_detail,是,high,https://en.baiyujituan.com/shzp/213.html,https://en.baiyujituan.com/zhaoxiannashi/,是,true,2026-09-28,官网招贤纳士-社会招聘列表标注招聘人数2、地点成都天府生命科技园，并可直达详情页
CD0174:214,CD0174,269,成都百裕制药股份有限公司,是,A,生物医药,管培生（生产）,成都温江区,成都温江区,四川省,成都市,温江区,成都市,confirmed,生产制造,校园招聘,,direct_detail,是,high,https://en.baiyujituan.com/xyzp/214.html,https://en.baiyujituan.com/zhaoxiannashi/,是,true,2026-09-28,官网招贤纳士-校园招聘列表标注招聘人数3、地点成都温江区，并可直达详情页
CD0175:53,CD0175,272,成都第一制药有限公司,是,A,生物医药,QA,成都彭州,成都彭州,四川省,成都市,,成都市,confirmed,生产制造,社会招聘,,direct_detail,是,high,https://www.cddyyy.com/home/join/work_detail?work_id=53,https://www.cddyyy.com/home/join/index?001324,是,true,2026-09-28,官网加入我们页标注工作地点成都彭州、招聘人数2，详情页URL带 work_id
CD0175:52,CD0175,271,成都第一制药有限公司,是,A,生物医药,工艺员,成都彭州,成都彭州,四川省,成都市,,成都市,confirmed,生产制造,社会招聘,,direct_detail,是,high,https://www.cddyyy.com/home/join/work_detail?work_id=52,https://www.cddyyy.com/home/join/index?001324,是,true,2026-09-28,官网加入我们页标注工作地点成都彭州、招聘人数1，详情页URL带 work_id
CD0175:51,CD0175,270,成都第一制药有限公司,是,A,生物医药,助理产品经理,成都彭州,成都彭州,四川省,成都市,,成都市,confirmed,产品,社会招聘,,direct_detail,是,high,https://www.cddyyy.com/home/join/work_detail?work_id=51,https://www.cddyyy.com/home/join/index?001324,是,true,2026-09-28,官网加入我们页标注工作地点成都彭州、招聘人数1，详情页URL带 work_id
CD0176|一汽丰田汽车（成都）有限公司|【26届三地招聘】操作工（该岗位通过邮箱投递）|成都市,CD0176,273,一汽丰田汽车（成都）有限公司,是,B,智能制造与装备,【26届三地招聘】操作工（该岗位通过邮箱投递）,成都市-龙泉驿区,成都市-龙泉驿区,四川省,成都市,龙泉驿区,成都市,confirmed,生产制造,校园招聘,2025-09-29,listing_page,否,low,https://faw-zhaopin.hotjob.cn/positionList?recruitType=1&projectId=203201,https://faw-zhaopin.hotjob.cn/positionList?recruitType=1&projectId=203201,是,true,2026-09-28,中国一汽集团招聘门户（一汽丰田 制造技术 成都市-龙泉驿区，发布时间2025-09-29）；本次静态抓取该页返回0个在招职位，条目来自官方门户检索快照，需人工复核；2026-09-28 复测 200 但招聘关键词命中少
CD0177|成都特隆美储能技术有限公司|生产工艺工程师|成都市,CD0177,280,成都特隆美储能技术有限公司,是,A,新能源,生产工艺工程师,成都,成都,四川省,成都市,,成都市,confirmed,生产制造,社会招聘,,listing_page,否,low,http://www.tecloman.cn/join/,http://www.tecloman.cn/join/,是,true,2026-09-28,官网加入我们页职位表「工作地点」列标注成都，职位类别：技术
CD0177|成都特隆美储能技术有限公司|测试工程师|成都市,CD0177,277,成都特隆美储能技术有限公司,是,A,新能源,测试工程师,成都,成都,四川省,成都市,,成都市,confirmed,测试,社会招聘,,listing_page,否,low,http://www.tecloman.cn/join/,http://www.tecloman.cn/join/,是,true,2026-09-28,官网加入我们页职位表「工作地点」列标注成都，职位类别：技术
CD0177|成都特隆美储能技术有限公司|工艺工程师|成都市,CD0177,276,成都特隆美储能技术有限公司,是,A,新能源,工艺工程师,成都,成都,四川省,成都市,,成都市,confirmed,生产制造,社会招聘,,listing_page,否,low,http://www.tecloman.cn/join/,http://www.tecloman.cn/join/,是,true,2026-09-28,官网加入我们页职位表「工作地点」列标注成都，职位类别：技术
CD0177|成都特隆美储能技术有限公司|电力电子软件工程师|成都市,CD0177,281,成都特隆美储能技术有限公司,是,A,新能源,电力电子软件工程师,成都,成都,四川省,成都市,,成都市,confirmed,研发,社会招聘,,listing_page,否,low,http://www.tecloman.cn/join/,http://www.tecloman.cn/join/,是,true,2026-09-28,官网加入我们页职位表「工作地点」列标注成都，职位类别：技术
CD0177|成都特隆美储能技术有限公司|BMS软件工程师|成都市,CD0177,274,成都特隆美储能技术有限公司,是,A,新能源,BMS软件工程师,成都,成都,四川省,成都市,,成都市,confirmed,研发,社会招聘,,listing_page,否,low,http://www.tecloman.cn/join/,http://www.tecloman.cn/join/,是,true,2026-09-28,官网加入我们页职位表「工作地点」列标注成都，职位类别：技术
CD0177|成都特隆美储能技术有限公司|外贸销售经理|成都市,CD0177,275,成都特隆美储能技术有限公司,是,A,新能源,外贸销售经理,成都,成都,四川省,成都市,,成都市,confirmed,销售,社会招聘,,listing_page,否,low,http://www.tecloman.cn/join/,http://www.tecloman.cn/join/,是,true,2026-09-28,官网加入我们页职位表「工作地点」列标注成都，职位类别：销售
CD0177|成都特隆美储能技术有限公司|海外/国内售前技术支持|成都市,CD0177,278,成都特隆美储能技术有限公司,是,A,新能源,海外/国内售前技术支持,成都,成都,四川省,成都市,,成都市,confirmed,其他,社会招聘,,listing_page,否,low,http://www.tecloman.cn/join/,http://www.tecloman.cn/join/,是,true,2026-09-28,官网加入我们页职位表「工作地点」列标注成都，职位类别：售前
CD0177|成都特隆美储能技术有限公司|海外/国内售后工程师|成都市,CD0177,279,成都特隆美储能技术有限公司,是,A,新能源,海外/国内售后工程师,成都,成都,四川省,成都市,,成都市,confirmed,其他,社会招聘,,listing_page,否,low,http://www.tecloman.cn/join/,http://www.tecloman.cn/join/,是,true,2026-09-28,官网加入我们页职位表「工作地点」列标注成都，职位类别：售后
CD0179|四川顺丰速运有限公司|产品经理|成都市,CD0179,287,四川顺丰速运有限公司,是,A,物流供应链,产品经理,成都市,成都市,四川省,成都市,,成都市,confirmed,产品,社会招聘,2026-09-20,listing_page,否,low,https://hr.sf-express.com/jobMainHandler/main/baseinfo.do,https://crs-pub.sf-express.com/recruitcenter/?role=3,是,true,2026-09-28,顺丰自有域名招聘系统社招职位列表：产品经理 15k-25k 成都市 5-10年 本科 顺丰集团本部，更新2026-09-20
CD0165:006781,CD0165,246,海思科医药集团股份有限公司（四川海思科制药有限公司）,是,A,生物医药,环保高级主管(006781),成都市-温江区,成都市-温江区,四川省,成都市,温江区,成都市,confirmed,其他,社会招聘,2026-09-24,listing_page,否,low,https://wecruit.hotjob.cn/SU6663b85a1eb8051cd22556e3/pb/social.html,https://wecruit.hotjob.cn/SU6663b85a1eb8051cd22556e3/pb/social.html,是,true,2026-09-28,海思科企业专属ATS社招列表：生产类，成都市-温江区，招1人，更新日期2026-09-24；2026-09-28 复测 200 但招聘关键词命中少
CD0165:006766,CD0165,245,海思科医药集团股份有限公司（四川海思科制药有限公司）,是,A,生物医药,人力实习生(006766),成都市,成都市,四川省,成都市,,成都市,confirmed,职能支持,实习,2026-09-23,listing_page,否,low,https://wecruit.hotjob.cn/SU6663b85a1eb8051cd22556e3/pb/social.html,https://wecruit.hotjob.cn/SU6663b85a1eb8051cd22556e3/pb/social.html,是,true,2026-09-28,海思科企业专属ATS社招列表：运营类，成都市，招1人，更新日期2026-09-23；2026-09-28 复测 200 但招聘关键词命中少
CD0165|海思科医药集团股份有限公司（四川海思科制药有限公司）|CTA|成都市,CD0165,247,海思科医药集团股份有限公司（四川海思科制药有限公司）,是,A,生物医药,CTA,成都市,成都市,四川省,成都市,,成都市,confirmed,研发,社会招聘,2026-09-10,listing_page,否,low,https://wecruit.hotjob.cn/SU6663b85a1eb8051cd22556e3/pb/social.html,https://wecruit.hotjob.cn/SU6663b85a1eb8051cd22556e3/pb/social.html,是,true,2026-09-28,海思科企业专属ATS社招列表：研发类，成都市，招2人，更新日期2026-09-10；2026-09-28 复测 200 但招聘关键词命中少
CD0165:006142,CD0165,242,海思科医药集团股份有限公司（四川海思科制药有限公司）,是,A,生物医药,生产操作工(制剂)(006142),成都市-温江区,成都市-温江区,四川省,成都市,温江区,成都市,confirmed,生产制造,社会招聘,2026-08-05,listing_page,否,low,https://wecruit.hotjob.cn/SU6663b85a1eb8051cd22556e3/pb/social.html,https://wecruit.hotjob.cn/SU6663b85a1eb8051cd22556e3/pb/social.html,是,true,2026-09-28,海思科企业专属ATS社招列表：生产类，成都市-温江区，招2人，更新日期2026-08-05；2026-09-28 复测 200 但招聘关键词命中少
CD0165:006399,CD0165,244,海思科医药集团股份有限公司（四川海思科制药有限公司）,是,A,生物医药,QA专家(体系)(006399),成都市-温江区,成都市-温江区,四川省,成都市,温江区,成都市,confirmed,生产制造,社会招聘,2026-08-03,listing_page,否,low,https://wecruit.hotjob.cn/SU6663b85a1eb8051cd22556e3/pb/social.html,https://wecruit.hotjob.cn/SU6663b85a1eb8051cd22556e3/pb/social.html,是,true,2026-09-28,海思科企业专属ATS社招列表：生产类，成都市-温江区，招1人，更新日期2026-08-03；2026-09-28 复测 200 但招聘关键词命中少
CD0165|海思科医药集团股份有限公司（四川海思科制药有限公司）|咖啡师|成都市,CD0165,248,海思科医药集团股份有限公司（四川海思科制药有限公司）,是,A,生物医药,咖啡师,成都市-温江区,成都市-温江区,四川省,成都市,温江区,成都市,confirmed,其他,社会招聘,2026-07-29,listing_page,否,low,https://wecruit.hotjob.cn/SU6663b85a1eb8051cd22556e3/pb/social.html,https://wecruit.hotjob.cn/SU6663b85a1eb8051cd22556e3/pb/social.html,是,true,2026-09-28,海思科企业专属ATS社招列表：运营类，成都市-温江区，招1人，更新日期2026-07-29；2026-09-28 复测 200 但招聘关键词命中少
CD0165|海思科医药集团股份有限公司（四川海思科制药有限公司）|研发HRBP|成都市,CD0165,249,海思科医药集团股份有限公司（四川海思科制药有限公司）,是,A,生物医药,研发HRBP,成都市,成都市,四川省,成都市,,成都市,confirmed,职能支持,社会招聘,2026-07-29,listing_page,否,low,https://wecruit.hotjob.cn/SU6663b85a1eb8051cd22556e3/pb/social.html,https://wecruit.hotjob.cn/SU6663b85a1eb8051cd22556e3/pb/social.html,是,true,2026-09-28,海思科企业专属ATS社招列表：运营类，成都市，招1人，更新日期2026-07-29；2026-09-28 复测 200 但招聘关键词命中少
CD0165:006373,CD0165,243,海思科医药集团股份有限公司（四川海思科制药有限公司）,是,A,生物医药,分析研究员(006373),成都市-温江区,成都市-温江区,四川省,成都市,温江区,成都市,confirmed,研发,社会招聘,2026-07-29,listing_page,否,low,https://wecruit.hotjob.cn/SU6663b85a1eb8051cd22556e3/pb/social.html,https://wecruit.hotjob.cn/SU6663b85a1eb8051cd22556e3/pb/social.html,是,true,2026-09-28,海思科企业专属ATS社招列表：生产类，成都市-温江区，招1人，更新日期2026-07-29；2026-09-28 复测 200 但招聘关键词命中少
CD0166|成都美富特环保产业股份有限公司|工艺设计工程师|成都市,CD0166,253,成都美富特环保产业股份有限公司,是,A,新材料,工艺设计工程师,成都-金牛区,成都-金牛区,四川省,成都市,金牛区,成都市,confirmed,研发,社会招聘,2025-02-19,listing_page,否,low,http://mft-cn.com/join/68.html,http://mft-cn.com/join/68.html,是,true,2026-09-28,官网加入我们页职位「工作地址」写明成都-金牛区
CD0166|成都美富特环保产业股份有限公司|安全主管|成都市,CD0166,251,成都美富特环保产业股份有限公司,是,A,新材料,安全主管,成都-金牛区、金堂淮口,成都-金牛区、金堂淮口,四川省,成都市,金牛区,成都市,confirmed,其他,社会招聘,2025-02-19,listing_page,否,low,http://mft-cn.com/join/68.html,http://mft-cn.com/join/68.html,是,true,2026-09-28,官网加入我们页职位「工作地址」写明成都-金牛区、金堂淮口
CD0166|成都美富特环保产业股份有限公司|机械工程师|成都市,CD0166,254,成都美富特环保产业股份有限公司,是,A,新材料,机械工程师,成都-金牛区,成都-金牛区,四川省,成都市,金牛区,成都市,confirmed,研发,社会招聘,2025-12-26,listing_page,否,low,http://mft-cn.com/join/68.html,http://mft-cn.com/join/68.html,是,true,2026-09-28,官网加入我们页职位「工作地址」写明成都-金牛区
CD0166|成都美富特环保产业股份有限公司|售后服务工程师|成都市,CD0166,250,成都美富特环保产业股份有限公司,是,A,新材料,售后服务工程师,金堂淮口（成都市金堂县）,金堂淮口（成都市金堂县）,四川省,成都市,金堂县,成都市,confirmed,其他,社会招聘,2025-02-19,listing_page,否,low,http://mft-cn.com/join/68.html,http://mft-cn.com/join/68.html,是,true,2026-09-28,官网加入我们页职位「工作地址」写明金堂淮口（属成都市金堂县）
CD0166|成都美富特环保产业股份有限公司|实验工程师|成都市,CD0166,252,成都美富特环保产业股份有限公司,是,A,新材料,实验工程师,金堂淮口（成都市金堂县）,金堂淮口（成都市金堂县）,四川省,成都市,金堂县,成都市,confirmed,研发,社会招聘,2025-02-19,listing_page,否,low,http://mft-cn.com/join/68.html,http://mft-cn.com/join/68.html,是,true,2026-09-28,官网加入我们页职位「工作地址」写明金堂淮口（属成都市金堂县）
CD0166|成都美富特环保产业股份有限公司|研发工程师|成都市,CD0166,255,成都美富特环保产业股份有限公司,是,A,新材料,研发工程师,金堂淮口（成都市金堂县）,金堂淮口（成都市金堂县）,四川省,成都市,金堂县,成都市,confirmed,研发,社会招聘,2025-02-19,listing_page,否,low,http://mft-cn.com/join/68.html,http://mft-cn.com/join/68.html,是,true,2026-09-28,官网加入我们页职位「工作地址」写明金堂淮口（属成都市金堂县）；化工/高分子材料/环保相关专业硕士及以上
CD0167:J14647,CD0167,257,中创新航科技（成都）有限公司,是,A,新能源,关务专员(J14647),四川省·成都市,四川省·成都市,四川省,成都市,,成都市,confirmed,供应链,社会招聘,2026-09-01,listing_page,否,low,https://calbjs.zhiye.com/social/jobs,https://calbjs.zhiye.com/social/jobs,是,true,2026-09-28,企业专属ATS（calbjs.zhiye.com）社招列表明确标注工作地点四川省·成都市
CD0167:J13314,CD0167,256,中创新航科技（成都）有限公司,是,A,新能源,BMS应用层软件主任工程师(J13314),"江苏省·常州市,四川省·成都市,上海市","江苏省·常州市,四川省·成都市,上海市",四川省,成都市,,成都市,confirmed,研发,社会招聘,2026-08-31,listing_page,否,low,https://calbjs.zhiye.com/social/jobs,https://calbjs.zhiye.com/social/jobs,是,true,2026-09-28,企业专属ATS（calbjs.zhiye.com）社招列表工作地点含四川省·成都市（多地点岗位）
CD0172|四川南格尔生物医学股份有限公司|制剂QA|成都市,CD0172,267,四川南格尔生物医学股份有限公司,是,A,医疗器械,制剂QA,成都,成都,四川省,成都市,,成都市,confirmed,生产制造,社会招聘,2026-07-14,listing_page,否,low,https://nigale.cn/contact.html,https://nigale.cn/contact.html,是,true,2026-09-28,官网联系我们页内嵌招聘职位表：所属部门质量管理部，工作地点成都，招聘4人，发布时间2026-07-14
CD0124:230918158,CD0124,140,时时同云科技（成都）有限责任公司,是,A,软件与互联网服务,客户服务顾问(J10707),四川省-成都市,四川省-成都市,四川省,成都市,,成都市,confirmed,职能支持,社会招聘,,direct_detail,是,high,https://keruyun.zhiye.com/zpdetail/230918158,https://keruyun.zhiye.com/social/jobs,是,true,2026-09-28,客如云招聘系统社招列表页该职位标注工作地点为四川省-成都市，详情页链接为列表页给出
CD0124:230917638,CD0124,139,时时同云科技（成都）有限责任公司,是,A,软件与互联网服务,供应链售后顾问(J10706),四川省-成都市,四川省-成都市,四川省,成都市,,成都市,confirmed,供应链,社会招聘,,direct_detail,是,high,https://keruyun.zhiye.com/zpdetail/230917638,https://keruyun.zhiye.com/social/jobs,是,true,2026-09-28,客如云招聘系统社招列表页该职位标注工作地点为四川省-成都市
CD0150:469,CD0150,193,四川赛狄信息技术股份公司,是,A,电子信息制造,硬件工程师,成都、西安,成都、西安,四川省,成都市,,成都市,confirmed,研发,社会招聘,2023-12-04,direct_detail,是,high,https://www.sdrising.com/content/content-469,https://www.sdrising.com/category/recruit-30,是,true,2026-09-28,赛狄官网社招列表页该职位写明工作地点成都、西安，发布日期2023-12-04
CD0157:243,CD0157,222,成都亚光电子股份有限公司,是,B,半导体与集成电路,射频工程师（社招）,成都/长沙,成都/长沙,四川省,成都市,,成都市,confirmed,研发,社会招聘,2023-02-22,direct_detail,是,high,https://www.ygkjgroup.com/about/show-243.html,https://www.ygkjgroup.com/about/2.html,是,true,2026-09-28,亚光科技官网人才招聘页写明工作地点成都/长沙，发布日期2023-02-22
CD0130|奇安信科技集团股份有限公司（成都）|青少班-市场营销方向|成都市,CD0130,153,奇安信科技集团股份有限公司（成都）,是,A,软件与互联网服务,青少班-市场营销方向,"北京,杭州,广州,成都,南京,青岛,深圳,上海,济南","北京,杭州,广州,成都,南京,青岛,深圳,上海,济南",四川省,成都市,,成都市,confirmed,市场,校园招聘,,direct_detail,是,medium,https://app.mokahr.com/m/campus-recruitment/qianxin/29182?hash=%23%2Fjob%2Ff9de789f-4c3a-421e-901f-ffc34d25c71b%3Ffrom%3Dqrcode,https://www.qianxin.com/campus/internJobSearch,是,true,2026-09-28,奇安信校招页面该岗位工作地包含成都，详情页链接为页面「立即申请」按钮给出的地址；动态渲染页（重定向/SPA），浏览器访问正常
CD0130|奇安信科技集团股份有限公司（成都）|渗透测试工程师（攻防方向）|成都市,CD0130,152,奇安信科技集团股份有限公司（成都）,是,A,软件与互联网服务,渗透测试工程师（攻防方向）,"北京,杭州,广州,成都,南京,重庆,深圳","北京,杭州,广州,成都,南京,重庆,深圳",四川省,成都市,,成都市,confirmed,测试,校园招聘,,direct_detail,是,medium,https://app.mokahr.com/m/campus-recruitment/qianxin/29182?hash=%23%2Fjob%2F3b4ba1fc-6f2a-43c7-b62b-dfcf497ff237%3Ffrom%3Dqrcode,https://www.qianxin.com/campus/internJobSearch,是,true,2026-09-28,奇安信校招页面该岗位工作地包含成都，详情页链接为页面「立即申请」按钮给出的地址；动态渲染页（重定向/SPA），浏览器访问正常
CD0171|中自科技股份有限公司|CAIO（首席AI官）|成都市,CD0171,261,中自科技股份有限公司,是,A,新材料,CAIO（首席AI官）,成都市-高新西区,成都市-高新西区,四川省,成都市,高新西区,成都市,confirmed,其他,社会招聘,2026-09-22,listing_page,否,low,https://wecruit.hotjob.cn/SU6877128a8131aa76aa0b70da/pb/social.html,https://wecruit.hotjob.cn/SU6877128a8131aa76aa0b70da/pb/social.html,是,true,2026-09-28,中自科技官网「加入中自」跳转的官方招聘页，该职位工作地点写明成都市-高新西区，发布日期2026-09-22；2026-09-28 复测 200 但招聘关键词命中少
CD0171|中自科技股份有限公司|投融资经理|成都市,CD0171,266,中自科技股份有限公司,是,A,新材料,投融资经理,成都市-高新西区,成都市-高新西区,四川省,成都市,高新西区,成都市,confirmed,职能支持,社会招聘,2026-09-22,listing_page,否,low,https://wecruit.hotjob.cn/SU6877128a8131aa76aa0b70da/pb/social.html,https://wecruit.hotjob.cn/SU6877128a8131aa76aa0b70da/pb/social.html,是,true,2026-09-28,官方招聘页写明工作地点成都市-高新西区，发布日期2026-09-22；2026-09-28 复测 200 但招聘关键词命中少
CD0171|中自科技股份有限公司|AI数字化专家/总监/经理|成都市,CD0171,260,中自科技股份有限公司,是,A,新材料,AI数字化专家/总监/经理,成都市-高新西区,成都市-高新西区,四川省,成都市,高新西区,成都市,confirmed,研发,社会招聘,2026-09-22,listing_page,否,low,https://wecruit.hotjob.cn/SU6877128a8131aa76aa0b70da/pb/social.html,https://wecruit.hotjob.cn/SU6877128a8131aa76aa0b70da/pb/social.html,是,true,2026-09-28,官方招聘页写明工作地点成都市-高新西区，发布日期2026-09-22；2026-09-28 复测 200 但招聘关键词命中少
CD0171|中自科技股份有限公司|战略规划经理（新能源/化工/复材方向）|成都市,CD0171,265,中自科技股份有限公司,是,A,新材料,战略规划经理（新能源/化工/复材方向）,成都市-高新西区,成都市-高新西区,四川省,成都市,高新西区,成都市,confirmed,其他,社会招聘,2026-09-22,listing_page,否,low,https://wecruit.hotjob.cn/SU6877128a8131aa76aa0b70da/pb/social.html,https://wecruit.hotjob.cn/SU6877128a8131aa76aa0b70da/pb/social.html,是,true,2026-09-28,官方招聘页写明工作地点成都市-高新西区，发布日期2026-09-22；2026-09-28 复测 200 但招聘关键词命中少
CD0171|中自科技股份有限公司|储能测试工程师|成都市,CD0171,263,中自科技股份有限公司,是,A,新材料,储能测试工程师,成都市-郫都区,成都市-郫都区,四川省,成都市,郫都区,成都市,confirmed,测试,社会招聘,2026-09-22,listing_page,否,low,https://wecruit.hotjob.cn/SU6877128a8131aa76aa0b70da/pb/social.html,https://wecruit.hotjob.cn/SU6877128a8131aa76aa0b70da/pb/social.html,是,true,2026-09-28,官方招聘页写明工作地点成都市-郫都区，发布日期2026-09-22；2026-09-28 复测 200 但招聘关键词命中少
CD0171|中自科技股份有限公司|储能工艺员|成都市,CD0171,262,中自科技股份有限公司,是,A,新材料,储能工艺员,成都市-郫都区,成都市-郫都区,四川省,成都市,郫都区,成都市,confirmed,生产制造,社会招聘,2026-09-22,listing_page,否,low,https://wecruit.hotjob.cn/SU6877128a8131aa76aa0b70da/pb/social.html,https://wecruit.hotjob.cn/SU6877128a8131aa76aa0b70da/pb/social.html,是,true,2026-09-28,官方招聘页写明工作地点成都市-郫都区，发布日期2026-09-22；2026-09-28 复测 200 但招聘关键词命中少
CD0171|中自科技股份有限公司|储能物流工艺员|成都市,CD0171,264,中自科技股份有限公司,是,A,新材料,储能物流工艺员,成都市-郫都区,成都市-郫都区,四川省,成都市,郫都区,成都市,confirmed,供应链,社会招聘,2026-09-22,listing_page,否,low,https://wecruit.hotjob.cn/SU6877128a8131aa76aa0b70da/pb/social.html,https://wecruit.hotjob.cn/SU6877128a8131aa76aa0b70da/pb/social.html,是,true,2026-09-28,官方招聘页写明工作地点成都市-郫都区，发布日期2026-09-22；2026-09-28 复测 200 但招聘关键词命中少
CD0124:230849359,CD0124,131,时时同云科技（成都）有限责任公司,是,A,软件与互联网服务,中/高级JAVA开发工程师-履约(J10643),四川省-成都市,四川省-成都市,四川省,成都市,,成都市,confirmed,研发,社会招聘,,direct_detail,是,high,https://keruyun.zhiye.com/zpdetail/230849359,https://keruyun.zhiye.com/social?r=&p=&c=5101&d=&k=,是,true,2026-09-28,已实际打开详情页 https://keruyun.zhiye.com/zpdetail/230849359 ，页面「工作地点：四川省-成都市」明确标注；来源为官方招聘系统社招列表按工作地点=成都筛选页
CD0124:230850008,CD0124,132,时时同云科技（成都）有限责任公司,是,A,软件与互联网服务,中/高级JAVA开发工程师-支付(J10645),四川省-成都市,四川省-成都市,四川省,成都市,,成都市,confirmed,研发,社会招聘,,direct_detail,是,high,https://keruyun.zhiye.com/zpdetail/230850008,https://keruyun.zhiye.com/social?r=&p=&c=5101&d=&k=,是,true,2026-09-28,已实际打开详情页 https://keruyun.zhiye.com/zpdetail/230850008 ，页面「工作地点：四川省-成都市」明确标注；来源为官方招聘系统社招列表按工作地点=成都筛选页
CD0124:230853981,CD0124,133,时时同云科技（成都）有限责任公司,是,A,软件与互联网服务,B端产品专家-供应链方向（成都）(J10650),四川省-成都市,四川省-成都市,四川省,成都市,,成都市,confirmed,产品,社会招聘,,direct_detail,是,high,https://keruyun.zhiye.com/zpdetail/230853981,https://keruyun.zhiye.com/social?r=&p=&c=5101&d=&k=,是,true,2026-09-28,已实际打开详情页 https://keruyun.zhiye.com/zpdetail/230853981 ，页面「工作地点：四川省-成都市」明确标注；来源为官方招聘系统社招列表按工作地点=成都筛选页
CD0124:230861573,CD0124,134,时时同云科技（成都）有限责任公司,是,A,软件与互联网服务,技术支持专家（知识运营方向）(J10658),四川省-成都市,四川省-成都市,四川省,成都市,,成都市,confirmed,运营,社会招聘,,direct_detail,是,high,https://keruyun.zhiye.com/zpdetail/230861573,https://keruyun.zhiye.com/social?r=&p=&c=5101&d=&k=,是,true,2026-09-28,已实际打开详情页 https://keruyun.zhiye.com/zpdetail/230861573 ，页面「工作地点：四川省-成都市」明确标注；来源为官方招聘系统社招列表按工作地点=成都筛选页
CD0124:230861636,CD0124,135,时时同云科技（成都）有限责任公司,是,A,软件与互联网服务,智能体运营经理(J10659),四川省-成都市,四川省-成都市,四川省,成都市,,成都市,confirmed,运营,社会招聘,,direct_detail,是,high,https://keruyun.zhiye.com/zpdetail/230861636,https://keruyun.zhiye.com/social?r=&p=&c=5101&d=&k=,是,true,2026-09-28,已实际打开详情页 https://keruyun.zhiye.com/zpdetail/230861636 ，页面「工作地点：四川省-成都市」明确标注；来源为官方招聘系统社招列表按工作地点=成都筛选页
CD0124:230902886,CD0124,136,时时同云科技（成都）有限责任公司,是,A,软件与互联网服务,客服督导(J10692),四川省-成都市,四川省-成都市,四川省,成都市,,成都市,confirmed,职能支持,社会招聘,,direct_detail,是,high,https://keruyun.zhiye.com/zpdetail/230902886,https://keruyun.zhiye.com/social?r=&p=&c=5101&d=&k=,是,true,2026-09-28,已实际打开详情页 https://keruyun.zhiye.com/zpdetail/230902886 ，页面「工作地点：四川省-成都市」明确标注；来源为官方招聘系统社招列表按工作地点=成都筛选页
CD0124:230903747,CD0124,137,时时同云科技（成都）有限责任公司,是,A,软件与互联网服务,SVIP主管(J10693),四川省-成都市,四川省-成都市,四川省,成都市,,成都市,confirmed,运营,社会招聘,,direct_detail,是,high,https://keruyun.zhiye.com/zpdetail/230903747,https://keruyun.zhiye.com/social?r=&p=&c=5101&d=&k=,是,true,2026-09-28,已实际打开详情页 https://keruyun.zhiye.com/zpdetail/230903747 ，页面「工作地点：四川省-成都市」明确标注；来源为官方招聘系统社招列表按工作地点=成都筛选页
CD0124:230905222,CD0124,138,时时同云科技（成都）有限责任公司,是,A,软件与互联网服务,技术服务工程师（商业化服务组）(J10694),四川省-成都市,四川省-成都市,四川省,成都市,,成都市,confirmed,其他,社会招聘,,direct_detail,是,high,https://keruyun.zhiye.com/zpdetail/230905222,https://keruyun.zhiye.com/social?r=&p=&c=5101&d=&k=,是,true,2026-09-28,已实际打开详情页 https://keruyun.zhiye.com/zpdetail/230905222 ，页面「工作地点：四川省-成都市」明确标注；来源为官方招聘系统社招列表按工作地点=成都筛选页
CD0184|中国重汽集团成都王牌商用车有限公司|新能源附件设计岗|成都市青白江区,CD0184,294,中国重汽集团成都王牌商用车有限公司,是,A,智能制造与装备,新能源附件设计岗,成都市青白江区,成都市青白江区,四川省,成都市,青白江区,成都市,confirmed,研发,社会招聘,页面未说明,listing_page,否,not_available,,https://cdw.sinotruk.com/cdwp/2024-04/08/article_2024040810113810333.html,是,true,2026-09-27,同站另一篇《2026届校园招聘公告》（article_2024040810113810333）实测 200，含该岗位；与本条社会招聘为不同公告。；该职位仅有列表页来源，无独立详情页
CD0191|友利银行（中国）有限公司成都分行|一般行员|成都市武侯区,CD0191,303,友利银行（中国）有限公司成都分行,是,A,金融科技,一般行员,成都市武侯区,成都市武侯区,四川省,成都市,武侯区,成都市,confirmed,职能,社会招聘,页面未说明,listing_page,否,not_available,,https://www.wooribankchina.com/woori/gyyl/rczp/zpsy/zpsys/10588.html,是,true,2026-09-27,岗位名称、学历、经验、福利、工作地均照抄官网招聘公告原文；公告截止日期2026.7.17，正文未列岗位职责，job_desc 填页面未说明。；该职位仅有列表页来源，无独立详情页
CD0197|四川师范大学|公开考核招聘事业单位工作人员|四川省成都市锦江区静安路5号,CD0197,313,四川师范大学,是,A,教育,公开考核招聘事业单位工作人员,四川省成都市锦江区静安路5号,四川省成都市锦江区静安路5号,四川省,成都市,锦江区,成都市,confirmed,研发,社会招聘,2026-01-29,direct_detail,是,high,https://rsc.sicnu.edu.cn/p/68/?StId=st_app_news_i_x639053162239142741,https://rsc.sicnu.edu.cn/p/10/,是,true,2026-09-27,公告页实测200（78673字节），发布时间2026-01-29 20:42:14，报名截止2026年10月31日，报名入口为人事处『人才招聘系统』。具体岗位名见附件表格，job_desc 按公告概括。
CD0205|四川知微传感技术有限公司|MEMS惯性传感器PCB板级电路硬件工程师|成都-高新区,CD0205,340,四川知微传感技术有限公司,是,A,半导体与集成电路,MEMS惯性传感器PCB板级电路硬件工程师,成都-高新区,成都-高新区,四川省,成都市,郫都区,成都市,confirmed,研发,社会招聘,页面未说明,listing_page,否,not_available,http://www.wizmems.com/index.php?ac=article&at=list&tid=74,http://www.wizmems.com/index.php?ac=article&at=list&tid=74,是,true,2026-09-27,岗位信息表中性别栏为『/』，面试与到岗时间同表。
CD0205|四川知微传感技术有限公司|市场经理/主管|成都-高新区,CD0205,341,四川知微传感技术有限公司,是,A,半导体与集成电路,市场经理/主管,成都-高新区,成都-高新区,四川省,成都市,郫都区,成都市,confirmed,销售,社会招聘,页面未说明,listing_page,否,not_available,http://www.wizmems.com/index.php?ac=article&at=list&tid=74,http://www.wizmems.com/index.php?ac=article&at=list&tid=74,是,true,2026-09-27,薪资原文『13-22k』。
CD0205|四川知微传感技术有限公司|应用工程师|成都-高新区,CD0205,342,四川知微传感技术有限公司,是,A,半导体与集成电路,应用工程师,成都-高新区,成都-高新区,四川省,成都市,郫都区,成都市,confirmed,研发,社会招聘,页面未说明,listing_page,否,not_available,http://www.wizmems.com/index.php?ac=article&at=list&tid=74,http://www.wizmems.com/index.php?ac=article&at=list&tid=74,是,true,2026-09-27,页面岗位信息表另有面试时间 2026-07-31、到岗时间 2026-07-04。
CD0205|四川知微传感技术有限公司|模拟IC设计工程师|成都-高新区,CD0205,343,四川知微传感技术有限公司,是,A,半导体与集成电路,模拟IC设计工程师,成都-高新区,成都-高新区,四川省,成都市,郫都区,成都市,confirmed,研发,社会招聘,页面未说明,listing_page,否,not_available,http://www.wizmems.com/index.php?ac=article&at=list&tid=74,http://www.wizmems.com/index.php?ac=article&at=list&tid=74,是,true,2026-09-27,薪资原文『15-35k·13薪』。
CD0205|四川知微传感技术有限公司|模拟版图设计工程师|成都高新区,CD0205,344,四川知微传感技术有限公司,是,A,半导体与集成电路,模拟版图设计工程师,成都高新区,成都高新区,四川省,成都市,郫都区,成都市,confirmed,研发,社会招聘,页面未说明,listing_page,否,not_available,http://www.wizmems.com/index.php?ac=article&at=list&tid=74,http://www.wizmems.com/index.php?ac=article&at=list&tid=74,是,true,2026-09-27,岗位信息表性别栏为『男』；该岗工作地点写作『成都高新区』，其余岗写作『成都-高新区』。
CD0206|四川红旗连锁股份有限公司|诚聘储备店长|成都（面试地址：高新西区迪康大道7号人事部招聘处；锦江区总府路87号店内）,CD0206,345,四川红旗连锁股份有限公司,是,A,零售与消费,诚聘储备店长,成都（面试地址：高新西区迪康大道7号人事部招聘处；锦江区总府路87号店内）,成都（面试地址：高新西区迪康大道7号人事部招聘处；锦江区总府路87号店内）,四川省,成都市,高新区,成都市,confirmed,运营,社会招聘,2024-11-27,direct_detail,是,high,https://www.hqls.com/Recruit/GetNewDtl/3339,https://www.hqls.com/Recruit,是,true,2026-09-27,"职位名取自官网诚聘精英页列表（原文带“诚聘”前缀）；岗位 id 由页面 onclick=""showdtl('content1',this,3339)"" 与列表块顺序对应确认；详情页无任何薪资与人数信息。"
CD0206|四川红旗连锁股份有限公司|诚聘司机|成都（面试地址：高新西区迪康大道7号人事部招聘处；锦江区总府路87号店内）,CD0206,346,四川红旗连锁股份有限公司,是,A,零售与消费,诚聘司机,成都（面试地址：高新西区迪康大道7号人事部招聘处；锦江区总府路87号店内）,成都（面试地址：高新西区迪康大道7号人事部招聘处；锦江区总府路87号店内）,四川省,成都市,高新区,成都市,confirmed,物流,社会招聘,2024-11-27,direct_detail,是,high,https://www.hqls.com/Recruit/GetNewDtl/3206,https://www.hqls.com/Recruit,是,true,2026-09-27,职位名取自官网列表（showdtl content3 → 3206）；岗位属公司物流配送岗，故 job_category 归为物流。
CD0206|四川红旗连锁股份有限公司|诚聘营业员|成都（面试地址：高新西区迪康大道7号人事部招聘处；锦江区总府路87号店内）,CD0206,347,四川红旗连锁股份有限公司,是,A,零售与消费,诚聘营业员,成都（面试地址：高新西区迪康大道7号人事部招聘处；锦江区总府路87号店内）,成都（面试地址：高新西区迪康大道7号人事部招聘处；锦江区总府路87号店内）,四川省,成都市,高新区,成都市,confirmed,运营,社会招聘,2024-11-27,direct_detail,是,high,https://www.hqls.com/Recruit/GetNewDtl/3338,https://www.hqls.com/Recruit,是,true,2026-09-27,职位名取自官网列表（showdtl content2 → 3338）；详情页未列学历、薪资、人数。
CD0206|四川红旗连锁股份有限公司|诚聘装卸工|成都（面试地址：高新西区迪康大道7号人事部招聘处；锦江区总府路87号店内）,CD0206,348,四川红旗连锁股份有限公司,是,A,零售与消费,诚聘装卸工,成都（面试地址：高新西区迪康大道7号人事部招聘处；锦江区总府路87号店内）,成都（面试地址：高新西区迪康大道7号人事部招聘处；锦江区总府路87号店内）,四川省,成都市,高新区,成都市,confirmed,物流,社会招聘,2024-11-27,direct_detail,是,high,https://www.hqls.com/Recruit/GetNewDtl/3205,https://www.hqls.com/Recruit,是,true,2026-09-27,职位名取自官网列表（showdtl content4 → 3205）。
CD0211|四川音乐学院|科研助理|成都（公告未写明具体校区地址）,CD0211,349,四川音乐学院,是,A,教育,科研助理,成都（公告未写明具体校区地址）,成都（公告未写明具体校区地址）,四川省,成都市,,成都市,confirmed,技术,社会招聘,2026-07-20,listing_page,否,not_available,https://www.sccm.edu.cn/dz_dwjsgzb.html,https://www.sccm.edu.cn/dz_dwjsgzb.html,是,true,2026-09-27,岗位与人数取自学校人事处『信息公告』栏目摘要『四川音乐学院2026年招聘编外科研助理公告 …2026.07.20 …面向社会招聘科研助理3名』，栏目页实测200；未抓到该公告独立详情页URL，job_url 暂用栏目页。
CD0211|四川音乐学院|编外助学助管员|成都（公告未写明具体校区地址）,CD0211,350,四川音乐学院,是,A,教育,编外助学助管员,成都（公告未写明具体校区地址）,成都（公告未写明具体校区地址）,四川省,成都市,,成都市,confirmed,职能,社会招聘,2026-07-18,listing_page,否,not_available,https://www.sccm.edu.cn/dz_dwjsgzb.html,https://www.sccm.edu.cn/dz_dwjsgzb.html,是,true,2026-09-27,岗位取自学校人事处“信息公告”栏目摘要《四川音乐学院关于发布2026年招聘第二批编外助学助管员面试公告 …2026.07.18》，栏目页实测200；未抓到该公告独立详情页URL，job_url 暂用栏目页。
CD0217|成都乐曼多科技有限公司|3D场景|成都市,CD0217,354,成都乐曼多科技有限公司,是,A,游戏,3D场景,成都市,成都市,四川省,成都市,,成都市,confirmed,设计,社会招聘,页面未说明,listing_page,否,not_available,https://www.lmdgame.com/job/index.html,https://www.lmdgame.com/job/index.html,是,true,2026-09-27,职位名与城市『成都市』、职能类别原文取自企业官网社招页 https://www.lmdgame.com/job/index.html （200，服务端渲染列表，城市筛选项含成都）。该页未给出薪资、经验、学历、人数与职责原文，salary/experience/education/headcount/job_desc/requirement/welfare 一律记『页面未说明』，不作推测。职位详情页 site.lmdgame.com/adminops/plus/view.php 实测为空页或跳转 BOSS直聘，故 job_url 回填社招列表页（官方域名）。
CD0217|成都乐曼多科技有限公司|3D角色|成都市,CD0217,355,成都乐曼多科技有限公司,是,A,游戏,3D角色,成都市,成都市,四川省,成都市,,成都市,confirmed,设计,社会招聘,页面未说明,listing_page,否,not_available,https://www.lmdgame.com/job/index.html,https://www.lmdgame.com/job/index.html,是,true,2026-09-27,职位名与城市『成都市』、职能类别原文取自企业官网社招页 https://www.lmdgame.com/job/index.html （200，服务端渲染列表，城市筛选项含成都）。该页未给出薪资、经验、学历、人数与职责原文，salary/experience/education/headcount/job_desc/requirement/welfare 一律记『页面未说明』，不作推测。职位详情页 site.lmdgame.com/adminops/plus/view.php 实测为空页或跳转 BOSS直聘，故 job_url 回填社招列表页（官方域名）。
CD0217|成都乐曼多科技有限公司|UE4开发工程师|成都市,CD0217,356,成都乐曼多科技有限公司,是,A,游戏,UE4开发工程师,成都市,成都市,四川省,成都市,,成都市,confirmed,研发,社会招聘,页面未说明,listing_page,否,not_available,https://www.lmdgame.com/job/index.html,https://www.lmdgame.com/job/index.html,是,true,2026-09-27,职位名与城市『成都市』、职能类别原文取自企业官网社招页 https://www.lmdgame.com/job/index.html （200，服务端渲染列表，城市筛选项含成都）。该页未给出薪资、经验、学历、人数与职责原文，salary/experience/education/headcount/job_desc/requirement/welfare 一律记『页面未说明』，不作推测。职位详情页 site.lmdgame.com/adminops/plus/view.php 实测为空页或跳转 BOSS直聘，故 job_url 回填社招列表页（官方域名）。
CD0217|成都乐曼多科技有限公司|UE设计|成都市,CD0217,357,成都乐曼多科技有限公司,是,A,游戏,UE设计,成都市,成都市,四川省,成都市,,成都市,confirmed,设计,社会招聘,页面未说明,listing_page,否,not_available,https://www.lmdgame.com/job/index.html,https://www.lmdgame.com/job/index.html,是,true,2026-09-27,职位名与城市『成都市』、职能类别原文取自企业官网社招页 https://www.lmdgame.com/job/index.html （200，服务端渲染列表，城市筛选项含成都）。该页未给出薪资、经验、学历、人数与职责原文，salary/experience/education/headcount/job_desc/requirement/welfare 一律记『页面未说明』，不作推测。职位详情页 site.lmdgame.com/adminops/plus/view.php 实测为空页或跳转 BOSS直聘，故 job_url 回填社招列表页（官方域名）。
CD0217|成都乐曼多科技有限公司|UI动效|成都市,CD0217,358,成都乐曼多科技有限公司,是,A,游戏,UI动效,成都市,成都市,四川省,成都市,,成都市,confirmed,设计,社会招聘,页面未说明,listing_page,否,not_available,https://www.lmdgame.com/job/index.html,https://www.lmdgame.com/job/index.html,是,true,2026-09-27,职位名与城市『成都市』、职能类别原文取自企业官网社招页 https://www.lmdgame.com/job/index.html （200，服务端渲染列表，城市筛选项含成都）。该页未给出薪资、经验、学历、人数与职责原文，salary/experience/education/headcount/job_desc/requirement/welfare 一律记『页面未说明』，不作推测。职位详情页 site.lmdgame.com/adminops/plus/view.php 实测为空页或跳转 BOSS直聘，故 job_url 回填社招列表页（官方域名）。
CD0217|成都乐曼多科技有限公司|UI设计|成都市,CD0217,359,成都乐曼多科技有限公司,是,A,游戏,UI设计,成都市,成都市,四川省,成都市,,成都市,confirmed,设计,社会招聘,页面未说明,listing_page,否,not_available,https://www.lmdgame.com/job/index.html,https://www.lmdgame.com/job/index.html,是,true,2026-09-27,职位名与城市『成都市』、职能类别原文取自企业官网社招页 https://www.lmdgame.com/job/index.html （200，服务端渲染列表，城市筛选项含成都）。该页未给出薪资、经验、学历、人数与职责原文，salary/experience/education/headcount/job_desc/requirement/welfare 一律记『页面未说明』，不作推测。职位详情页 site.lmdgame.com/adminops/plus/view.php 实测为空页或跳转 BOSS直聘，故 job_url 回填社招列表页（官方域名）。
CD0217|成都乐曼多科技有限公司|客户端程序|成都市,CD0217,360,成都乐曼多科技有限公司,是,A,游戏,客户端程序,成都市,成都市,四川省,成都市,,成都市,confirmed,研发,社会招聘,页面未说明,listing_page,否,not_available,https://www.lmdgame.com/job/index.html,https://www.lmdgame.com/job/index.html,是,true,2026-09-27,职位名与城市『成都市』、职能类别原文取自企业官网社招页 https://www.lmdgame.com/job/index.html （200，服务端渲染列表，城市筛选项含成都）。该页未给出薪资、经验、学历、人数与职责原文，salary/experience/education/headcount/job_desc/requirement/welfare 一律记『页面未说明』，不作推测。职位详情页 site.lmdgame.com/adminops/plus/view.php 实测为空页或跳转 BOSS直聘，故 job_url 回填社招列表页（官方域名）。
CD0217|成都乐曼多科技有限公司|引擎工程师|成都市,CD0217,361,成都乐曼多科技有限公司,是,A,游戏,引擎工程师,成都市,成都市,四川省,成都市,,成都市,confirmed,研发,社会招聘,页面未说明,listing_page,否,not_available,https://www.lmdgame.com/job/index.html,https://www.lmdgame.com/job/index.html,是,true,2026-09-27,职位名与城市『成都市』、职能类别原文取自企业官网社招页 https://www.lmdgame.com/job/index.html （200，服务端渲染列表，城市筛选项含成都）。该页未给出薪资、经验、学历、人数与职责原文，salary/experience/education/headcount/job_desc/requirement/welfare 一律记『页面未说明』，不作推测。职位详情页 site.lmdgame.com/adminops/plus/view.php 实测为空页或跳转 BOSS直聘，故 job_url 回填社招列表页（官方域名）。
CD0217|成都乐曼多科技有限公司|服务器程序|成都市,CD0217,362,成都乐曼多科技有限公司,是,A,游戏,服务器程序,成都市,成都市,四川省,成都市,,成都市,confirmed,研发,社会招聘,页面未说明,listing_page,否,not_available,https://www.lmdgame.com/job/index.html,https://www.lmdgame.com/job/index.html,是,true,2026-09-27,职位名与城市『成都市』、职能类别原文取自企业官网社招页 https://www.lmdgame.com/job/index.html （200，服务端渲染列表，城市筛选项含成都）。该页未给出薪资、经验、学历、人数与职责原文，salary/experience/education/headcount/job_desc/requirement/welfare 一律记『页面未说明』，不作推测。职位详情页 site.lmdgame.com/adminops/plus/view.php 实测为空页或跳转 BOSS直聘，故 job_url 回填社招列表页（官方域名）。
CD0217|成都乐曼多科技有限公司|深度学习算法工程师|成都市,CD0217,363,成都乐曼多科技有限公司,是,A,游戏,深度学习算法工程师,成都市,成都市,四川省,成都市,,成都市,confirmed,研发,社会招聘,页面未说明,listing_page,否,not_available,https://www.lmdgame.com/job/index.html,https://www.lmdgame.com/job/index.html,是,true,2026-09-27,职位名与城市『成都市』、职能类别原文取自企业官网社招页 https://www.lmdgame.com/job/index.html （200，服务端渲染列表，城市筛选项含成都）。该页未给出薪资、经验、学历、人数与职责原文，salary/experience/education/headcount/job_desc/requirement/welfare 一律记『页面未说明』，不作推测。职位详情页 site.lmdgame.com/adminops/plus/view.php 实测为空页或跳转 BOSS直聘，故 job_url 回填社招列表页（官方域名）。
CD0217|成都乐曼多科技有限公司|角色原画|成都市,CD0217,364,成都乐曼多科技有限公司,是,A,游戏,角色原画,成都市,成都市,四川省,成都市,,成都市,confirmed,设计,社会招聘,页面未说明,listing_page,否,not_available,https://www.lmdgame.com/job/index.html,https://www.lmdgame.com/job/index.html,是,true,2026-09-27,职位名与城市『成都市』、职能类别原文取自企业官网社招页 https://www.lmdgame.com/job/index.html （200，服务端渲染列表，城市筛选项含成都）。该页未给出薪资、经验、学历、人数与职责原文，salary/experience/education/headcount/job_desc/requirement/welfare 一律记『页面未说明』，不作推测。职位详情页 site.lmdgame.com/adminops/plus/view.php 实测为空页或跳转 BOSS直聘，故 job_url 回填社招列表页（官方域名）。
CD0217|成都乐曼多科技有限公司|资深强化学习工程师|成都市,CD0217,365,成都乐曼多科技有限公司,是,A,游戏,资深强化学习工程师,成都市,成都市,四川省,成都市,,成都市,confirmed,研发,社会招聘,页面未说明,listing_page,否,not_available,https://www.lmdgame.com/job/index.html,https://www.lmdgame.com/job/index.html,是,true,2026-09-27,职位名与城市『成都市』、职能类别原文取自企业官网社招页 https://www.lmdgame.com/job/index.html （200，服务端渲染列表，城市筛选项含成都）。该页未给出薪资、经验、学历、人数与职责原文，salary/experience/education/headcount/job_desc/requirement/welfare 一律记『页面未说明』，不作推测。职位详情页 site.lmdgame.com/adminops/plus/view.php 实测为空页或跳转 BOSS直聘，故 job_url 回填社招列表页（官方域名）。
CD0225|成都信息工程大学|专业技术岗|成都（公告未写明具体校区地址）,CD0225,369,成都信息工程大学,是,A,教育,专业技术岗,成都（公告未写明具体校区地址）,成都（公告未写明具体校区地址）,四川省,成都市,,成都市,confirmed,职能,社会招聘,页面未说明,direct_detail,是,high,https://rsc.cuit.edu.cn/info/1006/2221.htm,https://rsc.cuit.edu.cn/rczp.htm,是,true,2026-09-27,公告题目为《成都信息工程大学2025年考核招聘专业技术岗公告》（/info/1006/2221.htm 实测200，2976字节），正文未在页面列出岗位条件与人数，故相关字段均留“页面未说明”。
CD0225|成都信息工程大学|合同制（人事代理）工作人员|成都（公告未写明具体校区地址）,CD0225,370,成都信息工程大学,是,A,教育,合同制（人事代理）工作人员,成都（公告未写明具体校区地址）,成都（公告未写明具体校区地址）,四川省,成都市,,成都市,confirmed,职能,社会招聘,页面未说明,direct_detail,是,high,https://rsc.cuit.edu.cn/info/1006/1605.htm,https://rsc.cuit.edu.cn/rczp.htm,是,true,2026-09-27,公告题目为《成都信息工程大学2023年8月公开招聘合同制（人事代理）工作人员公告》（https://rsc.cuit.edu.cn/info/1006/1605.htm 实测200，8489字节），正文未在页面列出岗位条件与人数，故字段留“页面未说明”。
CD0225|成都信息工程大学|教学科研岗位人员|成都（公告未写明具体校区地址）,CD0225,371,成都信息工程大学,是,A,教育,教学科研岗位人员,成都（公告未写明具体校区地址）,成都（公告未写明具体校区地址）,四川省,成都市,,成都市,confirmed,研发,社会招聘,2026-01-19,direct_detail,是,high,https://rsc.cuit.edu.cn/info/1006/2292.htm,https://rsc.cuit.edu.cn/rczp.htm,是,true,2026-09-27,公告页实测200（25484字节，发布时间2026-01-19），本次公告有效期至2026年12月31日；报名邮箱rsc@cuit.edu.cn。岗位清单见附件，job_desc 为公告概括。；页面上另标注公司地址：公告：薪酬待遇、福利保障参照同类同级事业编制人员执行
CD0227|成都光华科技发展有限公司|人力资源专员|四川省成都市新都区,CD0227,372,成都光华科技发展有限公司,是,A,智能制造与装备,人力资源专员,四川省成都市新都区,四川省成都市新都区,四川省,成都市,新都区,成都市,confirmed,职能,社会招聘,页面未说明,direct_detail,是,high,https://guanghuagroup.net/?job/89.html,https://guanghuagroup.net/?job/,是,true,2026-09-28,2026-09-28 复测页面命中职位名与招聘关键词，确认在招
CD0227|成都光华科技发展有限公司|售后工程师|四川省成都市新都区,CD0227,373,成都光华科技发展有限公司,是,A,智能制造与装备,售后工程师,四川省成都市新都区,四川省成都市新都区,四川省,成都市,新都区,成都市,confirmed,售后,社会招聘,页面未说明,direct_detail,是,high,https://guanghuagroup.net/?job/90.html,https://guanghuagroup.net/?job/,是,true,2026-09-28,2026-09-28 复测页面命中职位名与招聘关键词，确认在招
CD0227|成都光华科技发展有限公司|商务报价|四川省成都市新都区,CD0227,374,成都光华科技发展有限公司,是,A,智能制造与装备,商务报价,四川省成都市新都区,四川省成都市新都区,四川省,成都市,新都区,成都市,confirmed,职能,社会招聘,页面未说明,direct_detail,是,high,https://guanghuagroup.net/?job/83.html,https://guanghuagroup.net/?job/,是,true,2026-09-28,2026-09-28 复测页面命中职位名与招聘关键词，确认在招
CD0227|成都光华科技发展有限公司|工艺工程师|四川省成都市新都区,CD0227,375,成都光华科技发展有限公司,是,A,智能制造与装备,工艺工程师,四川省成都市新都区,四川省成都市新都区,四川省,成都市,新都区,成都市,confirmed,生产,社会招聘,页面未说明,direct_detail,是,high,https://guanghuagroup.net/?job/88.html,https://guanghuagroup.net/?job/,是,true,2026-09-28,2026-09-28 复测页面命中职位名与招聘关键词，确认在招
CD0227|成都光华科技发展有限公司|海外销售|四川省成都市新都区,CD0227,376,成都光华科技发展有限公司,是,A,智能制造与装备,海外销售,四川省成都市新都区,四川省成都市新都区,四川省,成都市,新都区,成都市,confirmed,销售,社会招聘,页面未说明,direct_detail,是,high,https://guanghuagroup.net/?job/82.html,https://guanghuagroup.net/?job/,是,true,2026-09-27,
CD0227|成都光华科技发展有限公司|电气工程师|四川省成都市新都区,CD0227,377,成都光华科技发展有限公司,是,A,智能制造与装备,电气工程师,四川省成都市新都区,四川省成都市新都区,四川省,成都市,新都区,成都市,confirmed,研发,社会招聘,页面未说明,direct_detail,是,high,https://guanghuagroup.net/?job/87.html,https://guanghuagroup.net/?job/,是,true,2026-09-28,2026-09-28 复测页面命中职位名与招聘关键词，确认在招
CD0227|成都光华科技发展有限公司|硬件工程师|四川省成都市新都区,CD0227,378,成都光华科技发展有限公司,是,A,智能制造与装备,硬件工程师,四川省成都市新都区,四川省成都市新都区,四川省,成都市,新都区,成都市,confirmed,研发,社会招聘,页面未说明,direct_detail,是,high,https://guanghuagroup.net/?job/84.html,https://guanghuagroup.net/?job/,是,true,2026-09-28,2026-09-28 复测页面命中职位名与招聘关键词，确认在招
CD0227|成都光华科技发展有限公司|结构工程师|四川省成都市新都区,CD0227,379,成都光华科技发展有限公司,是,A,智能制造与装备,结构工程师,四川省成都市新都区,四川省成都市新都区,四川省,成都市,新都区,成都市,confirmed,研发,社会招聘,页面未说明,direct_detail,是,high,https://guanghuagroup.net/?job/86.html,https://guanghuagroup.net/?job/,是,true,2026-09-28,2026-09-28 复测页面命中职位名与招聘关键词，确认在招
CD0227|成都光华科技发展有限公司|软件工程师|四川省成都市新都区,CD0227,380,成都光华科技发展有限公司,是,A,智能制造与装备,软件工程师,四川省成都市新都区,四川省成都市新都区,四川省,成都市,新都区,成都市,confirmed,研发,社会招聘,页面未说明,direct_detail,是,high,https://guanghuagroup.net/?job/85.html,https://guanghuagroup.net/?job/,是,true,2026-09-28,2026-09-28 复测页面命中职位名与招聘关键词，确认在招
CD0238|成都城建投资管理集团有限责任公司|副总经理（信息化与投资方向）（所属成都城投数智集团有限公司）|四川省成都市高新区,CD0238,416,成都城建投资管理集团有限责任公司,是,A,建筑与工程,副总经理（信息化与投资方向）（所属成都城投数智集团有限公司）,四川省成都市高新区,四川省成都市高新区,四川省,成都市,,成都市,confirmed,管理,社会招聘,2026-03-19,listing_page,否,not_available,https://www.cdci.cn/show-128-148-1.html,https://www.cdci.cn/show-128-148-1.html,是,true,2026-09-27,岗位条件取自公告附件《成都城投集团社会公开招聘岗位条件要求一览表》PDF原文；公告日期2026-03-19，报名2026年3月19日至3月31日，每人限投一个岗位。
CD0238|成都城建投资管理集团有限责任公司|总经理（所属成都蓉源能源发展有限责任公司）|四川省成都市青羊区,CD0238,417,成都城建投资管理集团有限责任公司,是,A,建筑与工程,总经理（所属成都蓉源能源发展有限责任公司）,四川省成都市青羊区,四川省成都市青羊区,四川省,成都市,,成都市,confirmed,管理,社会招聘,2026-03-19,listing_page,否,not_available,https://www.cdci.cn/show-128-148-1.html,https://www.cdci.cn/show-128-148-1.html,是,true,2026-09-27,岗位职责取自公告附件PDF序号2行；该行未填写学历、经验和薪酬栏，按规范不作推断。
CD0241|成都大学|博士辅导员（专职辅导员岗）|成都市成洛大道2025号（成都大学）,CD0241,418,成都大学,是,A,教育,博士辅导员（专职辅导员岗）,成都市成洛大道2025号（成都大学）,成都市成洛大道2025号（成都大学）,四川省,成都市,成华区,成都市,confirmed,职能,社会招聘,2025-07-21,direct_detail,是,high,https://rsc.cdu.edu.cn/info/1032/4174.htm,https://rsc.cdu.edu.cn/,是,true,2026-09-27,公告页实测200，发布时间2025-07-21，报名2025年7月21日10:00至9月15日17:00，报名邮箱xsc_szk@cdu.edu.cn；每人限报一个岗位。岗位与条件详见附件1，job_desc 已注明。
CD0243|成都大运汽车集团有限公司|新能源汽车研发工程师|成都市龙泉驿区车城东七路388号,CD0243,421,成都大运汽车集团有限公司,是,A,智能制造与装备,新能源汽车研发工程师,成都市龙泉驿区车城东七路388号,成都市龙泉驿区车城东七路388号,四川省,成都市,龙泉驿区,成都市,confirmed,研发,社会招聘,2022-06-23,listing_page,否,not_available,,http://www.cddayun.com.cn/index.php/ab7.html,是,true,2026-09-27,职位以页内折叠展示，无独立详情页URL。；该职位仅有列表页来源，无独立详情页
CD0243|成都大运汽车集团有限公司|标准法规工程师|成都市龙泉驿区车城东七路388号,CD0243,422,成都大运汽车集团有限公司,是,A,智能制造与装备,标准法规工程师,成都市龙泉驿区车城东七路388号,成都市龙泉驿区车城东七路388号,四川省,成都市,龙泉驿区,成都市,confirmed,研发,社会招聘,2022-06-23,listing_page,否,not_available,,http://www.cddayun.com.cn/index.php/ab7.html,是,true,2026-09-27,职位以页内折叠展示，无独立详情页URL。；该职位仅有列表页来源，无独立详情页
CD0243|成都大运汽车集团有限公司|销售区域经理|成都市龙泉驿区车城东七路388号,CD0243,423,成都大运汽车集团有限公司,是,A,智能制造与装备,销售区域经理,成都市龙泉驿区车城东七路388号,成都市龙泉驿区车城东七路388号,四川省,成都市,龙泉驿区,成都市,confirmed,销售,社会招聘,2022-06-23,listing_page,否,not_available,,http://www.cddayun.com.cn/index.php/ab7.html,是,true,2026-09-27,职位以页内折叠展示，无独立详情页URL；发布日期为页面原文。；该职位仅有列表页来源，无独立详情页
CD0243|成都大运汽车集团有限公司|销售大区经理|成都市龙泉驿区车城东七路388号,CD0243,424,成都大运汽车集团有限公司,是,A,智能制造与装备,销售大区经理,成都市龙泉驿区车城东七路388号,成都市龙泉驿区车城东七路388号,四川省,成都市,龙泉驿区,成都市,confirmed,销售,社会招聘,2022-06-23,listing_page,否,not_available,,http://www.cddayun.com.cn/index.php/ab7.html,是,true,2026-09-27,职位以页内折叠展示，无独立详情页URL。；该职位仅有列表页来源，无独立详情页
CD0244|成都天府国际生物城发展集团有限公司|产业投资|成都市双流区慧谷路13号生物城大厦,CD0244,425,成都天府国际生物城发展集团有限公司,是,A,生物医药,产业投资,成都市双流区慧谷路13号生物城大厦,成都市双流区慧谷路13号生物城大厦,四川省,成都市,双流区,成都市,confirmed,职能,社会招聘,2025-02-08,listing_page,否,not_available,,https://www.cdbtgroup.com/join.html,是,true,2026-09-27,岗位、人数、学历、任职要求均照抄官网招聘公告表格原文（公告页页内日期 2025-02-08）；官网招聘入口 /join.html 无职位表，故 job_url 留空。；该职位仅有列表页来源，无独立详情页
CD0244|成都天府国际生物城发展集团有限公司|产业招商|成都市双流区慧谷路13号生物城大厦,CD0244,426,成都天府国际生物城发展集团有限公司,是,A,生物医药,产业招商,成都市双流区慧谷路13号生物城大厦,成都市双流区慧谷路13号生物城大厦,四川省,成都市,双流区,成都市,confirmed,职能,社会招聘,2025-02-08,listing_page,否,not_available,,https://www.cdbtgroup.com/join.html,是,true,2026-09-27,岗位、人数、学历、任职要求均照抄官网招聘公告表格原文（公告页页内日期 2025-02-08）；官网招聘入口 /join.html 无职位表，故 job_url 留空。；该职位仅有列表页来源，无独立详情页
CD0244|成都天府国际生物城发展集团有限公司|投资管理|成都市双流区慧谷路13号生物城大厦,CD0244,427,成都天府国际生物城发展集团有限公司,是,A,生物医药,投资管理,成都市双流区慧谷路13号生物城大厦,成都市双流区慧谷路13号生物城大厦,四川省,成都市,双流区,成都市,confirmed,职能,社会招聘,2025-02-08,listing_page,否,not_available,,https://www.cdbtgroup.com/join.html,是,true,2026-09-27,岗位、人数、学历、任职要求均照抄官网招聘公告表格原文（公告页页内日期 2025-02-08）；官网招聘入口 /join.html 无职位表，故 job_url 留空。；该职位仅有列表页来源，无独立详情页
CD0244|成都天府国际生物城发展集团有限公司|管理培训生（人事助理）|成都市双流区慧谷路13号生物城大厦,CD0244,428,成都天府国际生物城发展集团有限公司,是,A,生物医药,管理培训生（人事助理）,成都市双流区慧谷路13号生物城大厦,成都市双流区慧谷路13号生物城大厦,四川省,成都市,双流区,成都市,confirmed,职能,社会招聘,2025-02-08,listing_page,否,not_available,,https://www.cdbtgroup.com/join.html,是,true,2026-09-27,岗位、人数、学历、任职要求均照抄官网招聘公告表格原文（公告页页内日期 2025-02-08）；官网招聘入口 /join.html 无职位表，故 job_url 留空。；该职位仅有列表页来源，无独立详情页
CD0246|成都天马精密机械有限公司|安全工程师|成都-青白江区,CD0246,429,成都天马精密机械有限公司,是,A,智能制造与装备,安全工程师,成都-青白江区,成都-青白江区,四川省,成都市,青白江区,成都市,confirmed,职能,社会招聘,10-25发布（页面,listing_page,否,not_available,,http://www.cdtmjm.com/zhaopin,是,true,2026-09-27,页面原文发布日期仅为「10-25发布」，年份缺失，故 published_date 记为原文；简历投递邮箱 tmb_hr@cdtmb.com。；该职位仅有列表页来源，无独立详情页
CD0250|成都市兴蓉环境股份有限公司|检测分析类|四川省成都市（公司下属子公司，入职后统一分配）,CD0250,432,成都市兴蓉环境股份有限公司,是,A,环保,检测分析类,四川省成都市（公司下属子公司，入职后统一分配）,四川省成都市（公司下属子公司，入职后统一分配）,四川省,成都市,高新区,成都市,confirmed,技术,社会招聘,2026-03-17,listing_page,否,not_available,https://www.cdxrec.com/show/1177-86342.html,https://www.cdxrec.com/show/1177-86342.html,是,true,2026-09-27,岗位、人数、学历、专业、薪酬均为公告附件《成都市兴蓉环境股份有限公司2026年春季校园招聘岗位职责与任职资格条件.pdf》原文，公告页发布时间2026-03-17，报名2026年3月18日至3月31日（已结束，故 page_status 记为公开招聘中依据公告本身，历史批次）。
CD0250|成都市兴蓉环境股份有限公司|生产运行类（一线技能操作序列）|四川省成都市（公司下属子公司，入职后统一分配）,CD0250,433,成都市兴蓉环境股份有限公司,是,A,环保,生产运行类（一线技能操作序列）,四川省成都市（公司下属子公司，入职后统一分配）,四川省成都市（公司下属子公司，入职后统一分配）,四川省,成都市,高新区,成都市,confirmed,生产,社会招聘,2026-03-17,listing_page,否,not_available,https://www.cdxrec.com/show/1177-86342.html,https://www.cdxrec.com/show/1177-86342.html,是,true,2026-09-27,数据取自公告附件PDF原文。
CD0250|成都市兴蓉环境股份有限公司|电子信息类|四川省成都市（公司下属子公司，入职后统一分配）,CD0250,434,成都市兴蓉环境股份有限公司,是,A,环保,电子信息类,四川省成都市（公司下属子公司，入职后统一分配）,四川省成都市（公司下属子公司，入职后统一分配）,四川省,成都市,高新区,成都市,confirmed,研发,社会招聘,2026-03-17,listing_page,否,not_available,https://www.cdxrec.com/show/1177-86342.html,https://www.cdxrec.com/show/1177-86342.html,是,true,2026-09-27,数据取自公告附件PDF原文。
CD0250|成都市兴蓉环境股份有限公司|给排水类|四川省成都市（公司下属子公司，入职后统一分配）,CD0250,435,成都市兴蓉环境股份有限公司,是,A,环保,给排水类,四川省成都市（公司下属子公司，入职后统一分配）,四川省成都市（公司下属子公司，入职后统一分配）,四川省,成都市,高新区,成都市,confirmed,技术,社会招聘,2026-03-17,listing_page,否,not_available,https://www.cdxrec.com/show/1177-86342.html,https://www.cdxrec.com/show/1177-86342.html,是,true,2026-09-27,数据取自公告附件PDF原文。
CD0250|成都市兴蓉环境股份有限公司|统计分析类|四川省成都市（公司下属子公司，入职后统一分配）,CD0250,436,成都市兴蓉环境股份有限公司,是,A,环保,统计分析类,四川省成都市（公司下属子公司，入职后统一分配）,四川省成都市（公司下属子公司，入职后统一分配）,四川省,成都市,高新区,成都市,confirmed,职能,社会招聘,2026-03-17,listing_page,否,not_available,https://www.cdxrec.com/show/1177-86342.html,https://www.cdxrec.com/show/1177-86342.html,是,true,2026-09-27,数据取自公告附件PDF原文。
CD0255|成都文化旅游发展集团有限责任公司|储备人员市场经营类（影视）|四川省成都市区,CD0255,437,成都文化旅游发展集团有限责任公司,是,D,国企事业单位,储备人员市场经营类（影视）,四川省成都市区,四川省成都市区,四川省,成都市,,成都市,confirmed,职能,社会招聘,页面未说明,listing_page,否,not_available,https://www.cdctg.com/#/recDetailInfo?recruitId=2100424593283813377,https://www.cdctg.com/#/recDetailInfo?recruitId=2100424593283813377,是,true,2026-09-27,岗位与薪酬、年龄、报名区间取自官网招聘公告原文。
CD0255|成都文化旅游发展集团有限责任公司|储备人员市场经营类（活动）|四川省成都市区,CD0255,438,成都文化旅游发展集团有限责任公司,是,D,国企事业单位,储备人员市场经营类（活动）,四川省成都市区,四川省成都市区,四川省,成都市,,成都市,confirmed,职能,社会招聘,页面未说明,listing_page,否,not_available,https://www.cdctg.com/#/recDetailInfo?recruitId=2100424593283813377,https://www.cdctg.com/#/recDetailInfo?recruitId=2100424593283813377,是,true,2026-09-27,岗位与薪酬、年龄、报名区间取自官网招聘公告原文。
CD0255|成都文化旅游发展集团有限责任公司|储备人员风险防控类|四川省成都市区,CD0255,439,成都文化旅游发展集团有限责任公司,是,D,国企事业单位,储备人员风险防控类,四川省成都市区,四川省成都市区,四川省,成都市,,成都市,confirmed,职能,社会招聘,页面未说明,listing_page,否,not_available,https://www.cdctg.com/#/recDetailInfo?recruitId=2100424593283813377,https://www.cdctg.com/#/recDetailInfo?recruitId=2100424593283813377,是,true,2026-09-27,公告为官网 hash 路由页面（SPA），发布日期未在静态HTML中呈现故留空；报名时间2026年9月17日至10月25日17:00。专业要求以附件表格为准，此处按已核到的通用条件填写。
CD0257|成都旋极星源信息技术有限公司|区域销售经理|成都（岗位职责原文：工作地点为成都，同时负责华东、华南或西南区域客户项目）,CD0257,440,成都旋极星源信息技术有限公司,是,A,半导体与集成电路,区域销售经理,成都（岗位职责原文：工作地点为成都，同时负责华东、华南或西南区域客户项目）,成都（岗位职责原文：工作地点为成都，同时负责华东、华南或西南区域客户项目）,四川省,成都市,高新区,成都市,confirmed,销售,社会招聘,2024-09-11,listing_page,否,not_available,https://www.star-source.cn/News_List.php?tag=Zhaoping&theId=8,https://www.star-source.cn/News_List.php?tag=Zhaoping&theId=8,是,true,2026-09-27,岗位职责原文另有『工作领域涵盖物联网，卫星导航及通信终端厂商等』。
CD0257|成都旋极星源信息技术有限公司|射频芯片设计工程师|成都（页面工作区域列）,CD0257,441,成都旋极星源信息技术有限公司,是,A,半导体与集成电路,射频芯片设计工程师,成都（页面工作区域列）,成都（页面工作区域列）,四川省,成都市,高新区,成都市,confirmed,研发,社会招聘,2022-04-07,listing_page,否,not_available,https://www.star-source.cn/News_List.php?tag=Zhaoping&theId=8,https://www.star-source.cn/News_List.php?tag=Zhaoping&theId=8,是,true,2026-09-27,页面岗位职责中含『辅助测试工程师完成芯片测试』要求。
CD0257|成都旋极星源信息技术有限公司|市场销售经理|成都（岗位职责原文：工作地点为成都，同时负责华东、华南或西南区域客户项目）,CD0257,442,成都旋极星源信息技术有限公司,是,A,半导体与集成电路,市场销售经理,成都（岗位职责原文：工作地点为成都，同时负责华东、华南或西南区域客户项目）,成都（岗位职责原文：工作地点为成都，同时负责华东、华南或西南区域客户项目）,四川省,成都市,高新区,成都市,confirmed,销售,社会招聘,2024-09-11,listing_page,否,not_available,https://www.star-source.cn/News_List.php?tag=Zhaoping&theId=8,https://www.star-source.cn/News_List.php?tag=Zhaoping&theId=8,是,true,2026-09-27,页面正文标题与表格标题略有差异（表格标题为『市场销售经理』）。
CD0257|成都旋极星源信息技术有限公司|数字后端工程师|成都（页面工作区域列）,CD0257,443,成都旋极星源信息技术有限公司,是,A,半导体与集成电路,数字后端工程师,成都（页面工作区域列）,成都（页面工作区域列）,四川省,成都市,高新区,成都市,confirmed,研发,社会招聘,2022-04-07,listing_page,否,not_available,https://www.star-source.cn/News_List.php?tag=Zhaoping&theId=8,https://www.star-source.cn/News_List.php?tag=Zhaoping&theId=8,是,true,2026-09-27,页面职位要求栏写有相关工作经验要求，未标明年限。
CD0257|成都旋极星源信息技术有限公司|数字芯片设计工程师|成都（页面工作区域列）,CD0257,444,成都旋极星源信息技术有限公司,是,A,半导体与集成电路,数字芯片设计工程师,成都（页面工作区域列）,成都（页面工作区域列）,四川省,成都市,高新区,成都市,confirmed,研发,社会招聘,2022-04-07,listing_page,否,not_available,https://www.star-source.cn/News_List.php?tag=Zhaoping&theId=8,https://www.star-source.cn/News_List.php?tag=Zhaoping&theId=8,是,true,2026-09-27,页面职位要求栏原文含『编码，验证，综合和时序验证，熟悉数字后端实现，能够推动后端工程师工作』。
CD0257|成都旋极星源信息技术有限公司|模拟芯片设计工程师|成都（页面工作区域列）,CD0257,445,成都旋极星源信息技术有限公司,是,A,半导体与集成电路,模拟芯片设计工程师,成都（页面工作区域列）,成都（页面工作区域列）,四川省,成都市,高新区,成都市,confirmed,研发,社会招聘,2022-04-07,listing_page,否,not_available,https://www.star-source.cn/News_List.php?tag=Zhaoping&theId=8,https://www.star-source.cn/News_List.php?tag=Zhaoping&theId=8,是,true,2026-09-27,页面岗位职责含『规划版图布局，负责指导版图设计工程师实现模拟电路的版图设计』。
CD0257|成都旋极星源信息技术有限公司|测试工程师|成都（页面工作区域列）,CD0257,446,成都旋极星源信息技术有限公司,是,A,半导体与集成电路,测试工程师,成都（页面工作区域列）,成都（页面工作区域列）,四川省,成都市,高新区,成都市,confirmed,研发,社会招聘,2022-04-07,listing_page,否,not_available,https://www.star-source.cn/News_List.php?tag=Zhaoping&theId=8,https://www.star-source.cn/News_List.php?tag=Zhaoping&theId=8,是,true,2026-09-27,页面职位要求栏原文含『提供芯片销售及应用过程中的技术支持』。
CD0257|成都旋极星源信息技术有限公司|版图设计工程师|成都（页面工作区域列）,CD0257,447,成都旋极星源信息技术有限公司,是,A,半导体与集成电路,版图设计工程师,成都（页面工作区域列）,成都（页面工作区域列）,四川省,成都市,高新区,成都市,confirmed,研发,社会招聘,2022-04-07,listing_page,否,not_available,https://www.star-source.cn/News_List.php?tag=Zhaoping&theId=8,https://www.star-source.cn/News_List.php?tag=Zhaoping&theId=8,是,true,2026-09-27,页面岗位职责第2、3条为版图设计与评审修改相关内容。
CD0257|成都旋极星源信息技术有限公司|硅基毫米波收发多功能幅相控制芯片设计师|成都（页面工作区域列）,CD0257,448,成都旋极星源信息技术有限公司,是,A,半导体与集成电路,硅基毫米波收发多功能幅相控制芯片设计师,成都（页面工作区域列）,成都（页面工作区域列）,四川省,成都市,高新区,成都市,confirmed,研发,社会招聘,2024-09-11,listing_page,否,not_available,https://www.star-source.cn/News_List.php?tag=Zhaoping&theId=8,https://www.star-source.cn/News_List.php?tag=Zhaoping&theId=8,是,true,2026-09-27,该岗为硅基毫米波芯片设计师，页面表格『人数』2、『发布时间』2024-09-11。
CD0267|成都烽炊网络|Unity主程序|成都（天府新区保利天寰广场）,CD0267,467,成都烽炊网络,是,A,游戏,Unity主程序,成都（天府新区保利天寰广场）,成都（天府新区保利天寰广场）,四川省,成都市,天府新区,成都市,confirmed,研发,社会招聘,页面未说明,listing_page,否,not_available,http://www.firewogames.com/,http://www.firewogames.com/,是,true,2026-09-27,原文照抄自官网首页『加入我们』板块。
CD0267|成都烽炊网络|资深3D美术|成都（天府新区保利天寰广场）,CD0267,468,成都烽炊网络,是,A,游戏,资深3D美术,成都（天府新区保利天寰广场）,成都（天府新区保利天寰广场）,四川省,成都市,天府新区,成都市,confirmed,设计,社会招聘,页面未说明,listing_page,否,not_available,http://www.firewogames.com/,http://www.firewogames.com/,是,true,2026-09-27,原文照抄自官网首页『加入我们』板块。官网页脚地址：四川省成都市天府新区保利天寰广场。
CD0267|成都烽炊网络|高级游戏策划|成都（天府新区保利天寰广场）,CD0267,469,成都烽炊网络,是,A,游戏,高级游戏策划,成都（天府新区保利天寰广场）,成都（天府新区保利天寰广场）,四川省,成都市,天府新区,成都市,confirmed,研发,社会招聘,页面未说明,listing_page,否,not_available,http://www.firewogames.com/,http://www.firewogames.com/,是,true,2026-09-27,原文照抄自官网首页『加入我们 Join Our Team』板块。官网无职位详情页，job_url 填官网首页（企业官方域名）。
CD0268|成都环境投资集团有限公司|检测技术岗（山南兴蓉环境有限责任公司）|西藏自治区山南市乃东区,CD0268,470,成都环境投资集团有限公司,是,A,环保,检测技术岗（山南兴蓉环境有限责任公司）,西藏自治区山南市乃东区,西藏自治区山南市乃东区,四川省,成都市,,成都市,confirmed,技术,社会招聘,2026-09-17,listing_page,否,not_available,https://www.cdenvironment.com/show/1164-90548.html,https://www.cdenvironment.com/category/253/1.html,是,true,2026-09-27,数据取自公告附件1 PDF原文；工作地为西藏山南市，非成都。
CD0268|成都环境投资集团有限公司|综合部财务管理岗（西安兴蓉环境发展有限责任公司）|陕西省西安市雁塔区、莲湖区,CD0268,471,成都环境投资集团有限公司,是,A,环保,综合部财务管理岗（西安兴蓉环境发展有限责任公司）,陕西省西安市雁塔区、莲湖区,陕西省西安市雁塔区、莲湖区,四川省,成都市,,成都市,confirmed,职能,社会招聘,2026-09-17,listing_page,否,not_available,https://www.cdenvironment.com/show/1164-90548.html,https://www.cdenvironment.com/category/253/1.html,是,true,2026-09-27,数据取自公告附件1 PDF原文；工作地为陕西西安，非成都。
CD0268|成都环境投资集团有限公司|设备技术岗（山南兴蓉环境有限责任公司）|西藏自治区山南市乃东区,CD0268,472,成都环境投资集团有限公司,是,A,环保,设备技术岗（山南兴蓉环境有限责任公司）,西藏自治区山南市乃东区,西藏自治区山南市乃东区,四川省,成都市,,成都市,confirmed,技术,社会招聘,2026-09-17,listing_page,否,not_available,https://www.cdenvironment.com/show/1164-90548.html,https://www.cdenvironment.com/category/253/1.html,是,true,2026-09-27,岗位、人数、薪酬、任职资格均取自公告附件1 PDF《成都环境投资集团有限公司下属子公司关于2026年招聘设备技术岗等岗位职责与任职资格条件.pdf》；公告发布时间2026-09-17，报名2026年9月18日至9月30日。岗位工作地为西藏山南市，非成都。
CD0283|成都设计咨询集团有限公司|人事综合岗（所属规划设计公司）|成都市高新区,CD0283,505,成都设计咨询集团有限公司,是,A,设计服务,人事综合岗（所属规划设计公司）,成都市高新区,成都市高新区,四川省,成都市,高新区,成都市,confirmed,职能,社会招聘,2026-05-21,listing_page,否,not_available,http://cdadri.com/jobview.aspx?contentid=48&t=55,http://cdadri.com/jobview.aspx?contentid=48&t=55,是,true,2026-09-27,数据取自官网招聘公告及其附件《岗位需求表（5月）.pdf》原文。
CD0283|成都设计咨询集团有限公司|党群人事部党群管理岗（所属市人防院）|成都市青羊区,CD0283,506,成都设计咨询集团有限公司,是,A,设计服务,党群人事部党群管理岗（所属市人防院）,成都市青羊区,成都市青羊区,四川省,成都市,高新区,成都市,confirmed,职能,社会招聘,2026-05-21,listing_page,否,not_available,http://cdadri.com/jobview.aspx?contentid=48&t=55,http://cdadri.com/jobview.aspx?contentid=48&t=55,是,true,2026-09-27,该岗位信息仅见于附件《岗位需求表（5月）.pdf》序号14行（成都市青羊区、1人、8-14万元/年），表内未填写职责与任职资格，不作推断。
CD0283|成都设计咨询集团有限公司|工程师（建筑）（所属市建科院）|成都市成华区,CD0283,507,成都设计咨询集团有限公司,是,A,设计服务,工程师（建筑）（所属市建科院）,成都市成华区,成都市成华区,四川省,成都市,高新区,成都市,confirmed,设计,社会招聘,2026-05-21,listing_page,否,not_available,http://cdadri.com/jobview.aspx?contentid=48&t=55,http://cdadri.com/jobview.aspx?contentid=48&t=55,是,true,2026-09-27,数据取自官网招聘公告及其附件《岗位需求表（5月）.pdf》原文。
CD0283|成都设计咨询集团有限公司|工程师（建造）（所属市建科院）|成都市成华区,CD0283,508,成都设计咨询集团有限公司,是,A,设计服务,工程师（建造）（所属市建科院）,成都市成华区,成都市成华区,四川省,成都市,高新区,成都市,confirmed,设计,社会招聘,2026-05-21,listing_page,否,not_available,http://cdadri.com/jobview.aspx?contentid=48&t=55,http://cdadri.com/jobview.aspx?contentid=48&t=55,是,true,2026-09-27,数据取自官网招聘公告《成都设计咨询集团有限公司关于2026年5月招聘工程师（建造）等岗位的公告》（发布时间2026/05/21）及其附件《岗位需求表（5月）.pdf》；报名时间2026年5月21日至6月5日。岗位明细表为附件，工作地、人数、薪酬均表原文照录。
CD0283|成都设计咨询集团有限公司|工程师（消防）（所属市建科院）|成都市成华区,CD0283,509,成都设计咨询集团有限公司,是,A,设计服务,工程师（消防）（所属市建科院）,成都市成华区,成都市成华区,四川省,成都市,高新区,成都市,confirmed,设计,社会招聘,2026-05-21,listing_page,否,not_available,http://cdadri.com/jobview.aspx?contentid=48&t=55,http://cdadri.com/jobview.aspx?contentid=48&t=55,是,true,2026-09-27,数据取自官网招聘公告及其附件《岗位需求表（5月）.pdf》原文。
CD0283|成都设计咨询集团有限公司|工程师（电气）（所属市建科院）|成都市成华区,CD0283,510,成都设计咨询集团有限公司,是,A,设计服务,工程师（电气）（所属市建科院）,成都市成华区,成都市成华区,四川省,成都市,高新区,成都市,confirmed,设计,社会招聘,2026-05-21,listing_page,否,not_available,http://cdadri.com/jobview.aspx?contentid=48&t=55,http://cdadri.com/jobview.aspx?contentid=48&t=55,是,true,2026-09-27,数据取自官网招聘公告及其附件《岗位需求表（5月）.pdf》原文。（job_desc 中 managing 为原文英文夹杂措辞，已按原文语义整理）
CD0283|成都设计咨询集团有限公司|工程师（结构）（所属市建科院）|成都市成华区,CD0283,511,成都设计咨询集团有限公司,是,A,设计服务,工程师（结构）（所属市建科院）,成都市成华区,成都市成华区,四川省,成都市,高新区,成都市,confirmed,设计,社会招聘,2026-05-21,listing_page,否,not_available,http://cdadri.com/jobview.aspx?contentid=48&t=55,http://cdadri.com/jobview.aspx?contentid=48&t=55,是,true,2026-09-27,数据取自官网招聘公告及其附件《岗位需求表（5月）.pdf》原文。
CD0283|成都设计咨询集团有限公司|工程师（给排水）（所属市建科院）|成都市成华区,CD0283,512,成都设计咨询集团有限公司,是,A,设计服务,工程师（给排水）（所属市建科院）,成都市成华区,成都市成华区,四川省,成都市,高新区,成都市,confirmed,设计,社会招聘,2026-05-21,listing_page,否,not_available,http://cdadri.com/jobview.aspx?contentid=48&t=55,http://cdadri.com/jobview.aspx?contentid=48&t=55,是,true,2026-09-27,数据取自官网招聘公告及其附件《岗位需求表（5月）.pdf》原文。
CD0283|成都设计咨询集团有限公司|智能化设计岗（所属市建筑院）|成都市高新区,CD0283,513,成都设计咨询集团有限公司,是,A,设计服务,智能化设计岗（所属市建筑院）,成都市高新区,成都市高新区,四川省,成都市,高新区,成都市,confirmed,设计,社会招聘,2026-05-21,listing_page,否,not_available,http://cdadri.com/jobview.aspx?contentid=48&t=55,http://cdadri.com/jobview.aspx?contentid=48&t=55,是,true,2026-09-27,该岗位信息仅见于附件《岗位需求表（5月）.pdf》序号18行（成都市高新区、2人、10-25万元/年）。公告正文明确电气设计岗和智能化设计岗为紧缺急需岗位，笔试开考比例为不低于1:3。
CD0283|成都设计咨询集团有限公司|检测师（人防工程）（所属市建科院）|成都市成华区、双流区,CD0283,514,成都设计咨询集团有限公司,是,A,设计服务,检测师（人防工程）（所属市建科院）,成都市成华区、双流区,成都市成华区、双流区,四川省,成都市,高新区,成都市,confirmed,技术,社会招聘,2026-05-21,listing_page,否,not_available,http://cdadri.com/jobview.aspx?contentid=48&t=55,http://cdadri.com/jobview.aspx?contentid=48&t=55,是,true,2026-09-27,数据取自官网招聘公告及其附件《岗位需求表（5月）.pdf》原文。
CD0283|成都设计咨询集团有限公司|检测师（市政道路工程及材料）（所属市建科院）|成都市成华区、双流区,CD0283,515,成都设计咨询集团有限公司,是,A,设计服务,检测师（市政道路工程及材料）（所属市建科院）,成都市成华区、双流区,成都市成华区、双流区,四川省,成都市,高新区,成都市,confirmed,技术,社会招聘,2026-05-21,listing_page,否,not_available,http://cdadri.com/jobview.aspx?contentid=48&t=55,http://cdadri.com/jobview.aspx?contentid=48&t=55,是,true,2026-09-27,数据取自官网招聘公告及其附件《岗位需求表（5月）.pdf》原文。
CD0283|成都设计咨询集团有限公司|检测师（电气工程）（所属市建科院）|成都市成华区、双流区,CD0283,516,成都设计咨询集团有限公司,是,A,设计服务,检测师（电气工程）（所属市建科院）,成都市成华区、双流区,成都市成华区、双流区,四川省,成都市,高新区,成都市,confirmed,技术,社会招聘,2026-05-21,listing_page,否,not_available,http://cdadri.com/jobview.aspx?contentid=48&t=55,http://cdadri.com/jobview.aspx?contentid=48&t=55,是,true,2026-09-27,数据取自官网招聘公告及其附件《岗位需求表（5月）.pdf》原文。
CD0283|成都设计咨询集团有限公司|经营管理部信息技术工程师（所属市人防院）|成都市青羊区,CD0283,517,成都设计咨询集团有限公司,是,A,设计服务,经营管理部信息技术工程师（所属市人防院）,成都市青羊区,成都市青羊区,四川省,成都市,高新区,成都市,confirmed,技术,社会招聘,2026-05-21,listing_page,否,not_available,http://cdadri.com/jobview.aspx?contentid=48&t=55,http://cdadri.com/jobview.aspx?contentid=48&t=55,是,true,2026-09-27,该岗位信息仅见于附件《岗位需求表（5月）.pdf》的序号13行（成都市青羊区、2人、9-15万元/年），表内该行未填写岗位职责、任职资格与学历经验栏，故相关字段留“页面未说明”，不作推断。
CD0283|成都设计咨询集团有限公司|绿色建筑设计岗（所属市建筑院）|成都市高新区,CD0283,518,成都设计咨询集团有限公司,是,A,设计服务,绿色建筑设计岗（所属市建筑院）,成都市高新区,成都市高新区,四川省,成都市,高新区,成都市,confirmed,设计,社会招聘,2026-05-21,listing_page,否,not_available,http://cdadri.com/jobview.aspx?contentid=48&t=55,http://cdadri.com/jobview.aspx?contentid=48&t=55,是,true,2026-09-27,该岗位信息仅见于附件《岗位需求表（5月）.pdf》序号16行（成都市高新区、1人、15-40万元/年），表内未填写职责、学历与经验要求，不作推断。
CD0283|成都设计咨询集团有限公司|规划与国防动员所生产技术岗（综合咨询研究方向）（所属市人防院）|成都市青羊区,CD0283,519,成都设计咨询集团有限公司,是,A,设计服务,规划与国防动员所生产技术岗（综合咨询研究方向）（所属市人防院）,成都市青羊区,成都市青羊区,四川省,成都市,高新区,成都市,confirmed,技术,社会招聘,2026-05-21,listing_page,否,not_available,http://cdadri.com/jobview.aspx?contentid=48&t=55,http://cdadri.com/jobview.aspx?contentid=48&t=55,是,true,2026-09-27,岗位名称、地点、人数、薪酬取自附件《岗位需求表（5月）.pdf》，经验与专业栏按该表摘录。
CD0284|成都轨道交通集团有限公司|信号技术管理|成都市,CD0284,520,成都轨道交通集团有限公司,是,A,轨道交通,信号技术管理,成都市,成都市,四川省,成都市,,成都市,confirmed,技术,社会招聘,2025-04-24,listing_page,否,not_available,https://www.chengdurail.com/info/2482/58852.htm,https://www.chengdurail.com/ygzp/shzp/zpgg.htm,是,true,2026-09-27,岗位取自官网 2025年第二批次社会招聘公告正文岗位表，用人单位：成都地铁运营有限公司。
CD0284|成都轨道交通集团有限公司|副总经理（资产运营管理方向）|成都市,CD0284,521,成都轨道交通集团有限公司,是,A,轨道交通,副总经理（资产运营管理方向）,成都市,成都市,四川省,成都市,,成都市,confirmed,管理,社会招聘,2026-03-19,direct_detail,是,high,https://www.chengdurail.com/info/2482/121914.htm,https://www.chengdurail.com/ygzp/shzp/zpgg.htm,是,true,2026-09-27,岗位取自官网 2026年第二批次市场化选聘管理人员公告正文岗位表，用人单位：成都轨道城市商业管理有限公司；报名走成都国企人才综合服务平台。
CD0284|成都轨道交通集团有限公司|区域开发事业部副总经理|成都市,CD0284,522,成都轨道交通集团有限公司,是,A,轨道交通,区域开发事业部副总经理,成都市,成都市,四川省,成都市,,成都市,confirmed,管理,社会招聘,2025-04-24,listing_page,否,not_available,https://www.chengdurail.com/info/2482/58852.htm,https://www.chengdurail.com/ygzp/shzp/zpgg.htm,是,true,2026-09-27,岗位取自官网公告《成都轨道交通集团有限公司2025年第二批次社会招聘公告》正文岗位信息表，用人单位：成都轨道城市投资集团有限公司。
CD0284|成都轨道交通集团有限公司|工程项目经理|成都市,CD0284,523,成都轨道交通集团有限公司,是,A,轨道交通,工程项目经理,成都市,成都市,四川省,成都市,,成都市,confirmed,工程,社会招聘,2025-04-24,listing_page,否,not_available,https://www.chengdurail.com/info/2482/58852.htm,https://www.chengdurail.com/ygzp/shzp/zpgg.htm,是,true,2026-09-27,岗位取自官网 2025年第二批次社会招聘公告正文岗位表，用人单位：成都轨道城市投资集团有限公司。
CD0284|成都轨道交通集团有限公司|成本管理|成都市,CD0284,524,成都轨道交通集团有限公司,是,A,轨道交通,成本管理,成都市,成都市,四川省,成都市,,成都市,confirmed,财务,社会招聘,2026-01-15,listing_page,否,not_available,https://www.chengdurail.com/info/2482/117574.htm,https://www.chengdurail.com/ygzp/shzp/zpgg.htm,是,true,2026-09-27,岗位取自官网 2026年第一批次社会招聘公告页内附件岗位信息表，用人单位：成都轨道城市投资集团有限公司。
CD0284|成都轨道交通集团有限公司|接触网技术管理|成都市,CD0284,525,成都轨道交通集团有限公司,是,A,轨道交通,接触网技术管理,成都市,成都市,四川省,成都市,,成都市,confirmed,技术,社会招聘,2025-04-24,listing_page,否,not_available,https://www.chengdurail.com/info/2482/58852.htm,https://www.chengdurail.com/ygzp/shzp/zpgg.htm,是,true,2026-09-27,岗位取自官网 2025年第二批次社会招聘公告正文岗位表，用人单位：成都地铁运营有限公司。
CD0284|成都轨道交通集团有限公司|暖通及给排水工程（房建设计方向）|成都市,CD0284,526,成都轨道交通集团有限公司,是,A,轨道交通,暖通及给排水工程（房建设计方向）,成都市,成都市,四川省,成都市,,成都市,confirmed,工程,社会招聘,2026-03-17,listing_page,否,not_available,https://www.chengdurail.com/info/2482/121634.htm,https://www.chengdurail.com/ygzp/shzp/zpgg.htm,是,true,2026-09-27,岗位取自官网 2026年第二批次社会招聘公告页内附件岗位信息表，用人单位：成都轨道城市投资集团有限公司。
CD0284|成都轨道交通集团有限公司|校招生（客运组织）|成都市,CD0284,527,成都轨道交通集团有限公司,是,A,轨道交通,校招生（客运组织）,成都市,成都市,四川省,成都市,,成都市,confirmed,运营,社会招聘,2026-03-17,listing_page,否,not_available,https://www.chengdurail.com/info/2422/121604.htm,https://www.chengdurail.com/ygzp/shzp/zpgg.htm,是,true,2026-09-27,岗位取自官网 2026年度第一批次校园招聘公告正文岗位表，用人单位：成都地铁运营有限公司。
CD0284|成都轨道交通集团有限公司|校招生（思政类）|成都市双流区,CD0284,528,成都轨道交通集团有限公司,是,A,轨道交通,校招生（思政类）,成都市 双流区,成都市 双流区,四川省,成都市,,成都市,confirmed,职能,社会招聘,2026-05-21,listing_page,否,not_available,https://www.chengdurail.com/info/2422/127594.htm,https://www.chengdurail.com/ygzp/shzp/zpgg.htm,是,true,2026-09-27,岗位取自官网 2026年度第二批次校园招聘公告正文岗位表，用人单位：成都轨道资源经营管理有限公司，工作地点原文“成都市 双流区”。
CD0284|成都轨道交通集团有限公司|校招生（数据分析类）|成都市双流区,CD0284,529,成都轨道交通集团有限公司,是,A,轨道交通,校招生（数据分析类）,成都市 双流区,成都市 双流区,四川省,成都市,,成都市,confirmed,职能,社会招聘,2026-05-21,listing_page,否,not_available,https://www.chengdurail.com/info/2422/127594.htm,https://www.chengdurail.com/ygzp/shzp/zpgg.htm,是,true,2026-09-27,岗位名、人数、工作地点、薪酬取自官网 2026年度第二批次校园招聘公告正文岗位表第 2 行；用人单位栏与第 1 行同属成都轨道资源经营管理有限公司，任职资格行未在页面文本中呈现。
CD0284|成都轨道交通集团有限公司|校招生（财务管理）|成都市,CD0284,530,成都轨道交通集团有限公司,是,A,轨道交通,校招生（财务管理）,成都市,成都市,四川省,成都市,,成都市,confirmed,财务,社会招聘,2026-03-17,listing_page,否,not_available,https://www.chengdurail.com/info/2422/121604.htm,https://www.chengdurail.com/ygzp/shzp/zpgg.htm,是,true,2026-09-27,岗位取自官网 2026年度第一批次校园招聘公告正文岗位表，用人单位：成都轨道交通集团有限公司下属二级公司。
CD0284|成都轨道交通集团有限公司|校招生（财务管理）（所属成都地铁运营有限公司）|成都市,CD0284,531,成都轨道交通集团有限公司,是,A,轨道交通,校招生（财务管理）（所属成都地铁运营有限公司）,成都市,成都市,四川省,成都市,,成都市,confirmed,财务,社会招聘,2026-09-17,listing_page,否,not_available,https://www.chengdurail.com/info/2422/136474.htm,https://www.chengdurail.com/ygzp/shzp/zpgg.htm,是,true,2026-09-27,岗位名与人数取自官网 2026年度第三批次校园招聘公告正文岗位表第 2 行；薪酬栏原文残缺（渲染为“　-10 万元 / 年”），故按页面未说明处理。
CD0284|成都轨道交通集团有限公司|校招生（通信技术）|成都市,CD0284,532,成都轨道交通集团有限公司,是,A,轨道交通,校招生（通信技术）,成都市,成都市,四川省,成都市,,成都市,confirmed,技术,社会招聘,2026-03-17,listing_page,否,not_available,https://www.chengdurail.com/info/2422/121604.htm,https://www.chengdurail.com/ygzp/shzp/zpgg.htm,是,true,2026-09-27,岗位取自官网 2026年度第一批次校园招聘公告正文岗位表，用人单位：成都地铁运营有限公司。
CD0284|成都轨道交通集团有限公司|电气工程（房建设计方向）|成都市,CD0284,533,成都轨道交通集团有限公司,是,A,轨道交通,电气工程（房建设计方向）,成都市,成都市,四川省,成都市,,成都市,confirmed,工程,社会招聘,2026-03-17,listing_page,否,not_available,https://www.chengdurail.com/info/2482/121634.htm,https://www.chengdurail.com/ygzp/shzp/zpgg.htm,是,true,2026-09-27,岗位取自官网 2026年第二批次社会招聘公告页内附件岗位信息表，用人单位：成都轨道城市投资集团有限公司。
CD0284|成都轨道交通集团有限公司|站务员|成都市,CD0284,534,成都轨道交通集团有限公司,是,A,轨道交通,站务员,成都市,成都市,四川省,成都市,,成都市,confirmed,运营,社会招聘,2025-04-24,listing_page,否,not_available,https://www.chengdurail.com/info/2482/58852.htm,https://www.chengdurail.com/ygzp/shzp/zpgg.htm,是,true,2026-09-27,岗位取自官网 2025年第二批次社会招聘公告正文岗位表，用人单位：成都地铁运营有限公司。
CD0284|成都轨道交通集团有限公司|精装设计|成都市,CD0284,535,成都轨道交通集团有限公司,是,A,轨道交通,精装设计,成都市,成都市,四川省,成都市,,成都市,confirmed,设计,社会招聘,2026-01-15,listing_page,否,not_available,https://www.chengdurail.com/info/2482/117574.htm,https://www.chengdurail.com/ygzp/shzp/zpgg.htm,是,true,2026-09-27,岗位取自官网 2026年第一批次社会招聘公告页内附件岗位信息表，用人单位：成都轨道城市投资集团有限公司。
CD0284|成都轨道交通集团有限公司|维修专员（所属成都轨道资源经营管理有限公司）（一线岗位）|成都市,CD0284,536,成都轨道交通集团有限公司,是,A,轨道交通,维修专员（所属成都轨道资源经营管理有限公司）（一线岗位）,成都市,成都市,四川省,成都市,,成都市,confirmed,运维,社会招聘,2026-09-17,direct_detail,是,high,https://www.chengdurail.com/info/2482/136374.htm,https://www.chengdurail.com/ygzp/shzp/zpgg.htm,是,true,2026-09-27,岗位取自官网 2026年度第三批次社会招聘公告正文岗位表（公告标注“进行中”），报名网址 https://gq.cdrchr.cn/soe-job/portal/special?activeTab=2&bgep11=848749118744966。
CD0284|成都轨道交通集团有限公司|财务管理岗|成都市,CD0284,537,成都轨道交通集团有限公司,是,A,轨道交通,财务管理岗,成都市,成都市,四川省,成都市,,成都市,confirmed,财务,社会招聘,2025-04-24,direct_detail,是,high,https://www.chengdurail.com/info/2422/58702.htm,https://www.chengdurail.com/ygzp/shzp/zpgg.htm,是,true,2026-09-27,岗位取自官网 2025年第二批次校园招聘公告正文岗位表第 2 行，用人单位：成都轨道交通集团有限公司所属二级公司。
CD0284|成都轨道交通集团有限公司|资产管理|成都市,CD0284,538,成都轨道交通集团有限公司,是,A,轨道交通,资产管理,成都市,成都市,四川省,成都市,,成都市,confirmed,财务,社会招聘,2025-04-24,listing_page,否,not_available,https://www.chengdurail.com/info/2482/58852.htm,https://www.chengdurail.com/ygzp/shzp/zpgg.htm,是,true,2026-09-27,岗位取自官网 2025年第二批次社会招聘公告正文岗位表，用人单位：成都地铁运营有限公司。
CD0284|成都轨道交通集团有限公司|通信技术管理|成都市,CD0284,539,成都轨道交通集团有限公司,是,A,轨道交通,通信技术管理,成都市,成都市,四川省,成都市,,成都市,confirmed,技术,社会招聘,2025-04-24,listing_page,否,not_available,https://www.chengdurail.com/info/2482/58852.htm,https://www.chengdurail.com/ygzp/shzp/zpgg.htm,是,true,2026-09-27,岗位取自官网 2025年第二批次社会招聘公告正文岗位表，用人单位：成都地铁运营有限公司。
CD0284|成都轨道交通集团有限公司|通信检修工|成都市,CD0284,540,成都轨道交通集团有限公司,是,A,轨道交通,通信检修工,成都市,成都市,四川省,成都市,,成都市,confirmed,技术,社会招聘,2025-04-24,listing_page,否,not_available,https://www.chengdurail.com/info/2482/58852.htm,https://www.chengdurail.com/ygzp/shzp/zpgg.htm,是,true,2026-09-27,岗位取自官网 2025年第二批次社会招聘公告正文岗位表，用人单位：成都地铁运营有限公司。
CD0284|成都轨道交通集团有限公司|集团公司管培生|成都市,CD0284,541,成都轨道交通集团有限公司,是,A,轨道交通,集团公司管培生,成都市,成都市,四川省,成都市,,成都市,confirmed,管理,社会招聘,2026-03-17,listing_page,否,not_available,https://www.chengdurail.com/info/2422/121604.htm,https://www.chengdurail.com/ygzp/shzp/zpgg.htm,是,true,2026-09-27,岗位取自官网 2026年度第一批次校园招聘公告正文岗位表，用人单位：成都轨道交通集团有限公司。
CD0284|成都轨道交通集团有限公司|集团公司管培生（财务管理类）|成都市,CD0284,542,成都轨道交通集团有限公司,是,A,轨道交通,集团公司管培生（财务管理类）,成都市,成都市,四川省,成都市,,成都市,confirmed,管理,社会招聘,2026-09-17,listing_page,否,not_available,https://www.chengdurail.com/info/2422/136474.htm,https://www.chengdurail.com/ygzp/shzp/zpgg.htm,是,true,2026-09-27,岗位取自官网 2026年度第三批次校园招聘公告正文岗位表（公告标注“进行中”），用人单位：成都轨道交通集团有限公司。
CD0284|成都轨道交通集团有限公司|项目集群副总经理|成都市,CD0284,543,成都轨道交通集团有限公司,是,A,轨道交通,项目集群副总经理,成都市,成都市,四川省,成都市,,成都市,confirmed,管理,社会招聘,2026-01-15,listing_page,否,not_available,https://www.chengdurail.com/info/2482/117574.htm,https://www.chengdurail.com/ygzp/shzp/zpgg.htm,是,true,2026-09-27,岗位取自官网 2026年第一批次社会招聘公告页面附件岗位信息表（正文写“详见附件”，同一页面渲染出岗位文字表），用人单位：成都轨道城市投资集团有限公司。
CD0295|苏宁易购集团股份有限公司|仓管员|成都市,CD0295,574,苏宁易购集团股份有限公司,是,A,零售与消费,仓管员,成都市,成都市,四川省,成都市,,成都市,confirmed,物流,社会招聘,2026年08月19,direct_detail,是,medium,http://careers.suning.cn/rps-web/position/position_info_new.htm?id=14263,http://careers.suning.cn/rps-web/position/show_position_new.htm?type=1,是,true,2026-09-28,职位类别（页面原文）：物流类 >>仓储。取自苏宁官方招聘站职位详情页，详情页“学历要求”字段以下拉选项列表渲染（博士研究生/硕士/本科/大专…），无法判定该职位实际学历，故 education 记页面未说明；所属公司为页面原文“所属公司”栏的成都法人主体。；2026-09-28 复测页面命中职位名与招聘关键词，确认在招
CD0295|苏宁易购集团股份有限公司|媒介部长|成都市,CD0295,575,苏宁易购集团股份有限公司,是,A,零售与消费,媒介部长,成都市,成都市,四川省,成都市,,成都市,confirmed,市场,社会招聘,2025年07月15,direct_detail,是,medium,http://careers.suning.cn/rps-web/position/position_info_new.htm?id=27851,http://careers.suning.cn/rps-web/position/show_position_new.htm?type=1,是,true,2026-09-28,职位类别（页面原文）：策划类 >>市场推广。取自苏宁官方招聘站职位详情页，详情页“学历要求”字段以下拉选项列表渲染（博士研究生/硕士/本科/大专…），无法判定该职位实际学历，故 education 记页面未说明；所属公司为页面原文“所属公司”栏的成都法人主体。；2026-09-28 复测页面命中职位名与招聘关键词，确认在招
CD0295|苏宁易购集团股份有限公司|客服主管|成都市,CD0295,576,苏宁易购集团股份有限公司,是,A,零售与消费,客服主管,成都市,成都市,四川省,成都市,,成都市,confirmed,客服,社会招聘,2026年02月11,direct_detail,是,medium,http://careers.suning.cn/rps-web/position/position_info_new.htm?id=28044,http://careers.suning.cn/rps-web/position/show_position_new.htm?type=1,是,true,2026-09-28,职位类别（页面原文）：客服类 >>客户关系。取自苏宁官方招聘站职位详情页，详情页“学历要求”字段以下拉选项列表渲染（博士研究生/硕士/本科/大专…），无法判定该职位实际学历，故 education 记页面未说明；所属公司为页面原文“所属公司”栏的成都法人主体。；2026-09-28 复测页面命中职位名与招聘关键词，确认在招
CD0295|苏宁易购集团股份有限公司|招商运营经理|成都市,CD0295,577,苏宁易购集团股份有限公司,是,A,零售与消费,招商运营经理,成都市,成都市,四川省,成都市,,成都市,confirmed,招商,社会招聘,2026年08月19,direct_detail,是,medium,http://careers.suning.cn/rps-web/position/position_info_new.htm?id=26546,http://careers.suning.cn/rps-web/position/show_position_new.htm?type=1,是,true,2026-09-28,职位类别（页面原文）：运营类 >>连锁店运营。取自苏宁官方招聘站职位详情页，详情页“学历要求”字段以下拉选项列表渲染（博士研究生/硕士/本科/大专…），无法判定该职位实际学历，故 education 记页面未说明；所属公司为页面原文“所属公司”栏的成都法人主体。；2026-09-28 复测页面命中职位名与招聘关键词，确认在招
CD0295|苏宁易购集团股份有限公司|暖通主管|成都市,CD0295,578,苏宁易购集团股份有限公司,是,A,零售与消费,暖通主管,成都市,成都市,四川省,成都市,,成都市,confirmed,工程,社会招聘,2025年06月24,direct_detail,是,medium,http://careers.suning.cn/rps-web/position/position_info_new.htm?id=27827,http://careers.suning.cn/rps-web/position/show_position_new.htm?type=1,是,true,2026-09-28,职位类别（页面原文）：工程类 >>工程管理。取自苏宁官方招聘站职位详情页，详情页“学历要求”字段以下拉选项列表渲染（博士研究生/硕士/本科/大专…），无法判定该职位实际学历，故 education 记页面未说明；所属公司为页面原文“所属公司”栏的成都法人主体。；2026-09-28 复测页面命中职位名与招聘关键词，确认在招
CD0295|苏宁易购集团股份有限公司|法务部长|成都市,CD0295,579,苏宁易购集团股份有限公司,是,A,零售与消费,法务部长,成都市,成都市,四川省,成都市,,成都市,confirmed,法务,社会招聘,2026年09月15,direct_detail,是,medium,http://careers.suning.cn/rps-web/position/position_info_new.htm?id=27858,http://careers.suning.cn/rps-web/position/show_position_new.htm?type=1,是,true,2026-09-27,职位类别（页面原文）：监察与法务类 >>综合法务。取自苏宁官方招聘站职位详情页，详情页“学历要求”字段以下拉选项列表渲染（博士研究生/硕士/本科/大专…），无法判定该职位实际学历，故 education 记页面未说明；所属公司为页面原文“所属公司”栏的成都法人主体。
CD0295|苏宁易购集团股份有限公司|百货课课长|成都市,CD0295,580,苏宁易购集团股份有限公司,是,A,零售与消费,百货课课长,成都市,成都市,四川省,成都市,,成都市,confirmed,运营,社会招聘,2026年08月19,direct_detail,是,medium,http://careers.suning.cn/rps-web/position/position_info_new.htm?id=24972,http://careers.suning.cn/rps-web/position/show_position_new.htm?type=1,是,true,2026-09-28,职位类别（页面原文）：运营类 >>连锁店运营。取自苏宁官方招聘站职位详情页，详情页“学历要求”字段以下拉选项列表渲染（博士研究生/硕士/本科/大专…），无法判定该职位实际学历，故 education 记页面未说明；所属公司为页面原文“所属公司”栏的成都法人主体。；2026-09-28 复测页面命中职位名与招聘关键词，确认在招
CD0295|苏宁易购集团股份有限公司|策划部长|成都市,CD0295,581,苏宁易购集团股份有限公司,是,A,零售与消费,策划部长,成都市,成都市,四川省,成都市,,成都市,confirmed,市场,社会招聘,2026年08月19,direct_detail,是,medium,http://careers.suning.cn/rps-web/position/position_info_new.htm?id=24416,http://careers.suning.cn/rps-web/position/show_position_new.htm?type=1,是,true,2026-09-28,职位类别（页面原文）：策划类 >>市场分析与策划。取自苏宁官方招聘站职位详情页，详情页“学历要求”字段以下拉选项列表渲染（博士研究生/硕士/本科/大专…），无法判定该职位实际学历，故 education 记页面未说明；所属公司为页面原文“所属公司”栏的成都法人主体。；2026-09-28 复测页面命中职位名与招聘关键词，确认在招
CD0295|苏宁易购集团股份有限公司|营业员|成都市,CD0295,582,苏宁易购集团股份有限公司,是,A,零售与消费,营业员,成都市,成都市,四川省,成都市,,成都市,confirmed,运营,社会招聘,2026年08月19,direct_detail,是,medium,http://careers.suning.cn/rps-web/position/position_info_new.htm?id=12285,http://careers.suning.cn/rps-web/position/show_position_new.htm?type=1,是,true,2026-09-28,职位类别（页面原文）：销售类 >>店面销售。取自苏宁官方招聘站职位详情页，详情页“学历要求”字段以下拉选项列表渲染（博士研究生/硕士/本科/大专…），无法判定该职位实际学历，故 education 记页面未说明；所属公司为页面原文“所属公司”栏的成都法人主体。；2026-09-28 复测页面命中职位名与招聘关键词，确认在招
CD0295|苏宁易购集团股份有限公司|高级招商运营经理|成都市,CD0295,583,苏宁易购集团股份有限公司,是,A,零售与消费,高级招商运营经理,成都市,成都市,四川省,成都市,,成都市,confirmed,招商,社会招聘,2026年07月01,direct_detail,是,medium,http://careers.suning.cn/rps-web/position/position_info_new.htm?id=28097,http://careers.suning.cn/rps-web/position/show_position_new.htm?type=1,是,true,2026-09-28,职位类别（页面原文）：采购类 >>品牌招商。取自苏宁官方招聘站职位详情页，详情页“学历要求”字段以下拉选项列表渲染（博士研究生/硕士/本科/大专…），无法判定该职位实际学历，故 education 记页面未说明；所属公司为页面原文“所属公司”栏的成都法人主体。；2026-09-28 复测页面命中职位名与招聘关键词，确认在招
CD0295|苏宁易购集团股份有限公司|（苏宁）便利店长|成都市,CD0295,584,苏宁易购集团股份有限公司,是,A,零售与消费,（苏宁）便利店长,成都市,成都市,四川省,成都市,,成都市,confirmed,运营,社会招聘,2026年08月19,direct_detail,是,medium,http://careers.suning.cn/rps-web/position/position_info_new.htm?id=13014,http://careers.suning.cn/rps-web/position/show_position_new.htm?type=1,是,true,2026-09-28,职位类别（页面原文）：销售类 >>店面销售。取自苏宁官方招聘站职位详情页，详情页“学历要求”字段以下拉选项列表渲染（博士研究生/硕士/本科/大专…），无法判定该职位实际学历，故 education 记页面未说明；所属公司为页面原文“所属公司”栏的成都法人主体。；2026-09-28 复测页面命中职位名与招聘关键词，确认在招
CD0297|西南交通大学|专职辅导员|四川省成都市高新西区西部园区（西南交通大学）,CD0297,585,西南交通大学,是,A,教育,专职辅导员,四川省成都市高新西区西部园区（西南交通大学）,四川省成都市高新西区西部园区（西南交通大学）,四川省,成都市,高新区,成都市,confirmed,职能,社会招聘,2026-03-16,direct_detail,是,high,https://rsc.swjtu.edu.cn/info/1026/9322.htm,https://rsc.swjtu.edu.cn/rszp.htm,是,true,2026-09-27,公告页 https://rsc.swjtu.edu.cn/info/1026/9322.htm 实测200，标题《西南交通大学2026年春季学期面向社会公开招聘专职辅导员通告》，日期2026年03月16日 12:57，但正文区无内容，故字段留空；学校专属招聘网 cpyc.swjtu.edu.cn 实测不可访问。
