company_id,序号,公司名称,公司别名,企业等级,公司官网,官网已验证,成都办公地点,province,city,district,location_text,location_confidence,所属行业,企业性质/规模,企业简介,企业来源渠道,招聘入口名称,招聘入口URL,source_type_code,source_type_label,招聘系统类型,source_tier,是否官方来源,official_source,来源可信度分级,含成都岗位,当前职位数量(页内可见),job_count_confidence,职位样本数,status_code,status_label,招聘来源状态,page_status,verification_level,verification_method,record_category,官网实测状态码,入口实测状态码,首次发现日期,最后验证日期,证据链接,职位复检结果,分级理由,备注,是否为本轮新增,重复或关联提示
CD0001,1,埃森哲（中国）有限公司成都分公司,埃森哲成都|Accenture Chengdu|埃森哲智能运营中心,B,https://www.accenture.cn/,是,成都市高新区天府大道中段1366号天府软件园E5座,四川省,成都市,高新区,成都市高新区天府大道中段1366号天府软件园E5座,confirmed,IT服务与外包,,,企业官网|搜索引擎公开检索,2027埃森哲校园招聘,https://www.accenture.cn/cn-zh/careers/local/accenture-china-campus-page,official_careers_page,企业官网自建招聘页,企业官网自建招聘页,official_company,是,true,A,未知,,not_available,0,active,有效（当前有可见职位）,有效（当前有可见职位）,,source_evidence_only,direct_page_visit,official_active,200,200,,2026-09-26,https://www.accenture.cn/cn-zh/careers/local/accenture-china-campus-page｜https://careersite.tupu360.com/accentureats/position/index?recruitmentType=CAMPUSRECRUITMENT,,官方招聘入口为企业官网自建页面；V1.4 修正轮统一口径,保留 active；本轮确认官网正在开展2027校园招聘，但当前可读取的 ATS 职位未出现成都，取消 V1.2 对成都岗位的确定性表述,否（V1.4 存量）,
CD0002,2,思特沃克软件技术（成都）有限公司,Thoughtworks成都|ThoughtWorks成都|思特沃克软件（中国）,B,https://www.thoughtworks.com/careers,是,成都市（具体办公地址本次未在官方页面确认）,四川省,成都市,未确认,成都市（具体办公地址本次未在官方页面确认）,confirmed,IT服务与外包,,,企业官网|搜索引擎公开检索,集团统一招聘,https://www.thoughtworks.com/careers/jobs,group_unified_recruitment,集团统一招聘平台,集团统一招聘平台,group_career_site,是,true,A,否,,unknown,0,needs_manual_review,需人工复核,需人工复核,,listing_count_observed,direct_page_visit,manual_review,200,200,,2026-09-26,https://www.thoughtworks.com/careers/jobs｜https://www.thoughtworks.com/en-ca/careers/jobs/4041165,复检未抽到职位｜抓取失败：职位列表页返回35个Open jobs但均为澳大利亚/印度/新加坡/英国/越南等地，location=chengdu筛选未生效，未见成都职位,官方招聘入口为集团统一招聘平台；V1.4 修正轮统一口径,V1.2 入口可访问性不变；本次在全球职位列表页未见任何成都岗位，has_chengdu_jobs 记为 false（非入口失效）,否（V1.4 存量）,
CD0003,3,成都四方伟业软件股份有限公司,四方伟业|Sefonsoft|四方伟业控股,B,https://www.sefonsoft.com/,是,成都高新区和祥一街12号四方伟业大楼,四川省,成都市,高新区,成都高新区和祥一街12号四方伟业大楼,confirmed,人工智能与大数据,,,企业官网|搜索引擎公开检索,招聘,https://www.sefonsoft.com/about/recruit,official_careers_page,企业官网自建招聘页,企业官网自建招聘页,official_company,是,true,A,未知,,not_available,0,active,有效（当前有可见职位）,有效（当前有可见职位）,,source_evidence_only,direct_page_visit,official_active,200,200,,2026-09-26,https://www.sefonsoft.com/about/recruit,,官方招聘入口为企业官网自建页面；V1.4 修正轮统一口径,保留 active；官网当前仍可见具体招聘岗位，但因岗位地点未明示成都，不生成正式成都职位样本,否（V1.4 存量）,
CD0004,4,成都数之联科技股份有限公司,数之联 / UnionBigData,B,https://unionbigdata.zhiye.com/,是,成都市（具体办公地址本次未在官方页面确认）,四川省,成都市,未确认,成都市（具体办公地址本次未在官方页面确认）,confirmed,人工智能与大数据,,,企业官网|搜索引擎公开检索,企业专属官方ATS（北森 zhiye）,https://unionbigdata.zhiye.com/,official_ats_third_party_hosted,企业专属官方ATS,企业专属官方ATS,official_ats,是,true,A,否,,not_available,0,accessible_no_job,入口可访问但暂无职位,入口可访问但暂无职位,,listing_count_observed,direct_page_visit,unavailable_or_no_job,200,200,,2026-09-26,https://unionbigdata.zhiye.com/campus/jobs｜https://unionbigdata.zhiye.com/social/jobs,复检未抽到职位｜抓取失败：招聘系统首页及社招职位列表均为JS动态渲染，静态页无职位数据,官方招聘入口为企业专属 ATS；V1.4 修正轮统一口径,V1.2 入口保持可访问；本次核对校招与社招两个列表页当前均为空，has_chengdu_jobs 记为 false,否（V1.4 存量）,
CD0005,5,成都迈克生物股份有限公司,迈克生物 Maccura（300463）,A,https://www.maccura.com,是,成都市（含双流天府国际生物城新基地）,四川省,成都市,,成都市（含双流天府国际生物城新基地）,confirmed,医疗器械,,,D组-医疗器械,企业专属ATS,https://maccura.zhiye.com/jobs,official_ats_third_party_hosted,企业专属官方ATS,官方ATS（第三方托管，如北森zhiye/Moka）,official_ats,是,true,A,是,,not_available,5,active,有效（当前有可见职位）,有效（当前有可见职位）,,direct_job_observed,direct_page_visit,official_active,200,200,,2026-09-26,https://maccura.zhiye.com/jobs?KeyWords= | https://www.maccura.com/,已成功抽取 5 条真实职位样本,官方招聘入口为企业专属 ATS（第三方 SaaS 托管，按《官方来源判断规则》属官方）；V1.4 修正轮统一口径,企业专属招聘门户 maccura.zhiye.com（智联招聘 zhiye 系统托管），社招岗位 2026-08 更新且工作地点为成都市；校招另有网申二维码及公众号渠道。,否（V1.4 存量）,
CD0006,6,德州仪器半导体制造（成都）有限公司,TI成都;Texas Instruments;德州仪器,A,https://careers.ti.com/,是,"成都市（官方职位页标注 Chengdu, Sichuan, China；具体厂区地址未在本次访问页面确认）",四川省,成都市,未确认,"成都市（官方职位页标注 Chengdu, Sichuan, China；具体厂区地址未在本次访问页面确认）",confirmed,半导体与集成电路,,,"TI 全球招聘门户 careers.ti.com（Chengdu, Sichuan 岗位）；电子科技大学就业网招聘公告（Moka投递入口）",集团统一招聘,https://careers.ti.com/,group_unified_recruitment,集团统一招聘平台,集团统一招聘平台,group_career_site,是,true,A,是,,not_available,0,active,有效（当前有可见职位）,有效（当前有可见职位）,,direct_job_observed,direct_page_visit,official_active,200,200,,2026-09-26,https://careers.ti.com/zh-CN/sites/CX/job/25016872?lastSelectedFacet=AttributeChar8&location=China&locationId=300000000361316&locationLevel=country&mode=location&selectedFlexFieldsFacets=%2522AttributeChar8%257CRecent+College+Grads%2522%253AC%25E6%2590%259C%25E7%25B4%25A2%25E8%2581%258C%25E5%258A%25A1-｜https://careers.ti.com/zh-CN/sites/CX/job/25016847/?lastSelectedFacet=CATEGORIES&selectedCategoriesFacet=300000068853914,复检未抽到职位｜抓取失败：careers.ti.com多个搜索路径均返回 Page not found，搜索结果由JS动态加载，静态抓取无法获取成都职位,官方招聘入口为集团统一招聘平台；V1.4 修正轮统一口径,V1.2 入口不变；本次新增 2 条明确工作地=成都的官方职位样本，status 由待核验确认改为 active；V1.3 复核剔除了 7 条无法确认成都工作地/非官方关联的样本（德州仪器2、捷普2、思爱普2、融资再担保1），本字段按职位池实际行数对齐,否（V1.4 存量）,
CD0007,7,成都仕芯半导体有限公司,仕芯半导体;SiCore Semiconductor,A,https://www.sicoresemi.com,是,成都高新西区百川路9号1号楼4层（郫都区）,四川省,成都市,高新西区,成都高新西区百川路9号1号楼4层（郫都区）,confirmed,半导体与集成电路,,,企业官网（新闻中心发布招聘岗位）；前程无忧企业页；BOSS直聘企业页,官网招聘页,https://www.sicoresemi.com/News_Show.php?theId=705,official_careers_page,企业官网自建招聘页,企业官网自建招聘页,official_company,是,true,A,是,,not_available,1,active,有效（当前有可见职位）,有效（当前有可见职位）,,direct_job_observed,direct_page_visit,official_active,200,200,,2026-09-26,https://www.sicoresemi.com/ | https://www.sicoresemi.com/News_Show.php?theId=705 | https://jobs.51job.com/guangzhou/co5795938.html,已成功抽取 1 条真实职位样本,官方招聘入口为企业官网自建页面；V1.4 修正轮统一口径,官网新闻中心发布岗位（模拟IC设计师等，工作地成都郫都），投递邮箱 sli2@sicoresemi.com；官网另有“关于假冒我公司名义进行虚假招聘的声明”。前程无忧企业页显示在招职位12个（第三方，不计入官方来源）。,否（V1.4 存量）,
CD0008,8,成都锐成芯微科技股份有限公司,锐成芯微;Actt;Analog Circuit Technology,A,https://www.analogcircuit.cn,是,成都市高新区天府五街200号菁蓉创业Hub1号楼B座3层,四川省,成都市,高新区,成都市高新区天府五街200号菁蓉创业Hub1号楼B座3层,confirmed,半导体与集成电路,,,企业官网（含 Career/招聘栏目，岗位Base标注成都、上海）,官网招聘页,https://analogcircuit.cn/recruit/800.html,official_careers_page,企业官网自建招聘页,企业官网自建招聘页,official_company,是,true,A,是,,not_available,1,active,有效（当前有可见职位）,有效（当前有可见职位）,,direct_job_observed,direct_page_visit,official_active,200,200,,2026-09-26,https://analogcircuit.cn/recruit/800.html | https://www.analogcircuit.cn/recruit/784.html | https://www.analogcircuit.cn/news/d-334.html,已成功抽取 1 条真实职位样本,官方招聘入口为企业官网自建页面；V1.4 修正轮统一口径,官网设 Career 栏目并按岗位发布招聘详情（存储器/模拟/射频等设计工程师，Base 成都）；招聘邮箱 recruit@analogcircuit.cn。,否（V1.4 存量）,
CD0009,9,海光信息技术股份有限公司（成都研发中心/成都分部）,海光信息;HYGON;688041,B,https://app.mokahr.com/m/campus-recruitment/hygon/,是,成都市（官方校招页公司介绍写明在成都等地设有研发中心；具体办公地址未确认）,四川省,成都市,未确认,成都市（官方校招页公司介绍写明在成都等地设有研发中心；具体办公地址未确认）,confirmed,半导体与集成电路,,,海光官方校招公告（南方科技大学/清华大学就业网）；Moka 校招系统 app.mokahr.com；企业域名邮箱 hr@hygon.cn,企业专属官方ATS（Moka）,https://app.mokahr.com/m/campus-recruitment/hygon/,official_ats_third_party_hosted,企业专属官方ATS,企业专属官方ATS,official_ats,是,true,A,未知,,unknown,0,needs_manual_review,需人工复核,需人工复核,,source_evidence_only,direct_page_visit,manual_review,302,302,,2026-09-26,https://app.mokahr.com/m/campus-recruitment/hygon/｜https://app.mokahr.com/m/campus-recruitment/hygon/169939?locale=zh-CN,,官方招聘入口为企业专属 ATS；V1.4 修正轮统一口径,V1.2 入口不变；本次仅能确认成都研发中心表述，未能取到具体成都岗位，status 维持 needs_manual_review,否（V1.4 存量）,
CD0010,10,英特尔产品（成都）有限公司,英特尔成都|Intel Chengdu|Intel Products (Chengdu),A,https://www.intel.cn/,是,成都高新区（高新西区）科新路8号附1号，成都高新综合保税区B区（郫都区）,四川省,成都市,高新区,成都高新区（高新西区）科新路8号附1号，成都高新综合保税区B区（郫都区）,confirmed,半导体与集成电路,,,企业官网|搜索引擎公开检索,集团招聘平台,https://chinacampus.jobs.intel.cn/,group_unified_recruitment,集团统一招聘平台,集团统一招聘平台,group_career_site,是,true,A,是,,not_available,5,active,有效（当前有可见职位）,有效（当前有可见职位）,,direct_job_observed,direct_page_visit,official_active,200,200,,2026-09-26,https://chinacampus.jobs.intel.cn/intel/position/index,已成功抽取 5 条真实职位样本,官方招聘入口为集团统一招聘平台；V1.4 修正轮统一口径,集团统一招聘。英特尔中国校园招聘官网 chinacampus.jobs.intel.cn 职位列表可见多个「四川省-成都」岗位（Foundry Program Manager、Site Service Specialist、Industry Engineer、AI/ML 实习等，发布至2026-09-17）；社招走 jobs.intel.com。成都工厂为封装测试基地。,否（V1.4 存量）,
CD0011,11,成都艾尔平方文化传播有限公司,艾尔平方 / LLstudio,B,http://www.luheli.com,是,四川省成都市高新区益州大道天府四街银泰城（办公地含天府长岛）,四川省,成都市,高新区,四川省成都市高新区益州大道天府四街银泰城（办公地含天府长岛）,confirmed,数字内容,,,企业官网|搜索引擎公开检索,公司介绍/招聘,http://www.luheli.com/about.php?id=9,official_careers_page,企业官网自建招聘页,企业官网自建招聘页,official_company,是,true,A,未知,,unknown,0,temporarily_unavailable,入口暂时不可访问,需人工复核,,temporarily_unavailable,direct_page_visit,unavailable_or_no_job,200,200,,2026-09-26,http://www.luheli.com/about.php?id=9,,官方招聘入口为企业官网自建页面；V1.4 修正轮统一口径,V1.2 标为 active；本轮招聘页访问失败且两次公开检索无结果，降级为 temporarily_unavailable；2026-09-28 复测恢复可访问（此前记录不可访问），页面职位情况待复核,否（V1.4 存量）,
CD0012,12,成都光明光电股份有限公司,光明光电;CDGM;中国兵器装备集团旗下,A,https://www.cdgmgd.com,是,成都市龙泉驿区（经开区）成龙大道三段359号,四川省,成都市,龙泉驿区,成都市龙泉驿区（经开区）成龙大道三段359号,confirmed,新材料,,,企业官网招聘专栏（校招/社招岗位需求表）；国聘平台企业职位,官网招聘页,https://www.cdgmgd.com/templates/www.cdgmgd.com/zh_CN/pc/tempmsg/recruitment.htm,official_careers_page,企业官网自建招聘页,企业官网自建招聘页,official_company,是,true,A,是,12,confirmed,5,active,有效（当前有可见职位）,有效（当前有可见职位）,,direct_job_observed,direct_page_visit,official_active,200,200,,2026-09-26,https://www.cdgmgd.com/templates/www.cdgmgd.com/zh_CN/pc/tempmsg/recruitment.htm | https://www.iguopin.com/job/detail?id=215292420152100378,已成功抽取 5 条真实职位样本,官方招聘入口为企业官网自建页面；V1.4 修正轮统一口径,替换：原清单第27项“成都中电科/天马”不确定，按提示替换为成都光明光电。官网设招聘专栏（产品开发、销售、炉窑结构、控制技术、信息系统研发、机械设计等岗位，工作地成都），简历邮箱 tianyw@cdgmgd.com；国聘平台另有在招职位12个（国聘为第三方平台，未计入官方来源）。,否（V1.4 存量）,
CD0013,13,成都圭目机器人有限公司,圭目机器人 / GM Robot,B,https://www.gm-robot.com,是,四川省成都市（圭目机器人成都研发运营中心）,四川省,成都市,,四川省成都市（圭目机器人成都研发运营中心）,confirmed,智能制造与装备,,,企业官网|搜索引擎公开检索,官网招聘资讯（历史）,https://www.gm-robot.com/newsinfo/7885839.html,official_careers_page,企业官网自建招聘页,企业官网自建招聘页,official_company,是,true,A,未知,,not_available,0,accessible_no_job,入口可访问但暂无职位,入口可访问但暂无职位,,source_evidence_only,direct_page_visit,unavailable_or_no_job,200,200,,2026-09-26,https://www.gm-robot.com｜https://www.gm-robot.com/newsinfo/7885839.html｜https://www.gm-robot.com/newsinfo/11285896.html,,官方招聘入口为企业官网自建页面；V1.4 修正轮统一口径,V1.2 标为 active；本轮仅见2024-12-23发布的销售岗历史招募资讯，未见当前职位，降级为 accessible_no_job,否（V1.4 存量）,
CD0014,14,成都纵横自动化技术股份有限公司,纵横股份 / 纵横大鹏 / JOUAV（688070）,B,https://www.jouav.com,是,成都市高新区天府五街菁蓉汇3A 11楼；生产制造基地位于成都天府新区鹏飞科技园,四川省,成都市,高新区,成都市高新区天府五街菁蓉汇3A 11楼；生产制造基地位于成都天府新区鹏飞科技园,confirmed,智能制造与装备,,,上市公司名单|企业官网|搜索引擎公开检索,招贤纳士,https://www.jouav.com/zh/career,official_careers_page,企业官网自建招聘页,企业官网自建招聘页,official_company,是,true,A,未知,,not_available,0,accessible_no_job,入口可访问但暂无职位,入口可访问但暂无职位,,source_evidence_only,direct_page_visit,unavailable_or_no_job,200,200,,2026-09-26,https://www.jouav.com/zh/career｜https://jouav.com/zh/company｜https://www.zhiye.com/jobs/1547202,复检未抽到职位｜抓取失败：招贤纳士页仅有人才理念文字，无职位列表，招聘入口为邮件投递,官方招聘入口为企业官网自建页面；V1.4 修正轮统一口径,V1.2 标为 active；本轮官网招贤纳士页只有人才理念，既有 zhiye 链接返回404，降级为 accessible_no_job,否（V1.4 存量）,
CD0015,15,成都蜀道装备科技股份有限公司,蜀道装备（300540，原成都深冷液化设备股份有限公司）,B,https://shudaozb.com,是,四川省成都市郫都区现代工业港北片区同善桥路569号,四川省,成都市,郫都区,四川省成都市郫都区现代工业港北片区同善桥路569号,confirmed,智能制造与装备,,,D组-智能制造与装备,招聘信息,https://shudaozb.com/zhaopinxinxi/,official_careers_page,企业官网自建招聘页,企业官网自建招聘页,official_company,是,true,A,未知,,not_available,0,accessible_no_job,入口可访问但暂无职位,入口可访问但暂无职位,,source_evidence_only,direct_page_visit,unavailable_or_no_job,200,200,,2026-09-26,https://shudaozb.com/zhaopinxinxi/｜https://shudaozb.com/zhaopinxinxi/279.html｜https://shudaozb.com/touzizheguanxihuodong/871.html,复检未抽到职位｜抓取失败：招聘信息页仅有标题，职位列表为空（疑似动态加载或暂无在招职位）,官方招聘入口为企业官网自建页面；V1.4 修正轮统一口径,V1.2 标为 active 并声称2026年第三季度招聘；本轮招聘列表仅有栏目标题，且既有详情链接实际为2022年公告，降级为 accessible_no_job,否（V1.4 存量）,
CD0016,16,成都卓杭网络科技股份有限公司,卓杭科技 / DHGames,B,https://www.dhgames.cn,是,四川省成都市高新区天府三街新希望国际C座23层,四川省,成都市,高新区,四川省成都市高新区天府三街新希望国际C座23层,confirmed,游戏,,,企业官网|搜索引擎公开检索,加入卓杭,https://www.dhgames.cn,official_careers_page,企业官网自建招聘页,企业官网自建招聘页,official_company,是,true,A,未知,,not_available,0,accessible_no_job,入口可访问但暂无职位,入口可访问但暂无职位,,source_evidence_only,direct_page_visit,unavailable_or_no_job,200,200,,2026-09-26,https://www.dhgames.cn,复检未抽到职位｜抓取失败：官网首页无招聘列表，/join子页返回404（NoSuchKey），未找到可渲染的职位页面,官方招聘入口为企业官网自建页面；V1.4 修正轮统一口径,V1.2 标为 active；本轮官网仅显示“加入卓杭”宣传文案，无招聘链接或职位，降级为 accessible_no_job,否（V1.4 存量）,
CD0017,17,成都创人所爱科技股份有限公司,tap4fun / 成都创人所爱科技股份有限公司|尼毕鲁（曾用名）|成都尼毕鲁科技股份有限公司,A,https://www.tap4fun.com,是,四川省成都市高新区天府软件园A区A3,四川省,成都市,高新区,四川省成都市高新区天府软件园A区A3,confirmed,游戏,,,企业官网|搜索引擎公开检索,tap4fun校园招聘,https://campus.tap4fun.com,official_careers_page,企业官网自建招聘页,企业官网自建招聘页,official_company,是,true,A,是,7,confirmed,0,active,有效（当前有可见职位）,有效（当前有可见职位）,,listing_count_observed,direct_page_visit,official_active,200,302,,2026-09-26,https://campus.tap4fun.com｜https://campus.tap4fun.com/campus_apply/tap4fun/291/#/jobs?zhineng=72571,复检未抽到职位｜抓取失败：校招页仅显示职位类别及数量（策划运营1、程序开发1、用户体验1、美术3、BI1），具体职位名称在Moka系统内JS渲染，静态页无法获取,官方招聘入口为企业官网自建页面；V1.4 修正轮统一口径,保留 active；本轮确认2027届校招、成都工作地点及7个职位数量，但具体职位名称仍未从动态列表取得；2026-09-28 核实：CD0228 成都创人所爱科技股份有限公司与本企业为同一主体——2022-02-10 由「成都尼毕鲁科技股份有限公司」更名为「成都创人所爱科技股份有限公司」（统一社会信用代码 91510100672173748G，官网 tap4fun.com 相同），V1.4 采集中重复收录，已按去重规则并入 CD0017。,否（V1.4 存量）,
CD0018,18,成都数字天空科技有限公司,数字天空 / DIGISKY,B,https://www.digisky.com,是,四川省成都市高新区天华二路天府软件园C区7号楼4-6F,四川省,成都市,高新区,四川省成都市高新区天华二路天府软件园C区7号楼4-6F,confirmed,游戏,,,企业官网|搜索引擎公开检索,社会招聘,https://www.digisky.com/joinUs,official_careers_page,企业官网自建招聘页,企业官网自建招聘页,official_company,是,true,A,未知,,not_available,0,accessible_no_job,入口可访问但暂无职位,入口可访问但暂无职位,,source_evidence_only,direct_page_visit,unavailable_or_no_job,200,200,,2026-09-26,https://www.digisky.com/joinUs,复检未抽到职位｜抓取失败：社招页仅按AI/RD/技术支撑/美术/艺术/策划分类展示，无具体职位名称、城市与发布日期,官方招聘入口为企业官网自建页面；V1.4 修正轮统一口径,V1.2 标为 active；本轮社会招聘页仅展示技术、美术、艺术、策划分类介绍，未看到具体职位，降级为 accessible_no_job,否（V1.4 存量）,
CD0019,19,成都西山居互动娱乐科技有限公司,西山居成都 / 金山世游（成都）,B,https://hr.xishanju.com,是,成都市（具体办公地址本次未在官方页面确认）,四川省,成都市,未确认,成都市（具体办公地址本次未在官方页面确认）,confirmed,游戏,,,企业官网|搜索引擎公开检索,企业专属官方ATS,https://hr.xishanju.com,official_ats_third_party_hosted,企业专属官方ATS,企业专属官方ATS,official_ats,是,true,A,未知,,unknown,0,needs_manual_review,需人工复核,需人工复核,,source_evidence_only,direct_page_visit,manual_review,200,200,,2026-09-26,https://hr.xishanju.com,复检未抽到职位｜抓取失败：招聘页仅显示职位类别及数量（美术音频7、产品策划7、程序质量1、运营发行6、职能综合1），具体职位在job.seasungames.cn内JS渲染，静态页无职位名称与城市,官方招聘入口为企业专属 ATS；V1.4 修正轮统一口径,V1.2 入口不变；本次无法取得职位数据，status 维持 needs_manual_review,否（V1.4 存量）,
CD0020,20,成都迅游网络科技股份有限公司,迅游科技|迅游加速器|Xunyou|300467,A,https://www.xunyou.com/,是,成都高新区世纪城南路216号天府软件园D区,四川省,成都市,高新区,成都高新区世纪城南路216号天府软件园D区,confirmed,游戏,,,企业官网|上市公司名单|搜索引擎公开检索,官网招聘页,https://www.xunyou.com/2014hr/position.shtml,official_careers_page,企业官网自建招聘页,企业官网自建招聘页,official_company,是,true,A,是,,not_available,5,active,有效（当前有可见职位）,有效（当前有可见职位）,,direct_job_observed,direct_page_visit,official_active,200,200,,2026-09-26,https://www.xunyou.com/2014hr/position.shtml | https://aiqicha.baidu.com/details/rankList?query=a47ff4cfa99b1c4c97a8691606136aa8&type=20,已成功抽取 5 条真实职位样本,官方招聘入口为企业官网自建页面；V1.4 修正轮统一口径,官网招聘页 xunyou.com/2014hr/position.shtml 列出运维开发、软件测试、自动化测试等岗位，工作地点明确标注成都。招聘主体为四川迅游网络科技股份有限公司（北京迅游科技已于2022年注销）。,否（V1.4 存量）,
CD0021,21,成都雨墨科技有限公司,雨墨游戏 / Yumoon,B,http://www.yumoon.cn,是,四川省成都市高新区世纪城南路599号D5栋3层,四川省,成都市,高新区,四川省成都市高新区世纪城南路599号D5栋3层,confirmed,游戏,,,企业官网|搜索引擎公开检索,招聘站（当前异常）,http://www.yumoon.cn,official_careers_page,企业官网自建招聘页,企业官网自建招聘页,official_company,是,true,A,未知,,unknown,0,temporarily_unavailable,入口暂时不可访问,需人工复核,,temporarily_unavailable,direct_page_visit,unavailable_or_no_job,200,200,,2026-09-26,http://www.yumoon.cn｜http://www.yumoon.cn/datails.php?id=6,,官方招聘入口为企业官网自建页面；V1.4 修正轮统一口径,V1.2 标为 active；本轮根页仅返回系统连接测试文本，既有职位详情返回 File not found，降级为 temporarily_unavailable；2026-09-28 复测恢复可访问（此前记录不可访问），页面职位情况待复核,否（V1.4 存量）,
CD0022,22,成都龙渊网络科技有限公司,龙渊网络 / Dragonest,A,https://www.dragonest.com,是,四川省成都市,四川省,成都市,,四川省成都市,confirmed,游戏,,,企业官网|搜索引擎公开检索,校园招聘,https://www.ilongyuan.com.cn/index/campusrecruit.html,official_careers_page,企业官网自建招聘页,企业官网自建招聘页,official_company,是,true,A,是,,not_available,1,active,有效（当前有可见职位）,有效（当前有可见职位）,,direct_job_observed,direct_page_visit,official_active,200,200,,2026-09-26,https://www.dragonest.com/Index/recruit｜https://www.ilongyuan.com.cn/index/campusrecruit.html,复检未抽到职位｜抓取失败：招聘页仅展示福利与办公环境，无职位列表,官方招聘入口为企业官网自建页面；V1.4 修正轮统一口径,保留 active，并将可用招聘入口从只展示福利的 dragonest 招聘页更新为实际显示职位的龙渊中文官网校园招聘页；新增1条真实成都职位样本,否（V1.4 存量）,
CD0023,23,四川科伦博泰生物医药股份有限公司,科伦博泰 Kelun-Biotech（科伦药业控股子公司）,A,https://www.kelun-biotech.com,是,成都市温江区新华大道二段666号,四川省,成都市,温江区,成都市温江区新华大道二段666号,confirmed,生物医药,,,D组-生物医药,企业专属ATS,https://kelunbotai.zhiye.com/campus/,official_ats_third_party_hosted,企业专属官方ATS,官方ATS（第三方托管，如北森zhiye/Moka）,official_ats,是,true,A,是,,not_available,5,active,有效（当前有可见职位）,有效（当前有可见职位）,,direct_job_observed,direct_page_visit,official_active,200,200,,2026-09-26,https://kelunbotai.zhiye.com/campus/?PageIndex=1 | http://kelunbotai.zhiye.com/social/?c=-1&PageIndex=2 | https://www.kelun-biotech.com/contact.aspx?mid=171,已成功抽取 5 条真实职位样本,官方招聘入口为企业专属 ATS（第三方 SaaS 托管，按《官方来源判断规则》属官方）；V1.4 修正轮统一口径,企业专属招聘门户含校园招聘与社会招聘，2026-09 更新，工作地点以四川省成都市为主；官网联系页另提供人才招聘邮箱 klbotai_hr@kelun.com。,否（V1.4 存量）,
CD0024,24,四川科伦药业股份有限公司（成都）,科伦药业（002422）,A,https://www.kelun.com,是,成都市青羊区（集团总部）；成都邛崃、简阳、双流、温江等生产基地,四川省,成都市,青羊区,成都市青羊区（集团总部）；成都邛崃、简阳、双流、温江等生产基地,confirmed,生物医药,,,D组-生物医药,企业专属ATS,https://kelun.zhiye.com/social/,official_ats_third_party_hosted,企业专属官方ATS,官方ATS（第三方托管，如北森zhiye/Moka）,official_ats,是,true,A,是,48,confirmed,4,active,有效（当前有可见职位）,有效（当前有可见职位）,,direct_job_observed,direct_page_visit,official_active,200,200,,2026-09-26,https://www.kelun.com/intro/5.html | https://kelun.zhiye.com/social/?p=3%5E3&PageIndex=4,已成功抽取 4 条真实职位样本,官方招聘入口为企业专属 ATS（第三方 SaaS 托管，按《官方来源判断规则》属官方）；V1.4 修正轮统一口径,官网路径「人力资源 → 招贤纳士」进入企业招聘门户 kelun.zhiye.com；社招列表显示共 48 条记录，含大量四川省成都市岗位；另有微信公众号「科伦药业招聘」。,否（V1.4 存量）,
CD0025,25,成都倍特药业股份有限公司,倍特药业 Brilliant Pharmaceuticals,A,http://www.btyy.com,是,成都市高新区（总部园区）,四川省,成都市,高新区,成都市高新区（总部园区）,confirmed,生物医药,,,D组-生物医药,企业专属ATS,https://btyy.zhiye.com/social/jobs,official_ats_third_party_hosted,企业专属官方ATS,官方ATS（第三方托管，如北森zhiye/Moka）,official_ats,是,true,A,是,,not_available,5,active,有效（当前有可见职位）,有效（当前有可见职位）,,direct_job_observed,direct_page_visit,official_active,200,200,,2026-09-26,https://btyy.zhiye.com/social/jobs | http://www.btyy.com/contents/22/793.html,已成功抽取 5 条真实职位样本,官方招聘入口为企业专属 ATS（第三方 SaaS 托管，按《官方来源判断规则》属官方）；V1.4 修正轮统一口径,官网「职业发展-社会招聘/校园招聘」跳转企业专属招聘门户 btyy.zhiye.com（智联招聘 zhiye 企业招聘系统托管），非公开职位市场页面；岗位工作地点含四川省成都市高新区。,否（V1.4 存量）,
CD0026,26,成都康弘药业集团股份有限公司,康弘药业（002773）,B,https://www.cnkh.com,是,成都市金牛区蜀西路108号,四川省,成都市,金牛区,成都市金牛区蜀西路108号,confirmed,生物医药,,,D组-生物医药,康弘招聘-校园招聘,https://kanghong.zhiye.com/campus/jobs,official_ats_third_party_hosted,企业专属官方ATS,企业专属官方ATS,official_ats,是,true,A,未知,,not_available,0,accessible_no_job,入口可访问但暂无职位,入口可访问但暂无职位,,listing_count_observed,direct_page_visit,unavailable_or_no_job,200,200,,2026-09-26,https://www.cnkh.com｜https://kanghong.zhiye.com/campus/jobs,,官方招聘入口为企业专属 ATS；V1.4 修正轮统一口径,V1.2 标为 active 且入口仅为官网首页；本轮补全官方 ATS URL，但校园招聘页明确显示暂无热招职位、暂无长招职位，降级为 accessible_no_job,否（V1.4 存量）,
CD0027,27,成都欧林生物科技股份有限公司,欧林生物（688319）,A,https://www.olymvax.com,是,成都高新区天欣路99号（另郫都区生产基地）,四川省,成都市,高新区,成都高新区天欣路99号（另郫都区生产基地）,confirmed,生物医药,,,D组-生物医药,官网招聘页,https://www.olymvax.com/talent.aspx?t=24,official_careers_page,企业官网自建招聘页,企业官网自建招聘页,official_company,是,true,A,是,,not_available,5,active,有效（当前有可见职位）,有效（当前有可见职位）,,direct_job_observed,direct_page_visit,official_active,200,200,,2026-09-26,https://www.olymvax.com/talent.aspx?t=24,已成功抽取 5 条真实职位样本,官方招聘入口为企业官网自建页面；V1.4 修正轮统一口径,官网「人力资源 → 招聘岗位」页面列出研发、质量、生产等岗位，工作地点成都/重庆；企业 2026 年在第三方平台另有大量在招岗位可供交叉核对。,否（V1.4 存量）,
CD0028,28,成都海创药业股份有限公司,海创药业 Hinova（688302）,A,https://www.hinovapharma.com,是,成都市高新区科园南路5号蓉药大厦,四川省,成都市,高新区,成都市高新区科园南路5号蓉药大厦,confirmed,生物医药,,,D组-生物医药,官网招聘页,https://www.hinovapharma.com/recruit/index.html,official_careers_page,企业官网自建招聘页,企业官网自建招聘页,official_company,是,true,A,是,,not_available,5,active,有效（当前有可见职位）,有效（当前有可见职位）,,direct_job_observed,direct_page_visit,official_active,200,200,,2026-09-26,https://www.hinovapharma.com/recruit/index.html | https://www.hinovapharma.com/recruit/index_2.html,已成功抽取 5 条真实职位样本,官方招聘入口为企业官网自建页面；V1.4 修正轮统一口径,官网「人才发展 → 职业机会」栏目按岗位分页展示，2026-04 至 2026-08 更新，工作地点均为成都；另有 HR 邮箱 yltang@hinovapharma.com。,否（V1.4 存量）,
CD0029,29,成都迪康药业股份有限公司,迪康药业,A,https://www.dikangyaoye.com,是,成都市高新西区迪康大道一号,四川省,成都市,高新西区,成都市高新西区迪康大道一号,confirmed,生物医药,,,D组-生物医药,官网招聘页,https://www.dikangyaoye.com/shehuizhaopin,official_careers_page,企业官网自建招聘页,企业官网自建招聘页,official_company,是,true,A,是,8,confirmed,5,active,有效（当前有可见职位）,有效（当前有可见职位）,,direct_job_observed,direct_page_visit,official_active,200,200,,2026-09-26,https://www.dikangyaoye.com/shehuizhaopin | https://dikangyaoye.com/Fjob/show?catid=64&job_id=213,已成功抽取 5 条真实职位样本,官方招聘入口为企业官网自建页面；V1.4 修正轮统一口径,官网「人力资源」板块含社会招聘与校园招聘专区，社招页列出约 8 个在招岗位（成都、万州等），岗位更新至 2026-06。,否（V1.4 存量）,
CD0030,30,成都京东方光电科技有限公司,BOE成都;京东方;000725,B,https://m.boe.com/join/index,是,成都市（具体厂区地址本次未在官方页面确认）,四川省,成都市,未确认,成都市（具体厂区地址本次未在官方页面确认）,confirmed,电子信息制造,,,京东方集团官网“加入我们/招聘公告”栏目；第三方蓝领招聘站转载岗位,集团统一招聘,https://m.boe.com/join/index,group_unified_recruitment,集团统一招聘平台,集团统一招聘平台,group_career_site,是,true,A,未知,,unknown,0,needs_manual_review,需人工复核,需人工复核,,source_evidence_only,direct_page_visit,manual_review,200,200,,2026-09-26,https://m.boe.com/join/index｜http://campus.boe.com/,复检未抽到职位｜抓取失败：campus.boe.com与career.boe.com/professionals职位列表均为JS动态渲染，静态页未返回任何职位数据,官方招聘入口为集团统一招聘平台；V1.4 修正轮统一口径,V1.2 入口不变；补充确认官网分流出 campus.boe.com 与 career.boe.com 两个子入口，本次未能筛出成都岗位,否（V1.4 存量）,
CD0031,31,成都国光电气股份有限公司,国光电气;chinaguoguang,B,https://chinaguoguang.com,是,成都市龙泉驿区星光西路117号,四川省,成都市,龙泉驿区,成都市龙泉驿区星光西路117号,confirmed,电子信息制造,,,企业官网“人才招聘-招聘职位”栏目；高校就业网招聘信息；智联招聘,人才招聘-招聘职位,https://chinaguoguang.com/go-c97.htm,official_careers_page,企业官网自建招聘页,企业官网自建招聘页,official_company,是,true,A,未知,,not_available,0,accessible_no_job,入口可访问但暂无职位,入口可访问但暂无职位,,source_evidence_only,direct_page_visit,unavailable_or_no_job,200,200,,2026-09-26,https://chinaguoguang.com/go-c97.htm｜https://chinaguoguang.com/go-a512.htm｜http://chinaguoguang.com/,,官方招聘入口为企业官网自建页面；V1.4 修正轮统一口径,V1.2 标为 active；本轮仅见2023-04-12发布的电真空设计师历史职位，未见当前职位，降级为 accessible_no_job,否（V1.4 存量）,
CD0032,32,成都天马微电子有限公司,天马微电子;深天马A;000050;tianma,B,https://campus.tianma.cn/,否,成都市（具体厂区地址本次未在官方页面确认）,四川省,成都市,未确认,成都市（具体厂区地址本次未在官方页面确认）,confirmed,电子信息制造,,,天马集团官网；天马校招官网 campus.tianma.cn；北森招聘系统 tianma.zhiye.com；国家大学生就业服务平台,集团统一招聘（校招门户）,https://campus.tianma.cn/,group_unified_recruitment,集团统一招聘平台,集团统一招聘平台,group_career_site,是,true,A,未知,,unknown,0,needs_manual_review,需人工复核,需人工复核,,source_evidence_only,direct_page_visit,manual_review,,,,2026-09-26,https://campus.tianma.cn/｜https://app.mokahr.com/campus-recruitment/tianma/170490,,官方招聘入口为集团统一招聘平台；V1.4 修正轮统一口径,V1.2 入口 campus.tianma.cn 本次抓取失败（网络层错误，非 404），补充记录可访问的 Moka 官方校招落地页,否（V1.4 存量）,
CD0033,33,成都旭光电子股份有限公司,旭光电子;600353,B,https://www.xuguang.com.cn,是,四川省成都市新都区新工大道318号,四川省,成都市,新都区,四川省成都市新都区新工大道318号,confirmed,电子信息制造,,,企业官网“人才招聘”栏目；职友集聚合职位；全职招聘网,人才招聘,https://www.xuguang.com.cn/jobL,official_careers_page,企业官网自建招聘页,企业官网自建招聘页,official_company,是,true,A,未知,,not_available,0,accessible_no_job,入口可访问但暂无职位,入口可访问但暂无职位,,source_evidence_only,direct_page_visit,unavailable_or_no_job,200,200,,2026-09-26,https://www.xuguang.com.cn/jobL｜https://www.xuguang.com.cn/job?art_id=212450&menu_id=56190,复检未抽到职位｜抓取失败：人才招聘栏目仅显示公司简介类文章，详情页为未渲染模板，无在招职位,官方招聘入口为企业官网自建页面；V1.4 修正轮统一口径,V1.2 标为 active；本轮人才招聘栏目只显示公司基本情况、简介、组织架构、荣誉和事业部介绍，未见职位，降级为 accessible_no_job,否（V1.4 存量）,
CD0034,34,捷普科技（成都）有限公司,捷普;Jabil;JBL,A,https://careers.jabil.com/,是,"成都市（官方职位页标注 Chengdu, Sichuan, China；具体厂区地址未在本次访问页面确认）",四川省,成都市,未确认,"成都市（官方职位页标注 Chengdu, Sichuan, China；具体厂区地址未在本次访问页面确认）",confirmed,电子信息制造,,,Jabil 全球官网；Jabil 招聘门户 careers.jabil.com / jobs.jabil.com（Chengdu 岗位）；前程无忧企业页,集团统一招聘,https://careers.jabil.com/,group_unified_recruitment,集团统一招聘平台,集团统一招聘平台,group_career_site,是,true,A,是,,not_available,0,active,有效（当前有可见职位）,有效（当前有可见职位）,,direct_job_observed,direct_page_visit,official_active,200,200,,2026-09-26,https://careers.jabil.com/jobs?location=Chengdu｜https://careers.jabil.com/en/jobs/job/j2246555-e-project-engineer-ii-tpm/｜https://careers.jabil.com/en/jobs/job/e-supply-chain-project-manager-scm%E9%A1%B9%E7%9B%AE%E7%BB%8F%E7%90%86-1/,,官方招聘入口为集团统一招聘平台；V1.4 修正轮统一口径,V1.2 入口不变；本次新增 2 条明确工作地=成都的官方职位样本，status 确认为 active；V1.3 复核剔除了 7 条无法确认成都工作地/非官方关联的样本（德州仪器2、捷普2、思爱普2、融资再担保1），本字段按职位池实际行数对齐,否（V1.4 存量）,
CD0035,35,鸿富锦精密电子（成都）有限公司,富士康成都|Foxconn成都|富士康科技集团成都科技园,A,https://www.foxconn.com.cn/,是,成都市郫都区高新西区合作路888号（招募与培训中心：郫都区合作路618号）,四川省,成都市,高新西区,成都市郫都区高新西区合作路888号（招募与培训中心：郫都区合作路618号）,confirmed,电子信息制造,,,企业官网|搜索引擎公开检索,官网招聘页,https://www.51pin.foxconn.com/,official_careers_page,企业官网自建招聘页,企业官网自建招聘页,official_company,是,true,A,是,,not_available,5,active,有效（当前有可见职位）,有效（当前有可见职位）,,direct_job_observed,direct_page_visit,official_active,200,200,,2026-09-26,https://aiqicha.baidu.com/details/ugknowledge?id=aca770927693e15626decc11d0af5e0c | https://aeo.uibe.edu.cn/front/zpxx.jspa?tid=1987777641725378561,已成功抽取 5 条真实职位样本,官方招聘入口为企业官网自建页面；V1.4 修正轮统一口径,富士康官方招募网 51pin.foxconn.com（企业自有招募系统）为官方入口；菁干班校园招聘明确工作地含成都，园区约8万人，主产 iPad/Apple Watch。,否（V1.4 存量）,
CD0036,36,中航（成都）无人机系统股份有限公司,中航无人机 AVIC UAS（688297）,A,https://www.avicuas.com,是,成都市高新西区合作路1199号,四川省,成都市,高新西区,成都市高新西区合作路1199号,confirmed,航空航天,,,D组-航空航天,企业专属ATS,https://avicuas.zhiye.com/,official_ats_third_party_hosted,企业专属官方ATS,官方ATS（第三方托管，如北森zhiye/Moka）,official_ats,是,true,A,是,,not_available,5,active,有效（当前有可见职位）,有效（当前有可见职位）,,direct_job_observed,direct_page_visit,official_active,200,200,,2026-09-26,https://avicuas.zhiye.com/zpdetail/351607548 | https://avicuas.zhiye.com/zpdetail/351605128 | https://www.avicuas.com,已成功抽取 5 条真实职位样本,官方招聘入口为企业专属 ATS（第三方 SaaS 托管，按《官方来源判断规则》属官方）；V1.4 修正轮统一口径,公司自有招聘系统 avicuas.zhiye.com，校招/社招岗位 2026-08 至 2026-09 更新，工作地点四川省成都市；官网 www.avicuas.com 为集团内企业门户。,否（V1.4 存量）,
CD0037,37,成都爱乐达航空设备制造股份有限公司,爱乐达（300696）,A,https://www.cdald.com,是,成都高新西区天勤路/安泰二路/康强四路及新都航空产业园,四川省,成都市,高新西区,成都高新西区天勤路/安泰二路/康强四路及新都航空产业园,confirmed,航空航天,,,D组-航空航天,官网招聘页,https://www.cdald.com/hr-culture.aspx?t=14,official_careers_page,企业官网自建招聘页,企业官网自建招聘页,official_company,是,true,A,是,,not_available,1,active,有效（当前有可见职位）,有效（当前有可见职位）,,direct_job_observed,direct_page_visit,official_active,200,200,,2026-09-26,https://www.cdald.com/hr-culture.aspx?t=14 | https://www.cdald.com,已成功抽取 1 条真实职位样本,官方招聘入口为企业官网自建页面；V1.4 修正轮统一口径,官网设「Join us 加入我们」栏目（招贤礼士/人才理念与招聘联系方式），岗位地点成都高新西区与新都；在招岗位数量与更新时间需人工核实。,否（V1.4 存量）,
CD0038,38,北京三快在线科技有限公司成都分公司,美团成都|美团点评成都,A,https://www.meituan.com/,是,成都市,四川省,成都市,,成都市,confirmed,软件与互联网服务,,,企业官网|搜索引擎公开检索,集团招聘平台,https://zhaopin.meituan.com/,group_unified_recruitment,集团统一招聘平台,集团统一招聘平台,group_career_site,是,true,A,是,,not_available,5,active,有效（当前有可见职位）,有效（当前有可见职位）,,direct_job_observed,direct_page_visit,official_active,200,200,,2026-09-26,https://zhaopin.meituan.com/web/social?cityList=001027001 | https://career.meituan.com/web/social | http://hr.meituan.com/,已成功抽取 5 条真实职位样本,官方招聘入口为集团统一招聘平台；V1.4 修正轮统一口径,集团统一招聘，可按城市筛选成都；社招列表检索到工作地含成都市的岗位（安全事务经理、小象超市品控等，更新至2026-09-10）。校招另有 campus.meituan.com 北斗计划。,否（V1.4 存量）,
CD0039,39,北京京东世纪贸易有限公司成都分公司,京东成都|京东成都研究院,B,https://zhaopin.jd.com/,是,成都市（具体办公地址本次未在官方页面确认）,四川省,成都市,未确认,成都市（具体办公地址本次未在官方页面确认）,confirmed,软件与互联网服务,,,企业官网|搜索引擎公开检索,集团统一招聘,https://zhaopin.jd.com/,group_unified_recruitment,集团统一招聘平台,集团统一招聘平台,group_career_site,是,true,A,否,,unknown,0,needs_manual_review,需人工复核,需人工复核,,listing_count_observed,direct_page_visit,manual_review,200,200,,2026-09-26,https://zhaopin.jd.com/,复检未抽到职位｜抓取失败：首页热招职位无成都岗位；按城市筛选的职位列表页强制跳转京东passport登录，未登录无法获取成都职位数据,官方招聘入口为集团统一招聘平台；V1.4 修正轮统一口径,V1.2 入口不变；本次首页热招列表未见成都岗位，has_chengdu_jobs 记为 false（非入口失效）,否（V1.4 存量）,
CD0040,40,北京字节跳动科技有限公司成都分公司,字节跳动成都|抖音集团成都|成都字节跳动科技有限公司,A,https://www.bytedance.com/,是,成都市武侯区桂溪广场/OCG国际中心A座；天府新区正兴街道顺圣路178号（成都字节跳动科技有限公司注册地）,四川省,成都市,天府新区,成都市武侯区桂溪广场/OCG国际中心A座；天府新区正兴街道顺圣路178号（成都字节跳动科技有限公司注册地）,confirmed,软件与互联网服务,,,企业官网|搜索引擎公开检索,集团招聘平台,https://jobs.bytedance.com/,group_unified_recruitment,集团统一招聘平台,集团统一招聘平台,group_career_site,是,true,A,是,,not_available,5,active,有效（当前有可见职位）,有效（当前有可见职位）,,direct_job_observed,direct_page_visit,official_active,200,200,,2026-09-26,https://jobs.bytedance.com/campus/position/7665291531588258053/detail | https://jobs.bytedance.com/en/,已成功抽取 5 条真实职位样本,官方招聘入口为集团统一招聘平台；V1.4 修正轮统一口径,集团统一招聘，可在城市筛选成都。检索到标注「成都」的2027届校招职位（内容质量与数据服务平台）。成都招聘主体多为北京抖音信息服务有限公司，另有成都字节跳动科技有限公司、成都不亦说乎科技有限公司。,否（V1.4 存量）,
CD0041,41,四川久远银海软件股份有限公司,久远银海|Yinhai|002777,B,https://www.yinhai.com/,是,成都高新区科园一路3号；成都市锦江区三色路163号银海芯座,四川省,成都市,高新区,成都高新区科园一路3号；成都市锦江区三色路163号银海芯座,confirmed,软件与互联网服务,,,企业官网|上市公司名单|搜索引擎公开检索,英才计划,https://www.yinhai.com/pc/ycjh_1702523841087/index.html,official_careers_page,企业官网自建招聘页,企业官网自建招聘页,official_company,是,true,A,未知,,not_available,0,active,有效（当前有可见职位）,有效（当前有可见职位）,,direct_job_observed,direct_page_visit,official_active,200,200,,2026-09-26,https://www.yinhai.com/pc/jrwm_1702523391000/index.html｜https://www.yinhai.com/pc/ycjh_1702523841087/index.html,复检未抽到职位｜抓取失败：加入我们页仅展示福利与文化内容，无职位列表,官方招聘入口为企业官网自建页面；V1.4 修正轮统一口径,保留 active；从仅有福利文化的加入我们页找到实际可访问的英才计划页，确认3类招聘岗位，但因地点未明示成都不生成成都职位样本,否（V1.4 存量）,
CD0042,42,思爱普（中国）有限公司成都分公司,SAP成都|SAP中国研究院成都|思爱普成都,A,https://jobs.sap.com/,是,"成都市（官方职位页标注 Chengdu, CN, 610041）",四川省,成都市,未确认,"成都市（官方职位页标注 Chengdu, CN, 610041）",confirmed,软件与互联网服务,,,企业官网|搜索引擎公开检索,集团统一招聘,https://jobs.sap.com/,group_unified_recruitment,集团统一招聘平台,集团统一招聘平台,group_career_site,是,true,A,是,,not_available,0,active,有效（当前有可见职位）,有效（当前有可见职位）,,direct_job_observed,direct_page_visit,official_active,200,200,,2026-09-26,https://jobs.sap.com/search/?q=SAP+company+SAP+jobs&scrollToTable=true&sortColumn=sort_title&sortDirection=desc&startrow=125｜https://jobs.sap.com/?locale=zh_CN,,官方招聘入口为集团统一招聘平台；V1.4 修正轮统一口径,V1.2 入口不变；本次在官方职位搜索页确认到 2 条成都岗位，has_chengdu_jobs 记为 true，status 由待核验改为 active；V1.3 复核剔除了 7 条无法确认成都工作地/非官方关联的样本（德州仪器2、捷普2、思爱普2、融资再担保1），本字段按职位池实际行数对齐,否（V1.4 存量）,
CD0043,43,成都云智天下科技股份有限公司,云智天下,A,https://yunzhicloud.com,是,四川省成都市高新区盛通街16号86栋,四川省,成都市,高新区,四川省成都市高新区盛通街16号86栋,confirmed,软件与互联网服务,,,企业官网|产业园区名单|搜索引擎公开检索,官网招聘页,https://yunzhicloud.com/web-aboutyz/joinus/hiring,official_careers_page,企业官网自建招聘页,企业官网自建招聘页,official_company,是,true,A,是,,not_available,3,active,有效（当前有可见职位）,有效（当前有可见职位）,,direct_job_observed,direct_page_visit,official_active,200,200,,2026-09-26,https://yunzhicloud.com/web-aboutyz/joinus/hiring | https://m.jobui.com/company/16293502/ | https://www.yupao.com/qiye/1852191476289884182.html,已成功抽取 3 条真实职位样本,官方招聘入口为企业官网自建页面；V1.4 修正轮统一口径,原清单“成都可可兰/联汇科技”不确定，按指示替换为天府软件园片区的成都云智天下科技股份有限公司。官网设“人才招聘”页（joinus/hiring），列出商务经理、高级产品经理、解决方案工程师等成都岗位。,否（V1.4 存量）,
CD0044,44,滴滴出行科技有限公司成都分公司,滴滴成都|DiDi Chengdu,B,https://talent.didiglobal.com/,是,成都市（具体办公地址本次未在官方页面确认）,四川省,成都市,未确认,成都市（具体办公地址本次未在官方页面确认）,confirmed,软件与互联网服务,,,企业官网|搜索引擎公开检索,集团统一招聘,https://talent.didiglobal.com/,group_unified_recruitment,集团统一招聘平台,集团统一招聘平台,group_career_site,是,true,A,否,,unknown,0,needs_manual_review,需人工复核,需人工复核,,listing_count_observed,direct_page_visit,manual_review,200,200,,2026-09-26,https://talent.didiglobal.com/｜https://talent.didiglobal.com/social,复检未抽到职位｜抓取失败：社招列表页可访问但返回的岗位均在北京市/杭州市/广州市/台州市/金华市，未见成都职位；页面无城市筛选静态URL,官方招聘入口为集团统一招聘平台；V1.4 修正轮统一口径,V1.2 入口不变；本次社招列表页未见成都岗位，has_chengdu_jobs 记为 false（非入口失效）,否（V1.4 存量）,
CD0045,45,腾讯科技（成都）有限公司,腾讯成都|腾讯成都分公司|天美工作室群成都,A,https://careers.tencent.com/,是,成都市（官网城市页标注工作地「成都」；具体园区地址未确认）,四川省,成都市,未确认,成都市（官网城市页标注工作地「成都」；具体园区地址未确认）,confirmed,软件与互联网服务,,,企业官网|搜索引擎公开检索,集团统一招聘,https://careers.tencent.com/,group_unified_recruitment,集团统一招聘平台,集团统一招聘平台,group_career_site,是,true,A,是,,not_available,7,active,有效（当前有可见职位）,有效（当前有可见职位）,,direct_job_observed,direct_page_visit,official_active,200,200,,2026-09-26,https://careers.tencent.com/cityinfo.html?city=8｜https://careers.tencent.com/jobdesc.html?postId=2082418129375506432｜https://careers.tencent.com/,复检未抽到职位｜抓取失败：搜索页为JS动态渲染，keywords/city参数均无效，两次请求均返回同一默认列表（深圳/北京/上海/中国香港），未见任何成都职位,官方招聘入口为集团统一招聘平台；V1.4 修正轮统一口径,V1.2 入口不变；本次确认官网可明确筛出成都岗位并采集 7 条样本，status 确认为 active，has_chengdu_jobs=true,否（V1.4 存量）,
CD0046,46,阿里巴巴（中国）有限公司成都分公司,阿里成都|蚂蚁集团成都|阿里云成都,A,https://campus-talent.alibaba.com/,是,成都市（官方校招职位列表工作地点字段含成都）,四川省,成都市,未确认,成都市（官方校招职位列表工作地点字段含成都）,confirmed,软件与互联网服务,,,企业官网|搜索引擎公开检索,集团统一招聘（校招官网）,https://campus-talent.alibaba.com/,group_unified_recruitment,集团统一招聘平台,集团统一招聘平台,group_career_site,是,true,A,是,,not_available,1,active,有效（当前有可见职位）,有效（当前有可见职位）,,direct_job_observed,direct_page_visit,official_active,200,200,,2026-09-26,https://campus-talent.alibaba.com/campus/position-list?campusType=freshman｜https://campus-talent.alibaba.com/campus/position/199907640056?deptCodes=,,官方招聘入口为集团统一招聘平台；V1.4 修正轮统一口径,V1.2 入口不变；本次在校招职位列表页确认到含成都的岗位，has_chengdu_jobs 记为 true，status 确认为 active,否（V1.4 存量）,
CD0047,47,中兴通讯股份有限公司成都分公司,中兴成都|ZTE成都|中兴通讯成都研发中心,B,http://job.zte.com.cn/,是,成都市（官网培训基地介绍提及成都；具体办公地址未确认）,四川省,成都市,未确认,成都市（官网培训基地介绍提及成都；具体办公地址未确认）,confirmed,通信与网络设备,,,企业官网|搜索引擎公开检索,集团统一招聘,http://job.zte.com.cn/,group_unified_recruitment,集团统一招聘平台,集团统一招聘平台,group_career_site,是,true,A,未知,,unknown,0,needs_manual_review,需人工复核,需人工复核,,source_evidence_only,direct_page_visit,manual_review,200,200,,2026-09-26,http://job.zte.com.cn/｜https://app.mokahr.com/campus-recruitment/zte/46903#/jobs?project=100022014&zhineng=72363&page=1&keyword=&anchorName=jobsList,复检未抽到职位｜抓取失败：官网仅展示职位族名称（软件开发工程师、客户经理等）及跳转链接，具体岗位、城市、发布日期均在Moka系统内JS动态渲染，静态页无在招职位明细,官方招聘入口为集团统一招聘平台；V1.4 修正轮统一口径,V1.2 入口不变；本次可访问官方招聘首页并确认其分流至 Moka（app.mokahr.com/campus-recruitment/zte/46903、social-recruitment/zte/47588），但未取得成都岗位,否（V1.4 存量）,
CD0048,48,华为技术有限公司成都研究所,华为成都研究所|华为成研所|华为成都,A,https://career.huawei.com/,是,成都市（官方职位详情页工作地点字段写「成都」）,四川省,成都市,未确认,成都市（官方职位详情页工作地点字段写「成都」）,confirmed,通信与网络设备,,,企业官网|搜索引擎公开检索,集团统一招聘,https://career.huawei.com/,group_unified_recruitment,集团统一招聘平台,集团统一招聘平台,group_career_site,是,true,A,是,,not_available,1,active,有效（当前有可见职位）,有效（当前有可见职位）,,direct_job_observed,direct_page_visit,official_active,200,200,,2026-09-26,https://career.huawei.com/cn/job-details?advertisementId=41276｜https://career.huawei.com/｜https://career.huawei.com/reccampportal/portal5/social-recruitment.html,复检未抽到职位｜抓取失败：原portal5搜索页返回404；社招/首页均为品牌宣传页，职位检索需登录且由JS动态渲染，未返回任何职位列表,官方招聘入口为集团统一招聘平台；V1.4 修正轮统一口径,V1.2 入口不变；本次确认到 1 条明确工作地=成都的官方职位，has_chengdu_jobs 记为 true，status 确认为 active,否（V1.4 存量）,
CD0049,49,成都优博创通信技术股份有限公司,优博创;Superxon;831400,A,https://www.superxon.cn,是,成都市双流区邵家街666号（总部曾登记于成都高新区天府软件园）,四川省,成都市,高新区,成都市双流区邵家街666号（总部曾登记于成都高新区天府软件园）,confirmed,通信与网络设备,,,企业官网“加入我们”栏目；前程无忧企业页；智联/猎聘职位,官网招聘页,https://www.superxon.cn/jrwm,official_careers_page,企业官网自建招聘页,企业官网自建招聘页,official_company,是,true,A,是,3,confirmed,3,active,有效（当前有可见职位）,有效（当前有可见职位）,,direct_job_observed,direct_page_visit,official_active,200,200,,2026-09-26,https://www.superxon.cn/jrwm | https://jobs.51job.com/renshijingli/co2129357.html,已成功抽取 3 条真实职位样本,官方招聘入口为企业官网自建页面；V1.4 修正轮统一口径,官网“加入我们”栏目列出成都双流岗位（数通光模块硬件总监、光模块硬件工程师、国际营销总监等），投递邮箱 hr@superxon.com；前程无忧企业页另有在招职位22个（第三方，不计入官方来源）。,否（V1.4 存量）,
CD0050,50,成都华日通讯技术股份有限公司,华日通讯;cdhuari;华日,A,https://cdhuari.com,是,四川省成都市武侯区武兴四路130号,四川省,成都市,武侯区,四川省成都市武侯区武兴四路130号,confirmed,通信与网络设备,,,企业官网“招贤纳士”栏目；猎聘企业页,官网招聘页,http://www.cdhuari.com/job-detail.html?id=10022,official_careers_page,企业官网自建招聘页,企业官网自建招聘页,official_company,是,true,A,是,,not_available,1,active,有效（当前有可见职位）,有效（当前有可见职位）,,direct_job_observed,direct_page_visit,official_active,200,200,,2026-09-26,https://cdhuari.com | http://www.cdhuari.com/job-detail.html?id=10022 | https://m.liepin.com/company/7975385/,已成功抽取 1 条真实职位样本,官方招聘入口为企业官网自建页面；V1.4 修正轮统一口径,替换：原清单第24项“成都威频科技”不确定，改用成都华日通讯。官网设“招贤纳士”栏目（/job-detail.html 岗位详情），工作地成都；简历投递邮箱 hrpersonnel@cdhuari.com。,否（V1.4 存量）,
CD0051,51,成都天锐星通科技股份有限公司,天锐星通 / T-RAY,C,http://t-ray.net,是,四川省成都市高新区府城大道西段399号10栋21层,四川省,成都市,高新区,四川省成都市高新区府城大道西段399号10栋21层,confirmed,通信与网络设备,,,企业官网|搜索引擎公开检索,微信招聘,,not_found,未找到,未找到,unknown,否,false,C,未知,,unknown,0,not_found,未找到官方招聘入口,未找到官方招聘入口,,manual_review_required,direct_page_visit,unavailable_or_no_job,200,,,2026-09-26,http://t-ray.net｜https://jy.scu.edu.cn/index/index/employjobdetail.html?data=MDAwMDAwMDAwMJG6n3_Ed6imi4qQtLh4Y9-K0NSyyWHddricp9CWi5qikaeWacSdqLqGfaK2w4iil5C4zNbGiL-E｜https://jy.scu.edu.cn/index/index/employjobdetail.html?data=MDAwMDAwMDAwMJG6n3_Ed6imi4qQtLh4Y9-K0NSqspzddricp9CWi5qikaeWacSdqLqGfaK2w4iil5C4zNbGiL-E,,官网未验证且无官方入口；V1.4 修正轮统一口径,V1.2 标为 active 且仅写微信公众号招聘、入口 URL 为空；本轮未找到可公开访问的企业招聘入口，降级为 not_found,否（V1.4 存量）,
CD0052,52,成都新易盛通信科技股份有限公司,新易盛;Eoptolink;300502;成都新易盛通信技术股份有限公司,A,https://www.eoptolink.com/about-us/careers,是,成都市双流区（官方 ATS 职位列表工作地点写「四川省·成都市·双流区」）,四川省,成都市,双流区,成都市双流区（官方 ATS 职位列表工作地点写「四川省·成都市·双流区」）,confirmed,通信与网络设备,,,企业官网 eoptolink.com（Careers 栏目）；哈工大/吉林大学就业网2027届校招公告；企业专属北森校招系统 eoptolink.zhiye.com,企业专属官方ATS（北森 zhiye）,https://eoptolink.zhiye.com/campus/jobs,official_ats_third_party_hosted,企业专属官方ATS,企业专属官方ATS,official_ats,是,true,A,是,,not_available,8,active,有效（当前有可见职位）,有效（当前有可见职位）,,direct_job_observed,direct_page_visit,official_active,200,200,,2026-09-26,https://eoptolink.zhiye.com/campus/jobs｜https://www.eoptolink.com/about-us/careers,复检未抽到职位｜抓取失败：官网careers页仅按Engineering/Marketing/Operations分类给出通用任职条件，明确提示无具体在招职位；eoptolink.zhiye.com/campus职位列表为JS渲染，静态页无数据,官方招聘入口为企业专属 ATS；V1.4 修正轮统一口径,V1.2 入口为英文官网 careers 页（无具体职位）；本次定位到实际官方 ATS 校招列表 eoptolink.zhiye.com/campus/jobs，可明确筛出成都双流区岗位，采集 8 条样本，status 确认为 active,否（V1.4 存量）,
CD0053,53,中软国际科技服务有限公司成都分公司,中软国际成都|Chinasoft International成都|中软国际科技成都,B,https://www.chinasofti.com/,是,成都市（本次未在官方页面确认到具体办公地址）,四川省,成都市,未确认,成都市（本次未在官方页面确认到具体办公地址）,confirmed,IT服务与外包,,,企业官网|上市公司名单|搜索引擎公开检索,中软国际招聘系统（企业自有域名社招站）,http://zhaopin.chinasoftinc.com,official_careers_page,企业官网自建招聘页,企业官网自建招聘页,official_company,是,true,A,否,,unknown,0,needs_manual_review,需人工复核,需人工复核,,source_evidence_only,direct_page_visit,manual_review,200,200,,2026-09-26,http://zhaopin.chinasoftinc.com｜https://www.chinasofti.com/joinUs/index.htm｜https://jobcareer.sdu.edu.cn/eweb/jygl/index.so?modcode=jygl_zpxxck&subsyscode=zpfw&rklx=jyw&lmxhV=0402&type=ssoZxzpView&id=TmdmfhF9QSzCpcM5iZCHDN,,官方招聘入口为企业官网自建页面；V1.4 修正轮统一口径,"降级+换入口：V1.2 入口 https://www.chinasofti.com/joinUs/index.htm 本次访问返回 404（已失效），改录企业自有域名招聘系统 http://zhaopin.chinasoftinc.com（official_company）；该系统为纯前端 JS 渲染（静态抓取显示 ""We're sorry but rs-protal doesn't work properly without JavaScript enabled"" + Network Error），未能确认成都职位，故 has_chengdu_jobs 记 false 且状态维持 needs_manual_review（非招聘关闭）",否（V1.4 存量）,
CD0054,54,成都博彦软件技术有限公司,博彦科技成都|Beyondsoft成都|博彦科技成都研发中心,B,https://www.beyondsoft.com/,是,成都市高新区天府软件园C区12号楼19层（成都高新区盛华南路403号）,四川省,成都市,高新区,成都市高新区天府软件园C区12号楼19层（成都高新区盛华南路403号）,confirmed,IT服务与外包,,,企业官网|上市公司名单|搜索引擎公开检索,官网招聘页,https://www.beyondsoft.com/joinus/employ-enroll.html,official_careers_page,企业官网自建招聘页,企业官网自建招聘页,official_company,是,true,A,未知,,unknown,0,needs_manual_review,需人工复核,需人工复核,,manual_review_required,direct_page_visit|manual_review,manual_review,200,200,,2026-09-26,https://www.beyondsoft.com/joinus/employ-enroll.html,,官方招聘入口为企业官网自建页面；V1.4 修正轮统一口径,博彦科技官网「加入我们-校园招聘」页列出成都研发中心及西部地区校招联系方式（campus-xa@beyondsoft.com），但为静态报名说明页，无在线职位库，未能确认当前成都职位数。,否（V1.4 存量）,
CD0055,55,软通动力信息技术（集团）股份有限公司成都分公司,软通动力成都|iSoftStone成都|软通动力信息技术集团成都科技有限公司,B,https://www.isoftstone.com/,是,成都市,四川省,成都市,,成都市,confirmed,IT服务与外包,,,企业官网|搜索引擎公开检索,官网招聘页,https://www.isoftstone.com/zh-cn/htmls/campusRecruitment/index.html,official_careers_page,企业官网自建招聘页,企业官网自建招聘页,official_company,是,true,A,未知,,unknown,0,needs_manual_review,需人工复核,需人工复核,,manual_review_required,direct_page_visit|manual_review,manual_review,200,200,,2026-09-26,https://www.isoftstone.com/zh-cn/htmls/campusRecruitment/index.html | http://istudy.isoftstone.com/,,官方招聘入口为企业官网自建页面；V1.4 修正轮统一口径,官网校园招聘专栏（含27届在招职位列表）与社招入口，校招网申站 istudy.isoftstone.com；校招简章工作地含成都，但当前列表页未直接确认成都职位数。,否（V1.4 存量）,
CD0056,56,云从科技（成都）,CloudWalk / 云从科技成都,B,https://www.cloudwalk.com,是,四川省成都市双流区天府菁蓉中心D区B5号楼,四川省,成都市,双流区,四川省成都市双流区天府菁蓉中心D区B5号楼,confirmed,人工智能与大数据,,,上市公司名单|企业官网|搜索引擎公开检索,官网招聘页,http://jobs.cloudwalk.com/,official_careers_page,企业官网自建招聘页,企业官网自建招聘页,official_company,是,true,A,未知,,unknown,0,needs_manual_review,需人工复核,需人工复核,,manual_review_required,direct_page_visit|manual_review,manual_review,200,302,,2026-09-26,https://www.cloudwalk.com/Join | http://jobs.cloudwalk.com/ | https://m.liepin.com/job/1946531013.shtml,,官方招聘入口为企业官网自建页面；V1.4 修正轮统一口径,集团官网“加入我们”（cloudwalk.com/Join）指向自建社招站 jobs.cloudwalk.com（云南从自有域名托管）。本次可见社招岗位集中在上海/广州/北京/衡阳等，未列出成都；成都双流岗位仅见于第三方平台（猎聘/BOSS）。成都岗位是否仍开放需人工复核。,否（V1.4 存量）,
CD0057,57,成都振芯科技股份有限公司,振芯科技;corpro;300101,B,http://www.corpro.cn,是,四川省成都市高新区（新川创新基地智能产业园，原益州大道办公区）,四川省,成都市,高新区,四川省成都市高新区（新川创新基地智能产业园，原益州大道办公区）,confirmed,半导体与集成电路,,,企业官网（首页含校园招聘入口）；2027届秋招公告（第三方校招资讯站转载，注明来源为官网）,官网招聘页,http://www.corpro.cn/,official_careers_page,企业官网自建招聘页,企业官网自建招聘页,official_company,是,true,A,是,,unknown,0,temporarily_unavailable,入口暂时不可访问,需人工复核,,temporarily_unavailable,direct_page_visit,unavailable_or_no_job,200,200,,2026-09-26,http://www.corpro.cn/ | https://www.upcv.tech/xiaozhao/cmto6nqnr00xzm9th9hnroiml.html | https://miaoruzhi.com/recruitment/dab82dde-0417-4c56-90fb-60c7b4830c0d,复检失败｜抓取失败：官网请求失败（fetch failed，站点不可达）,官方招聘入口为企业官网自建页面；V1.4 修正轮统一口径,官网首页含“校园招聘”栏目；27届秋招岗位（模拟/数字IC、版图、AI算法、FPGA等）以成都为主、部分北京。具体网申链接需人工在官网核实。；2026-09-28 复测恢复可访问（此前记录不可访问），页面职位情况待复核,否（V1.4 存量）,
CD0058,58,成都海威华芯科技有限公司,海威华芯;HiWafer,B,http://hiwafer.com,是,中国（四川）自由贸易试验区成都市双流区西南航空港经济开发区物联大道88号,四川省,成都市,双流区,中国（四川）自由贸易试验区成都市双流区西南航空港经济开发区物联大道88号,confirmed,半导体与集成电路,,,企业官网（公司新闻栏目发布公开招聘公告）；智联招聘企业页；成都人才网,官网招聘页,http://hiwafer.com/company-news/184.html,official_careers_page,企业官网自建招聘页,企业官网自建招聘页,official_company,是,true,A,是,,not_available,0,accessible_no_job,入口可访问但暂无职位,入口可访问但暂无职位,,listing_count_observed,direct_page_visit,unavailable_or_no_job,200,200,,2026-09-26,http://hiwafer.com | http://hiwafer.com/company-news/184.html | https://m.zhaopin.com/company/jobs-CZ375646680/,,官方招聘入口为企业官网自建页面；V1.4 修正轮统一口径,官网仅在“公司新闻”发布公开招聘公告（总经理、董事长助理遴选），未见常规社招职位列表；日常社招岗位主要经智联招聘发布（第三方，非官方ATS），需人工复核。,否（V1.4 存量）,
CD0059,59,成都可可豆动画影视有限公司,可可豆动画 / 饺克力动画,B,http://cocoaniworks.net,是,四川省成都市高新区盛通街16号58、59栋,四川省,成都市,高新区,四川省成都市高新区盛通街16号58、59栋,confirmed,数字内容,,,企业官网|搜索引擎公开检索,官网招聘页,http://cocoaniworks.net/?p=6,official_careers_page,企业官网自建招聘页,企业官网自建招聘页,official_company,是,true,A,是,,unknown,0,temporarily_unavailable,入口暂时不可访问,需人工复核,,temporarily_unavailable,direct_page_visit,unavailable_or_no_job,200,200,,2026-09-26,http://cocoaniworks.net/?p=6 | http://cocoaniworks.net/en/?page_id=6 | https://aiqicha.baidu.com/details/ugknowledge?id=6bb3282b710d82f4a31e736f6ff9df36,复检失败｜抓取失败：招聘页请求失败（fetch failed，站点不可达）,官方招聘入口为企业官网自建页面；V1.4 修正轮统一口径,官网设“加入我们”页（含中英文版），列出 PM、AIGC应用工程师、资深2D美术、VFX 等成都岗位；另有域名 cococartoon.com 指向同一招聘入口。；2026-09-28 复测恢复可访问（此前记录不可访问），页面职位情况待复核,否（V1.4 存量）,
CD0060,60,成都索贝数码科技股份有限公司,索贝数码|Sobey|索贝,B,https://www.sobey.com,是,四川省成都市高新区新园南二路2号（总部）,四川省,成都市,高新区,四川省成都市高新区新园南二路2号（总部）,confirmed,数字内容,,,企业官网|搜索引擎公开检索,索贝招聘官网（智联 zhiye 托管的企业专属门户）,https://sobey.zhiye.com,official_ats_third_party_hosted,企业专属官方ATS,企业专属官方ATS,official_ats,是,true,A,否,,not_available,0,accessible_no_job,入口可访问但暂无职位,入口可访问但暂无职位,,source_evidence_only,direct_page_visit,unavailable_or_no_job,200,200,,2026-09-26,https://sobey.zhiye.com｜https://www.sobey.com｜https://jy.scu.edu.cn/index/index/employjobdetail.html?data=MDAwMDAwMDAwMJG6n3_Ed6imi4qQtbR4iZuKuLa6yGHRp7ugzc-GnZ2skMx9ZMN4gtKLipCwxKF0lZC5sq-0gqJv,,官方招聘入口为企业专属 ATS；V1.4 修正轮统一口径,升级：V1.2 为 not_found（未找到任何招聘入口），本轮通过高校就业网（jy.scu.edu.cn）披露确认企业专属 ATS 门户 https://sobey.zhiye.com，source_type 由 not_found 升级为 official_ats_third_party_hosted / official_ats；但该门户当前显示「企业已暂停招聘」、未见任何在招职位，故 status 记 accessible_no_job（非招聘永久关闭）,否（V1.4 存量）,
CD0062,62,天齐锂业股份有限公司,天齐锂业 Tianqi Lithium（002466/9696.HK，总部成都）,B,https://www.tianqilithium.com,是,成都市（公司总部）,四川省,成都市,,成都市（公司总部）,confirmed,新能源,,,D组-新能源,企业专属ATS,https://tianqilithium.zhiye.com,official_ats_third_party_hosted,企业专属官方ATS,官方ATS（第三方托管，如北森zhiye/Moka）,official_ats,是,true,A,是,,not_available,0,accessible_no_job,入口可访问但暂无职位,入口可访问但暂无职位,,source_evidence_only,direct_page_visit,unavailable_or_no_job,200,200,,2026-09-26,https://tianqilithium.zhiye.com | https://career.csu.edu.cn/campus/view/id/557842 | https://www.yeyahui.com/archives/91162.html,复检失败｜抓取失败：招聘站点根域及/social、/social/jobs均返回 Not Found，招聘系统疑似已下线,官方招聘入口为企业专属 ATS（第三方 SaaS 托管，按《官方来源判断规则》属官方）；V1.4 修正轮统一口径,校招公告称「官方指定唯一网申入口」为 tianqilithium.zhiye.com（智联招聘 zhiye 企业招聘系统托管的企业专属门户）；公司总部位于成都，岗位含成都职能/研发岗。,否（V1.4 存量）,
CD0064,64,成都大宏立机器股份有限公司,大宏立（300865）,B,http://www.dhljqgroup.com,是,成都市大邑县晋原镇工业大道128号（经济开发区）,四川省,成都市,大邑县,成都市大邑县晋原镇工业大道128号（经济开发区）,confirmed,智能制造与装备,,,D组-智能制造与装备,官网招聘页,http://www.dhljqgroup.com/job/150.html,official_careers_page,企业官网自建招聘页,企业官网自建招聘页,official_company,是,true,A,是,,not_available,0,accessible_no_job,入口可访问但暂无职位,入口可访问但暂无职位,,listing_count_observed,direct_page_visit,unavailable_or_no_job,403,403,,2026-09-26,http://www.dhljqgroup.com/job/150.html | https://www.dayizp.cn/company/5289,,官方招聘入口为企业官网自建页面；V1.4 修正轮统一口径,官网「联系我们 → 人才招聘」栏目可访问，但岗位信息更新至 2021 年，未见有效在招职位；当前招聘主要经地方/第三方招聘网站，需人工确认官网招聘页是否维护。；2026-09-28 复测入口异常（403）,否（V1.4 存量）,
CD0065,65,成都完美世界软件有限公司,完美世界成都,B,https://www.wanmei.com,是,四川省成都市（完美世界成都研发/办公点）,四川省,成都市,,四川省成都市（完美世界成都研发/办公点）,confirmed,游戏,,,企业官网|搜索引擎公开检索,集团招聘平台,https://recruit.games.wanmei.com/,group_unified_recruitment,集团统一招聘平台,集团统一招聘平台,group_career_site,是,true,A,是,,not_available,0,accessible_no_job,入口可访问但暂无职位,入口可访问但暂无职位,,source_evidence_only,direct_page_visit,unavailable_or_no_job,200,200,,2026-09-26,https://recruit.games.wanmei.com/ | https://jy.cuc.edu.cn/frontpage/cuc/html/recruitmentinfoForm.html | https://career.hit.edu.cn/zhxy-xszyfzpt/zpxx/zczphxq,复检失败｜抓取失败：招聘站点提示“当前网页已关停”,官方招聘入口为集团统一招聘平台；V1.4 修正轮统一口径,成都为完美世界岗位常设工作地之一（北京、上海、苏州、成都）。招聘走集团统一校招官网 recruit.games.wanmei.com 与“完美世界招聘”微信公众号。,否（V1.4 存量）,
CD0066,66,成都先导药物开发股份有限公司,HitGen 先导药物,B,https://www.hitgen.com,是,成都市双流区天府国际生物城（另设高新区天府生命科技园研发基地）,四川省,成都市,高新区,成都市双流区天府国际生物城（另设高新区天府生命科技园研发基地）,confirmed,生物医药,,,D组-生物医药,官网招聘页,https://www.hitgen.com,official_careers_page,企业官网自建招聘页,企业官网自建招聘页,official_company,是,true,A,是,,unknown,0,temporarily_unavailable,入口暂时不可访问,入口暂时不可访问,,temporarily_unavailable,direct_page_visit,unavailable_or_no_job,503,503,,2026-09-26,https://jy.scu.edu.cn/index/index/jobfaircorporationinfo.html?data=MDAwMDAwMDAwMJG6n3_Ed6imi4qQtLh4iZiKk7amyGHRp7ugzc-GnZ2skMx9ZMN4gtKLipCwxKF0lZC5sq-0gqJv | https://jobcareer.sdu.edu.cn/eweb/jygl/index.so?modcode=jygl_zpxxck&subsyscode=zpfw&rklx=jyw&lmxhV=0402&type=ssoZxzpView&id=8QthEFLegoUNPDYFyRCK2Q,复检失败｜抓取失败：官网首页及/careers均返回 HTTP 503 Service Unavailable,官方招聘入口为企业官网自建页面；V1.4 修正轮统一口径,高校就业网招聘简章明确投递路径为「官网 https://www.hitgen.com → 加入我们 → 职位信息」，另有校招邮箱 campus@hitgen.com；本次核验时官网首页返回 503，招聘子页 URL 需人工补全。,否（V1.4 存量）,
CD0067,67,成都圣诺生物制药股份有限公司,圣诺生物（688117，母公司：成都圣诺生物科技股份有限公司）,B,https://www.snbiopharm.com,是,成都市大邑县青霞街道雪山大道一段258号,四川省,成都市,大邑县,成都市大邑县青霞街道雪山大道一段258号,confirmed,生物医药,,,D组-生物医药,官网招聘页,https://www.snbiopharm.com/index.php/Index/join.shtml,official_careers_page,企业官网自建招聘页,企业官网自建招聘页,official_company,是,true,A,是,,unknown,0,needs_manual_review,需人工复核,需人工复核,,manual_review_required,direct_page_visit|manual_review,manual_review,200,200,,2026-09-26,https://www.snbiopharm.com/index.php/Index/join.shtml | https://www.snbiopharm.com/index.php/Index/contact.shtml,,官方招聘入口为企业官网自建页面；V1.4 修正轮统一口径,官网设「加入圣诺/招贤纳士」栏目，但页面岗位内容陈旧（仍为非医药类旧岗），实际招聘主要经招聘邮箱 hr@snbiopharm.com 及第三方平台；需人工确认官网招聘页是否已更新。,否（V1.4 存量）,
CD0069,69,成都苑东生物制药股份有限公司,苑东生物 Easton,B,http://www.eastonpharma.cn,是,成都市双流区安康路8号（生物城总部园区）、高新区西源大道8号（高新园区）,四川省,成都市,高新区,成都市双流区安康路8号（生物城总部园区）、高新区西源大道8号（高新园区）,confirmed,生物医药,,,D组-生物医药,官网招聘页,http://www.eastonpharma.cn/shzp/,official_careers_page,企业官网自建招聘页,企业官网自建招聘页,official_company,是,true,A,是,,unknown,0,temporarily_unavailable,入口暂时不可访问,需人工复核,,temporarily_unavailable,direct_page_visit,unavailable_or_no_job,200,200,,2026-09-26,http://www.eastonpharma.cn/shzp/ | http://www.eastonpharma.cn/investor.html,复检失败｜抓取失败：社会招聘页请求失败（fetch failed，站点不可达/无响应），重试后仍失败,官方招聘入口为企业官网自建页面；V1.4 修正轮统一口径,官网设「人力资源-人才理念/社会招聘/校园招聘」栏目，社招页在招 QC、生产操作员等岗位（工作地点成都），简历投递邮箱 hr@eastonpharma.cn。；2026-09-28 复测恢复可访问（此前记录不可访问），页面职位情况待复核,否（V1.4 存量）,
CD0070,70,成都赜灵生物医药科技股份有限公司,赜灵生物 Zenitar,B,http://www.zenitar.com.cn,是,成都市高新区,四川省,成都市,高新区,成都市高新区,confirmed,生物医药,,,D组-生物医药,官网招聘页,http://www.zenitar.com.cn/hr.aspx?t=22,official_careers_page,企业官网自建招聘页,企业官网自建招聘页,official_company,是,true,A,是,,unknown,0,temporarily_unavailable,入口暂时不可访问,需人工复核,,temporarily_unavailable,direct_page_visit,unavailable_or_no_job,200,200,,2026-09-26,http://www.zenitar.com.cn/hr.aspx?bejslq=n0jcc3&t=22 | https://m.liepin.com/job/1979808197.shtml,复检失败｜抓取失败：人力资源页请求失败（fetch failed，站点不可达）,官方招聘入口为企业官网自建页面；V1.4 修正轮统一口径,官网「人才发展 → 企业招聘」栏目列出临床医学、药理药效、结构生物学、CMC 等岗位，工作地点成都高新区；猎聘可见同名在招职位交叉印证。；2026-09-28 复测恢复可访问（此前记录不可访问），页面职位情况待复核,否（V1.4 存量）,
CD0071,71,四川华鲲振宇智能科技有限责任公司,华鲲振宇;schkzy;华为鲲鹏+昇腾天宫系列,B,https://www.schkzy.com,是,中国（四川）自由贸易试验区成都高新区天府大道北段28号（总部落户成都国家级经济技术开发区）,四川省,成都市,高新区,中国（四川）自由贸易试验区成都高新区天府大道北段28号（总部落户成都国家级经济技术开发区）,confirmed,电子信息制造,,,北航就业网2027/2026届校招简章（列示官网 www.schkzy.com）；重庆24365就业平台宣讲会信息；电子科技大学转载招聘简章,未知,https://www.schkzy.com/,unknown,未知,未知,official_announcement,是,true,A,是,,unknown,0,needs_manual_review,需人工复核,需人工复核,,manual_review_required,direct_page_visit|official_announcement|manual_review,manual_review,200,200,,2026-09-26,https://career.buaa.edu.cn/f/recruitmentinfo/show?recruitmentId=395ff67b2e6040c5a9be3d22f65566d3 | https://24365.cq.smartedu.cn/teachin/view/id/129576 | https://www.schkzy.com/ | https://www.schkzy.com/cn/about_us/contact_us,,入口归属未定，记录来源为企业官网；V1.4 修正轮统一口径,替换：原清单第21项（成都芯源系统MPS等候选）不确定，改用成都真实存在的国产算力企业四川华鲲振宇。官网 schkzy.com 已在高校就业平台招聘简章中列示；校招投递邮箱 zhaopin@schkzy.cn，另有二维码直投；未核实到独立招聘门户/ATS，需人工复核。 ‖ 工商全称与官网主体均为「四川华鲲振宇智能科技有限责任公司」（清单中「成都华鲲振宇」为别名）。官网 schkzy.com 未检索到招聘栏目；华为「鲲鹏+昇腾」战略级合作伙伴，成都高新区国资控股。,否（V1.4 存量）,
CD0072,72,成都宏明电子股份有限公司,宏明电子;715厂,B,https://www.chinahongming.com,是,成都市龙泉驿区北京路188号（蛟龙生产基地：青羊区蛟龙工业港高新区B48座）,四川省,成都市,高新区,成都市龙泉驿区北京路188号（蛟龙生产基地：青羊区蛟龙工业港高新区B48座）,confirmed,电子信息制造,,,企业官网“人才招聘”栏目；前程无忧企业页；成都人才网,官网招聘页,https://www.chinahongming.com/hr.html,official_careers_page,企业官网自建招聘页,企业官网自建招聘页,official_company,是,true,A,是,,not_available,0,accessible_no_job,入口可访问但暂无职位,入口可访问但暂无职位,,listing_count_observed,direct_page_visit,unavailable_or_no_job,200,200,,2026-09-26,https://www.chinahongming.com/hr.html | https://jobs.51job.com/yx/co4360624.html,,官方招聘入口为企业官网自建页面；V1.4 修正轮统一口径,官网设“人才招聘”栏目，但所列岗位（工艺/产品设计/销售经理等）均标注“已结束”；当前社招主要经前程无忧发布。简历投递邮箱 zhaomj@chinahongming.com。,否（V1.4 存量）,
CD0073,73,成都成电光信科技股份有限公司,成电光信;UESTCOC;920008（北交所）,B,http://www.uestcoc.com,是,成都市高新西区天辰路88号电子科技大学西区科技园7栋1单元,四川省,成都市,高新西区,成都市高新西区天辰路88号电子科技大学西区科技园7栋1单元,confirmed,电子信息制造,,,企业官网“人力资源-社会招聘/校园招聘”栏目；智联/猎聘/前程无忧职位,官网招聘页,http://www.uestcoc.com/social.aspx?t=25,official_careers_page,企业官网自建招聘页,企业官网自建招聘页,official_company,是,true,A,是,,unknown,0,temporarily_unavailable,入口暂时不可访问,需人工复核,,temporarily_unavailable,direct_page_visit,unavailable_or_no_job,200,200,,2026-09-26,http://www.uestcoc.com/social.aspx?t=25 | http://www.uestcoc.com/campus.aspx?t=26 | https://zq.zhaopin.com/companyDetail/CZ675526220,复检失败｜抓取失败：社会招聘页请求失败（fetch failed，站点不可达）,官方招聘入口为企业官网自建页面；V1.4 修正轮统一口径,替换：原清单第28项“成都摩尔/芯愿景”不确定，按提示替换为成都成电光信。官网设社会招聘/校园招聘栏目（岗位表需展开，页面给出投递邮箱 hr@cd-uestcoc.com），工作地成都高新西区。；2026-09-28 复测恢复可访问（此前记录不可访问），页面职位情况待复核,否（V1.4 存量）,
CD0074,74,成都极米科技股份有限公司,极米科技 / XGIMI（688696）,B,https://www.xgimi.com,是,四川省成都市高新区天府三街软件园A4,四川省,成都市,高新区,四川省成都市高新区天府三街软件园A4,confirmed,电子信息制造,,,上市公司名单|企业官网|搜索引擎公开检索,官网招聘页,https://campus.xgimi.com,official_careers_page,企业官网自建招聘页,企业官网自建招聘页,official_company,是,true,A,是,,not_available,0,accessible_no_job,入口可访问但暂无职位,入口可访问但暂无职位,,source_evidence_only,direct_page_visit,unavailable_or_no_job,200,200,,2026-09-26,https://campus.xgimi.com | https://www.xgimi.com | https://www.nowcoder.com/enterprise/2530 | https://jy.scu.edu.cn/index/index/employjobdetail.html,复检失败｜抓取失败：校招站点提示“当前网页已关停”,官方招聘入口为企业官网自建页面；V1.4 修正轮统一口径,校招官网 campus.xgimi.com（岗位大量标注工作地成都），社招岗位亦指向官网投递（“简历直投官网”）。2026 春招已开放成都研发/营销/供应链岗位。,否（V1.4 存量）,
CD0075,75,成都飞机工业（集团）有限责任公司,航空工业成飞 CAC,B,https://www.cac.avic.com,是,成都市青羊区（本部）,四川省,成都市,青羊区,成都市青羊区（本部）,confirmed,航空航天,,,D组-航空航天,官网招聘页,https://www.cac.avic.com,official_careers_page,企业官网自建招聘页,企业官网自建招聘页,official_company,是,true,A,是,,unknown,0,temporarily_unavailable,入口暂时不可访问,入口暂时不可访问,,temporarily_unavailable,direct_page_visit,unavailable_or_no_job,,,,2026-09-26,https://hk.cqcvc.edu.cn/info.thtml?t=11066&cid=73504&pn= | https://dzxy.cavtc.cn/info/1111/3272.htm,复检失败｜抓取失败：官网请求失败（fetch failed，站点不可达）,官方招聘入口为企业官网自建页面；V1.4 修正轮统一口径,多家高校招聘通知明确投递入口为成飞官网 cac.avic.com「人力资源 → 人才招聘」，另提供扫码投递；具体招聘子页 URL 需人工补全。,否（V1.4 存量）,
CD0076,76,中电科网络安全科技股份有限公司,成都卫士通信息产业股份有限公司|卫士通|电科网安|中国电科30所|002268,B,https://www.westone.com.cn/,是,成都市高新区云华路333号电科网安大厦/信息安全产业园,四川省,成都市,高新区,成都市高新区云华路333号电科网安大厦/信息安全产业园,confirmed,软件与互联网服务,,,企业官网|上市公司名单|搜索引擎公开检索,企业专属ATS,http://zgwa.gllue.me/,official_ats_third_party_hosted,企业专属官方ATS,官方ATS（第三方托管，如北森zhiye/Moka）,official_ats,是,true,A,未知,,unknown,0,needs_manual_review,需人工复核,需人工复核,,manual_review_required,direct_page_visit|manual_review,manual_review,200,404,,2026-09-26,https://www.westone.com.cn/index.php?m=content&c=index&a=show&catid=43&id=97 | https://campus.51job.com/westone/apply.html | https://radio.seu.edu.cn/2018/0928/c19216a241721/pagem.htm,,官方招聘入口为企业专属 ATS（第三方 SaaS 托管，按《官方来源判断规则》属官方）；V1.4 修正轮统一口径,公司2023年更名为中电科网络安全科技股份有限公司（002268），系中国电科30所/中国网安旗下上市平台。中国网安统一网申系统 zgwa.gllue.me（ATS 托管）为官方入口，但本次仅检索到历史公告引用，未能确认当前成都可见职位数。另有前程无忧企业校招专区 campus.51job.com/westone（仅第三方平台，非官方，仅供参考）。；2026-09-28 复测入口异常（404）,否（V1.4 存量）,
CD0078,78,北京快手科技有限公司成都分公司,快手成都|Kuaishou Chengdu,B,https://www.kuaishou.com/,是,成都市,四川省,成都市,,成都市,confirmed,软件与互联网服务,,,企业官网|搜索引擎公开检索,集团招聘平台,https://zhaopin.kuaishou.cn/,group_unified_recruitment,集团统一招聘平台,集团统一招聘平台,group_career_site,是,true,A,未知,,unknown,0,needs_manual_review,需人工复核,需人工复核,,manual_review_required,direct_page_visit|manual_review,manual_review,200,200,,2026-09-26,https://zhaopin.kuaishou.cn/#/official/jianghu/ | https://campus.kuaishou.cn/#/campus/schedule/intern/process,,官方招聘入口为集团统一招聘平台；V1.4 修正轮统一口径,集团统一招聘。社招官网 zhaopin.kuaishou.cn、校招官网 campus.kuaishou.cn 均可访问，但岗位列表为动态加载/需登录，本次检索未能确认当前成都可见职位数；历史校招简章曾列成都为工作地点之一。,否（V1.4 存量）,
CD0079,79,成都佳发安泰教育科技股份有限公司,佳发教育|佳发安泰|300559,B,http://www.jf-r.com/,是,成都市武侯区武科西二路188号佳发科技大厦（武侯电商产业功能区）,四川省,成都市,武侯区,成都市武侯区武科西二路188号佳发科技大厦（武侯电商产业功能区）,confirmed,软件与互联网服务,,,企业官网|上市公司名单|搜索引擎公开检索,官网招聘页,http://www.jf-r.com/about/join?sort_id=12,official_careers_page,企业官网自建招聘页,企业官网自建招聘页,official_company,是,true,A,是,,unknown,0,temporarily_unavailable,入口暂时不可访问,需人工复核,,temporarily_unavailable,direct_page_visit,unavailable_or_no_job,200,200,,2026-09-26,http://www.jf-r.com/about/join?sort_id=12 | http://www.jf-r.com/,复检失败｜抓取失败：人才加入页请求失败（fetch failed，站点不可达）,官方招聘入口为企业官网自建页面；V1.4 修正轮统一口径,官网「加入我们」页（jf-r.com/about/join）列出销售经理、售前工程师、项目经理等岗位；公开在招职位含成都（招投标专员、Java研发、算法工程师等）。；2026-09-28 复测恢复可访问（此前记录不可访问），页面职位情况待复核,否（V1.4 存量）,
CD0081,81,四川天邑康和通信股份有限公司,天邑股份;天邑康和;300504,B,https://www.tianyisc.com,是,四川省成都市大邑县晋原镇雪山大道一段198号,四川省,成都市,大邑县,四川省成都市大邑县晋原镇雪山大道一段198号,confirmed,通信与网络设备,,,企业官网（2026届校招简章PDF托管于官网）；国家大学生就业服务平台；光纤在线通信英才网,未知,https://www.tianyisc.com/,unknown,未知,未知,official_announcement,是,true,A,是,,unknown,0,needs_manual_review,需人工复核,需人工复核,,manual_review_required,direct_page_visit|official_announcement|manual_review,manual_review,200,200,,2026-09-26,https://www.tianyisc.com/ | https://24365.smartedu.cn/student/jobs/58827e90ac3c4c249de1d129e9c29278/corp.html | https://c-fol.net/job/showcmp.php?cmpid=7000000000000628,,入口归属未定，记录来源为企业官网；V1.4 修正轮统一口径,官网可访问，2026届校招简章PDF以官网域名托管、校招信息真实；但未检索到独立的“人才招聘”栏目或自研/采购ATS，需人工复核官网招聘入口。光纤在线职位页为第三方行业招聘站，不作为官方来源。,否（V1.4 存量）,
CD0082,82,诺基亚通信系统技术（北京）有限公司成都分公司,诺基亚成都研发中心|Nokia Chengdu|上海诺基亚贝尔成都,B,https://www.nokia.com/,是,成都市高新区,四川省,成都市,高新区,成都市高新区,confirmed,通信与网络设备,,,企业官网|搜索引擎公开检索,集团招聘平台,https://www.nokia.com/careers,group_unified_recruitment,集团统一招聘平台,集团统一招聘平台,group_career_site,是,true,A,未知,,unknown,0,needs_manual_review,需人工复核,需人工复核,,manual_review_required,direct_page_visit|manual_review,manual_review,200,200,,2026-09-26,https://www.nokia.com/careers | https://builtin.com/company/nokia,,官方招聘入口为集团统一招聘平台；V1.4 修正轮统一口径,"集团统一招聘，Nokia 全球招聘页 nokia.com/careers 可按地点检索；公开资料确认 Nokia 在 Chengdu City, Sichuan 设有办公室/研发中心，但本次检索未能确认当前成都可见职位数。",否（V1.4 存量）,
CD0084,84,成都中科信息股份有限公司,中科信息 / 中科院成都信息技术股份有限公司（300678）,A,https://casit.com.cn,是,四川省成都市天府新区兴隆街道科智路1369号（官网页脚与 Moka 校招页一致）,四川省,成都市,天府新区,四川省成都市天府新区兴隆街道科智路1369号（官网页脚与 Moka 校招页一致）,confirmed,人工智能与大数据,,,上市公司名单|企业官网|搜索引擎公开检索,Moka 企业专属校招站（中科院成都信息技术股份有限公司 - 校园招聘）,https://app.mokahr.com/campus_apply/casit/36780,official_ats_third_party_hosted,企业专属官方ATS,企业专属官方ATS,official_ats,是,true,A,是,,not_available,7,active,有效（当前有可见职位）,有效（当前有可见职位）,,direct_job_observed,direct_page_visit,official_active,200,302,,2026-09-26,https://app.mokahr.com/campus_apply/casit/36780｜https://casit.com.cn,,官方招聘入口为企业专属 ATS；V1.4 修正轮统一口径,升级：V1.2 为 unknown/needs_manual_review（未定位到官网招聘栏目或 ATS），本轮找到企业专属 Moka 校招站 https://app.mokahr.com/campus_apply/casit/36780（企业前缀 casit），source_type 升级为 official_ats_third_party_hosted / official_ats，is_official_source=true，status 由 needs_manual_review 升级为 active，并采集到 7 条明确标注成都的校招职位,否（V1.4 存量）,
CD0089,89,成都芯进电子股份有限公司,芯进电子;CrossChip Microsystems;sicoresemi同园区企业,B,http://crosschipmicro.com,是,四川省成都市高新西区天辰路88号3号楼1单元1-5楼（官网「加入我们」页/官网页脚）,四川省,成都市,高新西区,四川省成都市高新西区天辰路88号3号楼1单元1-5楼（官网「加入我们」页/官网页脚）,confirmed,半导体与集成电路,,,企业官网；前程无忧企业页；应届生求职网转载职位,加入我们 / Join Us,https://web.crosschipmicro.com/en/page/joinUs/joinUs.html?navIndex=2,official_careers_page,企业官网自建招聘页,企业官网自建招聘页,official_company,是,true,A,否,,unknown,0,needs_manual_review,需人工复核,需人工复核,,source_evidence_only,direct_page_visit,manual_review,200,200,,2026-09-26,https://web.crosschipmicro.com/en/page/joinUs/joinUs.html?navIndex=2｜http://crosschipmicro.com,,官方招聘入口为企业官网自建页面；V1.4 修正轮统一口径,升级：V1.2 为 third_party_platform（入口=51job 企业页）/needs_manual_review，本轮在企业自有域名下找到官方招聘页 https://web.crosschipmicro.com/en/page/joinUs/joinUs.html?navIndex=2，source_type 升级为 official_careers_page / official_company，is_official_source=true；该页职位表为 JS 动态渲染，静态抓取仅得到表头（positions/quantity/education/Location）与联系方式，未见具体职位行，故 has_chengdu_jobs=false 且状态维持 needs_manual_review（按规则 JS 渲染不判为入口失效）,否（V1.4 存量）,
CD0118,118,成都阿加犀智能科技有限公司,阿加犀智能｜阿加犀｜AidLux,A,https://www.aidlux.com,是,成都市武侯区,四川省,成都市,武侯区,成都市武侯区,confirmed,人工智能与大数据,,,搜索引擎公开检索|企业官网,加入我们,https://www.aidlux.com/about/join,official_careers_page,企业官网自建招聘页,企业官网自建招聘页,official_company,是,true,A,是,,not_available,7,active,有效（当前有可见职位）,有效（当前有可见职位）,,direct_job_observed,direct_page_visit,official_active,200,200,,2026-09-26,https://www.aidlux.com/about/join｜https://www.aidlux.com,,官方招聘入口为企业官网自建页面；V1.4 修正轮统一口径,官网招聘页岗位未逐条标注工作城市，成都工作地按公司主体所在地与高校就业网发布的官方校招信息推定，职位 location_confidence 记为 inferred；简历投递入口为页面内『投递简历』按钮与 hr@aidlux.com,否（V1.4 存量）,
CD0119,119,成都超有爱科技有限公司,百词斩｜超有爱科技｜baicizhan｜薄荷阅读,A,https://www.baicizhan.com,是,成都市天府新区/武侯区（总部位于成都天府软件园，官方校招页写明『公司所在地: 成都』）,四川省,成都市,高新区,成都市天府新区/武侯区（总部位于成都天府软件园，官方校招页写明『公司所在地: 成都』）,confirmed,软件与互联网服务,,,搜索引擎公开检索|企业官网,百词斩校园招聘,https://www.baicizhan.com/mobile/campus.html,official_careers_page,企业官网自建招聘页,企业官网自建招聘页,official_company,是,true,A,是,,not_available,8,active,有效（当前有可见职位）,有效（当前有可见职位）,,direct_job_observed,direct_page_visit,official_active,200,200,,2026-09-26,https://www.baicizhan.com/mobile/campus.html,,官方招聘入口为企业官网自建页面；V1.4 修正轮统一口径,校招页未逐职位标注城市，成都工作地依据官方页面『公司所在地: 成都』表述；页面未提供逐职位详情链接，职位 URL 记为校招页；本次按每家最多8条取前8个职位,否（V1.4 存量）,
CD0120,120,成都医云科技有限公司,医联｜Medlinker,B,https://www.medlinker.com,是,成都市高新区（天府软件园B区6栋二楼，该地址来自第三方招聘平台引用，官网招聘页本次未列出成都地址）,四川省,成都市,高新区,成都市高新区（天府软件园B区6栋二楼，该地址来自第三方招聘平台引用，官网招聘页本次未列出成都地址）,confirmed,软件与互联网服务,,,搜索引擎公开检索|企业官网,加入医联-HR招聘,https://medlinker.com/join/hr,official_careers_page,企业官网自建招聘页,企业官网自建招聘页,official_company,是,true,A,否,,not_available,0,active,有效（当前有可见职位）,有效（当前有可见职位）,,direct_job_observed,direct_page_visit|search_engine_evidence,official_active,200,200,,2026-09-26,https://medlinker.com/join/hr,,官方招聘入口为企业官网自建页面；V1.4 修正轮统一口径,官网招聘页当前展示8个职位，工作地分别标注北京、深圳、上海、全国，无成都岗位，故 has_chengdu_jobs=false 且不产出成都职位样本；该页面职位发布日期显示为 2024.1.19，时效性需人工复核；成都办公地址未在官网直接核实，仅见于第三方平台引用，故不计入官方证据,否（V1.4 存量）,
CD0121,121,四川锦云数智信息技术有限公司,锦云数智｜jinyunsz,A,http://jinyunsz.com,是,成都市（官网招聘页岗位工作地点列明确写『成都』，区/街道未在官网核实）,四川省,成都市,（未在官网确认）,成都市（官网招聘页岗位工作地点列明确写『成都』，区/街道未在官网核实）,confirmed,软件与互联网服务,,,搜索引擎公开检索|企业官网,加入我们,http://jinyunsz.com/channels/195.html,official_careers_page,企业官网自建招聘页,企业官网自建招聘页,official_company,是,true,A,是,,not_available,3,active,有效（当前有可见职位）,有效（当前有可见职位）,,direct_job_observed,direct_page_visit,official_active,200,200,,2026-09-26,http://jinyunsz.com/channels/195.html,,官方招聘入口为企业官网自建页面；V1.4 修正轮统一口径,公司自述成立于2016年，主营信创基础软件、AI大模型与数字人、公有云/私有云及IT运维项目；页面未逐职位提供详情链接，职位 URL 记为招聘列表页；官网未展示具体办公地址,否（V1.4 存量）,
CD0122,122,成都海艺智创科技有限公司,海艺互娱｜海艺科技｜SeaArt｜海艺AI,A,https://home.haiyi.art,是,成都市天府新区（中海财富中心/天府海创园，官网资讯与招聘公告均指向成都）,四川省,成都市,天府新区,成都市天府新区（中海财富中心/天府海创园，官网资讯与招聘公告均指向成都）,confirmed,人工智能与大数据,,,搜索引擎公开检索|企业官网,海艺校园招聘（Moka 专属 ATS）,https://app.mokahr.com/campus-recruitment/haiyi/150699?locale=zh-CN,official_ats_third_party_hosted,企业专属官方ATS,企业专属官方ATS,official_ats,是,true,A,是,,not_available,0,active,有效（当前有可见职位）,有效（当前有可见职位）,,listing_count_observed,direct_page_visit|search_engine_evidence,official_active,200,302,,2026-09-26,https://app.mokahr.com/campus-recruitment/haiyi/150699?locale=zh-CN｜https://home.haiyi.art,,官方招聘入口为企业专属 ATS；V1.4 修正轮统一口径,Moka 校招站仅渲染出职位分类与数量（产品运营类共5个、内容创作类共3个、研发算法类共9个、职能支撑类共1个、星海人才计划-研究课题方向共5个），未渲染出逐职位名称与城市，故本次不产出职位样本；社招入口为 https://app.mokahr.com/recommendation-apply/haiyi ；官网右上角 MENU+ 内的『招聘信息』未能取得稳定直链（/recruitment 返回404）,否（V1.4 存量）,
CD0123,123,中移（成都）信息通信科技有限公司,中国移动成都产业研究院｜中移成研院｜中国移动(成都)产业研究院,A,https://www.cdcyy.cn,否,成都市高新区（交子大道575号J座/新通大道1333号，来自高校就业网公示，官网本次访问失败）,四川省,成都市,高新区,成都市高新区（交子大道575号J座/新通大道1333号，来自高校就业网公示，官网本次访问失败）,confirmed,软件与互联网服务,,,搜索引擎公开检索|企业官网,中国移动招聘网站-成都产业研究院,https://job.10086.cn/personal/campus/campus_job_list.html?cId=91,group_unified_recruitment,集团统一招聘平台,集团统一招聘平台,group_career_site,是,true,A,是,8,confirmed,8,active,有效（当前有可见职位）,有效（当前有可见职位）,,direct_job_observed,direct_page_visit,official_active,,200,,2026-09-26,https://job.10086.cn/personal/campus/campus_job_list.html?cId=91｜https://job.10086.cn/personal/campus/,,官方招聘入口为集团统一招聘平台；V1.4 修正轮统一口径,企业主体官网 www.cdcyy.cn 本次访问失败（website_verified=否），招聘入口使用中国移动集团统一招聘平台，属于集团官方招聘平台；8条职位均带详情页直链，招聘类型为2027届校园招聘,否（V1.4 存量）,
CD0124,124,时时同云科技（成都）有限责任公司,客如云｜keruyun｜美味不用等,A,https://www.keruyun.com,是,成都市高新区（益州大道1999号15栋8层801号，工商注册地；招聘系统职位标注『四川省-成都市』）,四川省,成都市,高新区,成都市高新区（益州大道1999号15栋8层801号，工商注册地；招聘系统职位标注『四川省-成都市』）,confirmed,软件与互联网服务,,,搜索引擎公开检索|企业官网,时时同云招聘系统（keruyun.zhiye.com）,https://keruyun.zhiye.com/home,official_ats_third_party_hosted,企业专属官方ATS,企业专属官方ATS,official_ats,是,true,A,是,,not_available,12,active,有效（当前有可见职位）,有效（当前有可见职位）,,direct_job_observed,direct_page_visit,official_active,200,200,,2026-09-26,https://keruyun.zhiye.com/home｜https://keruyun.zhiye.com/zpdetail/230805722｜https://keruyun.zhiye.com/zpdetail/230805650,,官方招聘入口为企业专属 ATS；V1.4 修正轮统一口径,招聘系统首页展示6个热招职位与3个长招职位，本次仅对其中2条打开了详情页并确认工作地为成都，其余职位城市未逐条核实，故只产出2条职位样本；全部职位列表见 https://keruyun.zhiye.com/alljob/?o=2,否（V1.4 存量）,
CD0125,125,杭州安恒信息技术股份有限公司（成都）,安恒信息｜DBAPPSecurity｜688023,B,https://www.dbappsecurity.com.cn,是,成都市（设有成都研发/办公机构，具体地址未在官方招聘页核实）,四川省,成都市,（未在官网确认）,成都市（设有成都研发/办公机构，具体地址未在官方招聘页核实）,confirmed,软件与互联网服务,,,搜索引擎公开检索|企业官网,安恒信息招聘,https://ahzp.dbappsecurity.com.cn/,official_ats_third_party_hosted,企业专属官方ATS,企业专属官方ATS,official_ats,是,true,A,否,,unknown,0,needs_manual_review,需人工复核,需人工复核,,manual_review_required,direct_page_visit|search_engine_evidence,manual_review,200,200,,2026-09-26,https://ahzp.dbappsecurity.com.cn/,,官方招聘入口为企业专属 ATS；V1.4 修正轮统一口径,招聘系统首页为JS渲染，静态抓取未取得职位列表，未在官方页面直接读到成都岗位，故 has_chengdu_jobs=false、不产出职位样本；集团主站 www.dbappsecurity.com.cn 本次未打开，website_verified=否。成都岗位信息目前仅有第三方来源，需人工到官方招聘系统复核,否（V1.4 存量）,
CD0126,126,成都链安科技有限公司,成都链安｜Beosin｜Beosin成都链安,A,https://www.lianantech.com,是,成都市高新区（天府软件园，官网岗位标注『四川成都』）,四川省,成都市,高新区,成都市高新区（天府软件园，官网岗位标注『四川成都』）,confirmed,软件与互联网服务,,,搜索引擎公开检索|企业官网,官网首页-招聘岗位,https://www.lianantech.com,official_careers_page,企业官网自建招聘页,企业官网自建招聘页,official_company,是,true,A,是,,not_available,3,active,有效（当前有可见职位）,有效（当前有可见职位）,,direct_job_observed,direct_page_visit,official_active,200,200,,2026-09-26,https://www.lianantech.com,,官方招聘入口为企业官网自建页面；V1.4 修正轮统一口径,招聘信息展示在官网首页『招聘岗位』板块，未发现独立职位详情页链接，职位 URL 记为企业招聘首页；另一岗位『GA业务销售经理』标注为『全国』，未计入成都职位,否（V1.4 存量）,
CD0127,127,成都数据集团股份有限公司,成都数据集团｜CDBData｜成都市大数据集团,A,https://www.cdbdata.cn,是,成都市锦江区（2026年4月市场化选聘公告写明工作地点『成都市锦江区』）,四川省,成都市,锦江区,成都市锦江区（2026年4月市场化选聘公告写明工作地点『成都市锦江区』）,confirmed,人工智能与大数据,,,搜索引擎公开检索|企业官网,员工招聘-招聘公告,https://www.cdbdata.cn/job.thtml?t=1309&cid=1,official_careers_page,企业官网自建招聘页,企业官网自建招聘页,official_company,是,true,A,是,,not_available,1,active,有效（当前有可见职位）,有效（当前有可见职位）,,direct_job_observed,direct_page_visit,official_active,200,200,,2026-09-26,https://www.cdbdata.cn/job.thtml?t=1309&cid=1｜https://www.cdbdata.cn/jobinfo.thtml?t=1309&cid=78572&pn=｜https://www.cdbdata.cn/jobinfo.thtml?t=1309&cid=101179&pn=,,官方招聘入口为企业官网自建页面；V1.4 修正轮统一口径,2026年9月社招公告的具体岗位名称放在PDF附件《岗位信息表》中，本次未能抽取文本，故职位样本取自官网可直接阅读的2026年4月市场化选聘公告（报名已于2026年5月23日截止）；2026年9月公告涉及成都房联云码科技、成都超算中心运营管理两家所属企业,否（V1.4 存量）,
CD0128,128,中科创达软件股份有限公司（成都研发中心）,中科创达｜ThunderSoft｜300496,A,https://www.thundersoft.com,是,成都市（设有成都研发中心，具体园区地址未在官方招聘页核实）,四川省,成都市,（未在官网确认）,成都市（设有成都研发中心，具体园区地址未在官方招聘页核实）,confirmed,软件与互联网服务,,,搜索引擎公开检索|企业官网,2026 校园招聘,https://www.thundersoft.com/careers/campus,official_careers_page,企业官网自建招聘页,企业官网自建招聘页,official_company,是,true,A,是,,not_available,2,active,有效（当前有可见职位）,有效（当前有可见职位）,,direct_job_observed,direct_page_visit,official_active,200,200,,2026-09-26,https://www.thundersoft.com/careers/campus｜https://www.thundersoft.com/xiaozhao/,,官方招聘入口为企业官网自建页面；V1.4 修正轮统一口径,官网校招页岗位以城市列表形式展示，未提供逐职位详情页链接；算法/产品/设计/解决方案岗位本次未标注成都,否（V1.4 存量）,
CD0129,129,深信服科技股份有限公司（成都）,深信服｜Sangfor｜300454,A,https://www.sangfor.com,是,成都市（官方校招岗位工作城市含成都，具体办公地址未在招聘页标注）,四川省,成都市,（未在官网确认）,成都市（官方校招岗位工作城市含成都，具体办公地址未在招聘页标注）,confirmed,软件与互联网服务,,,搜索引擎公开检索|企业官网,深信服招聘（校园招聘）,https://hr.sangfor.com/schoolRecruitment,official_ats_third_party_hosted,企业专属官方ATS,企业专属官方ATS,official_ats,是,true,A,是,,not_available,1,active,有效（当前有可见职位）,有效（当前有可见职位）,,direct_job_observed,direct_page_visit,official_active,200,200,,2026-09-26,https://hr.sangfor.com/schoolRecruitment,,官方招聘入口为企业专属 ATS；V1.4 修正轮统一口径,本次仅『技术研发工程师（AI潜力方向）』在官方页面标注含成都；其余在招岗位（客户经理、售前产品经理、FAE、安全服务等）标注为全国大中城市或深圳/长沙，未计入成都职位。历史页 hr.sangfor.com/campucompon/Delivery/4099（25届C/C++）亦曾标注成都市，本次不作为样本,否（V1.4 存量）,
CD0130,130,奇安信科技集团股份有限公司（成都）,奇安信｜Qianxin｜688561｜奇安信天工实验室,A,https://www.qianxin.com,是,成都市（官方招聘页岗位工作城市含成都，具体办公地址未在招聘页标注）,四川省,成都市,（未在官网确认）,成都市（官方招聘页岗位工作城市含成都，具体办公地址未在招聘页标注）,confirmed,软件与互联网服务,,,搜索引擎公开检索|企业官网,奇安信校园招聘-招聘岗位,https://www.qianxin.com/campus/internJobSearch,official_careers_page,企业官网自建招聘页,企业官网自建招聘页,official_company,是,true,A,是,,not_available,4,active,有效（当前有可见职位）,有效（当前有可见职位）,,direct_job_observed,direct_page_visit,official_active,200,200,,2026-09-26,https://www.qianxin.com/campus/internJobSearch｜https://poc.qianxin.com/join-us｜https://campus.qianxin.com/,,官方招聘入口为企业官网自建页面；V1.4 修正轮统一口径,两个官方页面均未逐职位提供详情页直链，职位 URL 记为对应官方列表页；另有 campus.qianxin.com 为企业校招官网,否（V1.4 存量）,
CD0131,131,科大讯飞股份有限公司（成都）,科大讯飞｜iFlytek｜002230,B,https://www.iflytek.com,是,成都市（设有成都办公/研发机构，具体地址未在官方招聘页核实）,四川省,成都市,（未在官网确认）,成都市（设有成都办公/研发机构，具体地址未在官方招聘页核实）,confirmed,人工智能与大数据,,,搜索引擎公开检索|企业官网,科大讯飞招聘（专属 ATS）,https://iflytek.zhiye.com/campus/jobs,official_ats_third_party_hosted,企业专属官方ATS,企业专属官方ATS,official_ats,是,true,A,否,,unknown,0,needs_manual_review,需人工复核,需人工复核,,manual_review_required,direct_page_visit|search_engine_evidence,manual_review,200,200,,2026-09-26,https://iflytek.zhiye.com/campus/jobs｜https://campus.iflytek.com/,,官方招聘入口为企业专属 ATS；V1.4 修正轮统一口径,本次访问 iflytek.zhiye.com/campus/jobs 与 campus.iflytek.com/campus/jobs 均由JS动态渲染，静态抓取未取得当前在招职位列表，因此未采集职位样本，也未在官方页面直接确认成都岗位；集团主站 www.iflytek.com 本次未打开，website_verified 记为否,否（V1.4 存量）,
CD0132,132,新华三技术有限公司（成都研究所）,新华三｜H3C｜新华三集团,B,https://www.h3c.com,是,成都市（设有成都研究所，具体地址未在官方招聘页核实）,四川省,成都市,（未在官网确认）,成都市（设有成都研究所，具体地址未在官方招聘页核实）,confirmed,通信与网络设备,,,搜索引擎公开检索|企业官网,新华三集团招聘,https://career.h3c.com,official_careers_page,企业官网自建招聘页,企业官网自建招聘页,official_company,是,true,A,否,,unknown,0,needs_manual_review,需人工复核,需人工复核,,manual_review_required,direct_page_visit|search_engine_evidence,manual_review,200,200,,2026-09-26,https://career.h3c.com｜https://career.h3c.com/campus/jobs,,官方招聘入口为企业官网自建页面；V1.4 修正轮统一口径,本次访问 career.h3c.com/campus/jobs 返回『暂无热招职位』、career.h3c.com/h3c/position/index 返回『页面不存在』，职位列表为JS动态渲染，未能在官方页面直接读到成都岗位，故未采集职位样本、has_chengdu_jobs 记为 false；成都信息来自高校转载的企业校招通稿，非官方页面直证,否（V1.4 存量）,
CD0133,133,成都中科大旗软件股份有限公司,中科大旗｜大旗软件｜daqsoft,A,https://www.daqsoft.com,是,成都市高新区（公司总部位于中国成都AI创新中心B区）,四川省,成都市,高新区,成都市高新区（公司总部位于中国成都AI创新中心B区）,confirmed,软件与互联网服务,,,搜索引擎公开检索|企业官网,关于我们-加入我们,https://www.daqsoft.com/join-us.html?code=gywm&channelCode=jrwm,official_careers_page,企业官网自建招聘页,企业官网自建招聘页,official_company,是,true,A,是,,not_available,8,active,有效（当前有可见职位）,有效（当前有可见职位）,,direct_job_observed,direct_page_visit,official_active,200,200,,2026-09-26,https://www.daqsoft.com/join-us.html?code=gywm&channelCode=jrwm｜https://www.daqsoft.com/contact-us.html?code=gywm&channelCode=lxwm,,官方招聘入口为企业官网自建页面；V1.4 修正轮统一口径,官网职位发布日期统一显示 2022-11-08，页面未更新时限说明，招聘信息时效性需人工复核；页面未给出逐职位详情链接，职位 URL 记为招聘列表页,否（V1.4 存量）,
CD0134,134,成都赤轮动画设计有限公司,赤轮动画｜CGTURBO｜cgturbo,A,http://www.cgturbo.cn,是,成都市（官网招聘页以「成都赤轮动画设计有限公司」署名，并称「成都赤轮是国内专业游戏美术外包企业」；具体办公地址未在页面披露）,四川省,成都市,,成都市（官网招聘页以「成都赤轮动画设计有限公司」署名，并称「成都赤轮是国内专业游戏美术外包企业」；具体办公地址未在页面披露）,confirmed,数字内容,,,搜索引擎公开检索|企业官网,人才招聘（cgturbo.cn 加入我们）,http://www.cgturbo.cn/index.php?c=category&id=16,official_careers_page,企业官网自建招聘页,企业官网自建招聘页,official_company,是,true,A,是,3,confirmed,3,active,有效（当前有可见职位）,有效（当前有可见职位）,,direct_job_observed,direct_page_visit,official_active,200,200,,2026-09-26,http://www.cgturbo.cn/index.php?c=category&id=16,,官方招聘入口为企业官网自建页面；V1.4 修正轮统一口径,游戏美术外包企业（2015年成立，主攻次世代角色/场景）。官网「人才招聘」栏目列出 3 个在招岗位，简历投递邮箱 hr@cgturbo.cn。页面未逐条标注工作城市，成都归属为推定（location_confidence=inferred）。,否（V1.4 存量）,
CD0135,135,成都品果科技有限公司,Camera360｜品果科技｜Pinguo,A,https://www.camera360.com,是,中国四川省成都市（官网首页写明「公司总部位于中国四川省成都市」）,四川省,成都市,,中国四川省成都市（官网首页写明「公司总部位于中国四川省成都市」）,confirmed,数字内容,,,搜索引擎公开检索|企业官网,Camera360 加入我们（hr.camera360.com）,http://hr.camera360.com/,official_careers_page,企业官网自建招聘页,企业官网自建招聘页,official_company,是,true,A,是,,not_available,2,active,有效（当前有可见职位）,有效（当前有可见职位）,,direct_job_observed,direct_page_visit,official_active,200,200,,2026-09-26,http://hr.camera360.com/｜https://www.camera360.com/｜https://hr.camera360.com/positionDetail.html?id=61df9ec36170823b0ab66873&channel=school｜https://hr.camera360.com/positionDetail.html?id=684d91816170828e14b66a4f&channel=school,,官方招聘入口为企业官网自建页面；V1.4 修正轮统一口径,移动影像/视觉创意产品公司（产品 Camera360、Blurrr、MIX、最美证件照等）。企业自有招聘站 hr.camera360.com，职位详情页形如 hr.camera360.com/positionDetail.html?id=xxx&channel=school。当前可见职位以实习/校招为主（市场、设计、KOL运营、内容运营），工作地点明确为成都。,否（V1.4 存量）,
CD0136,136,成都锐拓传媒广告有限公司,锐拓传媒｜RIGHTOL｜rightol,A,https://www.rightol.com,是,成都市青羊区日月大道一段1501号万和中心2栋1609号（工作地址来自高校就业网转载的企业招聘公告，官网职位页城市字段为空）,四川省,成都市,青羊区,成都市青羊区日月大道一段1501号万和中心2栋1609号（工作地址来自高校就业网转载的企业招聘公告，官网职位页城市字段为空）,confirmed,数字内容,,,搜索引擎公开检索|企业官网,锐拓传媒招聘官网（rightol.com/info/hr）,https://www.rightol.com/info/hr,official_careers_page,企业官网自建招聘页,企业官网自建招聘页,official_company,是,true,A,是,,not_available,1,active,有效（当前有可见职位）,有效（当前有可见职位）,,direct_job_observed,direct_page_visit,official_active,200,200,,2026-09-26,https://www.rightol.com/info/hr｜https://www.rightol.com/info/hr/HR260211135913365-202.html｜https://www.rightol.com/info/hr/HR251110152019576-201.html｜https://www.scfai.edu.cn/xsc/info/1015/14102.htm,,官方招聘入口为企业官网自建页面；V1.4 修正轮统一口径,主营短视频、短剧、漫剧开发制作与版权运营的数字内容公司。官网自建招聘频道 rightol.com/info/hr，分「校园招聘」「社会招聘」两栏；本次核验时校园招聘可见 7 个职位、社会招聘显示「暂无职位！」。职位详情页的工作地点字段为空，成都归属为推定（location_confidence=inferred）。,否（V1.4 存量）,
CD0137,137,成都潮我看文化传媒有限公司,OST传媒｜OST娱乐｜四川原声无限文化传媒集团,A,https://www.ostmcn.com,是,成都市锦江区红豆树街77号 OST新媒体产业园（总部）；孵化基地位于锦江区红豆树街109号5层1号,四川省,成都市,锦江区,成都市锦江区红豆树街77号 OST新媒体产业园（总部）；孵化基地位于锦江区红豆树街109号5层1号,confirmed,数字内容,,,搜索引擎公开检索|企业官网,OST传媒 AI创作者灵活用工直招（cwkwh.com）,https://www.cwkwh.com/index.html,official_careers_page,企业官网自建招聘页,企业官网自建招聘页,official_company,是,true,A,是,6,confirmed,6,active,有效（当前有可见职位）,有效（当前有可见职位）,,direct_job_observed,direct_page_visit,official_active,200,200,,2026-09-26,https://www.cwkwh.com/index.html｜https://www.ostmcn.com/page/2.html｜https://www.ostmcn.com/,,官方招聘入口为企业官网自建页面；V1.4 修正轮统一口径,大型直播+MCN 内容机构（2017年成立，签约达人5000+）。官方直招站 cwkwh.com 自称 OST传媒并披露公司主体与地址，列出 6 个 AIGC 创作类岗位，但岗位标注「地点灵活·可远程」「全国·远程可做」，因此工作地按推定（location_confidence=inferred）。官网主站 ostmcn.com 本次未直接访问（检索中可见）。,否（V1.4 存量）,
CD0139,139,四川新网银行股份有限公司,新网银行｜XWBank,B,https://xwbank.com,是,中国(四川)自由贸易试验区成都高新区吉泰三路8号1栋1单元（官网披露的银行经营场所）,四川省,成都市,高新区,中国(四川)自由贸易试验区成都高新区吉泰三路8号1栋1单元（官网披露的银行经营场所）,confirmed,金融科技,,,搜索引擎公开检索|企业官网,新网银行校园招聘（Moka 企业专属网申系统）,https://app.mokahr.com/campus-recruitment/xwbank/4246?locale=zh-CN,official_ats_third_party_hosted,企业专属官方ATS,企业专属官方ATS,official_ats,是,true,A,否,,unknown,0,needs_manual_review,需人工复核,需人工复核,,manual_review_required,direct_page_visit|search_engine_evidence,manual_review,200,302,,2026-09-26,https://app.mokahr.com/campus-recruitment/xwbank/4246?locale=zh-CN｜https://www.iffs.uestc.edu.cn/info/1112/7486.htm｜https://xwbank.com/,,官方招聘入口为企业专属 ATS；V1.4 修正轮统一口径,网申系统地址由电子科技大学就业网、南方科技大学等高校渠道发布的官方招聘公告引用（https://www.iffs.uestc.edu.cn/info/1112/7486.htm ），移动端为「新网银行人力资源」公众号。本次直接访问该 Moka 校招页仅返回品牌活动图片（年会/金融科技挑战赛/新网好声音等），未见职位列表，故未抽取职位。2026届校招岗位（数字化信贷风控方向、金融科技方向）工作地点为四川省成都市，但该信息来自高校就业网转载，非企业官方页面，未计入职位样本。国聘平台在招职位（成都高新区/武侯区）为第三方平台，未计入。,否（V1.4 存量）,
CD0140,140,成都银行股份有限公司,成都银行｜BOCD｜601838,B,https://www.bocd.com.cn/,是,四川省成都市青羊区西御街16号成都银行大厦（总行）,四川省,成都市,青羊区,四川省成都市青羊区西御街16号成都银行大厦（总行）,confirmed,金融科技,,,搜索引擎公开检索|企业官网,成都银行招聘门户（bocd.zhiye.com）+ 官网招聘公告,https://bocd.zhiye.com/,official_ats_third_party_hosted,企业专属官方ATS,企业专属官方ATS,official_ats,是,true,A,是,,unknown,2,needs_manual_review,需人工复核,需人工复核,,source_evidence_only,direct_page_visit,manual_review,200,200,,2026-09-26,https://bocd.zhiye.com/｜https://www.bocd.com.cn/zyxxfb/rczp/zhaopingonggao/1199002198508441600.html｜https://www.bocd.com.cn/,,官方招聘入口为企业专属 ATS；V1.4 修正轮统一口径,官网「招聘公告」栏目（bocd.com.cn/zyxxfb/rczp）发布招聘公告，公告中明确投递入口为 PC 端 https://bocd.zhiye.com/（企业专属招聘门户）。本次直接访问 bocd.zhiye.com 首页仅返回品牌宣传内容，无职位列表；已抓到的最近公告（2025-12-18）报名期为 2025-12-18 至 2025-12-31，已结束，当前是否开放新批次需人工复核（不作为「招聘已关闭」结论）。,否（V1.4 存量）,
CD0141,141,四川锦程消费金融有限责任公司,锦程消费金融｜JCCFC,A,https://www.jccfc.com,是,中国(四川)自由贸易试验区成都高新区天韵路186号（注册地；办公地含高新区天晖南街169号ACC中航城市广场）,四川省,成都市,高新区,中国(四川)自由贸易试验区成都高新区天韵路186号（注册地；办公地含高新区天晖南街169号ACC中航城市广场）,confirmed,金融科技,,,搜索引擎公开检索|企业官网,锦程消费金融官网招聘频道（jccfc.com/jobs）,https://www.jccfc.com/jobs,official_careers_page,企业官网自建招聘页,企业官网自建招聘页,official_company,是,true,A,是,,not_available,2,active,有效（当前有可见职位）,有效（当前有可见职位）,,direct_job_observed,direct_page_visit,official_active,200,200,,2026-09-26,https://www.jccfc.com/jobs/43｜https://www.jccfc.com/jobs/48｜https://www.jccfc.com/jobs,,官方招聘入口为企业官网自建页面；V1.4 修正轮统一口径,官网自建招聘频道 /jobs 与 /jobs/{id} 职位详情页。本次直接访问列表页 https://www.jccfc.com/jobs 返回「服务器累了，请稍后再试」，但职位详情页（/jobs/43、/jobs/48）在检索中可见且明确标注工作地点「四川成都」。公司总部/注册地在成都高新区，全国首批、中西部首家消费金融公司。,否（V1.4 存量）,
CD0142,142,成都农村商业银行股份有限公司,成都农商银行｜CDRCB,A,https://www.cdrcb.com,是,四川省成都市武侯区（总行；成都地区营业网点500余个）,四川省,成都市,武侯区,四川省成都市武侯区（总行；成都地区营业网点500余个）,confirmed,金融科技,,,搜索引擎公开检索|企业官网,成都农商银行官网招聘公告栏目,https://www.cdrcb.com/pin/zpdetail.htm?id=267,official_careers_page,企业官网自建招聘页,企业官网自建招聘页,official_company,是,true,A,是,,not_available,1,active,有效（当前有可见职位）,有效（当前有可见职位）,,direct_job_observed,direct_page_visit,official_active,200,200,,2026-09-26,https://www.cdrcb.com/pin/zpdetail.htm?id=267｜https://www.cdrcb.com/pin/zpdetail.htm?id=237,,官方招聘入口为企业官网自建页面；V1.4 修正轮统一口径,官网设招聘公告栏目（cdrcb.com/pin/zpdetail.htm?id=xxx）。2027年校园招聘公告报名时间为 2026年9月17日至10月25日（核验时处于开放期），岗位含分支行综合柜员岗（中心城区，90人）、分支行综合柜员岗（县市新城/异地机构，60人）等；网申系统为 cdrcb2027.zhaopin.com（智联招聘域名下的企业专属网申站，第三方托管，未作为官方入口计入）。本次未抽取「异地机构」岗位为成都岗位。,否（V1.4 存量）,
CD0143,143,四川银行股份有限公司,四川银行｜SCBANK,B,https://www.scbank.cn,是,四川省成都市（总行；已在成都等14个市州设立分行）,四川省,成都市,,四川省成都市（总行；已在成都等14个市州设立分行）,confirmed,金融科技,,,搜索引擎公开检索|企业官网,四川银行招聘系统（scbank.hotjob.cn）+ 官网招聘公告栏目,https://scbank.hotjob.cn/,official_ats_third_party_hosted,企业专属官方ATS,企业专属官方ATS,official_ats,是,true,A,否,,unknown,0,needs_manual_review,需人工复核,需人工复核,,manual_review_required,direct_page_visit|search_engine_evidence,manual_review,200,200,,2026-09-26,https://scbank.hotjob.cn/｜https://openbank.scbank.cn/cn/col323/4925258.html｜https://www.scbank.cn/cn/col323/3089625.html,,官方招聘入口为企业专属 ATS；V1.4 修正轮统一口径,四川省首家省级法人城商行，2020年11月成立，总行在成都。官网设招聘公告栏目（scbank.cn/cn/col323），社招/暑期实习网申系统为 scbank.hotjob.cn（企业专属、第三方托管）。本次直接访问 scbank.hotjob.cn 首页为前端渲染、无职位数据；2026年社招启事（8月）报名渠道指向智联招聘（第三方），故未抽取职位样本，需人工复核当前在招职位。,否（V1.4 存量）,
CD0144,144,国宝人寿保险股份有限公司,国宝人寿｜panda-assets,A,https://www.panda-assets.com,是,四川省成都市（总公司及四川分公司均在成都）,四川省,成都市,,四川省成都市（总公司及四川分公司均在成都）,confirmed,金融科技,,,搜索引擎公开检索|企业官网,国宝人寿官网人才招聘频道（panda-assets.com/Position）,https://www.panda-assets.com/Position,official_careers_page,企业官网自建招聘页,企业官网自建招聘页,official_company,是,true,A,是,,not_available,4,active,有效（当前有可见职位）,有效（当前有可见职位）,,direct_job_observed,direct_page_visit,official_active,200,200,,2026-09-26,https://www.panda-assets.com/Position｜https://www.panda-assets.com/Position/Detail/239｜https://www.panda-assets.com/Position/Detail/235｜http://panda-assets.com/Position/Detail/267｜http://panda-assets.com/Position/Detail/264,,官方招聘入口为企业官网自建页面；V1.4 修正轮统一口径,官网自建人才招聘频道，职位详情页形如 panda-assets.com/Position/Detail/{id}，页面字段明确「地点：成都」「部门」等，简历投递邮箱 recruit@panda-assets.com。本次直接访问频道首页仅返回薪酬福利/工作环境介绍，职位条目由详情页直接确认。其中「四川分公司办公室(组织人事部)IT支持兼综合管理岗」第一批简历接收截止 2026-03-06，「总公司投资业务部运营保障室负责人」报名时间为 2025-12-05 至 2025-12-15，均已过期，抽取时已标注。,否（V1.4 存量）,
CD0145,145,成都星合互娱科技有限公司,星合互娱｜STAR UNION｜staruniongame,A,https://www.staruniongame.com,是,中国成都市天府新区祥鹤四街418号中海财富中心（官网「加入我们」页披露公司地址）,四川省,成都市,天府新区,中国成都市天府新区祥鹤四街418号中海财富中心（官网「加入我们」页披露公司地址）,confirmed,游戏,,,搜索引擎公开检索|企业官网,加入我们（staruniongame.com/cn/join）,https://www.staruniongame.com/cn/join,official_careers_page,企业官网自建招聘页,企业官网自建招聘页,official_company,是,true,A,是,,not_available,5,active,有效（当前有可见职位）,有效（当前有可见职位）,,direct_job_observed,direct_page_visit,official_active,200,200,,2026-09-26,https://www.staruniongame.com/cn/join｜https://www.staruniongame.com/en/join｜https://www.staruniongame.com/cn/about,,官方招聘入口为企业官网自建页面；V1.4 修正轮统一口径,出海 SLG 游戏公司（2019年成立，三七互娱天使轮投资）。官网中英文站均设「加入我们」栏目并按「职位名称/职位类别/工作地点/招聘类型」列表展示岗位，工作地明确为成都、招聘类型为社会招聘。本次直接抓取该页为前端渲染（仅返回导航），职位名称与工作地取自检索结果对该官方页面正文的收录内容，建议在浏览器端复核。,否（V1.4 存量）,
CD0146,146,成都力比科技有限公司,力比科技｜Libii,A,https://libii.cn,是,成都市高新区（工商登记地址：中国(四川)自由贸易试验区成都高新区府城大道西段399号9栋4层2号；官网未在页面披露地址）,四川省,成都市,高新区,成都市高新区（工商登记地址：中国(四川)自由贸易试验区成都高新区府城大道西段399号9栋4层2号；官网未在页面披露地址）,confirmed,游戏,,,搜索引擎公开检索|企业官网,当前诚聘（libii.cn 招聘页）,https://libii.cn/?page_id=225,official_careers_page,企业官网自建招聘页,企业官网自建招聘页,official_company,是,true,A,是,4,confirmed,4,active,有效（当前有可见职位）,有效（当前有可见职位）,,direct_job_observed,direct_page_visit,official_active,200,200,,2026-09-26,https://libii.cn/?page_id=225｜https://libii.cn?lang=en&page_id=225/｜https://libii.cn,,官方招聘入口为企业官网自建页面；V1.4 修正轮统一口径,休闲/女性向手游研发公司（2012年成立，产品含「瞬搭SuitU」「剪纸公主的冰雪世界」「时尚幻想」）。官网招聘页「当前诚聘!」列出 4 个在招职位及招聘人数（各1名），英文版为 https://libii.cn?lang=en&page_id=225/。页面未逐条标注工作城市，成都归属为推定（location_confidence=inferred）。,否（V1.4 存量）,
CD0147,147,成都士兰半导体制造有限公司,成都士兰｜士兰微成都｜Silan Chengdu,A,https://www.silan.com.cn/,是,四川省成都市金堂县淮口街道成阿工业园区士芯路9号,四川省,成都市,金堂县,四川省成都市金堂县淮口街道成阿工业园区士芯路9号,confirmed,半导体与集成电路,,,搜索引擎公开检索|企业官网,人才招聘-校园招聘-校招岗位,https://www.silan.com.cn/index.php/about/post.html,group_unified_recruitment,集团统一招聘平台,集团统一招聘平台,group_career_site,是,true,A,是,,not_available,1,active,有效（当前有可见职位）,有效（当前有可见职位）,,direct_job_observed,direct_page_visit,official_active,200,200,,2026-09-26,https://www.silan.com.cn/index.php/about/post.html｜https://www.silan.com.cn/index.php/about/joindetails/280.html,,官方招聘入口为集团统一招聘平台；V1.4 修正轮统一口径,集团统一招聘。本次仅在校招岗位表中检索到 1 个明确含成都的岗位；社会招聘另见 silan.com.cn/index.php/about/social.html（本次未抓取到职位明细）。成都主体为生产制造基地（外延片、功率模块封测），社招岗位多经第三方平台与现场直招发布。,否（V1.4 存量）,
CD0149,149,成都芯源系统有限公司,芯源系统｜MPS｜Monolithic Power Systems｜MPS成都,B,https://www.monolithicpower.com,是,四川省成都市高新西区综合保税区科新路8号,四川省,成都市,高新西区,四川省成都市高新西区综合保税区科新路8号,confirmed,半导体与集成电路,,,搜索引擎公开检索|企业官网,Careers - Job Listings,https://www.monolithicpower.com/en/about-mps/careers/job-listings.html,official_careers_page,企业官网自建招聘页,企业官网自建招聘页,official_company,是,true,A,是,,unknown,0,needs_manual_review,需人工复核,需人工复核,,manual_review_required,direct_page_visit|search_engine_evidence,manual_review,200,200,,2026-09-26,https://www.monolithicpower.com/en/about-mps/careers/job-listings.html,,官方招聘入口为企业官网自建页面；V1.4 修正轮统一口径,全球招聘门户职位列表页为 JS 动态加载，本次静态抓取未返回任何职位明细（/careers/home、/careers/2026-campus-recruitment 均返回 404）；校招网申另经 xz.51job.com/mps/（第三方，未计入）。需人工在门户按 Chengdu 检索补录职位。,否（V1.4 存量）,
CD0150,150,四川赛狄信息技术股份公司,赛狄｜SDRISING｜四川赛狄,A,https://www.sdrising.com/,是,四川省成都市高新区西区新创路2号,四川省,成都市,高新区,四川省成都市高新区西区新创路2号,confirmed,电子信息制造,,,搜索引擎公开检索|企业官网,赛狄招聘-社会招聘,https://www.sdrising.com/category/topic-5,official_careers_page,企业官网自建招聘页,企业官网自建招聘页,official_company,是,true,A,是,,not_available,6,active,有效（当前有可见职位）,有效（当前有可见职位）,,direct_job_observed,direct_page_visit,official_active,200,200,,2026-09-26,https://www.sdrising.com/｜https://www.sdrising.com/category/topic-5｜https://sdrising.com/content/content-473,,官方招聘入口为企业官网自建页面；V1.4 修正轮统一口径,军工电子信息装备硬件系统配套企业（国家级专精特新小巨人）。职位详情页部分标注「成都」或「成都、西安」；未标注城市的职位按公司唯一经营地成都高新西区推定。官网另注明应聘方式含 BOSS直聘/智联/前程无忧（第三方，未计入）。,否（V1.4 存量）,
CD0151,151,成都运达科技股份有限公司,运达科技｜YUNDA｜300440,A,https://www.yd-tec.com,是,四川省成都市郫都区（运达科技总部及产业园）,四川省,成都市,郫都区,四川省成都市郫都区（运达科技总部及产业园）,confirmed,智能制造与装备,,,搜索引擎公开检索|企业官网,加入我们-人才招聘,https://www.yd-tec.com/job.html,official_careers_page,企业官网自建招聘页,企业官网自建招聘页,official_company,是,true,A,是,,not_available,6,active,有效（当前有可见职位）,有效（当前有可见职位）,,direct_job_observed,direct_page_visit,official_active,200,200,,2026-09-26,https://www.yd-tec.com/job.html｜https://www.yd-tec.com/jobinfo/495242729945563136.html,,官方招聘入口为企业官网自建页面；V1.4 修正轮统一口径,轨道交通智能系统供应商。官网人才招聘页未逐条标注工作地点，按公司总部/主要办公地成都郫都区推定；首页另公示「运达科技2027届校园招聘正式启动」。,否（V1.4 存量）,
CD0152,152,成都天箭科技股份有限公司,天箭科技｜TJIAN｜002977,A,https://www.tjian.com.cn,是,四川省成都市锦江区（另成华区华盛路58号35栋）,四川省,成都市,锦江区,四川省成都市锦江区（另成华区华盛路58号35栋）,confirmed,电子信息制造,,,搜索引擎公开检索|企业官网,加入我们 JOIN US,https://www.tjian.com.cn/join/default.html,official_careers_page,企业官网自建招聘页,企业官网自建招聘页,official_company,是,true,A,是,2,confirmed,2,active,有效（当前有可见职位）,有效（当前有可见职位）,,direct_job_observed,direct_page_visit,official_active,200,200,,2026-09-26,https://www.tjian.com.cn/join/default.html｜https://www.tjian.com.cn/en/enjoin/default.html,,官方招聘入口为企业官网自建页面；V1.4 修正轮统一口径,官网主体显示为「天箭科技」，主营 MEMS 惯性传感与导航探测方向；与上市公司成都天箭科技股份有限公司（002977）的主体对应关系需人工复核。社招岗位另有智联招聘/前程无忧渠道（第三方，未计入）。,否（V1.4 存量）,
CD0153,153,成都奕成科技股份有限公司,成都奕成集成电路有限公司｜奕成科技｜echint｜奕斯伟生态,B,,否,四川省成都市高新西区,四川省,成都市,高新西区,四川省成都市高新西区,confirmed,半导体与集成电路,,,搜索引擎公开检索|企业官网,2027届校园招聘网申（北森 zhiye 企业专属门户）,https://echint.zhiye.com/campus/jobs,official_ats_third_party_hosted,企业专属官方ATS,企业专属官方ATS,official_ats,是,true,A,是,,unknown,0,needs_manual_review,需人工复核,需人工复核,,manual_review_required,direct_page_visit|search_engine_evidence,manual_review,,200,,2026-09-26,https://echint.zhiye.com/campus/jobs,,官方招聘入口为企业专属 ATS；V1.4 修正轮统一口径,本次静态抓取 echint.zhiye.com/campus/jobs 仅返回登录/搜索框架，未取到职位列表与详情链接，故未抽取职位样本。校招公告所列 16 个岗位（版图设计、封装设计、仿真、工艺设备、测试、良率等）来自第三方校招资讯平台转载，未计入官方职位。工商全称可能为「成都奕成集成电路有限公司」，需人工复核。,否（V1.4 存量）,
CD0154,154,晶艺半导体有限公司,晶艺半导体｜LatticeArt,B,http://latticeart.com,是,四川省成都市高新区天府大道北段1777号7栋NIC国创中心1单元15层,四川省,成都市,高新区,四川省成都市高新区天府大道北段1777号7栋NIC国创中心1单元15层,confirmed,半导体与集成电路,,,搜索引擎公开检索|企业官网,人才招聘,http://latticeart.com/page.php?id=5,official_careers_page,企业官网自建招聘页,企业官网自建招聘页,official_company,是,true,A,否,,not_available,0,accessible_no_job,入口可访问但暂无职位,入口可访问但暂无职位,,manual_review_required,direct_page_visit|search_engine_evidence,unavailable_or_no_job,200,200,,2026-09-26,http://latticeart.com/page.php?id=5,,官方招聘入口为企业官网自建页面；V1.4 修正轮统一口径,官网人才招聘页未列出任何职位明细，仅引导至前程无忧企业页（jobs.51job.com/all/co5807709.html，第三方，未计入）或邮箱投递，故记为「入口可访问但官网无职位」。2027 届校招岗位（模拟IC设计工程师、应用工程师（电机）等，工作地成都）来自高校就业网转载的企业简章，需人工在官网核实。,否（V1.4 存量）,
CD0156,156,成都盟升电子技术股份有限公司,盟升电子｜MENGSHENG｜688311,A,https://www.microwave-signal.com,是,四川省成都市天府新区兴隆街道桐子咀南街350号,四川省,成都市,天府新区,四川省成都市天府新区兴隆街道桐子咀南街350号,confirmed,通信与网络设备,,,搜索引擎公开检索|企业官网,社会招聘,https://www.microwave-signal.com/join.aspx?t=53,official_careers_page,企业官网自建招聘页,企业官网自建招聘页,official_company,是,true,A,是,11,confirmed,11,active,有效（当前有可见职位）,有效（当前有可见职位）,,direct_job_observed,direct_page_visit,official_active,200,200,,2026-09-26,https://www.microwave-signal.com/join.aspx?t=53｜https://www.microwave-signal.com/join_detail.aspx?t=53&ContentId=1033,,官方招聘入口为企业官网自建页面；V1.4 修正轮统一口径,官网社招列表页未逐条标注工作地点，按公司总部（成都天府新区）推定；抽查的「射频工程师」详情页显示发布时间 2023.09.04，社招列表时效需人工复核。校招另有 mshr@microwave-signal.com 邮箱投递。,否（V1.4 存量）,
CD0157,157,成都亚光电子股份有限公司,成都亚光｜亚光科技集团｜970厂,B,https://www.ygkjgroup.com,是,四川省成都市成华区东虹路66号,四川省,成都市,成华区,四川省成都市成华区东虹路66号,confirmed,半导体与集成电路,,,搜索引擎公开检索|企业官网,人才招聘,https://www.ygkjgroup.com/about/2.html,group_unified_recruitment,集团统一招聘平台,集团统一招聘平台,group_career_site,是,true,A,是,5,confirmed,5,needs_manual_review,需人工复核,需人工复核,,direct_job_observed,direct_page_visit,manual_review,200,200,,2026-09-26,https://www.ygkjgroup.com/about/2.html｜https://www.ygkjgroup.com/about/show-191.html｜https://www.ygkjgroup.com/about/show-240.html,,官方招聘入口为集团统一招聘平台；V1.4 修正轮统一口径,集团统一招聘（母公司亚光科技集团股份有限公司 300123）。官网招聘页所列 5 个职位发布日期均为 2023-02，未见更新，是否仍有效需人工复核。成都主体公开在招职位多见于智联招聘等第三方平台（未计入官方来源）。,否（V1.4 存量）,
CD0158,158,迈普通信技术股份有限公司,迈普｜maipu｜中国电子CEC旗下,A,https://www.maipu.cn,是,四川省成都市高新区（迈普总部及主要研发基地）,四川省,成都市,高新区,四川省成都市高新区（迈普总部及主要研发基地）,confirmed,通信与网络设备,,,搜索引擎公开检索|企业官网,迈普招聘-2027届校园招聘网申（Moka）,https://app.mokahr.com/campus-recruitment/maipu/45544,official_ats_third_party_hosted,企业专属官方ATS,企业专属官方ATS,official_ats,是,true,A,是,8,confirmed,0,active,有效（当前有可见职位）,有效（当前有可见职位）,,listing_count_observed,direct_page_visit|search_engine_evidence,official_active,200,302,,2026-09-26,https://app.mokahr.com/campus-recruitment/maipu/45544｜https://www.maipu.cn,,官方招聘入口为企业专属 ATS；V1.4 修正轮统一口径,Moka 网申页仅渲染职位类别与数量，静态抓取未返回具体职位名称与城市，故本次未抽取职位样本。另有北森托管门户 maipu.zhiye.com（本次访问返回 Not Found）与微信公众号「迈普招聘」。,否（V1.4 存量）,
CD0159,159,成都佳驰电子科技股份有限公司,佳驰科技｜688708｜CDJC,A,https://www.cdjc.com.cn,是,四川省成都市郫都区德源街道文明街西段288号,四川省,成都市,郫都区,四川省成都市郫都区德源街道文明街西段288号,confirmed,新材料,,,搜索引擎公开检索|企业官网,人才招聘-招贤纳士,https://www.cdjc.com.cn/joinus,official_careers_page,企业官网自建招聘页,企业官网自建招聘页,official_company,是,true,A,是,,not_available,8,active,有效（当前有可见职位）,有效（当前有可见职位）,,direct_job_observed,direct_page_visit,official_active,200,200,,2026-09-26,https://www.cdjc.com.cn/joinus｜https://www.cdjc.com.cn,,官方招聘入口为企业官网自建页面；V1.4 修正轮统一口径,官网 joinus 页面职位区由 JS 渲染，静态抓取仅取到人才理念部分；职位名称与「成都」标注取自该官方页面在检索结果中的可见快照，职位详情页由网申通道（智联校园 xiaoyuan.zhaopin.com，第三方）承载，故 url_type 记为 listing_page。,否（V1.4 存量）,
CD0160,160,成都储翰科技股份有限公司,储翰科技｜TSUHAN｜中际旭创控股,A,http://www.tsuhan.cn,是,四川省成都市双流区黄甲街道牧科路8号,四川省,成都市,双流区,四川省成都市双流区黄甲街道牧科路8号,confirmed,通信与网络设备,,,搜索引擎公开检索|企业官网,加入我们 JOIN US,http://www.tsuhan.cn/design/5.html,official_careers_page,企业官网自建招聘页,企业官网自建招聘页,official_company,是,true,A,是,5,confirmed,5,active,有效（当前有可见职位）,有效（当前有可见职位）,,direct_job_observed,direct_page_visit,official_active,200,200,,2026-09-26,http://www.tsuhan.cn/design/5.html,,官方招聘入口为企业官网自建页面；V1.4 修正轮统一口径,官网 tsuhan.cn 本次 HTTPS 抓取失败（fetch failed），职位列表与地址取自该官方页面在检索结果中的可见快照，官网可达性标记为未验证。公司为单基地经营（双流黄甲），职位工作地点按公司地址推定。,否（V1.4 存量）,
CD0161,161,四川光恒通信技术有限公司,光恒通信｜Sunstar｜长飞光纤控股,A,https://www.cnsunstar.com/,是,四川省成都市高新西区西区大道199号成都模具工业园D1栋四楼,四川省,成都市,高新西区,四川省成都市高新西区西区大道199号成都模具工业园D1栋四楼,confirmed,通信与网络设备,,,搜索引擎公开检索|企业官网,加入我们,https://www.cnsunstar.com/join.html?t=2,official_careers_page,企业官网自建招聘页,企业官网自建招聘页,official_company,是,true,A,是,3,confirmed,3,active,有效（当前有可见职位）,有效（当前有可见职位）,,direct_job_observed,direct_page_visit,official_active,200,200,,2026-09-26,https://www.cnsunstar.com/join.html?t=2｜https://www.cnsunstar.com/,,官方招聘入口为企业官网自建页面；V1.4 修正轮统一口径,职位页未逐条标注工作地点，按公司唯一生产经营地（成都高新西区）推定。公司为长飞光纤（601869.SH）控股子公司，主营光器件/高速光模块。,否（V1.4 存量）,
CD0162,162,成都卡诺普机器人技术股份有限公司,卡诺普｜CRP ROBOT｜卡诺普机器人,A,https://www.crprobot.com,是,四川省成都市成华区华月路188号,四川省,成都市,成华区,四川省成都市成华区华月路188号,confirmed,智能制造与装备,,,搜索引擎公开检索|企业官网,人才招聘,https://crprobot.com/c/zhaopin.html,official_careers_page,企业官网自建招聘页,企业官网自建招聘页,official_company,是,true,A,是,3,confirmed,2,active,有效（当前有可见职位）,有效（当前有可见职位）,,direct_job_observed,direct_page_visit,official_active,200,200,,2026-09-26,https://crprobot.com/c/zhaopin.html｜https://www.crprobot.com/c/contact.html｜https://www.crprobot.com/d/tongzhigonggao/152.html,,官方招聘入口为企业官网自建页面；V1.4 修正轮统一口径,官网 2026-08-28 发布《关于近期不法分子冒用我司名义进行虚假招聘的严正声明》，确认官方招聘渠道为公司官网 www.crprobot.com 及官方认证平台账号；页面另注明「简历投递请前往BOSS直聘和前程无忧搜索卡诺普」（第三方，未计入）。「华东技术工程师」明显为华东岗位，未作为成都职位抽取。职位页未逐条标注城市，按总部成都成华区推定。,否（V1.4 存量）,
CD0163,163,成都智明达电子股份有限公司,智明达｜ZMD｜688636,B,http://www.zmdde.com,是,四川省成都市青羊区敬业路108号T1栋（青羊工业总部基地T区1栋）,四川省,成都市,青羊区,四川省成都市青羊区敬业路108号T1栋（青羊工业总部基地T区1栋）,confirmed,电子信息制造,,,搜索引擎公开检索|企业官网,人才招聘 / 招聘公告,http://www.zmdde.com/,official_careers_page,企业官网自建招聘页,企业官网自建招聘页,official_company,是,true,A,是,,unknown,0,needs_manual_review,需人工复核,需人工复核,,manual_review_required,direct_page_visit|search_engine_evidence,manual_review,200,200,,2026-09-26,http://www.zmdde.com/,,官方招聘入口为企业官网自建页面；V1.4 修正轮统一口径,官网 zmdde.com 本次 HTTPS 直接抓取失败（fetch failed），未能定位到人才招聘/招聘公告子页 URL 与在线职位列表，招聘入口 URL 暂记官网首页，需人工补全具体栏目地址与在招职位。,否（V1.4 存量）,
CD0164,164,成都蓉生药业有限责任公司,国药天坛蓉生｜蓉生药业｜天坛生物核心子公司,A,https://www.ronsen.com,是,成都市高新区起步园科园南路7号（招聘公告联系地址：成都市双流区菁园路280号）,四川省,成都市,高新区,成都市高新区起步园科园南路7号（招聘公告联系地址：成都市双流区菁园路280号）,confirmed,生物医药,,,搜索引擎公开检索|企业官网,人才招聘,https://www.ronsen.com/list-45-1.html,official_careers_page,企业官网自建招聘页,企业官网自建招聘页,official_company,是,true,A,是,,not_available,1,active,有效（当前有可见职位）,有效（当前有可见职位）,,direct_job_observed,direct_page_visit,official_active,200,200,,2026-09-26,https://www.ronsen.com/list-45-1.html｜https://www.ronsen.com,,官方招聘入口为企业官网自建页面；V1.4 修正轮统一口径,已直接访问官网人才招聘页，当前仅1条公开招聘信息（2026年度博士后），发布日期2026.1.21，报名截止2026-03-31。列表页无独立详情链接，职位URL沿用列表页。,否（V1.4 存量）,
CD0165,165,海思科医药集团股份有限公司（四川海思科制药有限公司）,海思科｜Haisco｜002653｜四川海思科制药,A,https://www.haisco.com,是,成都市温江区海峡两岸科技产业开发园百利路136号,四川省,成都市,温江区,成都市温江区海峡两岸科技产业开发园百利路136号,confirmed,生物医药,,,搜索引擎公开检索|企业官网,人才招聘（社招 ATS：海思科招聘官网）,https://wecruit.hotjob.cn/SU6663b85a1eb8051cd22556e3/pb/social.html,official_ats_third_party_hosted,企业专属官方ATS,企业专属官方ATS,official_ats,是,true,A,是,93,confirmed,8,active,有效（当前有可见职位）,有效（当前有可见职位）,,direct_job_observed,direct_page_visit,official_active,200,200,,2026-09-26,https://wecruit.hotjob.cn/SU6663b85a1eb8051cd22556e3/pb/social.html｜https://www.haisco.com/recruitment.html｜https://www.haisco.com,,官方招聘入口为企业专属 ATS；V1.4 修正轮统一口径,已直接访问企业专属社招 ATS，页面显示「在招职位 93 个」，其中多条工作地点为成都市/成都市-温江区，更新日期 2026-07 至 2026-09。列表页未给出独立详情URL，职位URL沿用列表页。集团校招另走 haisco.gllue.com（大易）。,否（V1.4 存量）,
CD0166,166,成都美富特环保产业股份有限公司,美富特环保｜美富特膜环保｜MFT,A,https://www.mft-cn.com,是,成都市金牛区金科北路48号5楼（生产基地：成都金堂淮口）,四川省,成都市,金牛区,成都市金牛区金科北路48号5楼（生产基地：成都金堂淮口）,confirmed,新材料,,,搜索引擎公开检索|企业官网,加入我们（招聘信息）,http://mft-cn.com/join/68.html,official_careers_page,企业官网自建招聘页,企业官网自建招聘页,official_company,是,true,A,是,,not_available,6,active,有效（当前有可见职位）,有效（当前有可见职位）,,direct_job_observed,direct_page_visit,official_active,200,200,,2026-09-26,http://mft-cn.com/join/68.html｜https://www.mft-cn.com/news/detail/223.html,,官方招聘入口为企业官网自建页面；V1.4 修正轮统一口径,主营膜材料与水处理装备（膜技术方向，归为新材料）。已直接访问官网招聘页，共17条职位，抽取工作地址明确为成都/金堂的6条；其余标注「全国」「川渝」「上海、川渝」的未抽取。页面无独立详情链接，职位URL沿用列表页。部分职位发布日期为2025年，页面当前仍可见。,否（V1.4 存量）,
CD0167,167,中创新航科技（成都）有限公司,中创新航成都｜CALB Chengdu｜中航锂电成都,A,http://www.calb-tech.com,是,四川省成都经济技术开发区（龙泉驿区）大面街道成龙大道二段888号,四川省,成都市,龙泉驿区,四川省成都经济技术开发区（龙泉驿区）大面街道成龙大道二段888号,confirmed,新能源,,,搜索引擎公开检索|企业官网,中创新航招聘（企业专属ATS）·社会招聘,https://calbjs.zhiye.com/social/jobs,official_ats_third_party_hosted,企业专属官方ATS,企业专属官方ATS,official_ats,是,true,A,是,,not_available,2,active,有效（当前有可见职位）,有效（当前有可见职位）,,direct_job_observed,direct_page_visit,official_active,200,200,,2026-09-26,https://calbjs.zhiye.com/social/jobs｜https://calbjs.zhiye.com/｜https://cd.sc91.org.cn/app/home/jobdetail/2985410.shtml?comptype=1&post_id=1034626,,官方招聘入口为企业专属 ATS；V1.4 修正轮统一口径,已直接访问社招职位列表，共20条职位，其中2条工作地点含四川省·成都市；同页自贡市、眉山市职位未抽取。校招频道 /campus/jobs 当前返回「暂时没有符合条件的职位」。列表页职位「查看详情」为JS动作链接，职位URL沿用列表页。,否（V1.4 存量）,
CD0168,168,成都威力生生物科技有限公司,威力生生物｜Wesley Biotech,B,http://www.china-wls.com,是,成都市高新区科园南路88号天府生命科技园B6幢,四川省,成都市,高新区,成都市高新区科园南路88号天府生命科技园B6幢,confirmed,医疗器械,,,搜索引擎公开检索|企业官网,社会招聘,http://www.china-wls.com/jobs/1.html,official_careers_page,企业官网自建招聘页,企业官网自建招聘页,official_company,是,true,A,否,,unknown,0,needs_manual_review,需人工复核,需人工复核,,manual_review_required,direct_page_visit|search_engine_evidence,manual_review,200,200,,2026-09-26,http://www.china-wls.com/jobs/1.html｜http://www.china-wls.com,,官方招聘入口为企业官网自建页面；V1.4 修正轮统一口径,血液净化设备（三类医疗器械）企业。官网社会招聘页可访问、职位条目工作地写「四川省成都市高新区」，但职位名称在静态页中缺失（模板未渲染），无法取得确切职位名，故未抽取职位样本，需人工复核。,否（V1.4 存量）,
CD0169,169,成都华神科技集团股份有限公司,华神科技｜000790｜成都中医药大学华神药业,A,http://www.huasungrp.com,是,四川省成都市武侯区（华神科技集团总部）,四川省,成都市,武侯区,四川省成都市武侯区（华神科技集团总部）,confirmed,生物医药,,,搜索引擎公开检索|企业官网,加入我们-社会招聘,https://oa.huasungrp.com/html/web/jiaruwomen/shehuizhaopin/2045025333799936001.html,official_careers_page,企业官网自建招聘页,企业官网自建招聘页,official_company,是,true,A,是,,not_available,1,active,有效（当前有可见职位）,有效（当前有可见职位）,,direct_job_observed,direct_page_visit,official_active,200,200,,2026-09-26,https://oa.huasungrp.com/html/web/jiaruwomen/shehuizhaopin/2045025333799936001.html,,官方招聘入口为企业官网自建页面；V1.4 修正轮统一口径,已直接访问该职位详情页（综合QA，发布时间2026年04月17日，带职位ID的可直达URL）。页面「地点」字段为空，工作地按公司成都总部推定（location_confidence=inferred）。社会招聘列表页 URL 未抓取成功（资源不存在），建议人工补全。官网主域 www.huasungrp.com 本次未直接访问验证。,否（V1.4 存量）,
CD0170,170,成都威特电喷有限责任公司,威特电喷｜cdwit｜成飞集团全资子公司,B,http://www.cdwit.com,是,成都市高新区西源大道84号,四川省,成都市,高新区,成都市高新区西源大道84号,confirmed,智能制造与装备,,,搜索引擎公开检索|企业官网,人力资源-人才招聘,http://www.cdwit.com/rlzy.html,official_careers_page,企业官网自建招聘页,企业官网自建招聘页,official_company,是,true,A,否,,not_available,0,active,有效（当前有可见职位）,有效（当前有可见职位）,,listing_count_observed,direct_page_visit|search_engine_evidence,official_active,200,200,,2026-09-26,http://www.cdwit.com/rlzy.html｜http://www.cdwit.com,,官方招聘入口为企业官网自建页面；V1.4 修正轮统一口径,官网人才招聘页可见职位表格（客户经理、高级运营经理等），但表格未设置工作地点列，且部分岗位描述与企业主营（柴油电喷/汽车电子）不符、疑似模板未更新，故未抽取职位样本，成都岗位需人工复核。,否（V1.4 存量）,
CD0171,171,中自科技股份有限公司,中自科技｜Sinocat｜688737｜成都中自,A,https://www.sinocat.com.cn,是,四川省成都高新西区古楠街88号（另成都高新区安泰五路66号安泰园区）,四川省,成都市,高新区,四川省成都高新西区古楠街88号（另成都高新区安泰五路66号安泰园区）,confirmed,新材料,,,搜索引擎公开检索|企业官网,加入中自（招聘信息）,http://m.sinocat.com.cn/692830.html,official_careers_page,企业官网自建招聘页,企业官网自建招聘页,official_company,是,true,A,是,,not_available,8,active,有效（当前有可见职位）,有效（当前有可见职位）,,direct_job_observed,direct_page_visit,official_active,200,200,,2026-09-26,http://m.sinocat.com.cn/692830.html｜http://m.sinocat.com.cn/blog/_968537_379482.html｜https://www.sinocat.com.cn,,官方招聘入口为企业官网自建页面；V1.4 修正轮统一口径,科创板上市企业（688737），催化剂/储能/氢能新材料方向。已直接访问职位详情页（后端开发工程师（云平台），发布时间2025-06-05，带职位ID的可直达URL）。页面未单列工作地点字段，工作地按公司成都地址推定（location_confidence=inferred）。,否（V1.4 存量）,
CD0172,172,四川南格尔生物医学股份有限公司,南格尔生物｜南格尔｜Nigale,A,https://nigale.cn,是,成都市高新区盛安街401号1栋2单元9层,四川省,成都市,高新区,成都市高新区盛安街401号1栋2单元9层,confirmed,医疗器械,,,搜索引擎公开检索|企业官网,联系我们-招聘职位,https://nigale.cn/contact.html,official_careers_page,企业官网自建招聘页,企业官网自建招聘页,official_company,是,true,A,是,,not_available,1,active,有效（当前有可见职位）,有效（当前有可见职位）,,direct_job_observed,direct_page_visit,official_active,200,200,,2026-09-26,https://nigale.cn/contact.html｜https://nigale.cn,,官方招聘入口为企业官网自建页面；V1.4 修正轮统一口径,三类医用高分子材料及制品/体外循环及血液处理设备企业（2025年初由华润收购转为央企）。已直接访问官网招聘职位表，当前仅1条职位（制剂QA，2026-07-14，招4人，工作地点成都）。「查看详情」为JS动作，职位URL沿用列表页。,否（V1.4 存量）,
CD0173,173,四川新绿色药业科技发展有限公司,新绿色药业｜新绿色集团｜neo-gpt,B,https://www.xinlvyao.com,是,成都市金牛区天悦城中心15栋（新绿色集团总部）,四川省,成都市,金牛区,成都市金牛区天悦城中心15栋（新绿色集团总部）,confirmed,生物医药,,,搜索引擎公开检索|企业官网,招聘岗位,https://www.xinlvyao.com/index.php?m=content&c=index&a=lists&catid=31,official_careers_page,企业官网自建招聘页,企业官网自建招聘页,official_company,是,true,A,否,,not_available,0,active,有效（当前有可见职位）,有效（当前有可见职位）,,listing_count_observed,direct_page_visit|search_engine_evidence,official_active,200,200,,2026-09-26,https://www.xinlvyao.com/index.php?m=content&c=index&a=lists&catid=31｜http://trc.xinlvyao.com/index.php?m=content&c=index&a=lists&catid=63,,官方招聘入口为企业官网自建页面；V1.4 修正轮统一口径,已直接访问官网招聘岗位页，共8条在招职位（设备维护工程师、董事长秘书、市场专员、平面设计师、销售培训生、外贸专员、药房管理员等），但页面「工作地点」列统一标注为「全国」，未明确标注成都，按规则不抽取为成都职位。简历投递 hr@xinlvyao.com。,否（V1.4 存量）,
CD0174,174,成都百裕制药股份有限公司,百裕制药｜百裕集团｜银杏医药,A,https://en.baiyujituan.com,是,成都市温江区海峡两岸科技产业开发园（骑士大道三段安贤路433号/柳台大道西段436号）,四川省,成都市,温江区,成都市温江区海峡两岸科技产业开发园（骑士大道三段安贤路433号/柳台大道西段436号）,confirmed,生物医药,,,搜索引擎公开检索|企业官网,招贤纳士,https://en.baiyujituan.com/zhaoxiannashi/,official_careers_page,企业官网自建招聘页,企业官网自建招聘页,official_company,是,true,A,是,,not_available,2,active,有效（当前有可见职位）,有效（当前有可见职位）,,direct_job_observed,direct_page_visit,official_active,200,200,,2026-09-26,https://en.baiyujituan.com/zhaoxiannashi/｜https://en.baiyujituan.com/shzp/213.html｜https://en.baiyujituan.com/xyzp/214.html,,官方招聘入口为企业官网自建页面；V1.4 修正轮统一口径,已直接访问官网招贤纳士页，共3条职位：管培生（营销，全国）、新药化学研究员（成都天府生命科技园）、管培生（生产，成都温江区）。仅抽取明确标注成都的2条。页面给出可直达的职位详情页 URL。,否（V1.4 存量）,
CD0175,175,成都第一制药有限公司,成一药业｜成都第一制药｜成一,A,https://www.cddyyy.com,是,成都彭州天彭镇东三环路133号（另设成都第一制药原料药有限公司）,四川省,成都市,彭州市,成都彭州天彭镇东三环路133号（另设成都第一制药原料药有限公司）,confirmed,生物医药,,,搜索引擎公开检索|企业官网,加入我们,https://www.cddyyy.com/home/join/index?001324,official_careers_page,企业官网自建招聘页,企业官网自建招聘页,official_company,是,true,A,是,,not_available,3,active,有效（当前有可见职位）,有效（当前有可见职位）,,direct_job_observed,direct_page_visit,official_active,200,200,,2026-09-26,https://www.cddyyy.com/home/join/index?001324｜https://www.cddyyy.com/home/join/work_detail?work_id=53｜https://www.cddyyy.com/home/join/work_detail?work_id=52｜https://www.cddyyy.com/home/join/work_detail?work_id=51,,官方招聘入口为企业官网自建页面；V1.4 修正轮统一口径,已直接访问官网加入我们页，共5条职位，其中3条地点为成都彭州，另2条为北京、上海（未抽取）。页面提供带 work_id 的可直达详情页 URL。,否（V1.4 存量）,
CD0176,176,一汽丰田汽车（成都）有限公司,四川一汽丰田｜一汽丰田成都｜FAW Toyota Chengdu,B,http://www.sftm.com.cn,否,四川省成都市龙泉驿区经济技术开发区经开区南三路222号,四川省,成都市,龙泉驿区,四川省成都市龙泉驿区经济技术开发区经开区南三路222号,confirmed,智能制造与装备,,,搜索引擎公开检索|企业官网,中国一汽招聘（三地招聘-一汽丰田）,https://faw-zhaopin.hotjob.cn/positionList?recruitType=1&projectId=203201,group_unified_recruitment,集团统一招聘平台,集团统一招聘平台,group_career_site,是,true,A,是,,unknown,1,needs_manual_review,需人工复核,需人工复核,,direct_job_observed,direct_page_visit,manual_review,502,200,,2026-09-26,https://faw-zhaopin.hotjob.cn/positionList?recruitType=1&projectId=203201｜https://www.ncss.org.cn/student/jobs/XT6DCSNym6ereLGLkxpf7a/detail.html,,官方招聘入口为集团统一招聘平台；V1.4 修正轮统一口径,本次直接静态抓取该列表页返回「0个在招职位」（职位由JS动态加载），成都职位条目来自对官方招聘门户的检索快照（发布2025-09-29），故状态记为需人工复核。成都岗位为整车制造操作工类。校招另走 campus 通道。,否（V1.4 存量）,
CD0177,177,成都特隆美储能技术有限公司,特隆美储能｜Tecloman｜特隆美集团,A,http://www.tecloman.cn,是,四川省成都市新都区工业东区900号（集团总部）,四川省,成都市,新都区,四川省成都市新都区工业东区900号（集团总部）,confirmed,新能源,,,搜索引擎公开检索|企业官网,加入我们,http://www.tecloman.cn/join/,official_careers_page,企业官网自建招聘页,企业官网自建招聘页,official_company,是,true,A,是,,not_available,8,active,有效（当前有可见职位）,有效（当前有可见职位）,,direct_job_observed,direct_page_visit,official_active,200,200,,2026-09-26,http://www.tecloman.cn/join/｜https://www.tecloman.com/｜https://cdutjy.cdut.edu.cn/index/index/employdetail.html?data=MDAwMDAwMDAwMJG6n3_Ed6imi4qQtMOgppWKutCXxoi3i7igr7-BZHxnkLZ9i8WGpNOaaKLSxKCalom6mNs,,官方招聘入口为企业官网自建页面；V1.4 修正轮统一口径,官网 tecloman.cn/join/ 以 https 直接抓取失败（fetch failed），职位名称、类别与「成都」工作地点标注来自对该官方页面的检索结果快照，共12条职位，本次按上限抽取8条。页面无独立详情链接，职位URL沿用列表页。,否（V1.4 存量）,
CD0178,178,成都天台山制药股份有限公司,天台山制药｜cdttszy,A,https://www.cdttszy.com,是,四川省成都市邛崃市天兴大道88号,四川省,成都市,邛崃市,四川省成都市邛崃市天兴大道88号,confirmed,生物医药,,,搜索引擎公开检索|企业官网,人力资源-人才招聘（招聘公告）,https://www.cdttszy.com/personnel/recruit,official_careers_page,企业官网自建招聘页,企业官网自建招聘页,official_company,是,true,A,是,,not_available,5,active,有效（当前有可见职位）,有效（当前有可见职位）,,direct_job_observed,direct_page_visit,official_active,200,200,,2026-09-26,https://www.cdttszy.com/personnel/recruit｜https://cdttszy.com/personnel/recruit?page=2｜https://qionglai.gov.cn/qlsgzxxw/c150925/2026-07/02/content_e695f2509a9e43e090051c2f2630c795.shtml,,官方招聘入口为企业官网自建页面；V1.4 修正轮统一口径,已直接访问官网人才招聘页（含第1页5条、第2页多条），页面未逐条标注工作地，职位工作地按公司成都邛崃地址推定（location_confidence=inferred）。页面「立即申请」无独立详情URL，职位URL沿用列表页。,否（V1.4 存量）,
CD0179,179,四川顺丰速运有限公司,顺丰速运四川｜顺丰成都｜SF Express Sichuan,A,https://www.sf-express.com,是,四川省成都市成华区双林路251号十一科技广场B座8楼,四川省,成都市,成华区,四川省成都市成华区双林路251号十一科技广场B座8楼,confirmed,物流供应链,,,搜索引擎公开检索|企业官网,顺丰人才招聘系统-社会招聘,https://hr.sf-express.com/jobMainHandler/main/baseinfo.do,group_unified_recruitment,集团统一招聘平台,集团统一招聘平台,group_career_site,是,true,A,是,,not_available,1,active,有效（当前有可见职位）,有效（当前有可见职位）,,direct_job_observed,direct_page_visit,official_active,200,200,,2026-09-26,https://hr.sf-express.com/jobMainHandler/main/baseinfo.do｜https://crs-pub.sf-express.com/recruitcenter/?role=3｜https://job.sicau.edu.cn/employment/zpxx/znzp/znzp_info/index.html?id=256442,,官方招聘入口为集团统一招聘平台；V1.4 修正轮统一口径,集团统一招聘门户（企业自有域名）。社招职位列表中检索到明确标注「成都市」的岗位（产品经理，顺丰集团本部，2026-09-20）。列表页按城市排序，本次仅抽到1条成都职位。,否（V1.4 存量）,
CD0181,180,"EVS Tech Co., Ltd.",EVST / EVS Robotics,A,https://www.evsint.com/,是,四川省成都市金牛区金凤大道666号中国铁路工业园A区13号楼3单元5楼,四川省,成都市,金牛区,四川省成都市金牛区金凤大道666号中国铁路工业园A区13号楼3单元5楼,confirmed,智能制造与装备,页面未说明,EVS Tech 官网设中文招聘页，列出销售工程师、调试工程师 2 个职位，简历投递邮箱与公司地址在页面上公示。,企业官网,招聘（Recruitment）,https://www.evsint.com/zh-CN/recruitment/,official_careers_page,官网招聘页,官网招聘页,official_company,是,true,A,是,2,confirmed,2,active,有效（当前有可见职位）,有效（当前有可见职位）,公开招聘中,direct_job_observed,direct_page_visit,new_v14,200,200,2026-09-27,2026-09-27,https://www.evsint.com/zh-CN/recruitment/｜https://www.evsint.com/zh-CN/recruitment/｜https://www.evsint.com/,,官方招聘入口为企业官网/官方招聘系统；V1.4 修正轮统一口径（原值「A」）,,否（V1.4 存量）,未发现重复
CD0182,181,中国太平洋保险股份有限公司成都分公司,太平洋保险成都,B,https://www.cpic.com.cn/,是,页面未说明（招聘门户静态页未展示成都门牌地址）,四川省,成都市,,页面未说明（招聘门户静态页未展示成都门牌地址）,inferred,金融科技,页面未说明（中国太平洋保险集团旗下成都分支机构）,中国太平洋保险在成都设立的分支机构，通过集团人力资源管理系统开展社会招聘。,企业官网,集团2025版人力资源管理系统,https://hr.cpic.com.cn/,group_careers_platform,集团招聘平台,集团招聘平台,official_company,是,true,A,否,,not_available,0,empty_but_accessible,入口可访问但暂无职位,入口可访问但暂无职位,页面存在但状态不明确,entry_only,direct_page_visit,new_v14,200,403,2026-09-27,2026-09-27,https://hr.cpic.com.cn/｜https://hr.cpic.com.cn/｜https://www.cpic.com.cn/,,官方招聘入口为企业官网/官方招聘系统；V1.4 修正轮统一口径（原值「A」）,2026-09-28 入口复测：hr.cpic.com.cn 返回 403（反爬拦截），浏览器人工核验待做,否（V1.4 存量）,未发现重复
CD0183,182,中国电力工程顾问集团成都电力勘测设计研究院有限公司,中国电建成都院,B,http://www.chidi.com.cn/,是,页面未说明,四川省,成都市,,页面未说明,inferred,建筑与工程,中国电建下属勘测设计企业；页面未说明,中国电建旗下电力勘测设计研究院，承担电力工程勘察设计与技术咨询。,企业官网,人员招聘（栏目页）,http://www.chidi.com.cn/col/col6871/index.html,official_careers_page,官网招聘页,官网招聘页,official_company,是,true,A,否,,not_available,0,empty_but_accessible,入口可访问但暂无职位,入口可访问但暂无职位,页面存在但状态不明确,entry_only,direct_page_visit,new_v14,200,200,2026-09-27,2026-09-27,http://www.chidi.com.cn/col/col6871/index.html｜http://www.chidi.com.cn/col/col6871/index.html｜http://www.chidi.com.cn/,,官方招聘入口为企业官网/官方招聘系统；V1.4 修正轮统一口径（原值「A」）,,否（V1.4 存量）,未发现重复
CD0184,183,中国重汽集团成都王牌商用车有限公司,重汽王牌,A,https://cdw.sinotruk.com/,是,成都市青白江区弥牟镇长城路8号,四川省,成都市,青白江区,成都市青白江区弥牟镇长城路8号,confirmed,智能制造与装备,国有控股（中国重汽集团成员企业）,中国重汽集团成都王牌商用车有限公司官网设「加入我们」栏目，2026-02-25 发布社会招聘公告，明确 5 个招聘岗位及报名网址。,企业官网,加入我们-招聘信息（2026社会招聘公告）,https://cdw.sinotruk.com/cdwp/2024-04/08/article_2026031616585338045.html,official_careers_page,官网招聘页,官网招聘页,official_company,是,true,A,是,5,confirmed,8,active,有效（当前有可见职位）,有效（当前有可见职位）,公开招聘中,direct_job_observed,direct_page_visit,new_v14,200,200,2026-09-27,2026-09-27,https://cdw.sinotruk.com/cdwp/2024-04/08/article_2026031616585338045.html｜https://cdw.sinotruk.com/cdwp/2024-04/08/article_2026031616585338045.html｜https://cdw.sinotruk.com/,,官方招聘入口为企业官网/官方招聘系统；V1.4 修正轮统一口径（原值「A」）,,否（V1.4 存量）,未发现重复
CD0185,184,中通快递股份有限公司,中通快递,B,https://www.zto.com/,是,页面未说明,四川省,成都市,,页面未说明,inferred,物流供应链,上市公司,页面未说明,集团官方招聘平台,招聘官网（集团招聘平台）,https://zhaopin.zto.com/,group_careers_platform,集团官方招聘平台,集团招聘平台,official_company,是,true,A,否,,not_available,0,empty_but_accessible,入口可访问但暂无职位,入口可访问但暂无职位,页面存在但状态不明确,entry_only,direct_page_visit,new_v14,200,200,2026-09-27,2026-09-27,https://zhaopin.zto.com/｜https://zhaopin.zto.com/｜https://www.zto.com/,,官方招聘入口为企业官网/官方招聘系统；V1.4 修正轮统一口径（原值「A」）,,否（V1.4 存量）,未发现重复
CD0186,185,中铁二院工程集团有限责任公司,中铁二院,A,https://www.creegc.com/,是,金牛区通锦路3号,四川省,成都市,金牛区,四川省成都市金牛区通锦路3号,official_page_2026-09-28,建筑与工程,中央企业二级单位（股份公司动态栏发布招聘公告）,以交通建设为核心的跨行业工程公司，提供工程建设全周期服务。,企业官网,新闻中心-企业招聘公告,https://www.creegc.com/tabid/83/InfoID/5562/frtid/40/Default.aspx,official_careers_page,官网招聘页,官网招聘页,official_company,是,true,A,是,5,confirmed,5,active,有效（当前有可见职位）,有效（当前有可见职位）,公开招聘中,direct_job_observed,direct_page_visit,new_v14,200,200,2026-09-27,2026-09-27,https://www.creegc.com/tabid/83/InfoID/5562/frtid/40/Default.aspx｜https://www.creegc.com/tabid/83/InfoID/5562/frtid/40/Default.aspx｜https://www.creegc.com/,,官方招聘入口为企业官网/官方招聘系统；V1.4 修正轮统一口径（原值「A」）,2026-09-28 依据官网页面地址确认行政区,否（V1.4 存量）,未发现重复
CD0187,186,九洲集团成都创智融合科技有限公司,九洲创智融合,B,https://www.jezetek.cc/,是,页面未说明,四川省,成都市,,页面未说明,inferred,人工智能与大数据,页面未说明,九洲集团旗下成都企业，招聘公告列明岗位为多模态大模型算法工程师等方向，涉及模型轻量化、量化剪枝、GPU/NPU/ARM 部署与视觉传感器标定等任务。,集团官网（招聘公告页解析出的官方招聘平台入口）,人才招聘,https://wecruit.hotjob.cn/SU67c7a52a1c240e1887c9c470/pb/index.html,official_careers_page,集团官方招聘平台,集团官方招聘平台,official_company,是,true,A,否,,not_available,0,empty_but_accessible,入口可访问但暂无职位,入口可访问但暂无职位,页面存在但状态不明确,entry_only,direct_page_visit,new_v14,200,200,2026-09-27,2026-09-27,https://www.jezetek.cc/jzgw/content/xxgk_new/detail?contentId=4836624｜https://wecruit.hotjob.cn/SU67c7a52a1c240e1887c9c470/pb/index.html｜https://www.jezetek.cc/,,官方招聘入口为集团统一招聘平台（wecruit.hotjob.cn），证据为集团官网公告；V1.4 修正轮统一口径（原值「A」）,,否（V1.4 存量）,两家公司共用九洲集团官网 jezetek.cc（该域名主体为四川九洲投资控股集团），为同一集团下属不同法人主体，均予保留
CD0188,187,伊藤洋华堂（中国）投资有限公司,伊藤洋华堂,B,https://www.iy-cn.cn/,是,页面未说明,四川省,成都市,,页面未说明,inferred,零售与消费,页面未说明,页面未说明,企业官网,人才招聘,https://www.iy-cn.cn/join.html,official_careers_page,官网招聘页,官网招聘页,official_company,是,true,A,否,,not_available,0,empty_but_accessible,入口可访问但暂无职位,入口可访问但暂无职位,页面存在但状态不明确,entry_only,direct_page_visit,new_v14,200,200,2026-09-27,2026-09-27,https://www.iy-cn.cn/join.html｜https://www.iy-cn.cn/join.html｜https://www.iy-cn.cn/,,官方招聘入口为企业官网/官方招聘系统；V1.4 修正轮统一口径（原值「A」）,,否（V1.4 存量）,未发现重复
CD0189,188,华润（集团）有限公司成都分公司,华润·成都,B,https://www.crland.com.cn/,是,页面未说明,四川省,成都市,,页面未说明,inferred,地产,页面未说明（华润集团为多业务央企，成都设分支机构）,华润集团在成都的分支机构，业务涵盖地产、消费、科技等板块。,集团官方招聘平台,集团招聘（华润集团招聘平台）,https://careers.crc.com.cn/,group_careers_platform,集团招聘平台,集团招聘平台,official_company,是,true,A,否,,not_available,0,temporarily_unavailable,入口暂时不可访问,需人工复核,待人工复核,entry_only,direct_page_visit,new_v14,200,200,2026-09-27,2026-09-27,https://careers.crc.com.cn/｜https://careers.crc.com.cn/｜https://www.crland.com.cn/,,官方招聘入口为企业官网/官方招聘系统；V1.4 修正轮统一口径（原值「A」）,2026-09-28 入口复测：放宽 TLS 复测恢复 200，页面招聘内容较少，职位可见性待人工确认,否（V1.4 存量）,未发现重复
CD0190,189,华西证券股份有限公司,华西证券,B,https://www.hx168.com.cn/,否,页面未说明（官网静态页未展示成都办公地址）,四川省,成都市,,页面未说明（官网静态页未展示成都办公地址）,inferred,金融科技,页面未说明（华西证券股份有限公司）,华西证券股份有限公司，全国性综合类证券公司，官网设『诚聘英才』栏目。,企业官网,诚聘英才,https://www.hx168.com.cn/main/ljhx/cpyc/index.shtml,official_careers_page,官网招聘页,官网招聘页,official_company,是,true,A,否,,not_available,0,temporarily_unavailable,入口暂时不可访问,需人工复核,待人工复核,entry_only,direct_page_visit,new_v14,连接失败,200,2026-09-27,2026-09-27,https://www.hx168.com.cn/main/ljhx/cpyc/index.shtml｜https://www.hx168.com.cn/main/ljhx/cpyc/index.shtml｜https://www.hx168.com.cn/,,官方招聘入口为企业官网/官方招聘系统；V1.4 修正轮统一口径（原值「A」）,2026-09-28 入口复测：放宽 TLS 复测恢复 200（社会招聘频道页），可见职位待人工确认,否（V1.4 存量）,未发现重复
CD0191,190,友利银行（中国）有限公司成都分行,友利银行成都分行,A,https://www.wooribankchina.com/,是,成都市武侯区（友利银行官网成都分行招聘公告原文『工作地点：成都市武侯区』）,四川省,成都市,武侯区,成都市武侯区（友利银行官网成都分行招聘公告原文『工作地点：成都市武侯区』）,confirmed,金融科技,页面未说明（友利银行（中国）有限公司分支机构）,友利银行（中国）有限公司在成都设立的分支机构，面向社会公开招聘一般行员。,企业官网,【招聘】友利银行成都地区(分行)一般行员招聘,https://www.wooribankchina.com/woori/gyyl/rczp/zpsy/zpsys/10588.html,official_careers_page,官网招聘页,官网招聘页,official_company,是,true,A,是,1,confirmed,1,active,有效（当前有可见职位）,有效（当前有可见职位）,公开招聘中,direct_job_observed,direct_page_visit,new_v14,200,200,2026-09-27,2026-09-27,https://www.wooribankchina.com/woori/gyyl/rczp/zpsy/zpsys/10588.html｜https://www.wooribankchina.com/woori/gyyl/rczp/zpsy/zpsys/10588.html｜https://www.wooribankchina.com/,,官方招聘入口为企业官网/官方招聘系统；V1.4 修正轮统一口径（原值「A」）,,否（V1.4 存量）,未发现重复
CD0192,191,四川众信互联科技有限公司,众信互联,A,https://yesuts.com/,是,成都高新区府城大道西段399号5号楼13层,四川省,成都市,高新区,成都高新区府城大道西段399号5号楼13层,confirmed,软件与互联网服务,规模页面未说明；官网注明为国家高新技术企业、智慧创新综合平台服务商,专注互联网技术研发与应用的高科技企业，国家高新技术企业、智慧创新综合平台服务商。,企业官网,人才招聘,https://yesuts.com/html/rczp/,official_careers_page,官网招聘页,官网招聘页,official_company,是,true,A,是,3,confirmed,3,active,有效（当前有可见职位）,有效（当前有可见职位）,公开招聘中,direct_job_observed,direct_page_visit,new_v14,200,200,2026-09-27,2026-09-27,https://yesuts.com/html/rczp/｜https://yesuts.com/html/rczp/｜https://yesuts.com/,,官方招聘入口为企业官网/官方招聘系统；V1.4 修正轮统一口径（原值「A」）,,否（V1.4 存量）,未发现重复
CD0194,193,四川和芯微电子股份有限公司,和芯微 / IPGoal,B,http://www.ipgoal.com/,是,页面未说明（官网联系页只给出电话与邮箱，未列成都办公地址）,四川省,成都市,,页面未说明（官网联系页只给出电话与邮箱，未列成都办公地址）,inferred,半导体与集成电路,官网首页原文：注册资本5100万元，员工人数 200+，发明专利 200+,创立于2004年（原四川登巅微电子），专注高速高精度数模混合信号集成电路IP核的研发、推广和授权，具数字/模拟全流程设计服务能力。,企业官网,加入我们 - 人才理念,http://www.ipgoal.com/about.php?bid=30,official_careers_page,官网招聘页,官网招聘页,official_company,是,true,A,否,,not_available,0,empty_but_accessible,入口可访问但暂无职位,入口可访问但暂无职位,页面存在但状态不明确,entry_only,direct_page_visit,new_v14,200,200,2026-09-27,2026-09-27,http://www.ipgoal.com/about.php?bid=30｜http://www.ipgoal.com/about.php?bid=30｜http://www.ipgoal.com/,,官方招聘入口为企业官网/官方招聘系统；V1.4 修正轮统一口径（原值「A」）,行政区仍未确认：官网页面中的温江区地址属友链/无关企业，不予采信,否（V1.4 存量）,未发现重复
CD0195,194,四川天府银行股份有限公司,天府银行,B,https://www.tf.cn/,否,页面未说明（官网首页未展示成都办公地址）,四川省,成都市,,页面未说明（官网首页未展示成都办公地址）,inferred,金融科技,页面未说明（四川天府银行，地方商业银行）,四川天府银行股份有限公司，前称南充市商业银行，官网标题『四川天府银行』。,企业官网,人才招聘,https://tfb.zhiye.com/,official_ats,专属ATS,专属ATS,official_company,是,true,A,否,,not_available,0,empty_but_accessible,入口可访问但暂无职位,入口可访问但暂无职位,页面存在但状态不明确,entry_only,direct_page_visit,new_v14,连接失败,200,2026-09-27,2026-09-27,https://tfb.zhiye.com/｜https://tfb.zhiye.com/｜https://www.tf.cn/,,官方招聘入口为企业官网/官方招聘系统；V1.4 修正轮统一口径（原值「A」）,,否（V1.4 存量）,未发现重复
CD0196,195,四川川润股份有限公司,川润动力 / 川润,A,https://www.chuanrun.com/,是,页面未说明,四川省,成都市,郫都区,页面未说明,inferred,智能制造与装备,上市公司（深交所主板 002272）,川润（四川川润股份有限公司）在官网域名 job.sccrun.com 上自建官方招聘平台，职位详情页地址为 /JobCenter/Detail/{id}，本轮实测到 6 个成都（郫都）在招职位。,企业专属ATS,川润招聘（官方招聘平台-招聘首页）,http://job.sccrun.com/JobCenter,official_ats,专属ATS,专属ATS,official_company,是,true,A,是,6,confirmed,6,active,有效（当前有可见职位）,有效（当前有可见职位）,公开招聘中,direct_job_observed,direct_page_visit,new_v14,200,200,2026-09-27,2026-09-27,http://job.sccrun.com/JobCenter｜http://job.sccrun.com/JobCenter｜https://www.chuanrun.com/,,官方招聘入口为企业官网/官方招聘系统；V1.4 修正轮统一口径（原值「A」）,,否（V1.4 存量）,未发现重复
CD0197,196,四川师范大学,川师大,A,https://www.sicnu.edu.cn/,是,四川省成都市锦江区静安路5号（公告『单位地址』栏原文）,四川省,成都市,锦江区,四川省成都市锦江区静安路5号（公告『单位地址』栏原文）,confirmed,教育,公益二类事业单位；公告经四川省教育厅备案,四川省属重点大学、国家首批中西部高校基础能力建设工程实施高校。,企业官网,人才招聘（通知公告）,https://rsc.sicnu.edu.cn/p/10/,official_careers_page,官网招聘页,官网招聘页,official_company,是,true,A,是,1,confirmed,1,active,有效（当前有可见职位）,有效（当前有可见职位）,公开招聘中,direct_job_observed,direct_page_visit,new_v14,200,200,2026-09-27,2026-09-27,https://rsc.sicnu.edu.cn/p/68/?StId=st_app_news_i_x639053162239142741｜https://rsc.sicnu.edu.cn/p/10/｜https://www.sicnu.edu.cn/,,官方招聘入口为企业官网/官方招聘系统；V1.4 修正轮统一口径（原值「A」）,,否（V1.4 存量）,未发现重复
CD0198,197,四川德康农牧食品集团股份有限公司,德康集团,B,https://www.dekanggroup.com/,是,页面未说明,四川省,成都市,,页面未说明,inferred,零售与消费,页面未说明,德康集团总部位于四川成都，产业涵盖畜禽育种与养殖、环境保护、食品加工，下属公司90余家（摘自高校就业网转载的企业简介）,企业专属ATS,加入我们（Moka 校园招聘）,https://app.mokahr.com/campus-recruitment/dekangmuye/151636?locale=zh-CN,official_ats,企业专属ATS,专属ATS,official_company,是,true,A,否,,not_available,0,empty_but_accessible,入口可访问但暂无职位,需人工复核,页面存在但状态不明确,entry_only,direct_page_visit,new_v14,200,302,2026-09-27,2026-09-27,https://app.mokahr.com/campus-recruitment/dekangmuye/151636?locale=zh-CN｜https://app.mokahr.com/campus-recruitment/dekangmuye/151636?locale=zh-CN｜https://www.dekanggroup.com/,,官方招聘入口为企业官网/官方招聘系统；V1.4 修正轮统一口径（原值「A」）,2026-09-28 入口复测：Moka 校招页重定向+动态渲染，静态抓取无正文，浏览器访问正常,否（V1.4 存量）,未发现重复
CD0199,198,四川恒湾科技有限公司,ZILLNK,B,https://www.zillnk.com/,是,页面未说明,四川省,成都市,,页面未说明,inferred,软件与互联网服务,页面未说明,官网自称『Empower O-RAN and RAN with innovative & full radio portfolio』，提供全套基站射频产品与 O-DU 模拟器、ATE 平台、测试云等软件与测试解决方案。,企业官网,Career,https://www.zillnk.com/Solution/20.html,official_careers_page,官网招聘页,官网招聘页,official_company,是,true,A,否,,not_available,0,empty_but_accessible,入口可访问但暂无职位,入口可访问但暂无职位,页面存在但状态不明确,entry_only,direct_page_visit,new_v14,200,200,2026-09-27,2026-09-27,https://www.zillnk.com/Solution/20.html｜https://www.zillnk.com/Solution/20.html｜https://www.zillnk.com/,,官方招聘入口为企业官网/官方招聘系统；V1.4 修正轮统一口径（原值「A」）,,否（V1.4 存量）,未发现重复
CD0200,199,四川成焊宝玛焊接装备工程有限公司,成焊宝玛 / CBWEE,B,https://www.cbwee.com/,是,成华区航天路118号联东U谷5号楼,四川省,成都市,成华区,四川省成都市成华区航天路118号联东U谷5号楼,official_page_2026-09-28,智能制造与装备,页面未说明,四川成焊宝玛官网「人力资源」栏目下「职业招聘」指向 join.html 页内同一板块，页面主体为宝玛智能制造学院介绍，未展示职位列表；仅公示简历投递邮箱 zgxu@cbwee.com 与座机 028-84216438。,企业官网,人力资源-职业招聘,https://www.cbwee.com/join.html,official_careers_page,官网招聘页,官网招聘页,official_company,是,true,A,否,,not_available,0,empty_but_accessible,入口可访问但暂无职位,入口可访问但暂无职位,页面存在但状态不明确,entry_only,direct_page_visit,new_v14,200,200,2026-09-27,2026-09-27,https://www.cbwee.com/join.html｜https://www.cbwee.com/join.html｜https://www.cbwee.com/,,官方招聘入口为企业官网/官方招聘系统；V1.4 修正轮统一口径（原值「A」）,2026-09-28 依据官网页面地址确认行政区,否（V1.4 存量）,未发现重复
CD0201,200,四川永星电子有限公司,永星电子 / 893厂,A,https://china-yongxing.com/,是,四川省成都市新都区电子路98号,四川省,成都市,新都区,四川省成都市新都区电子路98号,confirmed,电子信息制造,页面人才政策栏原文：公司目前员工300余人,产品含接触式/磁阻式/霍尔式位移传感器、射频电阻器、衰减器、片式电阻器及电阻网络、功分器、转速与倾角传感器等。,企业官网,招聘信息,https://china-yongxing.com/recruitment.aspx?category_id=5,official_careers_page,官网招聘页,官网招聘页,official_company,是,true,A,是,4,confirmed,4,active,有效（当前有可见职位）,有效（当前有可见职位）,公开招聘中,direct_job_observed,direct_page_visit,new_v14,200,200,2026-09-27,2026-09-27,https://china-yongxing.com/recruitment.aspx?category_id=5｜https://china-yongxing.com/recruitment.aspx?category_id=5｜https://china-yongxing.com/,,官方招聘入口为企业官网/官方招聘系统；V1.4 修正轮统一口径（原值「A」）,,否（V1.4 存量）,未发现重复
CD0202,201,四川汇宇制药股份有限公司,汇宇制药,A,https://www.huiyupharma.com/,是,成都天府国际生物城（研发基地，官网招聘公告原文）；详细门牌官网未说明,四川省,成都市,天府新区,成都天府国际生物城（研发基地，官网招聘公告原文）；详细门牌官网未说明,inferred,生物医药,上市公司；官网正文写研发基地占地60亩，可容纳1500+科研伙伴，研发人员占比近40%,研发驱动型上市药企，研发基地位于成都天府国际生物城，在研项目超80个。,企业官网,招聘｜金三银四，汇宇制药多领域岗位同步开放（公司新闻-招聘公告）,https://www.huiyupharma.com/news_view.aspx?nid=2&typeid=4&id=965,official_careers_page,官网招聘页,官网招聘页,official_company,是,true,A,是,20,confirmed,20,active,有效（当前有可见职位）,有效（当前有可见职位）,公开招聘中,direct_job_observed,direct_page_visit,new_v14,200,200,2026-09-27,2026-09-27,https://www.huiyupharma.com/news_view.aspx?nid=2&typeid=4&id=965｜https://www.huiyupharma.com/news_view.aspx?nid=2&typeid=4&id=965｜https://www.huiyupharma.com/,,官方招聘入口为企业官网/官方招聘系统；V1.4 修正轮统一口径（原值「A」）,,否（V1.4 存量）,未发现重复
CD0203,202,四川省唯品富邦消费金融有限公司,唯品富邦消费金融,A,https://www.vipxf.com/,是,成都市锦江区永安路299号锦江之春1号楼13-14层,四川省,成都市,锦江区,成都市锦江区永安路299号锦江之春1号楼13-14层,confirmed,金融科技,页面未说明（官网列明持有金融许可证）；蜀ICP备2021030377号-1,持牌消费金融公司，旗下产品有小蓉花、小蓉贷，提供消费金融服务。,企业官网,加入我们,https://www.vipxf.com/join/,official_careers_page,官网招聘页,官网招聘页,official_company,是,true,A,是,2,confirmed,2,active,有效（当前有可见职位）,有效（当前有可见职位）,公开招聘中,direct_job_observed,direct_page_visit,new_v14,200,200,2026-09-27,2026-09-27,https://www.vipxf.com/join/｜https://www.vipxf.com/join/｜https://www.vipxf.com/,,官方招聘入口为企业官网/官方招聘系统；V1.4 修正轮统一口径（原值「A」）,,否（V1.4 存量）,未发现重复
CD0204,203,四川省机场集团有限公司,四川机场集团,B,https://www.scairports.com/,是,页面未说明,四川省,成都市,,页面未说明,inferred,航空运输,页面未说明,四川机场集团成立于2004年，运营管理成都双流国际机场、成都天府国际机场2个枢纽机场及省内10个支线机场（摘自官网正文）,企业官网,企业招聘,https://www.scairports.com/index/lists/qiyezhaopin.html,official_careers_page,官网招聘页,官网招聘页,official_company,是,true,A,否,,not_available,0,empty_but_accessible,入口可访问但暂无职位,入口可访问但暂无职位,页面存在但状态不明确,entry_only,direct_page_visit,new_v14,200,200,2026-09-27,2026-09-27,https://www.scairports.com/index/lists/qiyezhaopin.html｜https://www.scairports.com/index/lists/qiyezhaopin.html｜https://www.scairports.com/,,官方招聘入口为企业官网/官方招聘系统；V1.4 修正轮统一口径（原值「A」）,,否（V1.4 存量）,未发现重复
CD0205,204,四川知微传感技术有限公司,知微传感 / WIZMEMS,A,http://www.wizmems.com/,是,四川省成都市郫都区天辰路88号电子科技大学西区科技园6栋2单元201号,四川省,成都市,郫都区,四川省成都市郫都区天辰路88号电子科技大学西区科技园6栋2单元201号,confirmed,半导体与集成电路,页面称国家高新技术企业,致力于高性能微机电系统（MEMS）惯性传感器和集成电路技术研发与生产的国家高新技术企业。,企业官网,人力资源,http://www.wizmems.com/index.php?ac=article&at=list&tid=74,official_careers_page,官网招聘页,官网招聘页,official_company,是,true,A,是,5,confirmed,5,active,有效（当前有可见职位）,有效（当前有可见职位）,公开招聘中,direct_job_observed,direct_page_visit,new_v14,200,200,2026-09-27,2026-09-27,http://www.wizmems.com/index.php?ac=article&at=list&tid=74｜http://www.wizmems.com/index.php?ac=article&at=list&tid=74｜http://www.wizmems.com/,,官方招聘入口为企业官网/官方招聘系统；V1.4 修正轮统一口径（原值「A」）,,否（V1.4 存量）,未发现重复
CD0206,205,四川红旗连锁股份有限公司,红旗连锁,A,https://www.hqls.com/,是,成都市高新区西区迪康大道7号,四川省,成都市,高新区,成都市高新区西区迪康大道7号,confirmed,零售与消费,页面未说明,官网首页披露公司为成都红旗连锁股份有限公司，经营连锁便利店（页面未说明）,企业官网,诚聘精英,https://www.hqls.com/Recruit,official_careers_page,官网招聘页,官网招聘页,official_company,是,true,A,是,4,confirmed,4,active,有效（当前有可见职位）,有效（当前有可见职位）,公开招聘中,direct_job_observed,direct_page_visit,new_v14,200,200,2026-09-27,2026-09-27,https://www.hqls.com/Recruit｜https://www.hqls.com/Recruit｜https://www.hqls.com/,,官方招聘入口为企业官网/官方招聘系统；V1.4 修正轮统一口径（原值「A」）,,否（V1.4 存量）,未发现重复
CD0207,206,四川航空股份有限公司,川航,B,https://www.sichuanair.com/,是,页面未说明,四川省,成都市,,页面未说明,inferred,航空运输,页面未说明,页面未说明,集团官方招聘平台,招聘（集团招聘平台）,https://zhaopin.sichuanair.com/,group_careers_platform,集团官方招聘平台,集团招聘平台,official_company,是,true,A,否,,not_available,0,empty_but_accessible,入口可访问但暂无职位,入口可访问但暂无职位,页面存在但状态不明确,entry_only,direct_page_visit,new_v14,200,200,2026-09-27,2026-09-27,https://zhaopin.sichuanair.com/｜https://zhaopin.sichuanair.com/｜https://www.sichuanair.com/,,官方招聘入口为企业官网/官方招聘系统；V1.4 修正轮统一口径（原值「A」）,,否（V1.4 存量）,未发现重复
CD0208,207,四川英杰电气股份有限公司,英杰电气,B,http://www.injet.cn/,是,页面未说明（招聘公告称在成都、德阳、深圳设有5大研发中心）,四川省,成都市,郫都区,页面未说明（招聘公告称在成都、德阳、深圳设有5大研发中心）,inferred,新能源,上市公司（深交所创业板 300820）,四川英杰电气官网导航栏「人才招聘」直接跳转到专属招聘平台 injet.zhiye.com，该站实测可打开但职位数据由前端脚本渲染，抓取不到职位列表。,企业专属ATS,人才招聘（英杰电气招聘官网）,https://injet.zhiye.com/,official_ats,专属ATS,专属ATS,official_company,是,true,A,否,,not_available,0,empty_but_accessible,入口可访问但暂无职位,入口可访问但暂无职位,页面存在但状态不明确,entry_only,direct_page_visit,new_v14,200,200,2026-09-27,2026-09-27,https://injet.zhiye.com/｜https://injet.zhiye.com/｜http://www.injet.cn/,,官方招聘入口为企业官网/官方招聘系统；V1.4 修正轮统一口径（原值「A」）,,否（V1.4 存量）,未发现重复
CD0209,208,四川蜀道物流集团有限公司,蜀道物流,B,https://www.shudaowl.com/,是,成都市青羊区光华北五路266号,四川省,成都市,青羊区,成都市青羊区光华北五路266号,confirmed,物流供应链,页面未说明,页面未说明,企业官网,人才招聘,https://www.shudaowl.com/xxgk/rsgl/ygzp/index.shtml,official_careers_page,官网招聘页,官网招聘页,official_company,是,true,A,否,,not_available,0,empty_but_accessible,入口可访问但暂无职位,入口可访问但暂无职位,页面存在但状态不明确,entry_only,direct_page_visit,new_v14,200,200,2026-09-27,2026-09-27,https://www.shudaowl.com/xxgk/rsgl/ygzp/index.shtml｜https://www.shudaowl.com/xxgk/rsgl/ygzp/index.shtml｜https://www.shudaowl.com/,,官方招聘入口为企业官网/官方招聘系统；V1.4 修正轮统一口径（原值「A」）,,否（V1.4 存量）,未发现重复
CD0210,209,四川金域医学检验中心有限公司,金域医学（成都）,B,https://www.kingmed.com.cn/,是,页面未说明（官网招聘门户未在静态页展示成都门牌地址）,四川省,成都市,成华区,页面未说明（官网招聘门户未在静态页展示成都门牌地址）,inferred,医疗器械,页面未说明（金域医学体系内医学检验实验室）,金域医学体系在四川设立的医学检验中心，提供第三方医学检测服务。,企业官网,人才招聘,http://kingmed.zhiye.com/,official_ats,专属ATS,专属ATS,official_company,是,true,A,否,,not_available,0,empty_but_accessible,入口可访问但暂无职位,入口可访问但暂无职位,页面存在但状态不明确,entry_only,direct_page_visit,new_v14,200,200,2026-09-27,2026-09-27,https://kingmed.zhiye.com/｜http://kingmed.zhiye.com/｜https://www.kingmed.com.cn/,,官方招聘入口为企业官网/官方招聘系统；V1.4 修正轮统一口径（原值「A」）,,否（V1.4 存量）,未发现重复
CD0211,210,四川音乐学院,川音,A,https://www.sccm.edu.cn/,是,新都区蜀龙大道中段620号（新都校区）,四川省,成都市,新都区,四川省成都市新都区蜀龙大道中段620号（新都校区）,official_page_2026-09-28,教育,省属事业单位；页面未说明,四川省属音乐艺术类高校，编外科研助理、助学助管员等岗位公开招聘。,企业官网,人才需求 / 信息公告（党委教师工作部、人事处）,https://www.sccm.edu.cn/dz_dwjsgzb.html,official_careers_page,官网招聘页,官网招聘页,official_company,是,true,A,是,2,confirmed,2,active,有效（当前有可见职位）,有效（当前有可见职位）,公开招聘中,direct_job_observed,direct_page_visit,new_v14,200,200,2026-09-27,2026-09-27,https://www.sccm.edu.cn/dz_dwjsgzb.html｜https://www.sccm.edu.cn/dz_dwjsgzb.html｜https://www.sccm.edu.cn/,,官方招聘入口为企业官网/官方招聘系统；V1.4 修正轮统一口径（原值「A」）,2026-09-28 依据官网页面地址确认行政区,否（V1.4 存量）,未发现重复
CD0212,211,峨眉电影集团有限公司,峨影集团,A,http://www.emdy.cn/,是,青羊区清江东路360号,四川省,成都市,青羊区,四川省成都市青羊区清江东路360号,official_page_2026-09-28,文化传媒与影视,国有六大电影集团之一，四川省财政厅为出资人,国家六大国有电影集团之一、西南地区最大影视产业集团，覆盖创作拍摄发行放映。,企业官网,集团公告（招聘公告栏目）,http://www.emdy.cn/list.aspx?Model_id=1&id=17,official_careers_page,官网招聘页,官网招聘页,official_company,是,true,A,是,3,confirmed,3,active,有效（当前有可见职位）,有效（当前有可见职位）,公开招聘中,direct_job_observed,direct_page_visit,new_v14,200,200,2026-09-27,2026-09-27,http://www.emdy.cn/page.aspx?classid=17&id=1749｜http://www.emdy.cn/list.aspx?Model_id=1&id=17｜http://www.emdy.cn/,,官方招聘入口为企业官网/官方招聘系统；V1.4 修正轮统一口径（原值「A」）,2026-09-28 依据官网页面地址确认行政区,否（V1.4 存量）,未发现重复
CD0213,212,川财证券有限责任公司,川财证券,B,https://www.cczq.com/,是,页面未说明（官网静态页未展示成都办公地址，公司注册地在成都）,四川省,成都市,,页面未说明（官网静态页未展示成都办公地址，公司注册地在成都）,inferred,金融科技,页面未说明（川财证券有限责任公司）,川财证券有限责任公司，四川省属证券公司，官网设『关于我们-加入我们』栏目。,企业官网,加入我们,https://www.cczq.com/home/about/joinus/index.html,official_careers_page,官网招聘页,官网招聘页,official_company,是,true,A,否,,not_available,0,empty_but_accessible,入口可访问但暂无职位,入口可访问但暂无职位,页面存在但状态不明确,entry_only,direct_page_visit,new_v14,200,200,2026-09-27,2026-09-27,https://www.cczq.com/home/about/joinus/index.html｜https://www.cczq.com/home/about/joinus/index.html｜https://www.cczq.com/,,官方招聘入口为企业官网/官方招聘系统；V1.4 修正轮统一口径（原值「A」）,,否（V1.4 存量）,未发现重复
CD0214,213,康诺亚生物医药科技（成都）有限公司,康诺亚,B,http://www.keymedbio.com/,是,双流区凤凰路669号,四川省,成都市,双流区,四川省成都市双流区凤凰路669号,official_page_2026-09-28,生物医药,港股上市（2021年香港联交所主板上市，代码02162）；根据第三方高校就业平台转述的校招简章：2016年成立、总部成都、现有员工超1600人,专注创新药物自主研发与生产的综合性生物制药公司，聚焦自身免疫慢性病与肿瘤领域。,企业官网,联系我们（官网无独立招聘栏目）,http://www.keymedbio.com/cn/contactus.html,other_official,其他官方渠道,其他官方渠道,official_company,是,true,A,否,,not_available,0,empty_but_accessible,入口可访问但暂无职位,入口可访问但暂无职位,页面存在但状态不明确,entry_only,direct_page_visit,new_v14,200,200,2026-09-27,2026-09-27,http://www.keymedbio.com/｜http://www.keymedbio.com/cn/contactus.html｜http://www.keymedbio.com/,,官方招聘入口为企业官网/官方招聘系统；V1.4 修正轮统一口径（原值「A」）,2026-09-28 依据官网页面地址确认行政区,否（V1.4 存量）,未发现重复
CD0216,215,成都中医药大学,CDUTCM,B,https://www.cdutcm.edu.cn/,是,温江区柳台大道1166号（温江校区）,四川省,成都市,温江区,四川省成都市温江区柳台大道1166号（温江校区）,official_page_2026-09-28,教育,省属事业单位；页面未说明,四川省属中医药高校，设人事招聘系统发布编外及专业技术岗位信息。,企业官网,招聘首页,http://rsczc.cdutcm.edu.cn/zp/,official_careers_page,官网招聘页,官网招聘页,official_company,是,true,A,否,,not_available,0,empty_but_accessible,入口可访问但暂无职位,入口可访问但暂无职位,页面存在但状态不明确,entry_only,direct_page_visit,new_v14,200,200,2026-09-27,2026-09-27,http://rsczc.cdutcm.edu.cn/zp/｜http://rsczc.cdutcm.edu.cn/zp/｜https://www.cdutcm.edu.cn/,,官方招聘入口为企业官网/官方招聘系统；V1.4 修正轮统一口径（原值「A」）,2026-09-28 依据官网页面地址确认行政区,否（V1.4 存量）,未发现重复
CD0217,216,成都乐曼多科技有限公司,乐曼多 LMDGAME,A,https://www.lmdgame.com/,是,页面未说明（官网『联系我们』页地址为图片、官网未给出文字地址）,四川省,成都市,,页面未说明（官网『联系我们』页地址为图片、官网未给出文字地址）,inferred,游戏,页面未说明,页脚原文『© 2020.成都乐曼多科技有限公司』；社招页原文『乐曼多游戏』，校园招聘页原文『我们成立于2014年，目前拥有近500人的研发团队』，主营体育类移动游戏（《街篮》系列、《街头足球》）。,企业官网,加入我们—社会招聘,https://www.lmdgame.com/job/index.html,official_careers_page,官网招聘页,官网招聘页,official_company,是,true,A,是,19,confirmed,12,active,有效（当前有可见职位）,有效（当前有可见职位）,公开招聘中,direct_job_observed,direct_page_visit,new_v14,200,200,2026-09-27,2026-09-27,https://www.lmdgame.com/job/index.html｜https://www.lmdgame.com/job/index.html｜https://www.lmdgame.com/,,官方招聘入口为企业官网/官方招聘系统；V1.4 修正轮统一口径（原值「A」）,,否（V1.4 存量）,未发现重复
CD0218,217,成都九洲迪飞科技有限责任公司,九洲迪飞,A,https://www.jezetek.cc/,否,成都市高新区天府软件园（公司招聘公告原文：坐落于成都市高新区天府软件园）,四川省,成都市,高新区,成都市高新区天府软件园（公司招聘公告原文：坐落于成都市高新区天府软件园）,confirmed,通信与网络设备,上市公司『四川九洲』（股票代码 000801）旗下子公司；公告原文：成立于2004年10月，注册资本金为1亿元,上市公司四川九洲旗下高科技公司，专注军工电子行业微波射频方向；公告原文：专注军工电子行业微波。,集团官方招聘平台,人事用工 - 成都九洲迪飞科技有限责任公司关于招聘销售经理岗的公告,https://www.jezetek.cc/jzgw/content/xxgk_new/detail?contentId=4838608,group_careers_platform,集团官方招聘平台,集团招聘平台,official_company,是,true,A,是,1,confirmed,1,active,有效（当前有可见职位）,有效（当前有可见职位）,公开招聘中,direct_job_observed,direct_page_visit,new_v14,连接失败,200,2026-09-27,2026-09-27,https://www.jezetek.cc/jzgw/content/xxgk_new/detail?contentId=4838608｜https://www.jezetek.cc/jzgw/content/xxgk_new/detail?contentId=4838608｜https://www.jezetek.cc/,,官方招聘入口为企业官网/官方招聘系统；V1.4 修正轮统一口径（原值「A」）,,否（V1.4 存量）,两家公司共用九洲集团官网 jezetek.cc（该域名主体为四川九洲投资控股集团），为同一集团下属不同法人主体，均予保留
CD0219,218,成都书声科技有限公司,叫叫 jojo,B,https://www.tinman.cn/,是,页面未说明（官网与招聘站均未列出成都办公地址）,四川省,成都市,,页面未说明（官网与招聘站均未列出成都办公地址）,inferred,数字内容,页面未说明,以叫叫App为载体的儿童数字内容互联网教育科技公司，深耕儿童内容18年。,企业专属ATS,加入我们,https://jojo.zhiye.com/,official_ats,专属ATS,专属ATS,official_company,是,true,A,否,,not_available,0,empty_but_accessible,入口可访问但暂无职位,入口可访问但暂无职位,页面存在但状态不明确,entry_only,direct_page_visit,new_v14,200,200,2026-09-27,2026-09-27,https://jojo.zhiye.com/｜https://jojo.zhiye.com/｜https://www.tinman.cn/,,官方招聘入口为企业官网/官方招聘系统；V1.4 修正轮统一口径（原值「A」）,,否（V1.4 存量）,未发现重复
CD0220,219,成都交大光芒科技股份有限公司,交大光芒,B,https://www.cdjdgm.com/,是,高新区天府大道中段801号天府软件园B区2栋5楼,四川省,成都市,高新区,四川省成都市高新区天府大道中段801号天府软件园B区2栋5楼,official_page_2026-09-28,软件与互联网服务,页面未说明,官网产品中心涵盖轨道交通供电调度自动化、数字卫生、数字水利、电力自动化系统等，为铁路运输与安全生产提供信息化产品。,企业官网,未找到官方招聘入口,http://www.cdjdgm.com/news.asp?cataid=29&cataid1=30,official_careers_page,无官方招聘入口,无官方招聘入口（官网实测无招聘频道）,official_company,是,true,A,否,,not_available,0,empty_but_accessible,入口可访问但暂无职位,入口可访问但暂无职位,页面存在但状态不明确,entry_only,direct_page_visit,new_v14,200,200,2026-09-27,2026-09-27,https://www.cdjdgm.com/｜http://www.cdjdgm.com/news.asp?cataid=29&cataid1=30｜https://www.cdjdgm.com/,,官方招聘入口为企业官网/官方招聘系统；V1.4 修正轮统一口径（原值「A」）,2026-09-28 依据官网页面地址确认行政区,否（V1.4 存量）,组内重复，与《成都交大光芒科技股份有限公司》合并（group2_elec.json）
CD0221,220,成都交易集团有限公司,成都交易集团,B,https://www.cd-jyjt.com/,是,页面未说明,四川省,成都市,,页面未说明,inferred,其他,页面未说明,页面未说明,企业官网,招聘门户（官网首页招聘菜单指向的单页应用入口）,https://www.cd-jyjt.com/jtweb/portal/,official_careers_page,官网招聘页,官网招聘页,official_company,是,true,A,否,,not_available,0,empty_but_accessible,入口可访问但暂无职位,入口可访问但暂无职位,页面存在但状态不明确,entry_only,direct_page_visit,new_v14,200,200,2026-09-27,2026-09-27,https://www.cd-jyjt.com/jtweb/portal/｜https://www.cd-jyjt.com/jtweb/portal/｜https://www.cd-jyjt.com/,,官方招聘入口为企业官网/官方招聘系统；V1.4 修正轮统一口径（原值「A」）,,否（V1.4 存量）,组内重复，与《成都交易集团有限公司》合并（group6_public.json）
CD0222,221,成都交通投资集团有限公司,成都交投,B,https://www.cdccic.com/,是,页面未说明,四川省,成都市,,页面未说明,inferred,建筑与工程,页面未说明,页面未说明,集团官方招聘平台,成都交投招聘平台,https://zhaopin.cdccic.com:6066/recruitment/all,group_careers_platform,集团官方招聘平台,集团招聘平台,official_company,是,true,A,否,,not_available,0,empty_but_accessible,入口可访问但暂无职位,入口可访问但暂无职位,页面存在但状态不明确,entry_only,direct_page_visit,new_v14,200,200,2026-09-27,2026-09-27,https://zhaopin.cdccic.com:6066/recruitment/all｜https://zhaopin.cdccic.com:6066/recruitment/all｜https://www.cdccic.com/,,官方招聘入口为企业官网/官方招聘系统；V1.4 修正轮统一口径（原值「A」）,,否（V1.4 存量）,组内重复，与《成都交通投资集团有限公司》合并（group6_public.json）
CD0223,222,成都产业投资集团有限公司,成都产投集团,B,https://www.cdcyjt.com/,是,锦江区柳江街道永安路588号,四川省,成都市,锦江区,四川省成都市锦江区柳江街道永安路588号,official_page_2026-09-28,其他,页面未说明,页面未说明,企业官网,员工招聘,https://www.cdcyjt.com/inforecurit.thtml?t=298,official_careers_page,官网招聘页,官网招聘页,official_company,是,true,A,否,1,confirmed,0,active,有效（当前有可见职位）,有效（当前有可见职位）,公开招聘中,direct_job_observed,direct_page_visit,new_v14,200,200,2026-09-27,2026-09-27,https://www.cdcyjt.com/inforecurit.thtml?t=298｜https://www.cdcyjt.com/inforecurit.thtml?t=298｜https://www.cdcyjt.com/,,官方招聘入口为企业官网/官方招聘系统；V1.4 修正轮统一口径（原值「A」）,2026-09-28 依据官网页面地址确认行政区,否（V1.4 存量）,组内重复，与《成都产业投资集团有限公司》合并（group6_public.json）
CD0224,223,成都传媒集团,成都传媒产业集团,A,https://www.cmgchengdu.com/,是,页面未说明,四川省,成都市,,页面未说明,inferred,文化传媒与影视,页面未说明；集团设人力资源服务中心负责公开招聘,成都市属传媒产业集团，承担媒体融合、全媒体内容生产与新型媒体运营。,企业官网,传媒集团人才招聘,https://www.cmgchengdu.com/jobs.php?cid=44,official_careers_page,官网招聘页,官网招聘页,official_company,是,true,A,是,2,confirmed,2,active,有效（当前有可见职位）,有效（当前有可见职位）,公开招聘中,direct_job_observed,direct_page_visit,new_v14,200,200,2026-09-27,2026-09-27,https://www.cmgchengdu.com/jobs_content.php?cid=44&id=6457｜https://www.cmgchengdu.com/jobs.php?cid=44｜https://www.cmgchengdu.com/,,官方招聘入口为企业官网/官方招聘系统；V1.4 修正轮统一口径（原值「A」）,,否（V1.4 存量）,未发现重复
CD0225,224,成都信息工程大学,成信大,A,https://www.cuit.edu.cn/,是,龙泉驿区阳光城幸福路10号（龙泉校区）,四川省,成都市,龙泉驿区,四川省成都市龙泉驿区阳光城幸福路10号（龙泉校区）,official_page_2026-09-28,教育,省属事业单位；公告说明招聘人员为非事业编制劳动合同制（人事代理）人员,四川省属电子 Info 类高校，承担教学科研与专业技术岗位招聘。,企业官网,人才招聘,https://rsc.cuit.edu.cn/rczp.htm,official_careers_page,官网招聘页,官网招聘页,official_company,是,true,A,是,3,confirmed,3,active,有效（当前有可见职位）,有效（当前有可见职位）,公开招聘中,direct_job_observed,direct_page_visit,new_v14,200,200,2026-09-27,2026-09-27,https://rsc.cuit.edu.cn/rczp.htm｜https://rsc.cuit.edu.cn/rczp.htm｜https://www.cuit.edu.cn/,,官方招聘入口为企业官网/官方招聘系统；V1.4 修正轮统一口径（原值「A」）,2026-09-28 依据官网页面地址确认行政区,否（V1.4 存量）,未发现重复
CD0227,226,成都光华科技发展有限公司,光华集团,A,https://guanghuagroup.net/,否,成都市现代工业港港富路358号,四川省,成都市,新都区,成都市现代工业港港富路358号,confirmed,智能制造与装备,页面未说明,成都光华科技发展有限公司（光华集团）官网「人才招聘」页列出海外销售、商务报价、硬件工程师、软件工程师、结构工程师、电气工程师、工艺工程师、人力资源专员、售后工程师等 9 个职位，地点均为四川省成都市新都区。,企业官网,人才招聘（职位列表）,https://guanghuagroup.net/?job/,official_careers_page,官网招聘页,官网招聘页,official_company,是,true,A,是,9,confirmed,9,active,有效（当前有可见职位）,有效（当前有可见职位）,公开招聘中,direct_job_observed,direct_page_visit,new_v14,404,200,2026-09-27,2026-09-27,https://guanghuagroup.net/?job/｜https://guanghuagroup.net/?job/｜https://guanghuagroup.net/,,官方招聘入口为企业官网/官方招聘系统；V1.4 修正轮统一口径（原值「A」）,,否（V1.4 存量）,未发现重复
CD0230,228,成都华西海圻医药科技有限公司,华西海圻,A,https://www.glpcd.com/,是,成都·天府国际生物城·菁园路288号（生物城机构）；成都·高朋大道28号（高新机构）,四川省,成都市,天府新区,成都·天府国际生物城·菁园路288号（生物城机构）；成都·高朋大道28号（高新机构）,inferred,生物医药,页面未说明；官网展示安全评价、药代毒代、病理学研究、临床检验等研发服务体系,国家成都新药安全性评价中心运营主体，提供安全评价、药代毒代、药效学等研发服务。,企业官网,人才招聘,https://www.glpcd.com/job,official_careers_page,官网招聘页,官网招聘页,official_company,是,true,A,是,20,confirmed,20,active,有效（当前有可见职位）,有效（当前有可见职位）,公开招聘中,direct_job_observed,direct_page_visit,new_v14,200,200,2026-09-27,2026-09-27,https://www.glpcd.com/job｜https://www.glpcd.com/job｜https://www.glpcd.com/,,官方招聘入口为企业官网/官方招聘系统；V1.4 修正轮统一口径（原值「A」）,,否（V1.4 存量）,未发现重复
CD0231,229,成都华远电器设备有限公司,华远焊机 / 成都华远,A,https://www.hwayuan.com/,是,成都市双流西南航空港经济开发区空港二路1299号,四川省,成都市,双流区,成都市双流西南航空港经济开发区空港二路1299号,confirmed,智能制造与装备,页面未说明,成都华远电器设备有限公司官网导航栏含「加入华远」，下设社会招聘与校园招聘，本轮实测社会招聘页可打开并显示 6 个在招职位（发布日期 2026-08-28）。,企业官网,加入华远-社会招聘,https://hwayuan.com/interna.aspx?category_id=50,official_careers_page,官网招聘页,官网招聘页,official_company,是,true,A,是,6,confirmed,6,active,有效（当前有可见职位）,有效（当前有可见职位）,公开招聘中,direct_job_observed,direct_page_visit,new_v14,200,200,2026-09-27,2026-09-27,https://hwayuan.com/interna.aspx?category_id=50｜https://hwayuan.com/interna.aspx?category_id=50｜https://www.hwayuan.com/,,官方招聘入口为企业官网/官方招聘系统；V1.4 修正轮统一口径（原值「A」）,,否（V1.4 存量）,未发现重复
CD0232,230,成都原力电脑动画制作有限公司,原力动画 Original Force,B,http://www.of3d.com/,否,第三方线索（国家级大学生就业服务平台企业页）：中国（四川）自由贸易试验区成都高新区益州大道中段555号1栋24-25楼,四川省,成都市,高新区,第三方线索（国家级大学生就业服务平台企业页）：中国（四川）自由贸易试验区成都高新区益州大道中段555号1栋24-25楼,confirmed,数字内容,页面未说明；关联母体公开资料称员工1600余人，成都为公司内最大子公司,原力旗下成都子公司，主要为游戏行业提供数字内容制作与三维动画美术服务。,企业专属ATS,加入原力,https://of3d.jobs.feishu.cn/,official_ats,专属ATS,专属ATS,official_company,是,true,A,否,,not_available,0,empty_but_accessible,入口可访问但暂无职位,入口可访问但暂无职位,无法访问,entry_only,direct_page_visit,new_v14,连接失败,200,2026-09-27,2026-09-27,https://of3d.jobs.feishu.cn/｜https://of3d.jobs.feishu.cn/｜http://www.of3d.com/,,官方招聘入口为企业官网/官方招聘系统；V1.4 修正轮统一口径（原值「A」）,,否（V1.4 存量）,未发现重复
CD0233,231,成都双流国际机场股份有限公司,双流机场,A,https://www.cdairport.com/,是,页面未说明,四川省,成都市,双流区,页面未说明,inferred,航空运输,页面未说明,成都双流国际机场股份有限公司是四川省机场集团有限公司成员单位，负责成都双流国际机场的运营管理（摘自官网正文）,企业官网,2026年度招聘简章,https://www.cdairport.com/news_detail.aspx?cid=6295&t=60,official_careers_page,官网招聘页,官网招聘页,official_company,是,true,A,是,1,confirmed,1,active,有效（当前有可见职位）,有效（当前有可见职位）,公开招聘中,direct_job_observed,direct_page_visit,new_v14,200,200,2026-09-27,2026-09-27,https://www.cdairport.com/news_detail.aspx?cid=6295&t=60｜https://www.cdairport.com/news_detail.aspx?cid=6295&t=60｜https://www.cdairport.com/,,官方招聘入口为企业官网/官方招聘系统；V1.4 修正轮统一口径（原值「A」）,,否（V1.4 存量）,未发现重复
CD0235,233,成都国为生物医药股份有限公司,国为生物/国为医药,B,https://www.cdgowell.com/,是,页面未说明（官网正文写总部位于成都，眉山、崇州设药品生产基地）,四川省,成都市,高新区,页面未说明（官网正文写总部位于成都，眉山、崇州设药品生产基地）,inferred,生物医药,页面未说明（官网为信息公示主体站，含欧淬恩天猫旗舰店与TechGowell子品牌）,国为医药旗下生物药与保健品研发生产企业，覆盖肠外营养、神经精神、肾科等原料药线。,企业官网,人才招聘,https://www.cdgowell.com/job.aspx?Type=10054,official_careers_page,官网招聘页,官网招聘页,official_company,是,true,A,否,,not_available,0,empty_but_accessible,入口可访问但暂无职位,入口可访问但暂无职位,页面存在但状态不明确,entry_only,direct_page_visit,new_v14,200,200,2026-09-27,2026-09-27,https://www.cdgowell.com/job.aspx?Type=10054｜https://www.cdgowell.com/job.aspx?Type=10054｜https://www.cdgowell.com/,,官方招聘入口为企业官网/官方招聘系统；V1.4 修正轮统一口径（原值「A」）,,否（V1.4 存量）,未发现重复
CD0236,234,成都国际贸易集团有限公司,成都国贸集团,A,https://www.cdgmjt.cn/,是,四川省成都市高新区吉庆一路178号绿地之窗2号楼18-20楼,四川省,成都市,高新区,四川省成都市高新区吉庆一路178号绿地之窗2号楼18-20楼,confirmed,零售与消费,页面未说明,页面未说明,企业官网,员工招聘,https://www.cdgmjt.cn/jobinfo.thtml?t=1310&cid=100460,official_careers_page,官网招聘页,官网招聘页,official_company,是,true,A,是,2,confirmed,2,active,有效（当前有可见职位）,有效（当前有可见职位）,公开招聘中,direct_job_observed,direct_page_visit,new_v14,200,200,2026-09-27,2026-09-27,https://www.cdgmjt.cn/jobinfo.thtml?t=1310&cid=100460｜https://www.cdgmjt.cn/jobinfo.thtml?t=1310&cid=100460｜https://www.cdgmjt.cn/,,官方招聘入口为企业官网/官方招聘系统；V1.4 修正轮统一口径（原值「A」）,,否（V1.4 存量）,组内重复，与《成都国际贸易集团有限公司》合并（group6_public.json）
CD0237,235,成都坤恒顺维科技股份有限公司,坤恒顺维,B,https://www.ksw-tech.com/,是,四川省成都市高新区康强二路388号,四川省,成都市,高新区,四川省成都市高新区康强二路388号,confirmed,智能制造与装备,页面未说明,高端仿真测试仪器仪表及系统解决方案提供商，重点面向无线通信、导航、车联网、物联网等领域，产品线含无线信道仿真仪、矢量信号发生器、频谱分析仪、无线电综测仪等。,企业官网,校园招聘,https://www.ksw-tech.com/information/campus-hiring.html,official_careers_page,官网招聘页,官网招聘页,official_company,是,true,A,否,6,confirmed,6,active,有效（当前有可见职位）,有效（当前有可见职位）,公开招聘中,direct_job_observed,direct_page_visit,new_v14,200,200,2026-09-27,2026-09-27,https://www.ksw-tech.com/information/campus-hiring.html｜https://www.ksw-tech.com/information/campus-hiring.html｜https://www.ksw-tech.com/,,官方招聘入口为企业官网/官方招聘系统；V1.4 修正轮统一口径（原值「A」）,,否（V1.4 存量）,未发现重复
CD0238,236,成都城建投资管理集团有限责任公司,成都城投集团,A,https://www.cdci.cn/,是,页面未说明,四川省,成都市,,页面未说明,inferred,建筑与工程,国有独资大型企业,成都城投集团是2004年6月经成都市委、市政府批准设立的国有独资企业，成都市千亿级国有大型骨干企业（摘自招聘公告原文）,企业官网,员工招聘,https://www.cdci.cn/list-127-1.html,official_careers_page,官网招聘页,官网招聘页,official_company,是,true,A,是,2,confirmed,2,active,有效（当前有可见职位）,有效（当前有可见职位）,公开招聘中,direct_job_observed,direct_page_visit,new_v14,200,200,2026-09-27,2026-09-27,https://www.cdci.cn/show-128-177-1.html｜https://www.cdci.cn/list-127-1.html｜https://www.cdci.cn/,,官方招聘入口为企业官网/官方招聘系统；V1.4 修正轮统一口径（原值「A」）,行政区仍未确认：官网命中内容为成华区项目新闻，非集团办公地址,否（V1.4 存量）,组内重复，与《成都城建投资管理集团有限责任公司》合并（group6_public.json）
CD0239,237,成都基准方中建筑设计事务所有限公司,基准方中,B,http://www.jzfz.com.cn/index.html,是,页面未说明,四川省,成都市,,页面未说明,inferred,设计服务,页面未说明（建筑行业设计企业）,建筑设计事务所，官网挂接专属招聘系统发布职位。,企业专属ATS,人才招聘（专属招聘系统）,https://jzfz.zhiye.com/,official_ats,专属ATS,专属ATS,official_company,是,true,A,否,,not_available,0,empty_but_accessible,入口可访问但暂无职位,入口可访问但暂无职位,页面存在但状态不明确,entry_only,direct_page_visit,new_v14,200,200,2026-09-27,2026-09-27,https://jzfz.zhiye.com/｜https://jzfz.zhiye.com/｜http://www.jzfz.com.cn/index.html,,官方招聘入口为企业官网/官方招聘系统；V1.4 修正轮统一口径（原值「A」）,,否（V1.4 存量）,未发现重复
CD0241,239,成都大学,CDU,A,https://www.cdu.edu.cn/,是,成都市成洛大道2025号（公告『单位地址』栏原文）,四川省,成都市,成华区,成都市成洛大道2025号（公告『单位地址』栏原文）,confirmed,教育,公益二类事业单位；公告注明为事业单位编制内招聘，招聘20名博士辅导员,省属公办本科高校，公益二类事业单位，承担本硕教育与科研、社会服务。,企业官网,人才招聘（党委教师工作部、人事处）,https://rsc.cdu.edu.cn/,official_careers_page,官网招聘页,官网招聘页,official_company,是,true,A,是,1,confirmed,1,active,有效（当前有可见职位）,有效（当前有可见职位）,公开招聘中,direct_job_observed,direct_page_visit,new_v14,200,200,2026-09-27,2026-09-27,https://rsc.cdu.edu.cn/info/1032/4174.htm｜https://rsc.cdu.edu.cn/｜https://www.cdu.edu.cn/,,官方招聘入口为企业官网/官方招聘系统；V1.4 修正轮统一口径（原值「A」）,,否（V1.4 存量）,未发现重复
CD0242,240,成都大眼怪科技有限公司,Big Eyes,A,http://www.dayanguai.com/,是,成都市武侯区天府软件园A区9栋2-3F（官网原文）,四川省,成都市,武侯区,成都市武侯区天府软件园A区9栋2-3F（官网原文）,confirmed,游戏,官网正文写『人员规模接近400人，是西南地区最大的动画制作公司』,成立于2014年，专注游戏动画，提供动作捕捉与动画精修服务，总部成都并设合肥工作室。,企业官网,加入我们,http://www.dayanguai.com/JoinUs.html,official_careers_page,官网招聘页,官网招聘页,official_company,是,true,A,是,6,confirmed,2,active,有效（当前有可见职位）,有效（当前有可见职位）,公开招聘中,direct_job_observed,direct_page_visit,new_v14,200,200,2026-09-27,2026-09-27,http://www.dayanguai.com/JoinUs.html｜http://www.dayanguai.com/JoinUs.html｜http://www.dayanguai.com/,,官方招聘入口为企业官网/官方招聘系统；V1.4 修正轮统一口径（原值「A」）,,否（V1.4 存量）,未发现重复
CD0243,241,成都大运汽车集团有限公司,大运汽车,A,http://www.cddayun.com.cn/,是,四川省成都经济技术开发区（龙泉驿区）车城东七路388号,四川省,成都市,龙泉驿区,四川省成都经济技术开发区（龙泉驿区）车城东七路388号,confirmed,智能制造与装备,页面未说明,成都大运汽车集团官网「走进大运-人力资源」下设社会招聘与校园招聘，本轮实测社会招聘页可打开并显示 4 个在招职位。,企业官网,社会招聘,http://www.cddayun.com.cn/index.php/ab7.html,official_careers_page,官网招聘页,官网招聘页,official_company,是,true,A,是,4,confirmed,4,active,有效（当前有可见职位）,有效（当前有可见职位）,公开招聘中,direct_job_observed,direct_page_visit,new_v14,200,200,2026-09-27,2026-09-27,http://www.cddayun.com.cn/index.php/ab7.html｜http://www.cddayun.com.cn/index.php/ab7.html｜http://www.cddayun.com.cn/,,官方招聘入口为企业官网/官方招聘系统；V1.4 修正轮统一口径（原值「A」）,,否（V1.4 存量）,未发现重复
CD0244,242,成都天府国际生物城发展集团有限公司,生物城集团,A,https://www.cdbtgroup.com/,是,成都市双流区慧谷路13号生物城大厦16楼,四川省,成都市,双流区,成都市双流区慧谷路13号生物城大厦16楼,confirmed,生物医药,页面未说明；官网设『人才理念、文化践行者、生物城e企学、人才引进』等栏目，说明为国有企业集团,成都天府国际生物城规划建设与运营的平台公司，官网设人才发展栏目。,企业官网,人才发展,https://www.cdbtgroup.com/join.html,official_careers_page,官网招聘页,官网招聘页,official_company,是,true,A,是,4,confirmed,4,active,有效（当前有可见职位）,有效（当前有可见职位）,公开招聘中,direct_job_observed,direct_page_visit,new_v14,200,200,2026-09-27,2026-09-27,https://www.cdbtgroup.com/newsinfo/940537618683133952.html｜https://www.cdbtgroup.com/join.html｜https://www.cdbtgroup.com/,,官方招聘入口为企业官网/官方招聘系统；V1.4 修正轮统一口径（原值「A」）,,否（V1.4 存量）,未发现重复
CD0245,243,成都天纵世纪科技有限公司,天纵世纪 / skywalkart,B,http://www.skywalkart.com/,是,成都市高新区天府四街199号成都长虹科技大厦B座3楼,四川省,成都市,高新区,成都市高新区天府四街199号成都长虹科技大厦B座3楼,confirmed,IT服务与外包,页面未说明,"官网自述『天纵世纪 – 美术行业外包专家, since 2016』，为网络游戏/手机游戏客户提供美术服务。",企业官网,加 入,http://www.skywalkart.com/index/join,official_careers_page,官网招聘页,官网招聘页,official_company,是,true,A,否,,not_available,0,empty_but_accessible,入口可访问但暂无职位,入口可访问但暂无职位,页面存在但状态不明确,entry_only,direct_page_visit,new_v14,200,200,2026-09-27,2026-09-27,http://www.skywalkart.com/index/join｜http://www.skywalkart.com/index/join｜http://www.skywalkart.com/,,官方招聘入口为企业官网/官方招聘系统；V1.4 修正轮统一口径（原值「A」）,,否（V1.4 存量）,未发现重复
CD0246,244,成都天马精密机械有限公司,天马精密,A,http://www.cdtmjm.com/,是,成都市青白江区欧城南路999号,四川省,成都市,青白江区,成都市青白江区欧城南路999号,confirmed,智能制造与装备,页面未说明,成都天马精密机械有限公司官网「人才招聘」页仅公示 1 个在招职位（安全工程师），简历投递邮箱为 tmb_hr@cdtmb.com。,企业官网,人才招聘,http://www.cdtmjm.com/zhaopin,official_careers_page,官网招聘页,官网招聘页,official_company,是,true,A,是,1,confirmed,1,active,有效（当前有可见职位）,有效（当前有可见职位）,公开招聘中,direct_job_observed,direct_page_visit,new_v14,200,200,2026-09-27,2026-09-27,http://www.cdtmjm.com/zhaopin｜http://www.cdtmjm.com/zhaopin｜http://www.cdtmjm.com/,,官方招聘入口为企业官网/官方招聘系统；V1.4 修正轮统一口径（原值「A」）,,否（V1.4 存量）,未发现重复
CD0247,245,成都川新能控测量设备有限公司,川新能控,B,https://scdasc.com/,是,成都市武侯区二环路南三段5号中国地质科学院矿产地质研究所人南大厦B座506,四川省,成都市,武侯区,成都市武侯区二环路南三段5号中国地质科学院矿产地质研究所人南大厦B座506,confirmed,电子信息制造,页面未说明,深耕电力智能化监测领域，专注在线式局部放电监测、电力设备状态感知等核心技术研发与产品制造，产品应用于多地电网项目。,企业官网,加入我们,https://scdasc.com/?p=1908,official_careers_page,官网招聘页,官网招聘页,official_company,是,true,A,否,2,confirmed,2,active,有效（当前有可见职位）,有效（当前有可见职位）,公开招聘中,direct_job_observed,direct_page_visit,new_v14,200,200,2026-09-27,2026-09-27,https://scdasc.com/?p=1908｜https://scdasc.com/?p=1908｜https://scdasc.com/,,官方招聘入口为企业官网/官方招聘系统；V1.4 修正轮统一口径（原值「A」）,,否（V1.4 存量）,未发现重复
CD0248,246,成都巴莫科技有限责任公司,巴莫科技,B,http://www.bamo-tech.com/,是,页面未说明,四川省,成都市,,页面未说明,inferred,新能源,页面未说明,成都巴莫科技有限责任公司官网「加入巴莫」页含人才发展与招聘职位两个板块，本轮实测该页可打开但未展示任何职位列表。,企业官网,加入巴莫-人才发展,http://www.bamo-tech.com/hring.aspx?AboutCateId=86&CateId=86,official_careers_page,官网招聘页,官网招聘页,official_company,是,true,A,否,,not_available,0,empty_but_accessible,入口可访问但暂无职位,入口可访问但暂无职位,页面存在但状态不明确,entry_only,direct_page_visit,new_v14,200,200,2026-09-27,2026-09-27,http://www.bamo-tech.com/hring.aspx?AboutCateId=86&CateId=86｜http://www.bamo-tech.com/hring.aspx?AboutCateId=86&CateId=86｜http://www.bamo-tech.com/,,官方招聘入口为企业官网/官方招聘系统；V1.4 修正轮统一口径（原值「A」）,行政区仍未确认：官网命中地址为天津总部（滨海高新区），非成都主体,否（V1.4 存量）,未发现重复
CD0249,247,成都市公共交通集团有限公司,成都公交集团,B,https://www.cdgjbus.com/,是,页面未说明,四川省,成都市,,页面未说明,inferred,轨道交通,页面未说明,页面未说明,企业官网,公告（公开招聘储备人才）,https://www.cdgjbus.com/article?articleId=2097953173471760386&activeIndex=8&activeIndexSub=16,official_careers_page,官网招聘页,官网招聘页,official_company,是,true,A,否,,not_available,0,empty_but_accessible,入口可访问但暂无职位,入口可访问但暂无职位,页面存在但状态不明确,entry_only,direct_page_visit,new_v14,200,200,2026-09-27,2026-09-27,https://www.cdgjbus.com/article?articleId=2097953173471760386&activeIndex=8&activeIndexSub=16｜https://www.cdgjbus.com/article?articleId=2097953173471760386&activeIndex=8&activeIndexSub=16｜https://www.cdgjbus.com/,,官方招聘入口为企业官网/官方招聘系统；V1.4 修正轮统一口径（原值「A」）,,否（V1.4 存量）,未发现重复
CD0250,248,成都市兴蓉环境股份有限公司,兴蓉环境,A,https://www.cdxrec.com/,是,成都市高新区锦城大道1000号（官网页脚原文；邮编610041）,四川省,成都市,高新区,成都市高新区锦城大道1000号（官网页脚原文；邮编610041）,confirmed,环保,A股上市公司（股票代码000598），国有控股，成都市环境集团（成都环境投资集团）控股,近80年水务环保产业的国有控股上市公司，业务涵盖供水、污水处理、固废与市政工程。,企业官网,人才招聘-招聘公告,https://www.cdxrec.com/show/1177-86342.html,official_careers_page,官网招聘页,官网招聘页,official_company,是,true,A,是,5,confirmed,5,active,有效（当前有可见职位）,有效（当前有可见职位）,公开招聘中,direct_job_observed,direct_page_visit,new_v14,200,200,2026-09-27,2026-09-27,https://www.cdxrec.com/show/1177-86342.html｜https://www.cdxrec.com/show/1177-86342.html｜https://www.cdxrec.com/,,官方招聘入口为企业官网/官方招聘系统；V1.4 修正轮统一口径（原值「A」）,,否（V1.4 存量）,未发现重复
CD0252,250,成都微光集电科技有限公司,微光集电 / Image Design,B,http://www.imagedesign.com.cn/,是,高新区和乐二街171号 新川AI创新科技园 B6-2单元9-10F,四川省,成都市,高新区,高新区和乐二街171号 新川AI创新科技园 B6-2单元9-10F,confirmed,半导体与集成电路,页面未说明,专注于 CMOS 图像传感器研发，拥有芯片产品全流程研发团队，建有多条 CIS 产品线及低噪声高感光、高动态范围、近红外增强、低功耗等核心技术。,企业官网,社会招聘,http://www.imagedesign.com.cn/recruit1.html,official_careers_page,官网招聘页,官网招聘页,official_company,是,true,A,否,,not_available,0,empty_but_accessible,入口可访问但暂无职位,入口可访问但暂无职位,页面存在但状态不明确,entry_only,direct_page_visit,new_v14,200,200,2026-09-27,2026-09-27,http://www.imagedesign.com.cn/recruit1.html｜http://www.imagedesign.com.cn/recruit1.html｜http://www.imagedesign.com.cn/,,官方招聘入口为企业官网/官方招聘系统；V1.4 修正轮统一口径（原值「A」）,,否（V1.4 存量）,未发现重复
CD0255,253,成都文化旅游发展集团有限责任公司,成都文旅集团,B,https://www.cdctg.com/,否,四川省成都市区（招聘公告『工作地点』栏原文）,四川省,成都市,,四川省成都市区（招聘公告『工作地点』栏原文）,confirmed,国企事业单位,市属国有企业（成立于2007年3月，整合全市优质文旅资源）,文商旅体深度融合的市属国企，运营宽窄巷子、西岭雪山、夜游锦江等品牌项目。,企业官网,员工招聘（校园招聘公告）,https://www.cdctg.com/#/recDetailInfo?recruitId=2100424593283813377,official_careers_page,官网招聘页,官网招聘页,official_company,是,true,A,是,3,confirmed,3,temporarily_unavailable,入口暂时不可访问,需人工复核,待人工复核,direct_job_observed,direct_page_visit,new_v14,连接失败,200,2026-09-27,2026-09-27,https://www.cdctg.com/#/recDetailInfo?recruitId=2100424593283813377｜https://www.cdctg.com/#/recDetailInfo?recruitId=2100424593283813377｜https://www.cdctg.com/,,官方招聘入口为企业官网/官方招聘系统；V1.4 修正轮统一口径（原值「A」）,2026-09-28 入口复测：官网为 SPA（#/路由），静态抓取无正文，浏览器访问正常,否（V1.4 存量）,未发现重复
CD0256,254,成都文旅集团有限公司,成都文旅集团,B,https://www.cdctg.com/,是,页面未说明,四川省,成都市,,页面未说明,inferred,文化传媒与影视,页面未说明,页面未说明,企业官网,（官网首页，官网未设独立招聘栏目）,https://www.cdctg.com/,official_careers_page,官网招聘页,官网招聘页,official_company,是,true,A,否,,not_available,0,empty_but_accessible,入口可访问但暂无职位,入口可访问但暂无职位,页面存在但状态不明确,entry_only,direct_page_visit,new_v14,200,200,2026-09-27,2026-09-27,https://www.cdctg.com/｜https://www.cdctg.com/｜https://www.cdctg.com/,,官方招聘入口为企业官网/官方招聘系统；V1.4 修正轮统一口径（原值「A」）,注意：本企业的招聘入口页即企业官网首页，官网未设独立招聘栏目，已列入待人工复核。,否（V1.4 存量）,官网 cdctg.com 与「成都文化旅游发展集团有限责任公司」共用，疑为同一集团两块牌子，需人工确认
CD0257,255,成都旋极星源信息技术有限公司,旋极星源,A,https://www.star-source.cn/,是,成都市高新区益州大道1858号天府软件园G区8栋8楼,四川省,成都市,高新区,成都市高新区益州大道1858号天府软件园G区8栋8楼,confirmed,半导体与集成电路,页面未说明,主营射频IP、模拟IP、数字后端与芯片定制服务，业务覆盖物联网、卫星导航及通信终端芯片方向。,企业官网,社会招聘,https://www.star-source.cn/News_List.php?tag=Zhaoping&theId=8,official_careers_page,官网招聘页,官网招聘页,official_company,是,true,A,是,9,confirmed,9,active,有效（当前有可见职位）,有效（当前有可见职位）,公开招聘中,direct_job_observed,direct_page_visit,new_v14,200,200,2026-09-27,2026-09-27,https://www.star-source.cn/News_List.php?tag=Zhaoping&theId=8｜https://www.star-source.cn/News_List.php?tag=Zhaoping&theId=8｜https://www.star-source.cn/,,官方招聘入口为企业官网/官方招聘系统；V1.4 修正轮统一口径（原值「A」）,,否（V1.4 存量）,未发现重复
CD0258,256,成都明夷电子科技股份有限公司,明夷电子 / MEENYI,A,http://meenyi.com/,是,中国（四川）自由贸易试验区成都高新区锦和路1699号AI创新中心E区1栋8-9层（总部）,四川省,成都市,高新区,中国（四川）自由贸易试验区成都高新区锦和路1699号AI创新中心E区1栋8-9层（总部）,confirmed,半导体与集成电路,页面未说明,官网产品系列分为射频、光电、Wi-Fi、以太网PHY，提供无线通讯、光通讯、终端消费类芯片与方案。,企业官网,招贤纳士,http://meenyi.com/cn/recruit.html,official_careers_page,官网招聘页,官网招聘页,official_company,是,true,A,是,5,confirmed,5,active,有效（当前有可见职位）,有效（当前有可见职位）,公开招聘中,direct_job_observed,direct_page_visit,new_v14,200,200,2026-09-27,2026-09-27,http://meenyi.com/cn/recruit.html｜http://meenyi.com/cn/recruit.html｜http://meenyi.com/,,官方招聘入口为企业官网/官方招聘系统；V1.4 修正轮统一口径（原值「A」）,,否（V1.4 存量）,未发现重复
CD0259,257,成都森未科技有限公司,森未科技 / FUSEMI,B,http://fusemi.cn/,是,四川省成都市高新西区康强三路1111号（成都总部）；页面另列深圳分部,四川省,成都市,高新区,四川省成都市高新西区康强三路1111号（成都总部）；页面另列深圳分部,confirmed,半导体与集成电路,页面未说明,从事晶圆、模块与单管类功率半导体产品制造与销售，页面列出晶圆、模块、单管三类产品线与质量管控、检测方案。,企业官网,招贤纳士,http://fusemi.cn/c/zhaoxiannashi.html,official_careers_page,官网招聘页,官网招聘页,official_company,是,true,A,是,5,confirmed,5,temporarily_unavailable,入口暂时不可访问,需人工复核,待人工复核,direct_job_observed,direct_page_visit,new_v14,200,200,2026-09-27,2026-09-27,http://fusemi.cn/c/zhaoxiannashi.html｜http://fusemi.cn/c/zhaoxiannashi.html｜http://fusemi.cn/,,官方招聘入口为企业官网/官方招聘系统；V1.4 修正轮统一口径（原值「A」）,2026-09-28 入口复测：放宽 TLS 复测恢复 200，招聘内容待人工确认,否（V1.4 存量）,未发现重复
CD0262,260,成都永源精密模具有限公司,永源精密模具,A,http://www.cdyymold.com/,是,成都市郫都区成都现代工业港南片区仁港路38号,四川省,成都市,郫都区,成都市郫都区成都现代工业港南片区仁港路38号,confirmed,智能制造与装备,页面未说明,成都永源精密模具有限公司官网「人力资源」栏目下「招聘职位」页以表格列出 6 个职位的职位类别、工作地点、招聘人数、工作类型与岗位要求全文。,企业官网,人力资源-招聘职位,http://www.cdyymold.com/zhaopinzhiwei,official_careers_page,官网招聘页,官网招聘页,official_company,是,true,A,是,6,confirmed,6,active,有效（当前有可见职位）,有效（当前有可见职位）,公开招聘中,direct_job_observed,direct_page_visit,new_v14,200,200,2026-09-27,2026-09-27,http://www.cdyymold.com/zhaopinzhiwei｜http://www.cdyymold.com/zhaopinzhiwei｜http://www.cdyymold.com/,,官方招聘入口为企业官网/官方招聘系统；V1.4 修正轮统一口径（原值「A」）,,否（V1.4 存量）,未发现重复
CD0264,262,成都海思智诚自动化设备有限公司,海思智诚,A,http://www.hszcauto.com/,是,四川省成都市锦江区工业园区锦华路三段88号汇融广场（锦华）F座5层,四川省,成都市,锦江区,四川省成都市锦江区工业园区锦华路三段88号汇融广场（锦华）F座5层,confirmed,智能制造与装备,页面未说明,成都海思智诚自动化设备有限公司官网「人才招聘」页以表格形式列出工业机器人销售等 4 个职位的招聘人数、学历与职责要求。,企业官网,人才招聘,http://www.hszcauto.com/About.aspx?ClassID=32,official_careers_page,官网招聘页,官网招聘页,official_company,是,true,A,是,4,confirmed,2,active,有效（当前有可见职位）,有效（当前有可见职位）,公开招聘中,direct_job_observed,direct_page_visit,new_v14,200,200,2026-09-27,2026-09-27,http://www.hszcauto.com/About.aspx?ClassID=32｜http://www.hszcauto.com/About.aspx?ClassID=32｜http://www.hszcauto.com/,,官方招聘入口为企业官网/官方招聘系统；V1.4 修正轮统一口径（原值「A」）,,否（V1.4 存量）,未发现重复
CD0266,264,成都灵绘文化传播有限公司,灵绘文化 / LEEWAY ART,B,http://www.ilinghui.com/,是,成都市高新区孵化园9号楼E座6F、7号楼3F/4F,四川省,成都市,高新区,成都市高新区孵化园9号楼E座6F、7号楼3F/4F,confirmed,游戏,页面未说明,官网自述灵绘文化集团作为数字艺术视效服务商，业务覆盖游戏美术制作、CG 动画制作、影视制片、APP 及 HTML5 游戏开发、美术培训、数字孪生等，在重庆、广州、成都等地设有分子公司。,企业官网,加入我们 Join us,http://www.ilinghui.com/join/,official_careers_page,官网招聘页,官网招聘页,official_company,是,true,A,否,,not_available,0,empty_but_accessible,入口可访问但暂无职位,入口可访问但暂无职位,页面存在但状态不明确,entry_only,direct_page_visit,new_v14,200,200,2026-09-27,2026-09-27,http://www.ilinghui.com/join/｜http://www.ilinghui.com/join/｜http://www.ilinghui.com/,,官方招聘入口为企业官网/官方招聘系统；V1.4 修正轮统一口径（原值「A」）,,否（V1.4 存量）,未发现重复
CD0267,265,成都烽炊网络,火娃娃游戏 FireWogames,A,http://www.firewogames.com/,是,四川省成都市天府新区保利天寰广场（官网页脚原文）,四川省,成都市,天府新区,四川省成都市天府新区保利天寰广场（官网页脚原文）,confirmed,游戏,规模页面未说明；官网正文写『60+ 团队成员』『7 年研发历程』,火娃娃游戏是一家致力于创造独特游戏体验的中国风独立游戏工作室，研发项目为《烽火与炊烟》。,企业官网,（官网首页，官网未设独立招聘栏目）,http://www.firewogames.com/,official_careers_page,官网招聘页,官网招聘页,official_company,是,true,A,是,4,confirmed,3,active,有效（当前有可见职位）,有效（当前有可见职位）,公开招聘中,direct_job_observed,direct_page_visit,new_v14,200,200,2026-09-27,2026-09-27,http://www.firewogames.com/｜http://www.firewogames.com/｜http://www.firewogames.com/,,官方招聘入口为企业官网/官方招聘系统；V1.4 修正轮统一口径（原值「A」）,注意：本企业的招聘入口页即企业官网首页，官网未设独立招聘栏目，已列入待人工复核。,否（V1.4 存量）,未发现重复
CD0268,266,成都环境投资集团有限公司,成都环境集团,B,https://www.cdenvironment.com/,是,页面未说明,四川省,成都市,,页面未说明,inferred,环保,国有企业，成都市国资委持股90%、四川省财政厅持股10%；下属子公司100余户、在岗职工8200余人、总资产超1000亿元，含1户A股上市公司,80余年水务环保产业国有企业，构建供排净治一体化与固废全周期管理产业链。,企业官网,员工招聘,https://www.cdenvironment.com/category/253/1.html,official_careers_page,官网招聘页,官网招聘页,official_company,是,true,A,否,3,confirmed,3,active,有效（当前有可见职位）,有效（当前有可见职位）,公开招聘中,direct_job_observed,direct_page_visit,new_v14,200,200,2026-09-27,2026-09-27,https://www.cdenvironment.com/show/1164-90548.html｜https://www.cdenvironment.com/category/253/1.html｜https://www.cdenvironment.com/,,官方招聘入口为企业官网/官方招聘系统；V1.4 修正轮统一口径（原值「A」）,,否（V1.4 存量）,未发现重复
CD0269,267,成都瑞迪威科技有限公司,瑞迪威科技,B,http://www.ruidiwei.com/,是,成都市双流区芯谷产业园（官网公司简介原文）；页面另注青羊区文家路255号航空智能集成创新园相关基地,四川省,成都市,双流区,成都市双流区芯谷产业园（官网公司简介原文）；页面另注青羊区文家路255号航空智能集成创新园相关基地,confirmed,半导体与集成电路,页面未说明,官网原文：位于成都市双流区芯谷产业园，专注微波、毫米波频段的天线、组件等领域的设计、开发、生产、销售、服务。,企业官网,人力资源,http://www.ruidiwei.com/list-8-1.html,official_careers_page,官网招聘页,官网招聘页,official_company,是,true,A,否,,not_available,0,empty_but_accessible,入口可访问但暂无职位,入口可访问但暂无职位,页面存在但状态不明确,entry_only,direct_page_visit,new_v14,200,200,2026-09-27,2026-09-27,http://www.ruidiwei.com/list-8-1.html｜http://www.ruidiwei.com/list-8-1.html｜http://www.ruidiwei.com/,,官方招聘入口为企业官网/官方招聘系统；V1.4 修正轮统一口径（原值「A」）,,否（V1.4 存量）,未发现重复
CD0271,269,成都益格网络科技有限公司,益格 / EGAME NETWORK,A,http://www.cdegwl.com/,是,页面未说明,四川省,成都市,,页面未说明,inferred,游戏,页面未说明,官网标题自称『成都益格网络科技有限公司-游戏原画、游戏动作、游戏模型、游戏特效、场景设计、角色设计、游戏美术外包』，为游戏美术外包供应商。,企业官网,JOIN 加入,http://www.cdegwl.com/hrlist.aspx,official_careers_page,官网招聘页,官网招聘页,official_company,是,true,A,是,3,confirmed,3,active,有效（当前有可见职位）,有效（当前有可见职位）,公开招聘中,direct_job_observed,direct_page_visit,new_v14,200,200,2026-09-27,2026-09-27,http://www.cdegwl.com/hrlist.aspx｜http://www.cdegwl.com/hrlist.aspx｜http://www.cdegwl.com/,,官方招聘入口为企业官网/官方招聘系统；V1.4 修正轮统一口径（原值「A」）,,否（V1.4 存量）,未发现重复
CD0272,270,成都益民投资集团有限公司,成都益民集团,B,https://www.ymtzjt.com/,是,高新区石羊场路888号8号楼,四川省,成都市,高新区,四川省成都市高新区石羊场路888号8号楼,official_page_2026-09-28,零售与消费,页面未说明,成都益民投资集团有限公司为成都市16家市属国企之一，2019年3月由原成都商物投集团、成都农发投公司整合组建，功能定位是服务城市保供与乡村振兴（摘自招聘公告原文）,企业官网,员工招聘,https://www.ymtzjt.com/contents/21/9837.html,official_careers_page,官网招聘页,官网招聘页,official_company,是,true,A,否,,not_available,0,empty_but_accessible,入口可访问但暂无职位,入口可访问但暂无职位,页面存在但状态不明确,entry_only,direct_page_visit,new_v14,200,200,2026-09-27,2026-09-27,https://www.ymtzjt.com/contents/21/9837.html｜https://www.ymtzjt.com/contents/21/9837.html｜https://www.ymtzjt.com/,,官方招聘入口为企业官网/官方招聘系统；V1.4 修正轮统一口径（原值「A」）,2026-09-28 依据官网页面地址确认行政区,否（V1.4 存量）,未发现重复
CD0273,271,成都秦川物联网科技股份有限公司,秦川智能传感器,B,https://www.cdqckj.com/,是,页面未说明,四川省,成都市,高新区,页面未说明,inferred,智能制造与装备,页面未说明,成都秦川物联网科技股份有限公司旗下招聘子站 scic.cdqckj.com 的「招贤纳士」页实测可打开，含人才综述、公司福利与招聘职位表；但表中职位工作地点为眉山，非成都。,企业官网,招贤纳士,https://scic.cdqckj.com/channels/Recruit.html,official_careers_page,官网招聘页,官网招聘页,official_company,是,true,A,否,4,confirmed,0,temporarily_unavailable,入口暂时不可访问,需人工复核,待人工复核,direct_job_observed,direct_page_visit,new_v14,200,200,2026-09-27,2026-09-27,https://scic.cdqckj.com/channels/Recruit.html｜https://scic.cdqckj.com/channels/Recruit.html｜https://www.cdqckj.com/,,官方招聘入口为企业官网/官方招聘系统；V1.4 修正轮统一口径（原值「A」）,2026-09-28 入口复测：放宽 TLS 复测恢复 200，招聘频道页关键词命中 4,否（V1.4 存量）,未发现重复
CD0274,272,成都维客昕微电子有限公司,维客昕微,B,http://www.vcaresensor.com/,是,成都市高新区百草路366号萃峰国际（官网联系页地址栏原文『成都市高新区366号萃峰国际23栋』）,四川省,成都市,高新区,成都市高新区百草路366号萃峰国际（官网联系页地址栏原文『成都市高新区366号萃峰国际23栋』）,confirmed,半导体与集成电路,页面未说明,官网栏目含 about.html、introduction.html、honor.html、product.html、xycgq.html、jjcgq.html、culture.html、contact.html，主营传感器类产品。,企业官网,人才招聘 / 招聘信息（位于联系我们页栏目）,http://www.vcaresensor.com/contact.html,official_careers_page,官网招聘页,官网招聘页,official_company,是,true,A,否,,not_available,0,empty_but_accessible,入口可访问但暂无职位,入口可访问但暂无职位,页面存在但状态不明确,entry_only,direct_page_visit,new_v14,200,200,2026-09-27,2026-09-27,http://www.vcaresensor.com/contact.html｜http://www.vcaresensor.com/contact.html｜http://www.vcaresensor.com/,,官方招聘入口为企业官网/官方招聘系统；V1.4 修正轮统一口径（原值「A」）,,否（V1.4 存量）,未发现重复
CD0275,273,成都罗森便利店管理有限公司,罗森便利店｜LAWSON 中国罗森,B,https://www.chinalawson.com.cn/,是,页面未说明,四川省,成都市,成都市,页面未说明,inferred,零售与消费,页面未说明,页面未说明,企业官网,中国罗森（各地区罗森事业公司名单）,https://www.chinalawson.com.cn/join,official_careers_page,官网招聘页,官网招聘页,official_company,是,true,A,否,,not_available,0,empty_but_accessible,入口可访问但暂无职位,入口可访问但暂无职位,页面存在但状态不明确,entry_only,direct_page_visit,new_v14,200,200,2026-09-27,2026-09-27,https://www.chinalawson.com.cn/join｜https://www.chinalawson.com.cn/join｜https://www.chinalawson.com.cn/,,官方招聘入口为企业官网/官方招聘系统；V1.4 修正轮统一口径（原值「A」）,,否（V1.4 存量）,未发现重复
CD0276,274,成都能通科技股份有限公司,能通科技 / LandTop,B,https://www.cdlandtop.com/,是,成都市武侯区武青西四路803号,四川省,成都市,武侯区,成都市武侯区武青西四路803号,confirmed,通信与网络设备,页面未说明,页面分为关于能通（公司概况、董事长致辞、企业文化、资质证书、合作伙伴）、公司产品、新闻中心与人力资源栏目，从事信息与通信相关产品研发。,企业官网,招聘信息,https://www.cdlandtop.com/index.php?cid=16&v=listing,official_careers_page,官网招聘页,官网招聘页,official_company,是,true,A,否,5,confirmed,5,active,有效（当前有可见职位）,有效（当前有可见职位）,公开招聘中,direct_job_observed,direct_page_visit,new_v14,200,200,2026-09-27,2026-09-27,https://www.cdlandtop.com/index.php?cid=16&v=listing｜https://www.cdlandtop.com/index.php?cid=16&v=listing｜https://www.cdlandtop.com/,,官方招聘入口为企业官网/官方招聘系统；V1.4 修正轮统一口径（原值「A」）,,否（V1.4 存量）,未发现重复
CD0277,275,成都航空有限公司,成都航空,B,https://www.cdal.com.cn/,是,页面未说明,四川省,成都市,,页面未说明,inferred,航空运输,页面未说明,页面未说明,企业官网,（官网首页，官网未设独立招聘栏目）,https://www.cdal.com.cn/,official_careers_page,官网招聘页,官网招聘页,official_company,是,true,A,否,,not_available,0,empty_but_accessible,入口可访问但暂无职位,入口可访问但暂无职位,页面存在但状态不明确,entry_only,direct_page_visit,new_v14,200,200,2026-09-27,2026-09-27,https://www.cdal.com.cn/｜https://www.cdal.com.cn/｜https://www.cdal.com.cn/,,官方招聘入口为企业官网/官方招聘系统；V1.4 修正轮统一口径（原值「A」）,注意：本企业的招聘入口页即企业官网首页，官网未设独立招聘栏目，已列入待人工复核。,否（V1.4 存量）,未发现重复
CD0278,276,成都蓉城康养集团有限公司,蓉城康养,B,https://www.cdxctz.com/,是,页面未说明（招聘公告未在静态页展示办公地址）,四川省,成都市,,页面未说明（招聘公告未在静态页展示办公地址）,inferred,其他,页面未说明；公告原文写为成都市属国企成都兴城投资集团有限公司新设成立的专业化公司,成都市属国企成都兴城投资集团新设的健康养老专业化公司，打造『蓉城康养』品牌。,企业官网,成都蓉城康养集团有限公司关于2026年招聘养老院储备院长岗等岗位的公告,https://www.cdxctz.com/giftedinfo.aspx?t=52&ContentId=339,group_careers_platform,集团招聘平台,集团招聘平台,official_company,是,true,A,否,3,confirmed,3,active,有效（当前有可见职位）,有效（当前有可见职位）,公开招聘中,direct_job_observed,direct_page_visit,new_v14,200,200,2026-09-27,2026-09-27,https://www.cdxctz.com/giftedinfo.aspx?t=52&ContentId=339｜https://www.cdxctz.com/giftedinfo.aspx?t=52&ContentId=339｜https://www.cdxctz.com/,,官方招聘入口为企业官网/官方招聘系统；V1.4 修正轮统一口径（原值「A」）,行政区仍未确认：官网命中为子公司成都建工天府建设相关新闻，非集团注册地,否（V1.4 存量）,未发现重复
CD0280,278,成都蜀大侠餐饮管理有限公司,蜀大侠 / 侠起江湖,B,https://www.cd-sdx.com/,是,成都市锦江区东大路16号HFC汇信财富中心39楼,四川省,成都市,锦江区,成都市锦江区东大路16号HFC汇信财富中心39楼,confirmed,餐饮连锁,页面未说明,页面未说明,企业官网,侠起江湖（人才招聘）,https://www.cd-sdx.com/about,official_careers_page,官网招聘页,官网招聘页,official_company,是,true,A,否,4,confirmed,4,active,有效（当前有可见职位）,有效（当前有可见职位）,公开招聘中,direct_job_observed,direct_page_visit,new_v14,200,200,2026-09-27,2026-09-27,https://www.cd-sdx.com/about｜https://www.cd-sdx.com/about｜https://www.cd-sdx.com/,,官方招聘入口为企业官网/官方招聘系统；V1.4 修正轮统一口径（原值「A」）,,否（V1.4 存量）,未发现重复
CD0281,279,成都裕鸢航空智能制造股份有限公司,裕鸢航空,B,https://www.yuyuanhk.com/,是,新都区新都街道龙虎大道1408号,四川省,成都市,新都区,四川省成都市新都区新都街道龙虎大道1408号,official_page_2026-09-28,航空航天,页面未说明,成都裕鸢航空智能制造股份有限公司官网域名下 /zpxx/ 为招聘信息栏目页，本轮实测可打开但职位列表区域显示为空。,企业官网,招聘信息（/zpxx/）,https://www.yuyuanhk.com/zpxx/,official_careers_page,官网招聘页,官网招聘页,official_company,是,true,A,否,,not_available,0,empty_but_accessible,入口可访问但暂无职位,入口可访问但暂无职位,页面存在但状态不明确,entry_only,direct_page_visit,new_v14,200,200,2026-09-27,2026-09-27,https://www.yuyuanhk.com/zpxx/｜https://www.yuyuanhk.com/zpxx/｜https://www.yuyuanhk.com/,,官方招聘入口为企业官网/官方招聘系统；V1.4 修正轮统一口径（原值「A」）,2026-09-28 依据官网页面地址确认行政区,否（V1.4 存量）,未发现重复
CD0282,280,成都西蒙博格科技有限公司,SIMBOG,A,https://www.simbog.com/,是,成都市高新区港汇国际中心,四川省,成都市,高新区,成都市高新区港汇国际中心,confirmed,人工智能与大数据,页面未说明,"Chengdu SIMBOG Technology Co., Ltd.，跨学科团队聚焦智能制造、人工智能与物联网，官网自我介绍为『来自高校与互联网头部企业的技术伙伴』，业务含智能制造、智慧水务、地灾监测、低空经济。",企业官网,加入我们 / Careers,https://www.simbog.com/join,official_careers_page,官网招聘页,官网招聘页,official_company,是,true,A,是,17,confirmed,17,active,有效（当前有可见职位）,有效（当前有可见职位）,公开招聘中,direct_job_observed,direct_page_visit,new_v14,200,200,2026-09-27,2026-09-27,https://www.simbog.com/join｜https://www.simbog.com/join｜https://www.simbog.com/,,官方招聘入口为企业官网/官方招聘系统；V1.4 修正轮统一口径（原值「A」）,,否（V1.4 存量）,组内重复，与《成都西蒙博格科技有限公司》合并（group2_elec.json）
CD0283,281,成都设计咨询集团有限公司,成都咨询设计集团,A,https://www.cdadri.com/,是,成都市高新区天府四街300号财智中心1号楼A座（官网页脚原文）,四川省,成都市,高新区,成都市高新区天府四街300号财智中心1号楼A座（官网页脚原文）,confirmed,设计服务,国有独资；成都市人民政府出资、市国资委履行出资人职责,市属国有设计咨询集团，提供城市建设和运营全过程综合解决方案。,企业官网,员工招聘（招聘公告）,http://cdadri.com/jobview.aspx?contentid=48&t=55,official_careers_page,官网招聘页,官网招聘页,official_company,是,true,A,是,15,confirmed,15,active,有效（当前有可见职位）,有效（当前有可见职位）,公开招聘中,direct_job_observed,direct_page_visit,new_v14,200,200,2026-09-27,2026-09-27,http://cdadri.com/jobview.aspx?contentid=48&t=55｜http://cdadri.com/jobview.aspx?contentid=48&t=55｜https://www.cdadri.com/,,官方招聘入口为企业官网/官方招聘系统；V1.4 修正轮统一口径（原值「A」）,,否（V1.4 存量）,未发现重复
CD0284,282,成都轨道交通集团有限公司,成都轨道集团,A,https://www.chengdurail.com/,是,页面未说明,四川省,成都市,,页面未说明,inferred,轨道交通,国有全资企业,成立于2004年10月，负责成都城市轨道交通规划、建设、运营、TOD综合开发、轨道资源运营和轨道产业投资的大型国有全资企业（摘自招聘公告原文）,企业官网,社会招聘公告,https://www.chengdurail.com/ygzp/shzp/zpgg.htm,official_careers_page,官网招聘页,官网招聘页,official_company,是,true,A,是,25,confirmed,24,active,有效（当前有可见职位）,有效（当前有可见职位）,公开招聘中,direct_job_observed,direct_page_visit,new_v14,200,200,2026-09-27,2026-09-27,https://www.chengdurail.com/ygzp/shzp/zpgg.htm｜https://www.chengdurail.com/ygzp/shzp/zpgg.htm｜https://www.chengdurail.com/,,官方招聘入口为企业官网/官方招聘系统；V1.4 修正轮统一口径（原值「A」）,行政区仍未确认：官网命中「青羊区蜀鑫路站」为地铁站点名，非办公地址,否（V1.4 存量）,未发现重复
CD0285,283,成都迅翼卫通科技有限公司,迅翼卫通 / StarWin,A,http://www.xuny-sat.com/,是,中国四川省成都市高新区科园南二路2号B座三楼（成都总部）,四川省,成都市,高新区,中国四川省成都市高新区科园南二路2号B座三楼（成都总部）,confirmed,通信与网络设备,页面未说明,聚焦卫星通信，拓展行业应用，产品含陆地/海洋/航空/雷达系列相控阵卫星通信终端与定位定向时统系列设备。,企业官网,人才招聘,http://www.xuny-sat.com/index.php?a=lists&c=index&catid=28&m=content,official_careers_page,官网招聘页,官网招聘页,official_company,是,true,A,是,12,confirmed,12,active,有效（当前有可见职位）,有效（当前有可见职位）,公开招聘中,direct_job_observed,direct_page_visit,new_v14,200,200,2026-09-27,2026-09-27,http://www.xuny-sat.com/index.php?a=lists&c=index&catid=28&m=content｜http://www.xuny-sat.com/index.php?a=lists&c=index&catid=28&m=content｜http://www.xuny-sat.com/,,官方招聘入口为企业官网/官方招聘系统；V1.4 修正轮统一口径（原值「A」）,,否（V1.4 存量）,未发现重复
CD0286,284,成都迪安医学检验所有限公司,迪安检验（成都）,B,http://www.dazd.cn/,是,页面未说明（招聘页未列明门牌地址）,四川省,成都市,武侯区,页面未说明（招聘页未列明门牌地址）,inferred,医疗器械,页面未说明（迪安诊断体系内医学检验实验室）,迪安诊断体系在成都设立的医学检验实验室，提供第三方医学检测服务。,企业官网,社会招聘/加入我们,http://www.dazd.cn/home/Recruit/information.html,official_careers_page,官网招聘页,官网招聘页,official_company,是,true,A,否,,not_available,0,empty_but_accessible,入口可访问但暂无职位,入口可访问但暂无职位,页面存在但状态不明确,entry_only,direct_page_visit,new_v14,200,200,2026-09-27,2026-09-27,http://www.dazd.cn/home/Recruit/information.html｜http://www.dazd.cn/home/Recruit/information.html｜http://www.dazd.cn/,,官方招聘入口为企业官网/官方招聘系统；V1.4 修正轮统一口径（原值「A」）,,否（V1.4 存量）,未发现重复
CD0287,285,成都高投生物医药产业发展有限公司,高投生物医药,B,https://www.tianfulifesciencepark.com/,是,页面未说明（园区官网未列明门牌地址）,四川省,成都市,高新区,页面未说明（园区官网未列明门牌地址）,confirmed,生物医药,页面未说明；招聘公告写明公司成立于2016年8月，系成都高新投资集团下属成都高投产城建设集团全资子公司,天府生命科技园与成都前沿医学中心的运营管理公司，管理运营载体约83万㎡。,企业官网,成都高投生物医药产业发展有限公司关于公开招聘投资经理岗位的公告,https://www.tianfulifesciencepark.com/PartyBuilding/Detail?id=2898,official_careers_page,官网招聘页,官网招聘页,official_company,是,true,A,否,1,confirmed,1,active,有效（当前有可见职位）,有效（当前有可见职位）,公开招聘中,direct_job_observed,direct_page_visit,new_v14,200,200,2026-09-27,2026-09-27,https://www.tianfulifesciencepark.com/PartyBuilding/Detail?id=2898｜https://www.tianfulifesciencepark.com/PartyBuilding/Detail?id=2898｜https://www.tianfulifesciencepark.com/,,官方招聘入口为企业官网/官方招聘系统；V1.4 修正轮统一口径（原值「A」）,,否（V1.4 存量）,未发现重复
CD0288,286,成都黑鸦数码科技有限公司,黑鸦 BLACKCROW,A,http://www.blackcrowcg.com/,是,四川省成都市金牛区振兴路兴普中心3F/12F,四川省,成都市,金牛区,四川省成都市金牛区振兴路兴普中心3F/12F,confirmed,游戏,页面未说明,面向全球提供次世代游戏美术内容与 AAA 主机游戏合研美术服务，页脚署名主体为『成都黑鸦数码科技有限公司 · BlackCrow CG』，业务覆盖游戏美术、游戏合研、游戏开发。,企业官网,加入我们 / 加入黑鸦,https://www.blackcrowcg.com/career/index.html,official_careers_page,官网招聘页,官网招聘页,official_company,是,true,A,是,16,confirmed,16,active,有效（当前有可见职位）,有效（当前有可见职位）,公开招聘中,direct_job_observed,direct_page_visit,new_v14,200,200,2026-09-27,2026-09-27,https://www.blackcrowcg.com/career/index.html｜https://www.blackcrowcg.com/career/index.html｜http://www.blackcrowcg.com/,,官方招聘入口为企业官网/官方招聘系统；V1.4 修正轮统一口径（原值「A」）,,否（V1.4 存量）,未发现重复
CD0289,287,携程（成都）,Ctrip,A,https://careers.ctrip.com/,是,页面未说明（官方招聘平台仅标注工作城市 Chengdu，无详细地址）,四川省,成都市,,页面未说明（官方招聘平台仅标注工作城市 Chengdu，无详细地址）,confirmed,软件与互联网服务,页面未说明,携程旅行网集团官方招聘平台，本轮在该平台检索到 1 个成都（Chengdu）在招岗位。,集团官方招聘平台,（官网首页，官网未设独立招聘栏目）,https://careers.ctrip.com/,official_careers_page,集团官方招聘平台,集团官方招聘平台,official_company,是,true,A,是,1,confirmed,1,active,有效（当前有可见职位）,有效（当前有可见职位）,公开招聘中,direct_job_observed,direct_page_visit,new_v14,200,200,2026-09-27,2026-09-27,https://careers.ctrip.com/api/hrrecruit/getJobAd｜https://careers.ctrip.com/｜https://careers.ctrip.com/,,官方招聘入口为企业官网/官方招聘系统；V1.4 修正轮统一口径（原值「A」）,注意：本企业的招聘入口页即企业官网首页，官网未设独立招聘栏目，已列入待人工复核。,否（V1.4 存量）,未发现重复
CD0290,288,泰康保险集团股份有限公司（成都）,泰康,B,https://www.taikanglife.com/,是,页面未说明（官网与招聘域名均未展示成都地址）,四川省,成都市,,页面未说明（官网与招聘域名均未展示成都地址）,inferred,金融科技,页面未说明（泰康保险集团，含泰康人寿等保险业务板块）,泰康保险集团，旗下含泰康人寿等保险与养老健康板块，在成都设有分支机构。,企业官网,人才招聘,https://job.taikang.com/,group_careers_platform,集团招聘平台,集团招聘平台,official_company,是,true,A,否,,not_available,0,temporarily_unavailable,入口暂时不可访问,入口暂时不可访问,无法访问,entry_only,direct_page_visit,new_v14,200,ERR,2026-09-27,2026-09-27,https://job.taikang.com/｜https://job.taikang.com/｜https://www.taikanglife.com/,,官方招聘入口为企业官网/官方招聘系统；V1.4 修正轮统一口径（原值「A」）,2026-09-28 入口复测：双通道（Python+PowerShell）复测均连接失败，站点疑似关闭境外/代理访问,否（V1.4 存量）,未发现重复
CD0291,289,熙康云医院健康科技（成都）有限公司,熙康云医院,B,https://www.xikang.com/,是,页面未说明（官网未在静态页展示成都办公地址）,四川省,成都市,高新区,页面未说明（官网未在静态页展示成都办公地址）,inferred,医疗器械,页面未说明（东软熙康健康科技体系内企业）,熙康云医院，提供互联网医疗、云医院与居家护理服务的健康科技公司。,企业官网,关于熙康,https://www.xikang.com/aboutus,other_official,其他官方渠道,其他官方渠道,official_company,是,true,A,否,,not_available,0,empty_but_accessible,入口可访问但暂无职位,入口可访问但暂无职位,页面存在但状态不明确,entry_only,direct_page_visit,new_v14,200,200,2026-09-27,2026-09-27,https://www.xikang.com/aboutus｜https://www.xikang.com/aboutus｜https://www.xikang.com/,,官方招聘入口为企业官网/官方招聘系统；V1.4 修正轮统一口径（原值「A」）,,否（V1.4 存量）,未发现重复
CD0292,290,索尔思光电（成都）有限公司,Source Photonics / 索尔思,B,https://www.sourcephotonics.com/,是,中国四川省成都市高新西区科新路8号出口加工区西区2号和5号标准厂房（成都销售办事处/成都工厂原文）,四川省,成都市,郫都区,中国四川省成都市高新西区科新路8号出口加工区西区2号和5号标准厂房（成都销售办事处/成都工厂原文）,confirmed,电子信息制造,页面未说明,光通信器件厂商，官网首页标题为『Source Photonics: Leading Global Manufacturer』，另在美国、中国台湾地区等设有据点。,企业官网,Job Opportunities,https://www.sourcephotonics.com/job-listings/,official_careers_page,官网招聘页,官网招聘页,official_company,是,true,A,否,,not_available,0,empty_but_accessible,入口可访问但暂无职位,入口可访问但暂无职位,页面存在但状态不明确,entry_only,direct_page_visit,new_v14,200,200,2026-09-27,2026-09-27,https://www.sourcephotonics.com/job-listings/｜https://www.sourcephotonics.com/job-listings/｜https://www.sourcephotonics.com/,,官方招聘入口为企业官网/官方招聘系统；V1.4 修正轮统一口径（原值「A」）,,否（V1.4 存量）,未发现重复
CD0293,291,绿盟科技集团股份有限公司,NSFOCUS 绿盟科技,B,https://www.nsfocus.com.cn/,是,第三方线索（国聘平台单位信息）：成都市高新区交子大道219号中海国际中心C楼8层【01-04】单元；官网未列成都地址,四川省,成都市,高新区,第三方线索（国聘平台单位信息）：成都市高新区交子大道219号中海国际中心C楼8层【01-04】单元；官网未列成都地址,confirmed,软件与互联网服务,Moka 门户页脚署『© 2000-2026 绿盟科技』，规模页面未说明,绿盟科技集团股份有限公司，安全领域企业，Moka 招聘门户页脚署名为绿盟科技。,企业专属ATS,绿盟科技2027校园招聘,https://app.mokahr.com/campus_apply/nsfocus/29118,official_ats,专属ATS,专属ATS,official_company,是,true,A,否,,not_available,0,empty_but_accessible,入口可访问但暂无职位,需人工复核,页面存在但状态不明确,entry_only,direct_page_visit,new_v14,200,302,2026-09-27,2026-09-27,https://app.mokahr.com/campus_apply/nsfocus/29118｜https://app.mokahr.com/campus_apply/nsfocus/29118｜https://www.nsfocus.com.cn/,,官方招聘入口为企业官网/官方招聘系统；V1.4 修正轮统一口径（原值「A」）,2026-09-28 入口复测：Moka 校招页重定向+动态渲染，浏览器访问正常,否（V1.4 存量）,未发现重复
CD0294,292,艾迪康医学检验中心有限公司,艾迪康（成都）,B,https://www.adicon.com.cn/,是,页面未说明（官网未在静态页展示成都门牌地址）,四川省,成都市,金牛区,页面未说明（官网未在静态页展示成都门牌地址）,inferred,医疗器械,页面未说明（艾迪康医学检验中心体系内实验室）,艾迪康医学检验中心体系在成都设立的医学检验实验室，提供第三方医学检测服务。,企业官网,人才招聘,https://adicon.zhiye.com/,official_ats,专属ATS,专属ATS,official_company,是,true,A,否,,not_available,0,empty_but_accessible,入口可访问但暂无职位,入口可访问但暂无职位,页面存在但状态不明确,entry_only,direct_page_visit,new_v14,200,200,2026-09-27,2026-09-27,https://adicon.zhiye.com/｜https://adicon.zhiye.com/｜https://www.adicon.com.cn/,,官方招聘入口为企业官网/官方招聘系统；V1.4 修正轮统一口径（原值「A」）,,否（V1.4 存量）,未发现重复
CD0295,293,苏宁易购集团股份有限公司,苏宁易购,A,https://www.suning.com/,是,页面未说明,四川省,成都市,,页面未说明,inferred,零售与消费,上市公司,页面未说明,企业专属ATS,社会招聘,http://careers.suning.cn/rps-web/position/show_position_new.htm?type=1,official_ats,企业专属ATS,专属ATS,official_company,是,true,A,是,11,confirmed,11,active,有效（当前有可见职位）,有效（当前有可见职位）,公开招聘中,direct_job_observed,direct_page_visit,new_v14,200,200,2026-09-27,2026-09-27,http://careers.suning.cn/rps-web/position/show_position_new.htm?type=1｜http://careers.suning.cn/rps-web/position/show_position_new.htm?type=1｜https://www.suning.com/,,官方招聘入口为企业官网/官方招聘系统；V1.4 修正轮统一口径（原值「A」）,,否（V1.4 存量）,未发现重复
CD0296,294,蜂巢能源科技股份有限公司,蜂巢能源 / SVOLT,B,http://www.svolt.cn/,是,页面未说明,四川省,成都市,,页面未说明,inferred,新能源,上市公司（港股）,蜂巢能源官网首页「加入我们」与「蜂巢能源招聘中心」均指向专属招聘平台 svolt.zhiye.com，本轮实测该平台可打开但职位数据由前端脚本渲染，抓取不到职位列表。,企业专属ATS,加入我们 / 蜂巢能源招聘中心,https://svolt.zhiye.com/,official_ats,专属ATS,专属ATS,official_company,是,true,A,否,,not_available,0,empty_but_accessible,入口可访问但暂无职位,入口可访问但暂无职位,页面存在但状态不明确,entry_only,direct_page_visit,new_v14,200,200,2026-09-27,2026-09-27,https://svolt.zhiye.com/｜https://svolt.zhiye.com/｜http://www.svolt.cn/,,官方招聘入口为企业官网/官方招聘系统；V1.4 修正轮统一口径（原值「A」）,,否（V1.4 存量）,未发现重复
CD0297,295,西南交通大学,SWJTU,A,https://www.swjtu.edu.cn/,是,四川省成都市高新西区西部园区西南交通大学（邮编611756，报名公告页脚原文）,四川省,成都市,高新区,四川省成都市高新西区西部园区西南交通大学（邮编611756，报名公告页脚原文）,confirmed,教育,事业单位；页面未说明具体编制性质,教育部直属重点高校，以工科为主，设人力资源部负责师资与辅导员招聘。,企业官网,人事招聘,https://rsc.swjtu.edu.cn/rszp.htm,official_careers_page,官网招聘页,官网招聘页,official_company,是,true,A,是,1,confirmed,1,active,有效（当前有可见职位）,有效（当前有可见职位）,公开招聘中,direct_job_observed,direct_page_visit,new_v14,200,200,2026-09-27,2026-09-27,https://rsc.swjtu.edu.cn/rszp.htm｜https://rsc.swjtu.edu.cn/rszp.htm｜https://www.swjtu.edu.cn/,,官方招聘入口为企业官网/官方招聘系统；V1.4 修正轮统一口径（原值「A」）,,否（V1.4 存量）,未发现重复
CD0298,296,西南石油大学,SWPU,B,https://www.swpu.edu.cn/,是,新都区新都大道8号,四川省,成都市,新都区,四川省成都市新都区新都大道8号,official_page_2026-09-28,教育,页面未说明（省属高校）,四川省属重点高校，成都校区位于成都，设专属招聘网发布用人信息。,企业官网,人才招聘,http://zp.swpu.edu.cn/index/jobs,official_careers_page,官网招聘页,官网招聘页,official_company,是,true,A,否,,not_available,0,empty_but_accessible,入口可访问但暂无职位,入口可访问但暂无职位,页面存在但状态不明确,entry_only,direct_page_visit,new_v14,200,200,2026-09-27,2026-09-27,http://zp.swpu.edu.cn/index/jobs｜http://zp.swpu.edu.cn/index/jobs｜https://www.swpu.edu.cn/,,官方招聘入口为企业官网/官方招聘系统；V1.4 修正轮统一口径（原值「A」）,2026-09-28 依据官网页面地址确认行政区,否（V1.4 存量）,未发现重复
CD0299,297,西南证券股份有限公司,西南证券,B,https://www.swsc.com.cn/,是,页面未说明（官网招聘页静态内容未展示成都办公地址）,四川省,成都市,,页面未说明（官网招聘页静态内容未展示成都办公地址）,inferred,金融科技,页面未说明（西南证券股份有限公司）,西南证券股份有限公司，上市综合类证券公司，社招使用大易招聘门户。,企业官网,社会招聘,https://wecruit.hotjob.cn/SU61d3efeabef57c13bcba2eea/pb/social.html,official_ats,专属ATS,专属ATS,official_company,是,true,A,否,,not_available,0,empty_but_accessible,入口可访问但暂无职位,入口可访问但暂无职位,页面存在但状态不明确,entry_only,direct_page_visit,new_v14,200,200,2026-09-27,2026-09-27,https://wecruit.hotjob.cn/SU61d3efeabef57c13bcba2eea/pb/social.html｜https://wecruit.hotjob.cn/SU61d3efeabef57c13bcba2eea/pb/social.html｜https://www.swsc.com.cn/,,官方招聘入口为企业官网/官方招聘系统；V1.4 修正轮统一口径（原值「A」）,,否（V1.4 存量）,未发现重复
CD0300,298,达发科技（成都）有限公司,Airoha / 达发科技,B,https://www.airoha.com/,是,"9F, No.168, Tian Fu Five Street, Chengdu, PRC（官网联系页英文原文）",四川省,成都市,高新区,"9F, No.168, Tian Fu Five Street, Chengdu, PRC（官网联系页英文原文）",inferred,半导体与集成电路,页面未说明,联发科旗下无线连接芯片品牌，官网中文站署名为『达发科技』，产品蓝牙/无线连接相关，另在南京、印度设有办公室。,企业官网,Opportunities / 工作机会,https://www.airoha.com/recruit/jobs,official_careers_page,官网招聘页,官网招聘页,official_company,是,true,A,否,,not_available,0,empty_but_accessible,入口可访问但暂无职位,入口可访问但暂无职位,页面存在但状态不明确,entry_only,direct_page_visit,new_v14,200,200,2026-09-27,2026-09-27,https://www.airoha.com/recruit/jobs｜https://www.airoha.com/recruit/jobs｜https://www.airoha.com/,,官方招聘入口为企业官网/官方招聘系统；V1.4 修正轮统一口径（原值「A」）,,否（V1.4 存量）,未发现重复
CD0301,299,锦泰财产保险股份有限公司,锦泰财险,B,https://www.ejintai.com/,是,页面未说明（官网未在静态页展示成都门牌地址）,四川省,成都市,高新区,页面未说明（官网未在静态页展示成都门牌地址）,inferred,金融科技,页面未说明（锦泰财产保险股份有限公司）,锦泰财产保险股份有限公司旗下财产保险机构，2026年9月发布秋季校园招聘公告。,企业官网,人才招聘,https://jintai.zhiye.com/,official_ats,专属ATS,专属ATS,official_company,是,true,A,否,,not_available,0,empty_but_accessible,入口可访问但暂无职位,入口可访问但暂无职位,页面存在但状态不明确,entry_only,direct_page_visit,new_v14,200,200,2026-09-27,2026-09-27,https://www.ejintai.com/posts/23357.html｜https://jintai.zhiye.com/｜https://www.ejintai.com/,,官方招聘入口为企业官网/官方招聘系统；V1.4 修正轮统一口径（原值「A」）,,否（V1.4 存量）,未发现重复
CD0302,300,龙湖集团,龙湖,B,https://www.longfor.com/,是,页面未说明,四川省,成都市,,页面未说明,inferred,地产,页面未说明；官网写明聚焦开发、运营、服务三大板块,聚焦开发、运营、服务三大板块的空间与服务业企业，践行“善待你一生”理念。,企业官网,加入龙湖-我要应聘,https://www.longfor.com/join/job.html,official_careers_page,官网招聘页,官网招聘页,official_company,是,true,A,否,,not_available,0,empty_but_accessible,入口可访问但暂无职位,入口可访问但暂无职位,页面存在但状态不明确,entry_only,direct_page_visit,new_v14,200,200,2026-09-27,2026-09-27,https://www.longfor.com/join/job.html｜https://www.longfor.com/join/job.html｜https://www.longfor.com/,,官方招聘入口为企业官网/官方招聘系统；V1.4 修正轮统一口径（原值「A」）,,否（V1.4 存量）,未发现重复
CD0303,301,东方凯特瑞（成都）环保科技有限公司,东方凯特瑞|CDDKC|东方凯特瑞（成都）,A,https://cddkc.com/,是,四川省成都市武科西二路2号,四川省,成都市,武侯区,四川省成都市武科西二路2号,official_page,环保,页面未说明,东方凯特瑞（成都）环保科技有限公司官网（cddkc.com）自述从事催化剂相关环保业务，页面导航含「人才招聘」，版权信息为「东方凯特瑞（成都）环保科技有限公司」。,E组-新能源与高端装备,人才招聘 | 招聘职位列表,https://cddkc.com/job.asp,official_careers_page,企业官网自建招聘页,企业官网自建招聘页,official_company,是,true,A,是,2,confirmed,2,200,有效（当前有可见职位）,有效（当前有可见职位）,有效（当前有可见职位）,direct_job_observed,direct_page_visit,new_v15,200,200,2026-09-30,2026-09-30,https://cddkc.com/job.asp,本轮实测入口 200,A级：企业官网自建招聘页（页面标题：人才招聘-东方凯特瑞（成都）环保科技有限公司；列表原文：职位名称 城市/工作地点 招聘人数 截止时间；设备工程）,备注：2条职位页面写明截止时间2024/4/30（已过），按契约页面状态记为待人工复核。,是（V1.5）,
CD0304,302,中国五冶集团有限公司,中国五冶|五冶集团|MCC5,B,http://www.mcc5.com.cn/,是,成都市锦江区五冶路9号五冶大厦,四川省,成都市,锦江区,成都市锦江区五冶路9号五冶大厦,official_page,建筑与工程,国有企业（中国五矿、中国中冶骨干子企业），下设实体单位20余家，拥有员工1.1万人,中国五冶集团有限公司始建于1948年，总部位于成都，是中国五矿、中国中冶骨干子企业，集工程总承包、钢结构及装配式、房地产开发、项目投资为一体的大型综合企业集团。,F组-消费物流与国企,人才招聘（校园招聘）,http://mcc5.com.cn/page/xyzp,official_careers_page,企业官网自建招聘页,企业官网自建招聘页,official_company,是,true,A,是,0,not_available,0,200,入口可访问但暂无职位,入口可访问但暂无职位,入口可访问但暂无职位,entry_only,direct_page_visit,new_v15,200,200,2026-09-30,2026-09-30,http://mcc5.com.cn/page/xyzp,本轮实测入口 200,A级：企业官网自建招聘页（页面摘录：校园招聘…工作地点随心选 总部位于成都，在北京、上海、广州、深圳、雄安、重庆、天津、郑州、西安、武汉、昆明、杭）,招聘页按「研发设计类/项目管理类/经营商务类/财务管理类/职能管理类」专业方向呈现，未列出独立职位条目与职位列表，故未采集职位样本；简历投递邮箱 mcc5hr@foxmail.com 见官网及高校就业网转载。,是（V1.5）,
CD0305,303,中国成达工程有限公司,成达工程|成达公司|CNCEC Chengda|Chengda,B,http://www.chengda.com/,是,页面未说明,四川省,成都市,,页面未说明,not_available,建筑与工程,国有企业（中国化学工程集团有限公司所属），页面未说明人数,中国成达工程有限公司成立于1958年，前身为化学工业部第八设计院，隶属中国化学工程集团有限公司，位于四川成都，是以设计为主体实行工程总承包的国际型工程公司。,F组-消费物流与国企,人力资源（加盟成达）,http://www.chengda.com/join.aspx?cid=31&pid=32,official_careers_page,企业官网自建招聘页,企业官网自建招聘页,official_company,是,true,A,未知,0,not_available,0,200,入口可访问但暂无职位,入口可访问但暂无职位,入口可访问但暂无职位,entry_only,direct_page_visit,new_v15,200,200,2026-09-30,2026-09-30,http://www.chengda.com/join.aspx?cid=31&pid=32,本轮实测入口 200,A级：企业官网自建招聘页（页面标题：人才结构_人力资源_中国成达工程有限公司；导航摘录：人力资源 人才结构 员工培训 加盟成达 校友心声。）,官网人力资源栏目未见职位列表（岗位以校招公告形式通过高校就业网等渠道发布，简历邮箱 chengdahr@chengda.com），故本组未采集职位样本，仅记录招聘入口。,是（V1.5）,
CD0306,304,中建环能科技股份有限公司,中建环能|环能科技|scimee,B,https://www.scimee.com/,是,四川省成都市武侯区武兴一路3号,四川省,成都市,武侯区,四川省成都市武侯区武兴一路3号,official_page,环保,上市公司，规模页面未说明,中建环能科技股份有限公司官网自述业务涵盖厂网河湖整体网联、城镇污水高效处理、污泥低碳干化焚烧、钢铁煤炭废水回用，产品含磁分离、磁沉淀、磁生化等。,E组-新能源与高端装备,加入中建环能 | 社会招聘,https://www.scimee.com/portal/about/recruits/about_id/176.html,official_careers_page,企业官网自建招聘页,企业官网自建招聘页,official_company,是,true,A,未知,0,not_available,0,200,入口可访问但暂无职位,入口可访问但暂无职位,入口可访问但暂无职位,entry_only,direct_page_visit,new_v15,200,200,2026-09-30,2026-09-30,https://www.scimee.com/portal/about/recruits/about_id/176.html,本轮实测入口 200,"A级：企业官网自建招聘页（页面标题：中建环能科技股份有限公司,截污,超磁分离,控源截污；正文摘录：社会招聘 招聘职位 所属公司 不限 … 装备公司）",备注：招聘入口真实有效且可筛成都，但当前页内可见职位为0条，故本轮不产出职位样本。,是（V1.5）,
CD0307,305,中车成都机车车辆有限公司,中车成都|中车成都公司|CRRC-CD,B,https://www.crrcgc.cc/cd,是,页面未说明（公司官网新闻页出现「新都区总工会」主办活动，未单列办公地址）,四川省,成都市,新都区,页面未说明（公司官网新闻页出现「新都区总工会」主办活动，未单列办公地址）,page_title,轨道交通,国有企业，规模页面未说明,中车成都机车车辆有限公司官网（crrcgc.cc/cd）自述为中国中车在西部地区的轨道交通客运装备研发、制造、检修和服务基地（据其集团站栏目内容），具体规模页面未说明。,E组-新能源与高端装备,成都公司招聘官网（大易 ATS）,https://crrc-cd.hotjob.cn/SU64ccb8a01c240e7cb6c45597/pb/index.html,official_ats_third_party_hosted,企业专属官方ATS,企业专属官方ATS,official_ats,是,true,A,未知,0,not_available,0,200,入口可访问但暂无职位,入口可访问但暂无职位,入口可访问但暂无职位,entry_only,direct_page_visit,new_v15,200,200,2026-09-30,2026-09-30,https://crrc-cd.hotjob.cn/,本轮实测入口 200,"A级：企业专属官方ATS（接口返回：{""data"":{""linkData"":{""link"":""https://crrc-cd.hotjob.cn/）",备注：页面需登录，静态不可见岗位列表，故本轮不产出职位样本。,是（V1.5）,
CD0308,306,仁新焊机机器人（成都）股份有限公司,仁新机器人|仁新焊机|lerobotics|仁新企业集团,A,https://www.lerobotics.com/,是,成都市彭州市丽春镇航空动力产业功能区3号路一号（官网联系我们页）,四川省,成都市,彭州市,成都市彭州市丽春镇航空动力产业功能区3号路一号（官网联系我们页）,official_page,智能制造与装备,页面未说明,官网「加入我们」页显示公司研发具身智能焊接机器人、机器人焊机与切割系统，提出「见缝就焊」「边走边焊」技术产业化；官网联系我们页主体为仁新焊机机器人（成都）股份有限公司。,B组-芯片与智能制造,加入我们,https://www.lerobotics.com/jiaruwomen/,official_careers_page,企业官网自建招聘页,企业官网自建招聘页,official_company,是,true,A,是,6,confirmed,6,200,有效（当前有可见职位）,有效（当前有可见职位）,有效（当前有可见职位）,listing_count_observed,direct_page_visit,new_v15,200,200,2026-09-30,2026-09-30,https://www.lerobotics.com/jiaruwomen/,本轮实测入口 200,A级：企业官网自建招聘页（页面标题：加入我们_仁新焊机机器人（成都）股份有限公司；正文摘录：全部职位(共 6 个)；机器人 AI 算法工程师（5名）,,是（V1.5）,
CD0309,307,仟之游软件科技(成都)有限公司,仟之游|QianZhiYou,A,,否,四川省成都高新区吉瑞二路188号2栋1单元11楼1101号,四川省,成都市,高新区,四川省成都高新区吉瑞二路188号2栋1单元11楼1101号,official_page,游戏,三资企业，150-500人（展位页原文）,展位页载：仟之游软件科技(成都)有限公司位于四川省成都高新区吉瑞二路188号，单位规模150-500人，三资企业，行业为信息传输、软件和信息技术服务业。,D组-游戏与数字内容,湖北高校就业网络联盟-仟之游软件科技(成都)有限公司招聘会展位（武汉科技大学2026届毕业生春季大型招聘会）,https://www.91wllm.cn/jobfair91/stand/sid/545912,other_official,其他官方渠道,其他官方渠道,official_announcement,是,true,C,是,1,confirmed,1,200,有效（当前有可见职位）,有效（当前有可见职位）,有效（当前有可见职位）,listing_count_observed,direct_page_visit,new_v15,,200,2026-09-30,2026-09-30,https://www.91wllm.cn/jobfair91/stand/sid/545912,本轮实测入口 200,C级：其他官方渠道（页面标题：仟之游软件科技(成都)有限公司；正文摘录：单位所在地 四川省 - 成都市；单位地址 四川省成都高新区吉瑞二路1）,来源为湖北省教育厅主办高校就业网络联盟招聘会展位页（other_official）；页面职位工作地栏写「四川省成都市武侯区」，与单位地址「成都高新区」不一致，两者均在成都；企业自有官网未找到；官网 URL 留空原因：页面未说明（未找到企业自有官网）,是（V1.5）,
CD0310,308,四川凌空天行科技有限公司,凌空天行|四川凌空|spacetransportation,A,https://www.spacetransportation.com.cn/welcome.html,是,页面未单列办公地址；职位列表「工作地点」列写「成都」、「所属部门」列写「四川凌空」,四川省,成都市,,页面未单列办公地址；职位列表「工作地点」列写「成都」、「所属部门」列写「四川凌空」,page_title,航空航天,页面未说明,凌空天行集团站自述致力于高速飞行领域技术的研发和应用；四川凌空天行科技有限公司为其成都主体，招聘页「所属部门」筛选项中列有「四川凌空」。,E组-新能源与高端装备,加入我们（集团统一招聘平台，可筛所属部门/工作地点）,https://www.spacetransportation.com.cn/join.html,group_unified_recruitment,集团统一招聘平台,集团统一招聘平台,group_career_site,是,true,A,是,8,confirmed,8,200,有效（当前有可见职位）,有效（当前有可见职位）,有效（当前有可见职位）,listing_count_observed,direct_page_visit,new_v15,200,200,2026-09-30,2026-09-30,https://www.spacetransportation.com.cn/join.html,本轮实测入口 200,A级：集团统一招聘平台（页面标题：加入我们-北京凌空天行科技有限责任公司；职位列表摘录：电气工程师（成都）2人 本科 四川凌空 成都；结构设计工）,备注：四川凌空天行科技有限公司无独立招聘站，使用集团统一招聘门户 join.html；页面「工作地点」筛选项含「成都」、「所属部门」筛选项含「四川凌空」。,是（V1.5）,
CD0311,309,四川华西集团有限公司,华西集团|四川华西|HUASHI,A,http://www.huashi.sc.cn/,是,中国·四川·成都解放路二段95号,四川省,成都市,,中国·四川·成都解放路二段95号,official_page,建筑与工程,国有企业（省属大型建筑企业集团），页面未说明人数,四川华西集团有限公司（华西集团）总部位于成都解放路二段95号，设有人才招聘与储备系统，招聘类别含社会招聘、校园招聘、内部招聘，用人单位包括集团总部、省建院、四川城更、四川六建等。,F组-消费物流与国企,四川华西集团人才招聘与储备系统,https://hr.huashi.sc.cn:88/,official_careers_page,企业官网自建招聘页,企业官网自建招聘页,official_company,是,true,A,是,9,confirmed,6,200,有效（当前有可见职位）,有效（当前有可见职位）,有效（当前有可见职位）,listing_count_observed,direct_page_visit,new_v15,200,200,2026-09-30,2026-09-30,https://hr.huashi.sc.cn:88/,本轮实测入口 200,A级：企业官网自建招聘页（页面标题：四川华西集团人才招聘与储备系统；职位列表摘录：华西产投（副总经理） 成都 1 集团总部 结束日期2026-09）,页内可见9条职位，其中工作地点明确为成都的6条已采集为职位样本；系统首页仅展示各分类前若干条，另有「更多招聘」列表页；页面未显示薪资与发布日期。,是（V1.5）,
CD0312,310,四川发展（控股）有限责任公司,四川发展|川发展|SDHOLDING,A,https://www.sdholding.com/,是,页面未说明,四川省,成都市,,页面未说明,official_page,国企事业单位,省属国有企业，页面未说明人数,四川发展（控股）有限责任公司官网 sdholding.com 发布招聘公告，专属招聘平台 sdholding.zhiye.com 发布集团本部及四川省矿业投资集团、四川林业集团、川发低空经济等下属企业职位。,F组-消费物流与国企,四川发展招聘官网（社会招聘）,https://sdholding.zhiye.com/social/jobs,official_ats_third_party_hosted,企业专属官方ATS,企业专属官方ATS,official_ats,是,true,A,是,8,confirmed,5,200,有效（当前有可见职位）,有效（当前有可见职位）,有效（当前有可见职位）,listing_count_observed,direct_page_visit,new_v15,200,200,2026-09-30,2026-09-30,https://sdholding.zhiye.com/social/jobs,本轮实测入口 200,A级：企业专属官方ATS（页面标题：四川发展；职位列表摘录：四川省精细低空空间技术有限公司标准研发部地理信息研发岗 社会招聘 全职 四川省·成都市）,平台同时发布集团及下属企业职位，工作地原文为「四川省·成都市」的多条已采集为样本；职位详情由接口动态加载，未取得独立职位详情URL，url_type 记为 listing_page。官网另有一批2023年发布的公告（含成都办公岗位），因时效较早未作为职位样本采集。,是（V1.5）,
CD0313,311,四川大学华西医院,华西医院|四川大学华西临床医学院|华西|cd120,A,http://www.wchscu.cn/,是,四川省成都市国学巷37号,四川省,成都市,,四川省成都市国学巷37号,official_page,其他,公立三级甲等综合医院（事业单位）,四川大学华西医院始建于1892年，是中国西部疑难危急重症诊疗的国家级中心，全国首批国家医学中心创建单位，建有国家精神疾病医学中心及2家国家区域医疗中心。,C组-生物医药与金融科技,四川大学华西医院招聘平台（人才招聘）,https://hxhr.cd120.com/recruit/index.html,official_careers_page,企业官网自建招聘页,企业官网自建招聘页,official_company,是,true,A,是,8,confirmed,2,200,有效（当前有可见职位）,有效（当前有可见职位）,有效（当前有可见职位）,direct_job_observed,direct_page_visit,new_v15,200,200,2026-09-30,2026-09-30,https://hxhr.cd120.com/recruit/index.html,本轮实测入口 200,A级：企业官网自建招聘页（页面标题：首页 - 招聘；原文：「医师 | 病理科 招聘人数：2人 四川大学华西临床医学院、华西医院 26.12.31截）,平台同时列出华西厦门医院、华西乐城医院、华西天府医院等非成都院区岗位，本组仅收录标注为「本院」的成都岗位,是（V1.5）,
CD0314,312,四川天味食品集团股份有限公司,天味食品|好人家|大红袍|TEWAY,A,https://teway.cn/,是,成都市双流区西航港经济开发区腾飞一路333号,四川省,成都市,双流区,成都市双流区西航港经济开发区腾飞一路333号,official_page,零售与消费,页面未说明,天味食品官网标题为「用美味创造美好生活-天味食品官网」，官网导航显示旗下品牌包括好人家、大红袍、天车及定制餐调，并设国际业务、网上商城等板块。,F组-消费物流与国企,天味食品官网人才招聘（职位详情页面）,https://teway.cn/jobdetail.php?id=486,official_careers_page,企业官网自建招聘页,企业官网自建招聘页,official_company,是,true,A,是,3,confirmed,3,200,有效（当前有可见职位）,有效（当前有可见职位）,有效（当前有可见职位）,direct_job_observed,direct_page_visit,new_v15,200,200,2026-09-30,2026-09-30,https://teway.cn/jobdetail.php?id=486,本轮实测入口 200,A级：企业官网自建招聘页（页面标题：用美味创造美好生活-天味食品官网；正文摘录：品牌经理 成都 | 若干 | 本科及以上 | 15-20k·12薪）,官网顶部导航未设独立招聘栏目，职位页面位于官网自有域名 teway.cn 下（/jobdetail.php?id=xxx 与 /en/jobdetail.php?id=xxx），均已200访问且含成都字样，故按企业官网自建招聘页收录。,是（V1.5）,
CD0315,313,四川数聚智造科技有限公司,数聚智造|INDUSTAI|industai,A,https://www.industai.com/,是,中国（四川）自由贸易试验区成都市天府新区兴隆街道湖畔路西段123号1栋1单元5层501-508号,四川省,成都市,天府新区,中国（四川）自由贸易试验区成都市天府新区兴隆街道湖畔路西段123号1栋1单元5层501-508号,official_page,人工智能与大数据,其他企业（含民营企业等），单位人数 200至500人,四川数聚智造科技有限公司成立于2021年，坐落在四川省成都市兴隆湖畔一天府新区成都科学城，是天府新区重点招商引资企业。公司承担了国家工信部2021年人工智能产业创新揭榜挂帅项目，是一家以人工智能为核心技术的高新技术企业。,A组-AI与软件,中国科学技术大学就业信息网企业招聘页,https://job.ustc.edu.cn/Jobinformation/info.aspx?itemid=387302,other_official,其他官方渠道,其他官方渠道,official_announcement,是,true,C,是,7,confirmed,5,200,有效（当前有可见职位）,有效（当前有可见职位）,有效（当前有可见职位）,listing_count_observed,direct_page_visit,new_v15,200,200,2026-09-30,2026-09-30,https://job.ustc.edu.cn/Jobinformation/info.aspx?itemid=387302,本轮实测入口 200,C级：其他官方渠道（页面标题：中国科学技术大学就业信息网；正文：四川数聚智造科技有限公司 单位地址：中国（四川）自由贸易试验区成都市天府新区）,官网未设招聘入口；该页招聘职位表格在静态文本抽取时未完整渲染，岗位名/薪资/地点依据页面招聘章程表格内容录入，职位状态标注为「页面存在但状态不明确」，建议人工复核,是（V1.5）,
CD0316,314,四川沃飞长空科技发展有限公司,沃飞长空|AEROFUGIA|沃飞长空科技（成都）有限公司|吉利沃飞长空,A,https://www.aerofugia.com/,是,页面未说明（官网首页城市栏仅列「中国 成都 西安 深圳」，未单列办公地址）,四川省,成都市,,页面未说明（官网首页城市栏仅列「中国 成都 西安 深圳」，未单列办公地址）,page_title,航空航天,页面未说明,沃飞长空官网自述隶属吉利科技集团，聚焦 eVTOL（电动垂直起降航空器）研发制造；官网标题为「低空飞行-空中出行-AE200飞行汽车-沃飞长空官网-吉利科技集团」。,E组-新能源与高端装备,人才招聘（社会招聘）,https://www.aerofugia.com/socialrecruit,official_careers_page,企业官网自建招聘页,企业官网自建招聘页,official_company,是,true,A,是,41,confirmed,12,200,有效（当前有可见职位）,有效（当前有可见职位）,有效（当前有可见职位）,listing_count_observed,direct_page_visit,new_v15,200,200,2026-09-30,2026-09-30,https://www.aerofugia.com/socialrecruit,本轮实测入口 200,A级：企业官网自建招聘页（页面标题：沃飞长空人才招聘-沃飞长空工作怎么样- aerofugia吉利沃飞长空；站内职位接口摘录：气弹工程师（成都）、）,备注：职位由站内接口动态渲染、无独立职位详情页URL，故职位 url_type 记为 listing_page；城市字段为接口 location 值「成都」。,是（V1.5）,
CD0317,315,四川海特高新技术股份有限公司,海特集团|四川海特集团|海特高新|haitegroup,C,https://www.haitegroup.com/index.html,是,页面未说明（官网未单列办公地址）,四川省,成都市,,页面未说明（官网未单列办公地址）,not_available,航空航天,页面未说明,海特集团官网自述业务涵盖航空研发制造、航空培训、航空租赁等领域，官网页面列出「四川海特高新技术股份有限公司」，版权信息为「海特集团」。,E组-新能源与高端装备,人才招聘（跳转 Moka 企业专属招聘门户）,https://job.haitegroup.com/plus/list.php?tid=8,official_ats_third_party_hosted,企业专属官方ATS,企业专属官方ATS,official_ats,是,true,A,未知,0,not_available,0,302,入口暂时不可访问,入口暂时不可访问,入口暂时不可访问,temporarily_unavailable,direct_page_visit,new_v15,200,302,2026-09-30,2026-09-30,https://job.haitegroup.com/plus/list.php?tid=8,本轮实测入口 302,A级：企业专属官方ATS（页面标题：四川海特集团 - 校园招聘；正文可见「Moka，智能化招聘管理系统」；页尾「© 2025-2026 四川海特集）,备注：仅开放校园招聘门户，职位由 Moka 动态下发，静态不可见岗位列表，故本轮不产出职位样本。,是（V1.5）,
CD0318,316,四川省人工智能研究院,省人工智能研究院|SCAIRI|scairi,A,https://www.scairi.com.cn,是,页面未写明具体办公地址；官网简介载明在成都高新区管理委员会等共同推动建设之下成立,四川省,成都市,高新区,页面未写明具体办公地址；官网简介载明在成都高新区管理委员会等共同推动建设之下成立,official_page,人工智能与大数据,页面未说明（新型研发事业单位）,四川省人工智能研究院成立于2022年10月，经四川省科学技术厅批复，在成都高新区管理委员会、电子科技大学、四川大学等单位共同推动建设之下，由成都高投电子集团发起成立，是四川省在人工智能领域首个由政府主导、国企举办、高校科学家团队共建的新型研发事业单位。,A组-AI与软件,招贤纳士,https://www.scairi.com.cn/about/49.html,official_careers_page,企业官网自建招聘页,企业官网自建招聘页,official_company,是,true,A,是,3,confirmed,3,200,有效（当前有可见职位）,有效（当前有可见职位）,有效（当前有可见职位）,listing_count_observed,direct_page_visit,new_v15,200,200,2026-09-30,2026-09-30,https://www.scairi.com.cn/about/49.html,本轮实测入口 200,A级：企业官网自建招聘页（页面标题：招贤纳士-四川省人工智能研究院；正文：在招职位3个；招聘职位 人工智能产业专家（FDE负责人） 招聘人数 1 ）,页面「工作地点」栏原文写「四川省人工智能研究院」，未逐条写明成都；成都依据为官网首页简介「在成都高新区管理委员会…共同推动建设」。职位详情页「申请职位」跳转至智联招聘，本条只录用官网列表页,是（V1.5）,
CD0319,317,四川福思达生物技术开发有限责任公司,四川福思达|福思达生物技术,C,,否,温江区柳台大道西段515号,四川省,成都市,温江区,温江区柳台大道西段515号,official_page,其他,页面未说明,页面未说明（温江区政府招聘公告仅列企业名称、岗位与地址，未附企业简介）,C组-生物医药与金融科技,成都市温江区人民政府网「职等你来！温江这些名企优岗正在招人」招聘公告,https://wenjiang.gov.cn/wjqrmzf/c177671/2026-08/11/content_6105568fb97c469fba62847c86a29bc1.shtml,other_official,其他官方渠道,其他官方渠道,official_announcement,是,true,C,是,3,confirmed,3,412,有效（当前有可见职位）,有效（当前有可见职位）,有效（当前有可见职位）,listing_count_observed,direct_page_visit,new_v15,,412,2026-09-30,2026-09-30,https://wenjiang.gov.cn/wjqrmzf/c177671/2026-08/11/content_6105568fb97c469fba62847c86a29bc1.shtml,本轮实测入口 412,C级：其他官方渠道（页面标题：“职”等你来！温江这些名企优岗正在招人；原文：「四川福思达生物技术开发有限责任公司…科研信息高级专员…企业地址）,来源为温江区人民政府网（温江融媒）发布的名企优岗招聘公告，属政府官方渠道,是（V1.5）,
CD0320,318,四川腾盾科创股份有限公司,腾盾科技|腾盾科创|Tengden|四川腾盾科技,C,https://www.tengden.com/,是,四川省成都市金牛区金科东路50号国宾工投,四川省,成都市,金牛区,四川省成都市金牛区金科东路50号国宾工投,official_page,航空航天,页面未说明,四川腾盾科创股份有限公司官网自述以带动中国通用航空产业链、生态链发展为己任，专注无人机/通用航空领域，页面展示大型固定翼无人机等产品。,E组-新能源与高端装备,社会招聘官网（Moka 企业专属 ATS）,https://app.mokahr.com/social-recruitment/tengden/45126,official_ats_third_party_hosted,企业专属官方ATS,企业专属官方ATS,official_ats,是,true,A,未知,0,not_available,0,302,入口暂时不可访问,入口暂时不可访问,入口暂时不可访问,temporarily_unavailable,direct_page_visit,new_v15,200,302,2026-09-30,2026-09-30,https://app.mokahr.com/social-recruitment/tengden/45126,本轮实测入口 302,"A级：企业专属官方ATS（页面标题：四川腾盾科创股份有限公司 - 社会招聘；正文可见「Moka，智能化招聘管理系统」；页内嵌入配置含 ""siteI）",备注：职位由 Moka 加密接口下发，静态不可见岗位列表，故本轮不产出职位样本。【去重说明】域名比对命中 app.mokahr.com，该域名属通用 ATS SaaS 平台（Moka），并非本企业自有主体域名；且「四川腾盾科创股份有限公司/腾盾科技/Tengden」在 V1.4 名称表中零命中，故不视为与 V1.4 重复，予以保留。,是（V1.5）,
CD0321,319,四川舞东风超市连锁股份有限公司,舞东风|成都舞东风|舞东风超市,B,http://www.cd-wdf.com,是,成都市锦江区福兴街58号4楼,四川省,成都市,锦江区,成都市锦江区福兴街58号4楼,official_page,零售与消费,页面未说明,四川舞东风超市连锁股份有限公司官网设公司简介、资讯中心、人才招聘（总部招聘/分店招聘/培训信息/团队建设）等栏目，经营食品、日用百货、洗化用品、家居家电等商品。,F组-消费物流与国企,人才招聘-总部招聘,http://www.cd-wdf.com/single.php?bsort=3&sort=202,official_careers_page,企业官网自建招聘页,企业官网自建招聘页,official_company,是,true,A,是,0,not_available,0,200,入口可访问但暂无职位,入口可访问但暂无职位,入口可访问但暂无职位,entry_only,direct_page_visit,new_v15,200,200,2026-09-30,2026-09-30,http://www.cd-wdf.com/single.php?bsort=3&sort=202,本轮实测入口 200,A级：企业官网自建招聘页（页面标题：总部招聘 - 四川舞东风超市连锁股份有限公司；导航摘录：人才招聘 总部招聘 分店招聘 培训信息 团队建设；官网）,官网人才招聘栏目存在但静态页面正文无职位列表，未采集职位样本；第三方平台（智联招聘、成都公共招聘网）上的该企业成都岗位按红线不作为官方来源收录。,是（V1.5）,
CD0322,320,四川邦泰投资集团有限责任公司,邦泰集团|邦泰|BONTOP,B,https://www.bontopgroup.com/,是,页面未说明,四川省,成都市,,页面未说明,not_available,地产,民营企业，集团总部位于四川成都，业务遍布全国11省/直辖市/自治区、进驻39座城市,邦泰集团创建于2007年3月，集团总部坐落于四川成都，具有中国房地产开发企业一级资质，累计开发和运营近160个精品项目，形成境系、悦系、和系、观系等产品谱系。,F组-消费物流与国企,邦泰集团招聘官网（社会招聘/校园招聘/实习生招聘）,https://bontopgroup.zhiye.com/,official_ats_third_party_hosted,企业专属官方ATS,企业专属官方ATS,official_ats,是,true,A,未知,0,not_available,0,200,入口可访问但暂无职位,入口可访问但暂无职位,入口可访问但暂无职位,entry_only,direct_page_visit,new_v15,200,200,2026-09-30,2026-09-30,https://bontopgroup.zhiye.com/,本轮实测入口 200,A级：企业专属官方ATS（页面标题：首页；页面摘录：社会招聘 校园招聘 实习生招聘 公司官网；©2026 邦泰集团 Powered by Beis）,职位列表由接口动态加载，静态抓取未见任何职位条目，故未采集职位样本；校招投递入口与「邦泰集团人才情报局」公众号见高校就业网转载，未作为来源写入。,是（V1.5）,
CD0323,321,四川钜能储能科技集团有限公司,钜能储能|GPT-CN,A,https://gpt-cn.com/,是,四川成都武侯区银泰中心2号楼32层3205,四川省,成都市,武侯区,四川成都武侯区银泰中心2号楼32层3205,official_page,新能源,页面未说明,四川钜能储能科技集团有限公司官网「招贤纳士」页自述：公司有自行研发的电池产品、3S储能系统、总装厂，资金充足；岗位涉及储能系统市场开发、钠离子电池与磷酸铁锂电池业务。,E组-新能源与高端装备,招贤纳士 | 招聘信息,https://gpt-cn.com/zxns,official_careers_page,企业官网自建招聘页,企业官网自建招聘页,official_company,是,true,A,是,5,confirmed,3,200,有效（当前有可见职位）,有效（当前有可见职位）,有效（当前有可见职位）,listing_count_observed,direct_page_visit,new_v15,200,200,2026-09-30,2026-09-30,https://gpt-cn.com/zxns,本轮实测入口 200,A级：企业官网自建招聘页（页面标题：四川钜能储能科技集团有限公司-招贤纳士；正文摘录：销售经理 … 三、薪资待遇：基本薪资8-15K（特别优秀者可）,备注：工艺工程师、会计两条工作地点写「安徽郎溪」，未收录为成都职位。,是（V1.5）,
CD0324,322,四川锦欣西囡妇女儿童医院,锦欣西囡|四川锦欣西囡妇女儿童医院（静秀院区）|四川锦欣西囡妇女儿童医院毕昇院区|cdjjfy,A,https://www.cdjjfy.com/,是,成都市锦江区静秀路66号,四川省,成都市,锦江区,成都市锦江区静秀路66号,official_page,其他,民营三级甲等妇产医院，全院职工近900人，其中卫生技术人员近700人,四川锦欣西囡妇女儿童医院静秀院区座落于成都市锦江区静秀路66号，始建于1951年成都市第二区妇幼保健站，是一所以妇产科、儿科为主的大专科小综合三级甲等妇女儿童专科医院。,C组-生物医药与金融科技,人才招聘,https://www.cdjjfy.com/zhaopin/,official_careers_page,企业官网自建招聘页,企业官网自建招聘页,official_company,是,true,A,是,12,confirmed,8,200,有效（当前有可见职位）,有效（当前有可见职位）,有效（当前有可见职位）,direct_job_observed,direct_page_visit,new_v15,200,200,2026-09-30,2026-09-30,https://www.cdjjfy.com/zhaopin/,本轮实测入口 200,A级：企业官网自建招聘页（页面标题：人才招聘_四川锦欣西囡妇女儿童医院(静秀院区)；原文：「[诚聘] 耳鼻喉科医生 招聘人数：5人」；医院简介：「）,毕昇院区另有招聘页 www.cdxnfk.com/job/，属同一主体不同院区，未重复收录,是（V1.5）,
CD0325,323,复星安特金（成都）制药有限公司,复星安特金|复星安特金成都,A,,否,页面未说明,四川省,成都市,,页面未说明,not_available,生物医药,页面未说明,复星安特金是覆盖疫苗研发及生产全产业链能力的疫苗企业，隶属上海复星医药（集团）股份有限公司，拥有全球首创、自主知识产权的多价结合体疫苗技术。,C组-生物医药与金融科技,成都天府国际生物城官网园区企业招聘专栏,https://www.cdbtgroup.com/newsinfo/879377927207124992.html,other_official,其他官方渠道,其他官方渠道,official_announcement,是,true,C,未知,7,confirmed,6,200,有效（当前有可见职位）,有效（当前有可见职位）,有效（当前有可见职位）,listing_count_observed,direct_page_visit,new_v15,,200,2026-09-30,2026-09-30,https://www.cdbtgroup.com/newsinfo/879377927207124992.html,本轮实测入口 200,C级：其他官方渠道（页面标题：招聘 | 正在招人！生物城园区企业优质岗位热招中；原文：「复星安特金（成都）制药有限公司…LIMS管理员 6k）,园区专栏未写明岗位上班地点，职位工作地写页面未说明；【去重说明】本条招聘入口域名属园区运营方（该运营主体为V1.4已收录企业），非本企业自有域名，本企业主体及其职位未在V1.4中出现，不构成重复收录,是（V1.5）,
CD0326,324,天府锦城实验室（前沿医学中心）,天府锦城实验室|前沿医学中心,B,,否,成都高新区和民街387号天府锦城实验室（前沿医学中心）,四川省,成都市,高新区,成都高新区和民街387号天府锦城实验室（前沿医学中心）,official_page,国企事业单位,新型研发事业单位（成都高新区与四川大学合作筹建）,天府锦城实验室（前沿医学中心）由成都高新区与四川大学于2020年合作筹建，2022年注册成立的新型研发事业单位，重点针对恶性肿瘤、心脑血管与代谢性疾病、神经系统疾病开展药械开发。,C组-生物医药与金融科技,天府生命科技园官网园区招聘专栏（实验室社会招聘公告）,https://www.tianfulifesciencepark.com/News/Detail?id=2716,other_official,其他官方渠道,其他官方渠道,official_announcement,是,true,C,是,0,not_available,0,200,入口可访问但暂无职位,入口可访问但暂无职位,入口可访问但暂无职位,entry_only,direct_page_visit,new_v15,,200,2026-09-30,2026-09-30,https://www.tianfulifesciencepark.com/News/Detail?id=2716,本轮实测入口 200,C级：其他官方渠道（页面标题：园区岗位上新！点击遇见“薪”动时刻→；原文：「六、工作地点与薪酬待遇（一）工作地点 成都高新区和民街387号天）,岗位清单在附件《第二批次人员招聘需求表》中（需扫码获取），页面未逐个列出职位名称，故本条不产出职位样本；【去重说明】本条招聘入口域名属园区运营方（该运营主体为V1.4已收录企业），非本企业自有域名，本企业主体及其职位未在V1.4中出现，不构成重复收录,是（V1.5）,
CD0327,325,展鸢生物科技（成都）有限公司,展鸢生物|展鸢|zynewlab,A,,否,页面未说明,四川省,成都市,,页面未说明,not_available,生物医药,页面未说明,展鸢生物科技（成都）有限公司致力于研发人类疾病动物模型，为国内外制药企业、科研院校和生物技术企业提供高质量的动物实验服务。,C组-生物医药与金融科技,成都天府国际生物城官网园区企业招聘专栏,https://www.cdbtgroup.com/newsinfo/833659172342988800.html,other_official,其他官方渠道,其他官方渠道,official_announcement,是,true,C,未知,4,confirmed,4,200,有效（当前有可见职位）,有效（当前有可见职位）,有效（当前有可见职位）,listing_count_observed,direct_page_visit,new_v15,,200,2026-09-30,2026-09-30,https://www.cdbtgroup.com/newsinfo/833659172342988800.html,本轮实测入口 200,C级：其他官方渠道（页面标题：春招季，生物城这些企业岗位上新！；原文：「展鸢生物科技（成都）有限公司…科研助理(2名)…动物实验员（10名））,园区专栏未写明岗位上班地点，职位工作地写页面未说明；【去重说明】本条招聘入口域名属园区运营方（该运营主体为V1.4已收录企业），非本企业自有域名，本企业主体及其职位未在V1.4中出现，不构成重复收录,是（V1.5）,
CD0328,326,工业云制造（四川）创新中心有限公司,工业云创|工业云制造四川创新中心|industrialcloud,A,,否,中国（四川）自由贸易试验区成都高新区益州大道中段599号13栋19层1908-1912号、20层2008-2012号（单位地址）；联系方式另写四川省成都市高新区天府软件园D区,四川省,成都市,高新区,中国（四川）自由贸易试验区成都高新区益州大道中段599号13栋19层1908-1912号、20层2008-2012号（单位地址）；联系方式另写四川省成都市高新区天府软件园D区,official_page,软件与互联网服务,国有企业（页面单位性质）,工业云制造（四川）创新中心有限公司（简称工业云创）成立于2016年，是四川省首批省级制造业创新中心，也是四川省工业云制造领域的重要创新平台。公司专注于工业互联网、智能制造、大数据、人工智能等前沿技术的研发与应用。,A组-AI与软件,西南财经大学天府学院就业管理系统企业招聘信息,https://jy.tfswufe.edu.cn/home/index/employDetail/mcit/MDAwMDAwMDAwMJG6n3_Ed6imi4qQsMOen5iKk7aqyobRoslkzdGLeKKvjqaBh8WefduOpIyww6Bs1ZC6mdOzhtGnsnOeow.html,other_official,其他官方渠道,其他官方渠道,official_announcement,是,true,C,是,5,confirmed,5,200,有效（当前有可见职位）,有效（当前有可见职位）,有效（当前有可见职位）,listing_count_observed,direct_page_visit,new_v15,,200,2026-09-30,2026-09-30,https://jy.tfswufe.edu.cn/home/index/employDetail/mcit/MDAwMDAwMDAwMJG6n3_Ed6imi4qQsMOen5iKk7aqyobRoslkzdGLeKKvjqaBh8WefduOpIyww6Bs1ZC6mdOzhtGnsnOeow.html,本轮实测入口 200,C级：其他官方渠道（页面标题：西南财经大学天府学院-晨云智慧就业管理服务系统；正文：工业云制造（四川）创新中心有限公司 单位地址 中国（四川）,国企（页面隶属中国航天科工集团体系）；页面联系方式另写公司地址「四川省成都市高新区天府软件园D区」，与单位地址同在高新区；简历投递 hr@industrialcloud.cn,是（V1.5）,
CD0329,327,成都乐狗科技有限公司,乐狗游戏|LECOU|legougames|legou,A,https://www.legougames.com/,是,成都市高新区（招聘页页脚「联系地址：成都市高新区」）,四川省,成都市,高新区,成都市高新区（招聘页页脚「联系地址：成都市高新区」）,official_page,游戏,页面未说明,乐狗游戏官网自述「游戏是我们共同的梦」；页脚版权主体为「成都乐狗科技有限公司」，并载「联系地址：成都市高新区」。,D组-游戏与数字内容,加入我们,https://www.legougames.com/job,official_careers_page,企业官网自建招聘页,企业官网自建招聘页,official_company,是,true,A,是,14,confirmed,7,200,有效（当前有可见职位）,有效（当前有可见职位）,有效（当前有可见职位）,listing_count_observed,direct_page_visit,new_v15,200,200,2026-09-30,2026-09-30,https://www.legougames.com/job,本轮实测入口 200,A级：企业官网自建招聘页（页面标题：加入我们-乐狗游戏_官网；正文摘录：社会招聘 / 校园招聘；叙事策划 2026-08-25、游戏客户端 202）,列表页「工作地点」栏为空（显示「-」），成都依据为官网页脚联系地址；单条职位详情页跳转至企业专属 Moka 投递站 app.mokahr.com/apply/legougames/6162（美术类23/技术类8/策划类14/职能类10/运营类2/测试类1/音频类1/其他2），该站为脚本渲染，静态不可见逐条职位,是（V1.5）,
CD0330,328,成都亿佰特电子科技有限公司,亿佰特|Ebyte|cdebyte,A,https://www.ebyte.com/,是,成都市郫都区西区大道199号红光模具工业园B5栋2楼,四川省,成都市,郫都区,成都市郫都区西区大道199号红光模具工业园B5栋2楼,official_page,通信与网络设备,页面未说明,官网招聘页标题为「成都亿佰特招聘-物联网无线通信模块企业人才招聘入口」，页面原文自述「公司属于物联网行业也属于电商行业」；产品涵盖LoRa、蓝牙、WiFi、ZigBee、数传电台、NB、4G等无线模块。,B组-芯片与智能制造,人才招聘,https://www.ebyte.com/join.aspx,official_careers_page,企业官网自建招聘页,企业官网自建招聘页,official_company,是,true,A,是,4,confirmed,3,200,有效（当前有可见职位）,有效（当前有可见职位）,有效（当前有可见职位）,listing_count_observed,direct_page_visit,new_v15,200,200,2026-09-30,2026-09-30,https://www.ebyte.com/join.aspx,本轮实测入口 200,A级：企业官网自建招聘页（页面标题：成都亿佰特招聘-物联网无线通信模块企业人才招聘入口；正文摘录：地址：成都市郫都区西区大道199号红光模具工业园）,,是（V1.5）,
CD0332,330,成都兴城投资集团有限公司,成都兴城集团|兴城集团|CDXCTZ,A,https://www.cdxctz.com/,是,页面未说明,四川省,成都市,,页面未说明,page_title,国企事业单位,国有企业，集团各级次全资、控股公司合计262家，现有干部员工约1.9万人（公告原文）,成都兴城投资集团有限公司成立于2003年，形成城市建设、城市开发、城市运营、金融投资4个核心主业与医药健康培育主业的“4+1”主业发展方向，正向“建设一流城市综合运营商”迈进。,F组-消费物流与国企,员工招聘（集团招聘公告）,https://www.cdxctz.com/giftedinfo.aspx?t=52&ContentId=431,official_careers_page,企业官网自建招聘页,企业官网自建招聘页,official_company,是,true,A,是,16,confirmed,16,200,有效（当前有可见职位）,有效（当前有可见职位）,有效（当前有可见职位）,listing_count_observed,direct_page_visit,new_v15,200,200,2026-09-30,2026-09-30,https://www.cdxctz.com/giftedinfo.aspx?t=52&ContentId=431,本轮实测入口 200,A级：企业官网自建招聘页（页面标题：成都兴城投资集团有限公司2026年9月校园招聘公告；正文摘录：1. 集团管培生（投资发展方向），15-20万/）,岗位名称与年薪在公告正文静态可见；招聘人数、任职要求在附件1《岗位信息》PDF中，静态未提取。公告正文未逐岗位标注工作地点，职位工作地按集团本部（成都）填写，需人工复核。【去重说明】本条域名 cdxctz.com 命中 V1.4 域名表，但 V1.4 中该域名对应的是其下属企业「成都蓉城康养集团有限公司」（company_id CD0278）记录的官网，即本条主体的集团官网；V1.4 名称表中并无「成都兴城投资集团有限公司」，与成都蓉城康养集团为不同法人主体，故不视为重复并予以保留。；【去重说明】V1.4 CD0278 为成都蓉城康养集团（兴城系下属企业），与本企业非同一主体，域名同属集团门户属共用平台，予以保留【用户合并 2026-09-30】兴城系 3 家（成都兴城投资集团+成都兴城人居地产+成都建工集团）均通过集团门户 cdxctz.com 招聘，用户决定合并为一家，统一以「成都兴城投资集团有限公司」（CD0332）收录；原 CD0331、CD0343 企业记录已删除，其职位并入本主体。,是（V1.5）,合并收录：原 CD0331 成都兴城人居地产投资集团股份有限公司、CD0343 成都建工集团有限公司均经集团门户 cdxctz.com 招聘，2026-09-30 用户决定合并为一家，统一以本主体收录。
CD0333,331,成都分迪科技有限公司,分迪科技|成都分迪,A,,否,页面未说明,四川省,成都市,,页面未说明,not_available,生物医药,页面未说明,页面未说明（园区招聘专栏仅发布「成都分迪科技有限公司」名称与招聘岗位，未附企业简介）,C组-生物医药与金融科技,天府生命科技园官网园区招聘专栏,https://www.tianfulifesciencepark.com/News/Detail?id=2716,other_official,其他官方渠道,其他官方渠道,official_announcement,是,true,C,未知,1,confirmed,1,200,有效（当前有可见职位）,有效（当前有可见职位）,有效（当前有可见职位）,listing_count_observed,direct_page_visit,new_v15,,200,2026-09-30,2026-09-30,https://www.tianfulifesciencepark.com/News/Detail?id=2716,本轮实测入口 200,C级：其他官方渠道（页面标题：园区岗位上新！点击遇见“薪”动时刻→；原文：「成都分迪科技有限公司 一、招聘岗位及条件 招聘岗位：猎药人」）,园区专栏未写明该企业岗位的具体上班地点，故职位工作地写页面未说明；【去重说明】本条招聘入口域名属园区运营方（该运营主体为V1.4已收录企业），非本企业自有域名，本企业主体及其职位未在V1.4中出现，不构成重复收录,是（V1.5）,
CD0334,332,成都吉天映画动漫设计有限公司,吉天映画|jitianyinghua|成都吉天映画动漫,A,https://www.jitianyinghua.com/,是,页面未说明（官网版权主体为「成都吉天映画动漫设计有限公司」）,四川省,成都市,,页面未说明（官网版权主体为「成都吉天映画动漫设计有限公司」）,page_title,数字内容,页面未说明,成都吉天映画动漫设计有限公司官网标称「动画演绎梦幻之旅」，招聘页载「长期招募动画与美术岗位，主职/兼职均可，支持远程办公，薪资面谈」。,D组-游戏与数字内容,动画招聘,http://jitianyinghua.com/jobs,official_careers_page,企业官网自建招聘页,企业官网自建招聘页,official_company,是,true,A,是,4,confirmed,4,200,有效（当前有可见职位）,有效（当前有可见职位）,有效（当前有可见职位）,listing_count_observed,direct_page_visit,new_v15,200,200,2026-09-30,2026-09-30,http://jitianyinghua.com/jobs,本轮实测入口 200,A级：企业官网自建招聘页（页面标题：动画招聘｜成都吉天映画动漫 - 动画演绎梦幻之旅；正文摘录：长期招募动画与美术岗位，主职/兼职均可，支持远程办）,页面未写明办公地址，成都依据为页面标题与官网页脚版权主体「成都吉天映画动漫设计有限公司」；岗位以邮件投递,是（V1.5）,
CD0335,333,成都唐源电气股份有限公司,唐源电气|300789|cdtye,A,https://www.cdtye.com/,是,页面未说明（招聘页未列工作地点，列表页未标办公地址）,四川省,成都市,,页面未说明（招聘页未列工作地点，列表页未标办公地址）,not_available,轨道交通,上市公司（股票代码300789），规模页面未说明,成都唐源电气股份有限公司官网自述提供高速铁路与城市轨道交通牵引供电检测监测系统解决方案、智能运维信息化管理系统解决方案，股票代码300789。,E组-新能源与高端装备,加入唐源 | 招聘信息,https://www.cdtye.com/channels/24.html,official_careers_page,企业官网自建招聘页,企业官网自建招聘页,official_company,是,true,A,未知,8,confirmed,8,200,有效（当前有可见职位）,有效（当前有可见职位）,有效（当前有可见职位）,direct_job_observed,direct_page_visit,new_v15,200,200,2026-09-30,2026-09-30,https://www.cdtye.com/channels/24.html,本轮实测入口 200,A级：企业官网自建招聘页（页面标题：招聘信息 - 成都唐源电气股份有限公司；列表原文：物控主管 学历：本科 招聘人数：1 发布时间：2020-09）,备注：招聘页8条职位发布时间均为2020-09-07，且页面未标工作地点，故职位工作地记为「页面未说明」、页面状态记为「页面存在但状态不明确」。,是（V1.5）,
CD0336,334,成都声玩文化传播有限公司,声玩文化|声玩|51swsw|shengyuwan,A,https://www.51swsw.cn/,是,四川省成都市高新区交子大道中海国际中心C座2110室,四川省,成都市,高新区,四川省成都市高新区交子大道中海国际中心C座2110室,official_page,文化传媒与影视,民营，注册资金1000万（官网招聘启事原文）,官网自述：声玩文化成立于2012年，注册资金1000万，拥有音乐制作发行、短视频、直播、艺人经纪等主营业务，致力于数字音乐与短视频MCN等数字娱乐产业发展。,D组-游戏与数字内容,加入我们,https://www.51swsw.cn/join,official_careers_page,企业官网自建招聘页,企业官网自建招聘页,official_company,是,true,A,是,4,confirmed,4,200,有效（当前有可见职位）,有效（当前有可见职位）,有效（当前有可见职位）,listing_count_observed,direct_page_visit,new_v15,200,200,2026-09-30,2026-09-30,https://www.51swsw.cn/join,本轮实测入口 200,A级：企业官网自建招聘页（页面标题：加入我们_关 于_成都声玩文化传播有限公司；正文摘录：有想法你就来 声玩文化期待您的加入；招聘岗位；HR邮箱：）,官网「招聘岗位」区块由脚本加载，静态不可见具体职位；本组职位样本取自成都理工大学学生就业指导中心企业招聘页（other_official，C级）https://cdutjy.cdut.edu.cn/index/index/jobfaircorporationinfo.html?data=MDAwMDAwMDAwMJG6n3_Ed6imi4qQtLh4iJaKk7KXxoi3i7igr7-BZHxnkLZ9i8WGpNOaaKLSxKCalom6mNs,是（V1.5）,
CD0337,335,成都夏尔天逸科技有限公司,成都夏尔|夏尔|Sheeren|sheeren|sheergame,B,https://www.sheeren.com/,是,页面未说明（官网页面本次抓取未出现成都地址字样）,四川省,成都市,,页面未说明（官网页面本次抓取未出现成都地址字样）,not_available,游戏,页面未说明,成都夏尔天逸科技有限公司官网设「人才招聘」栏目，分社会招聘与校园招聘，页内可见技术美术、次世代角色/场景美术师、3D动画师、原画师、地编美术师、游戏特效师等岗位标题。,D组-游戏与数字内容,人才招聘（社会招聘 / 校园招聘）,https://www.sheeren.com/Join.aspx,official_careers_page,企业官网自建招聘页,企业官网自建招聘页,official_company,是,true,A,未知,20,not_available,0,200,入口可访问但暂无职位,入口可访问但暂无职位,入口可访问但暂无职位,entry_only,direct_page_visit,new_v15,200,200,2026-09-30,2026-09-30,https://www.sheeren.com/Join.aspx,本轮实测入口 200,A级：企业官网自建招聘页（页面导航：首页 关于夏尔 业务范围 新闻动态 人才招聘 社会招聘 校园招聘 联系夏尔；正文摘录：技术美术实习生 工作职责）,官网招聘页与联系页本次抓取均未出现「成都」字样，岗位工作地无法在页面证实，按契约未录职位样本（工作地不可凭公司在成都推断）；企业工商全称未在官网页面确认,是（V1.5）,
CD0338,336,成都天府新区投资集团有限公司,成都天投集团|天投集团|CDTTJT,B,https://www.cdttjt.com/,是,页面未说明,四川省,成都市,,页面未说明,page_title,国企事业单位,市级国有重要企业，四川省首批全能型总部企业、四川省百强企业,成都天府新区投资集团有限公司于2013年8月20日成立，是经成都市委、市政府同意、由四川天府新区管委会批准成立的市级国有重要企业，定位为公园城市综合运营商、新时代产业投资商。,F组-消费物流与国企,员工招聘-招聘公告,https://www.cdttjt.com/go-a35763.htm,official_careers_page,企业官网自建招聘页,企业官网自建招聘页,official_company,是,true,A,是,0,not_available,0,200,入口可访问但暂无职位,入口可访问但暂无职位,入口可访问但暂无职位,entry_only,direct_page_visit,new_v15,200,200,2026-09-30,2026-09-30,https://www.cdttjt.com/go-a35763.htm,本轮实测入口 200,A级：企业官网自建招聘页（页面标题：成都天府新区投资集团有限公司及所属企业市场化选聘中层管理人员的公告；正文摘录：成都天府新区投资集团有限公司（以）,本公告岗位清单在附件/图片中，未见静态职位列表，故未采集职位样本；另有一批2026年3月发布的42个岗位招聘（含产业投资岗等）同样以附件发布，报名已于2026年3月13日结束。,是（V1.5）,
CD0339,337,成都客车股份有限公司,蜀都客车|蜀都|shudubus,A,https://www.shudubus.com/,是,成都市郫都区红光街道高店路西段1098号,四川省,成都市,郫都区,成都市郫都区红光街道高店路西段1098号,official_page,智能制造与装备,页面未说明,成都客车股份有限公司（蜀都客车）官网自述为有近70年历史的专业客车制造企业，主要生产「蜀都」牌4－18米公交、旅游、校车、专用客车、物流车、环卫车，具备年产5000辆大、中型节能与新能源客车及专用车的生产能力。,E组-新能源与高端装备,加入蜀都,https://www.shudubus.com/about/aboutjr/,official_careers_page,企业官网自建招聘页,企业官网自建招聘页,official_company,是,true,A,未知,1,confirmed,1,200,有效（当前有可见职位）,有效（当前有可见职位）,有效（当前有可见职位）,listing_count_observed,direct_page_visit,new_v15,200,200,2026-09-30,2026-09-30,https://www.shudubus.com/about/aboutjr/,本轮实测入口 200,A级：企业官网自建招聘页（页面标题：蜀都客车（栏目：加入蜀都）；正文：销售业务员招聘信息 鉴于公司面临重大市场机遇，急需加强销售队伍力量，现拟面向）,备注：页面仅1条招聘信息，且写明招聘信息有效期为2022年7月20日至7月27日（已过），按契约页面状态记为待人工复核。,是（V1.5）,
CD0340,338,成都小咖邦智能科技有限公司,小咖邦,C,,否,成都武侯区簇锦街道西部智谷A区2组团2栋一单元9楼,四川省,成都市,武侯区,成都武侯区簇锦街道西部智谷A区2组团2栋一单元9楼,official_page,人工智能与大数据,页面未说明,页面未说明（政府渠道发布，主营AI训练数据标注与语音/影视/音乐多模态数据处理）,A组-AI与软件,武侯区·金堂县2026年百日万企暨高校毕业生等青年系列网络招聘活动公告（金堂县人民政府网）,https://www.jintang.gov.cn/jtxhn/jghnwgfuwpt/2026-06/03/content_f831eb87e4a0425a92d63adbe52f764c.shtml,other_official,其他官方渠道,其他官方渠道,official_announcement,是,true,C,是,4,confirmed,4,412,有效（当前有可见职位）,有效（当前有可见职位）,有效（当前有可见职位）,listing_count_observed,direct_page_visit,new_v15,,412,2026-09-30,2026-09-30,https://www.jintang.gov.cn/jtxhn/jghnwgfuwpt/2026-06/03/content_f831eb87e4a0425a92d63adbe52f764c.shtml,本轮实测入口 412,C级：其他官方渠道（页面标题：网络招聘会 | 武侯区·金堂县2026年百日万企暨高校毕业生等青年系列网络招聘活动；正文：成都小咖邦智能科技有）,政府渠道发布的AI数据标注类岗位；简历投递邮箱 2216983380@qq.com,是（V1.5）,
CD0341,339,成都市新筑路桥机械股份有限公司,新筑股份|新筑路桥|002480,A,https://www.xinzhu.com/,是,成都市四川新津工业园区兴园三路99号（官网「联系我们」页地址）,四川省,成都市,新津区,成都市四川新津工业园区兴园三路99号（官网「联系我们」页地址）,official_page,轨道交通,上市公司（股票代码002480），规模页面未说明,新筑股份官网自述拥有公共交通功能构件、轨道交通和新能源光伏发电三大产业，形成先进制造+光伏发电的业务格局，为四川省和成都市轨道交通产业龙头企业。,E组-新能源与高端装备,加入新筑 | 人才招揽 | 社会招聘,https://www.xinzhu.com/hr/hrzl/hrsh/,official_careers_page,企业官网自建招聘页,企业官网自建招聘页,official_company,是,true,A,未知,5,confirmed,5,200,有效（当前有可见职位）,有效（当前有可见职位）,有效（当前有可见职位）,listing_count_observed,direct_page_visit,new_v15,200,200,2026-09-30,2026-09-30,https://www.xinzhu.com/hr/hrzl/hrsh/,本轮实测入口 200,A级：企业官网自建招聘页（页面标题：社会招聘-新筑股份；列表原文：电气主管工程师（ISCS&BAS定向） 发布日期：2019-12-18 截止日期）,备注：5条职位发布日期为2019-12-15/2019-12-18，其中「供电主任工程师」页面写明截止日期2019-12-26（已过），该条页面状态记为待人工复核；其余4条未写截止日期，记为页面存在但状态不明确。列表「地点」栏为空，故职位工作地记「页面未说明」。,是（V1.5）,
CD0342,340,成都市汉桐集成技术股份有限公司,汉桐集成|汉桐|chinarint|Hantong Integrated,A,https://www.chinarint.com/,是,成都市高新区天府生命科技园（职位页面试地址：四川-成都-天府生命科技园办公楼A1幢）,四川省,成都市,高新区,成都市高新区天府生命科技园（职位页面试地址：四川-成都-天府生命科技园办公楼A1幢）,official_page,半导体与集成电路,页面未说明,"官网原文：「汉桐成立于2015年3月，注册资金3,543.4984万元，位于成都市高新区天府生命科技园，主要从事光电集成电路设计研发和高可靠集成电路封装生产……自主拥有高可靠集成电路封装线。」",B组-芯片与智能制造,人才招聘,https://www.chinarint.com/jobs/,official_careers_page,企业官网自建招聘页,企业官网自建招聘页,official_company,是,true,A,是,4,confirmed,4,200,有效（当前有可见职位）,有效（当前有可见职位）,有效（当前有可见职位）,direct_job_observed,direct_page_visit,new_v15,200,200,2026-09-30,2026-09-30,https://www.chinarint.com/jobs/,本轮实测入口 200,A级：企业官网自建招聘页（页面标题：人才招聘 - 成都市汉桐集成技术股份有限公司官网；正文摘录：芯片研发工程师 成都 生产部 10 2022-11）,,是（V1.5）,
CD0344,342,成都成航节能设备制造有限公司,成航节能|成航节能设备|cdchenghang,A,http://www.cdchenghang.com/,是,成都市郫都区现代工业港南片区德源镇荣港路21号（页脚另列：四川省成都经济技术开发区（龙泉驿区）车城东三路255号）,四川省,成都市,郫都区,成都市郫都区现代工业港南片区德源镇荣港路21号（页脚另列：四川省成都经济技术开发区（龙泉驿区）车城东三路255号）,official_page,环保,页面未说明,成都成航节能设备制造有限公司官网自述「成航节能设备专注蒸汽系统疏水解决方案」，产品含倒置桶式疏水阀、疏水阀等。,E组-新能源与高端装备,人才招聘,http://cdchenghang.com/a/service/,official_careers_page,企业官网自建招聘页,企业官网自建招聘页,official_company,是,true,A,是,3,confirmed,3,200,有效（当前有可见职位）,有效（当前有可见职位）,有效（当前有可见职位）,listing_count_observed,direct_page_visit,new_v15,200,200,2026-09-30,2026-09-30,http://cdchenghang.com/a/service/,本轮实测入口 200,A级：企业官网自建招聘页（页面标题：客户服务-成航节能设备_成都成航节能设备制造有限公司_倒置桶式疏水阀_疏水阀；正文：人才招聘 人才引进 一、检）,备注：页面同时列有两个地址（郫都区荣港路21号 与 龙泉驿区车城东三路255号），district 取人才招聘栏目联系方式所写的郫都区。,是（V1.5）,
CD0345,343,成都抉云软件有限公司,抉云软件|成都抉云科技|imacrocloud,A,https://www.imacrocloud.com/,是,页面未说明具体办公地址，仅写「工作地点：成都」,四川省,成都市,,页面未说明具体办公地址，仅写「工作地点：成都」,page_title,软件与互联网服务,页面未说明,成都抉云科技有限公司是一家采用全新软件架构和技术构建全自主可控软件产品及解决方案的新兴高科技企业，主要业务包括工业软件自主研发、业务咨询与规划，项目交付与实施，软件二次开发等。,A组-AI与软件,关于抉云 - 人才招聘,https://www.imacrocloud.com/gyjy,official_careers_page,企业官网自建招聘页,企业官网自建招聘页,official_company,是,true,A,是,6,confirmed,6,200,有效（当前有可见职位）,有效（当前有可见职位）,有效（当前有可见职位）,listing_count_observed,direct_page_visit,new_v15,200,200,2026-09-30,2026-09-30,https://www.imacrocloud.com/gyjy,本轮实测入口 200,A级：企业官网自建招聘页（页面标题：成都抉云软件有限公司-关于抉云；正文：人才招聘 · 高级软件开发工程师（10名）工作地点：成都、西安、上海 ·）,官网未写明行政区与具体办公地址，district 留空；简历投递邮箱 hr@imacrocloud.com，无独立职位详情页,是（V1.5）,
CD0346,344,成都新希望金融科技有限公司,新希望金科|新希望金融科技|xwfintech,A,,否,页面未说明,四川省,成都市,,页面未说明,not_available,金融科技,页面未说明,页面未说明（官方ATS首页未见企业简介正文，仅见「新young望，赴未来」校招标语与「社会招聘/校园招聘/内部推荐」栏目）,C组-生物医药与金融科技,新希望金融科技官方招聘平台（社招职位）,https://xwfintech.zhiye.com/social/jobs,official_ats_third_party_hosted,企业专属官方ATS,企业专属官方ATS,official_ats,是,true,A,未知,5,confirmed,5,200,有效（当前有可见职位）,有效（当前有可见职位）,有效（当前有可见职位）,listing_count_observed,direct_page_visit,new_v15,,200,2026-09-30,2026-09-30,https://xwfintech.zhiye.com/social/jobs,本轮实测入口 200,A级：企业专属官方ATS（页面标题：社招职位；原文：「热招职位 业务增长岗(J10130) 2026-04-10 发布；Java开发工程师(J10）,该ATS职位列表页未展示工作地点与薪资字段，故职位的工作地、薪资一律写页面未说明,是（V1.5）,
CD0347,345,成都柒幺柒文化传媒有限公司,柒幺柒动画|717studio|717动画,A,,否,四川省成都市锦江区红星路三十五号创意产业园1号楼,四川省,成都市,锦江区,四川省成都市锦江区红星路三十五号创意产业园1号楼,official_page,数字内容,页面未说明,招聘启事载：柒幺柒动画成立于2017年，先后创作十余部原创动画短片、两部原创动画番剧，获「金熊猫」金奖、「全球授权展中国站」最佳故事奖等奖项。,D组-游戏与数字内容,四川美术学院就业网-成都柒幺柒文化传媒有限公司招聘启事,https://www.scfai.edu.cn/xsc/info/1015/19072.htm,other_official,其他官方渠道,其他官方渠道,official_announcement,是,true,C,是,2,confirmed,2,200,有效（当前有可见职位）,有效（当前有可见职位）,有效（当前有可见职位）,listing_count_observed,direct_page_visit,new_v15,,200,2026-09-30,2026-09-30,https://www.scfai.edu.cn/xsc/info/1015/19072.htm,本轮实测入口 200,C级：其他官方渠道（页面标题：成都柒幺柒文化传媒有限公司招聘启事-学生处；正文摘录：一、二维动画原画师（3-4名）6K—8K；二、二原画师（）,来源为高校就业网转载企业招聘启事（other_official）；企业自有官网未能访问验证；官网 URL 留空原因：页面未说明（招聘启事投递邮箱域名为 717studio.cn，本次访问 www.717studio.cn 返回502，未能验证）,是（V1.5）,
CD0348,346,成都楷码科技股份有限公司,楷码科技|成都楷码信息技术有限公司|kaimadata,A,https://www.kaimadata.cn/,是,成都市锦江区百日红西路318号7栋17层,四川省,成都市,锦江区,成都市锦江区百日红西路318号7栋17层,official_page,IT服务与外包,页面未说明,官网人才招聘页标题为「成都楷码信息技术有限公司-人才招聘」，标语「虚席以待，与你共书广阔未来。」，成都岗位工作地点统一为成都市锦江区百日红西路318号7栋17层。,A组-AI与软件,人才招聘,https://www.kaimadata.cn/rczp,official_careers_page,企业官网自建招聘页,企业官网自建招聘页,official_company,是,true,A,是,14,confirmed,3,200,有效（当前有可见职位）,有效（当前有可见职位）,有效（当前有可见职位）,direct_job_observed,direct_page_visit,new_v15,200,200,2026-09-30,2026-09-30,https://www.kaimadata.cn/rczp,本轮实测入口 200,A级：企业官网自建招聘页（页面标题：成都楷码信息技术有限公司-人才招聘；正文：虚席以待，与你共书广阔未来。 JAVA开发工程师 技术能力储备丰富，）,官网主体名写作「成都楷码信息技术有限公司」，工商主体名为成都楷码科技股份有限公司；成都岗位页面标题均含「招聘成都岗位」或「校招成都岗」,是（V1.5）,
CD0349,347,成都欣捷高新技术开发股份有限公司,欣捷高新|成都欣捷|giantech,A,,否,成都高新区（天府生命科技园）,四川省,成都市,高新区,成都高新区（天府生命科技园）,official_page,生物医药,页面未说明,欣捷高新坐落于天府生命科技园，从事化学药品制剂、化学原料药及医药中间体的研发、生产、销售，是西南地区首批取得药品生产许可证B证的研发企业。,C组-生物医药与金融科技,天府生命科技园官网 BioTianfu 招聘专栏（园区企业招聘信息）,https://www.tianfulifesciencepark.com/News/Detail?id=2680,other_official,其他官方渠道,其他官方渠道,official_announcement,是,true,C,是,6,confirmed,6,200,有效（当前有可见职位）,有效（当前有可见职位）,有效（当前有可见职位）,listing_count_observed,direct_page_visit,new_v15,,200,2026-09-30,2026-09-30,https://www.tianfulifesciencepark.com/News/Detail?id=2680,本轮实测入口 200,C级：其他官方渠道（页面标题：BioTianfu 招聘｜岗位上新；原文：「成都欣捷高新技术开发股份有限公司…职位名称：质量研究员 招聘人数：）,信息来源为天府生命科技园（园区运营方）官网发布的园区企业招聘信息，非第三方招聘平台；【去重说明】本条招聘入口域名属园区运营方（该运营主体为V1.4已收录企业），非本企业自有域名，本企业主体及其职位未在V1.4中出现，不构成重复收录,是（V1.5）,
CD0350,348,成都正西智能装备集团股份有限公司,正西智能|正西集团|cdzhengxi|zxhydraulicpress,A,https://www.cdzhengxi.com,是,四川省成都市青白江区大弯智慧大道1698号,四川省,成都市,青白江区,四川省成都市青白江区大弯智慧大道1698号,official_page,智能制造与装备,民营400人（官网「公司员工 400」）,官网原文：「成都正西智能装备集团（2009年成立）一家国家级高新技术企业及专精特效企业，专注于为客户提供智能成型装备、自动化产线及智能工厂解决方案。集团旗下拥有全球4大智能制造基地。」,B组-芯片与智能制造,加入我们,https://www.cdzhengxi.com/about/join.html,official_careers_page,企业官网自建招聘页,企业官网自建招聘页,official_company,是,true,A,是,8,confirmed,8,200,有效（当前有可见职位）,有效（当前有可见职位）,有效（当前有可见职位）,direct_job_observed,direct_page_visit,new_v15,200,200,2026-09-30,2026-09-30,https://www.cdzhengxi.com/about/join.html,本轮实测入口 200,A级：企业官网自建招聘页（页面标题：加入我们--成都正西智能装备集团股份有限公司官网；正文摘录：职位搜索 类别1 校招 社招 成都 自动化电气工程）,,是（V1.5）,
CD0351,349,成都永新医疗设备有限公司,永新医疗|成都永新医疗设备股份有限公司|novelmedical,A,,否,页面未说明,四川省,成都市,,页面未说明,not_available,医疗器械,页面未说明,永新医疗是一家专注于核医学影像和核辐射监测设备研发、生产、销售及技术服务的科技型企业，依托「清华-永新核医学影像联合研究中心」研制临床SPECT和SPECT/CT等产品。,C组-生物医药与金融科技,成都天府国际生物城官网园区企业招聘专栏,https://www.cdbtgroup.com/newsinfo/879377927207124992.html,other_official,其他官方渠道,其他官方渠道,official_announcement,是,true,C,未知,14,confirmed,8,200,有效（当前有可见职位）,有效（当前有可见职位）,有效（当前有可见职位）,listing_count_observed,direct_page_visit,new_v15,,200,2026-09-30,2026-09-30,https://www.cdbtgroup.com/newsinfo/879377927207124992.html,本轮实测入口 200,C级：其他官方渠道（页面标题：招聘 | 正在招人！生物城园区企业优质岗位热招中；原文：「成都永新医疗设备有限公司…采购工程师…算法工程师（图）,14个岗位薪资均标注「面议」，且页面未写明上班地点，职位工作地与薪资按页面未说明处理；本组仅收录其中8条；【去重说明】本条招聘入口域名属园区运营方（该运营主体为V1.4已收录企业），非本企业自有域名，本企业主体及其职位未在V1.4中出现，不构成重复收录,是（V1.5）,
CD0352,350,成都汇标检测技术有限公司,成都汇标|汇标检测|gzsttc,A,,否,页面未说明,四川省,成都市,,页面未说明,not_available,其他,专业技术保障团队50余人，实验室面积1800余平方米,成都汇标检测技术有限公司是广东汇标检测认证集团所属全资公司，已获得CMA、CATL、CNAS等资质，重点面向食品、环保、农业、医药等行业提供技术服务。,C组-生物医药与金融科技,成都天府国际生物城官网园区企业招聘专栏,https://www.cdbtgroup.com/newsinfo/879377927207124992.html,other_official,其他官方渠道,其他官方渠道,official_announcement,是,true,C,未知,5,confirmed,5,200,有效（当前有可见职位）,有效（当前有可见职位）,有效（当前有可见职位）,listing_count_observed,direct_page_visit,new_v15,,200,2026-09-30,2026-09-30,https://www.cdbtgroup.com/newsinfo/879377927207124992.html,本轮实测入口 200,C级：其他官方渠道（页面标题：招聘 | 正在招人！生物城园区企业优质岗位热招中；原文：「成都汇标检测技术有限公司…无机工程师（2人）4k-6）,园区专栏未写明岗位上班地点，职位工作地写页面未说明；【去重说明】本条招聘入口域名属园区运营方（该运营主体为V1.4已收录企业），非本企业自有域名，本企业主体及其职位未在V1.4中出现，不构成重复收录,是（V1.5）,
CD0353,351,成都泰格尔航天航空科技股份有限公司,泰格尔|泰格尔航天航空|tiggf,A,http://www.tiggf.com/,是,成都市温江区科创路西段688号（北区）；成都市温江区海科路西段588号（南区）,四川省,成都市,温江区,成都市温江区科创路西段688号（北区）；成都市温江区海科路西段588号（南区）,official_page,航空航天,页面未说明,成都泰格尔航天航空科技股份有限公司官网自述致力于航空树脂基复合材料零部件的研发、设计、生产、销售，核心产品涵盖碳纤维增强树脂基复合材料零组件及装配部件。,E组-新能源与高端装备,关于我们 | 人力资源 | 招聘职位,http://www.tiggf.com/AboutSt_rlzy.html,official_careers_page,企业官网自建招聘页,企业官网自建招聘页,official_company,是,true,A,是,1,confirmed,1,200,有效（当前有可见职位）,有效（当前有可见职位）,有效（当前有可见职位）,listing_count_observed,direct_page_visit,new_v15,200,200,2026-09-30,2026-09-30,http://www.tiggf.com/AboutSt_rlzy.html,本轮实测入口 200,A级：企业官网自建招聘页（页面标题：人力资源 - 成都泰格尔航天航空科技股份有限公司；表格原文：职位名称 人数 招聘时间 详情；工艺员 5 202）,备注：招聘表格仅1条，招聘时间为2022-10-24，页面未写截止时间。,是（V1.5）,
CD0354,352,成都泰格微波技术股份有限公司,泰格微波|泰格微电子研究所|tiger-mw|tigergroup,A,http://www.tiger-mw.com/cn/,是,成都市郫都区新文路18号,四川省,成都市,郫都区,成都市郫都区新文路18号,official_page,电子信息制造,页面未说明,官网产品中心显示公司提供系统级/模块级/TR组件、功率放大器及芯片级（L波段收发器、放大器芯片、高速模数转换器）微波解决方案；页脚主体名为成都泰格微电子研究所有限责任公司。,B组-芯片与智能制造,人才招聘,http://www.tiger-mw.com/cn/contact/15.html,official_careers_page,企业官网自建招聘页,企业官网自建招聘页,official_company,是,true,A,是,6,confirmed,6,200,有效（当前有可见职位）,有效（当前有可见职位）,有效（当前有可见职位）,listing_count_observed,direct_page_visit,new_v15,200,200,2026-09-30,2026-09-30,http://www.tiger-mw.com/cn/contact/15.html,本轮实测入口 200,A级：企业官网自建招聘页（页面标题：人才招聘-成都泰格微电子研究所有限责任公司；正文摘录：2名 FPGA工程师；10名 射频微波工程师；公司地址：）,工商主体名为成都泰格微波技术股份有限公司（官网显示为泰格微电子研究所，同一泰格体系）；招聘页无逐条职位详情URL，故按列表页收录,是（V1.5）,
CD0355,353,成都环龙智能机器人有限公司,环龙智能机器人|环龙机器人|cdhljqr|HLR,A,https://www.cdhljqr.com/,是,成都市龙泉驿区车城东七路178号,四川省,成都市,龙泉驿区,成都市龙泉驿区车城东七路178号,official_page,智能制造与装备,页面未说明,官网原文：「以工业机器人焊装自动化生产线（含搬运、上下线、码跺）应用为主的资深集成商」，产品含HLR-W/SW/LW/PW系列焊接套机与工作站、HLR系列焊机。,B组-芯片与智能制造,人才招聘,https://www.cdhljqr.com/p-recruit.html,official_careers_page,企业官网自建招聘页,企业官网自建招聘页,official_company,是,true,A,是,7,confirmed,7,200,有效（当前有可见职位）,有效（当前有可见职位）,有效（当前有可见职位）,listing_count_observed,direct_page_visit,new_v15,200,200,2026-09-30,2026-09-30,https://www.cdhljqr.com/p-recruit.html,本轮实测入口 200,A级：企业官网自建招聘页（页面标题：人才招聘_成都环龙智能机器人有限公司；正文摘录：电气工程师 成都环龙智能机器人有限公司 I 四川省成都市龙泉驿）,,是（V1.5）,
CD0356,354,成都电果创游科技有限公司,电果创游|DGgame,A,,否,成都市高新区天府五街紫光芯云中心A栋80,四川省,成都市,高新区,成都市高新区天府五街紫光芯云中心A栋80,official_page,数字内容,页面未说明,招聘启事载：电果创游由来自全国一二线游戏公司的多位核心人才和技术专家组成，专注横跨游戏视觉、实时虚拟人、虚拟直播、CG动画制作、VR展厅、AR全息艺术等视觉设计领域。,D组-游戏与数字内容,泸州职业技术学院数字创意学院就业信息-成都电果创游科技有限公司2026校园招聘,https://art.lzy.edu.cn/info/1032/2947.htm,other_official,其他官方渠道,其他官方渠道,official_announcement,是,true,C,是,1,confirmed,1,200,有效（当前有可见职位）,有效（当前有可见职位）,有效（当前有可见职位）,listing_count_observed,direct_page_visit,new_v15,,200,2026-09-30,2026-09-30,https://art.lzy.edu.cn/info/1032/2947.htm,本轮实测入口 200,C级：其他官方渠道（页面标题：就业信息；正文摘录：成都电果创游科技有限公司 2026校园招聘；岗位名称：游戏特效设计 需求专业：动漫、数媒 ）,来源为高校二级学院就业信息页转载企业校招信息（other_official）；企业自有官网未找到；官网 URL 留空原因：页面未说明（未找到企业自有官网）,是（V1.5）,
CD0357,355,成都精灵云科技有限公司,精灵云|Ghostcloud|成都精灵云,A,https://www.ghostcloud.cn/,是,四川省 / 成都市 / 武侯区（招聘页职位地点栏原文）,四川省,成都市,武侯区,四川省 / 成都市 / 武侯区（招聘页职位地点栏原文）,official_page,软件与互联网服务,页面未说明,官网标题为「精灵云科技-践行自主可控，赋能万物智联」，招聘页设有「加入精灵云」「热招职位」栏目，职位地点统一标注四川省成都市武侯区。,A组-AI与软件,加入精灵云（官网人才招聘页）,https://www.ghostcloud.cn/careers/,official_careers_page,企业官网自建招聘页,企业官网自建招聘页,official_company,是,true,A,是,10,confirmed,4,200,有效（当前有可见职位）,有效（当前有可见职位）,有效（当前有可见职位）,listing_count_observed,direct_page_visit,new_v15,200,200,2026-09-30,2026-09-30,https://www.ghostcloud.cn/careers/,本轮实测入口 200,A级：企业官网自建招聘页（页面标题：精灵云科技-践行自主可控，赋能万物智联；正文：加入精灵云 · 热招职位 · C++开发工程师-交付 正在招聘 ）,招聘页对每个职位标注状态（正在招聘/已完成/延期/暂停），本次仅对显示「正在招聘」的岗位标注公开招聘中，其余如实标为状态不明确,是（V1.5）,
CD0358,356,成都英思嘉半导体技术有限公司,英思嘉|InSiGa|insiga|insigatech,A,https://www.insiga.com/,是,成都市高新区益州大道中段722号1栋1单元2002（官网Contact页 Chengdu Office）,四川省,成都市,高新区,成都市高新区益州大道中段722号1栋1单元2002（官网Contact页 Chengdu Office）,official_page,半导体与集成电路,页面未说明,官网产品中心显示公司主营高速光通信芯片（激光器驱动器、跨阻放大器，覆盖10Gbps至800Gbps及5G前传/中传/回传、PON光接入），属集成电路设计企业。,B组-芯片与智能制造,工作机会（招贤纳士）,http://insiga.com/a/zhaopinzhongxin/,official_careers_page,企业官网自建招聘页,企业官网自建招聘页,official_company,是,true,A,是,1,confirmed,1,200,有效（当前有可见职位）,有效（当前有可见职位）,有效（当前有可见职位）,listing_count_observed,direct_page_visit,new_v15,200,200,2026-09-30,2026-09-30,http://insiga.com/a/zhaopinzhongxin/,本轮实测入口 200,A级：企业官网自建招聘页（页面标题：工作机会；正文摘录：模拟设计工程师 ——薪资面议；工作地点 成都；10-15k；技术；3年以上；简历投递：hr）,招聘页薪资栏同时出现「薪资面议」与「10-15k」，已按原文同时记录,是（V1.5）,
CD0359,357,成都药宜立康医药科技有限公司,药宜立康|yaoyilk,A,,否,页面未说明,四川省,成都市,,页面未说明,not_available,生物医药,页面未说明,药宜立康聚焦高质量仿制药与改良及特殊制剂的开发(CRO)和药品上市持有人(MAH)，建有从专利与立项评估、原料与制剂开发到注册申报与持有人管理的全药学研究团队。,C组-生物医药与金融科技,成都天府国际生物城官网园区企业招聘专栏,https://www.cdbtgroup.com/newsinfo/833659172342988800.html,other_official,其他官方渠道,其他官方渠道,official_announcement,是,true,C,未知,3,confirmed,3,200,有效（当前有可见职位）,有效（当前有可见职位）,有效（当前有可见职位）,listing_count_observed,direct_page_visit,new_v15,,200,2026-09-30,2026-09-30,https://www.cdbtgroup.com/newsinfo/833659172342988800.html,本轮实测入口 200,C级：其他官方渠道（页面标题：春招季，生物城这些企业岗位上新！；原文：「成都药宜立康医药科技有限公司…质量分析研究员（5名）…质量项目负责人）,园区专栏未写明岗位上班地点，职位工作地写页面未说明；【去重说明】本条招聘入口域名属园区运营方（该运营主体为V1.4已收录企业），非本企业自有域名，本企业主体及其职位未在V1.4中出现，不构成重复收录,是（V1.5）,
CD0360,358,成都迈科康生物科技股份有限公司,迈科康生物|迈科康|maxvax|成都迈科康生物科技有限公司,A,https://www.maxvax.cn/,是,页面未说明,四川省,成都市,,页面未说明,not_available,生物医药,高新技术企业,成都迈科康生物科技股份有限公司成立于2016年，是一家致力于创新疫苗和新型佐剂研发、生产和销售的高新技术企业，专注生物医药产业，聚焦疫苗及相关领域。,C组-生物医药与金融科技,成都天府国际生物城官网园区企业招聘专栏,https://www.cdbtgroup.com/newsinfo/879377927207124992.html,other_official,其他官方渠道,其他官方渠道,official_announcement,是,true,C,是,4,confirmed,4,200,有效（当前有可见职位）,有效（当前有可见职位）,有效（当前有可见职位）,listing_count_observed,direct_page_visit,new_v15,200,200,2026-09-30,2026-09-30,https://www.cdbtgroup.com/newsinfo/879377927207124992.html,本轮实测入口 200,C级：其他官方渠道（页面标题：招聘 | 正在招人！生物城园区企业优质岗位热招中；原文：「成都迈科康生物科技有限公司…纯化主管 15K-25K）,4个岗位中仅「产品主管/专员」在页面写明工作地「成都、上海」，其余岗位未写明，按页面未说明处理；【去重说明】本条招聘入口域名属园区运营方（该运营主体为V1.4已收录企业），非本企业自有域名，本企业主体及其职位未在V1.4中出现，不构成重复收录,是（V1.5）,
CD0361,359,成都阿哇龙科技有限公司,阿哇龙|Avalon|Avalon Games|avalongames,B,https://www.avalongames.com.cn/,是,页面未说明（官网载「总部位于四川成都」，未列具体办公地址）,四川省,成都市,,页面未说明（官网载「总部位于四川成都」，未列具体办公地址）,page_title,游戏,页面未说明,官网自述：阿哇龙游戏（Avalon Games）是一家专注于精品游戏研发与发行的手游公司，公司成立于2013年，总部位于四川成都，已研发运营《贪婪洞窟》《贪婪洞窟2》《手残大联盟》等手机游戏。,D组-游戏与数字内容,加入我们,https://www.avalongames.com.cn/?p=21,official_careers_page,企业官网自建招聘页,企业官网自建招聘页,official_company,是,true,A,未知,0,not_available,0,200,入口可访问但暂无职位,入口可访问但暂无职位,入口可访问但暂无职位,entry_only,direct_page_visit,new_v15,200,200,2026-09-30,2026-09-30,https://www.avalongames.com.cn/?p=21,本轮实测入口 200,A级：企业官网自建招聘页（页面标题：阿哇龙；正文摘录：阿哇龙招聘 加入阿哇龙，一起做游戏；关于我们 阿哇龙游戏（Avalon Games）是一家专）,官网「加入我们」板块存在，但静态页面无职位列表（岗位可能由脚本加载或需通过外部渠道投递），未取到成都职位样本；公司全称依据官网页脚备案主体,是（V1.5）,
CD0362,360,成都频岢微电子有限公司,频岢微电子|频岢|pinnaclemicrowave,A,http://www.pinnaclemicrowave.com,是,成都市郫都区德源镇（菁蓉镇）数码二路2号4号楼B区4楼,四川省,成都市,郫都区,成都市郫都区德源镇（菁蓉镇）数码二路2号4号楼B区4楼,official_page,半导体与集成电路,页面未说明,官网显示公司专注微波射频前端领域，研发射频滤波器、模组芯片、相控阵天线等；页面标题为「成都频岢微电子」。,B组-芯片与智能制造,诚聘英才（人才招聘）,http://www.pinnaclemicrowave.com/job/job.aspx,official_careers_page,企业官网自建招聘页,企业官网自建招聘页,official_company,是,true,A,是,5,confirmed,4,200,有效（当前有可见职位）,有效（当前有可见职位）,有效（当前有可见职位）,direct_job_observed,direct_page_visit,new_v15,200,200,2026-09-30,2026-09-30,http://www.pinnaclemicrowave.com/job/job.aspx,本轮实测入口 200,A级：企业官网自建招聘页（页面标题：成都频岢微电子；正文摘录：诚聘英才 滤波器研发工程师 工作城市：成都 薪资待遇：面谈 学历要求：本科 工作年限）,其中「销售经理（上海）」工作地为上海，未收录为成都职位,是（V1.5）,
CD0363,361,成都风际网络科技股份有限公司,风际游戏|风际网络|Windplay|windplay,A,http://www.windplay.cn/,是,页面未说明（官网页脚版权主体为「成都风际网络科技股份有限公司」，页面未列办公地址）,四川省,成都市,,页面未说明（官网页脚版权主体为「成都风际网络科技股份有限公司」，页面未列办公地址）,page_title,游戏,页面未说明,官网自述：成都风际网络科技股份有限公司（Windplay）成立于2013年3月27日，是一家以「快乐的做游戏，做快乐的游戏」为愿景的新兴手游公司。,D组-游戏与数字内容,加入风际,http://www.windplay.cn/index/joinWp,official_careers_page,企业官网自建招聘页,企业官网自建招聘页,official_company,是,true,A,是,3,confirmed,3,200,有效（当前有可见职位）,有效（当前有可见职位）,有效（当前有可见职位）,listing_count_observed,direct_page_visit,new_v15,200,200,2026-09-30,2026-09-30,http://www.windplay.cn/index/joinWp,本轮实测入口 200,A级：企业官网自建招聘页（页面标题：成都风际网络科技股份有限公司；正文摘录：高级运维工程师 招聘人数：1人 简历投递邮箱：hr@windplay.）,招聘页未单列工作地点栏，成都依据为官网正文与页脚公司全称「成都风际网络科技股份有限公司」；另有同品牌域名 windplay.com/index/joinWp（本次抓取返回空内容）,是（V1.5）,
CD0364,362,成都飞逸计算机服务有限公司,飞逸科技|FlysInfo|flysinfo,A,https://www.flysinfo.com/zh,是,四川省成都市高新区府城大道西段399号6栋1单元12层14号,四川省,成都市,高新区,四川省成都市高新区府城大道西段399号6栋1单元12层14号,official_page,IT服务与外包,其他企业（页面单位性质）,飞逸科技（FlysInfo，成都飞逸计算机服务有限公司），是一家面向全球的专业 IT 与 AI 数智化服务提供商，秉持成为 AI 时代企业信息化可信赖的合作伙伴的定位。,A组-AI与软件,四川农业大学就业信息网企业招聘页,https://job.sicau.edu.cn/employment/zp_message/message_details/index.html?id=599099,other_official,其他官方渠道,其他官方渠道,official_announcement,是,true,C,是,2,confirmed,2,200,有效（当前有可见职位）,有效（当前有可见职位）,有效（当前有可见职位）,listing_count_observed,direct_page_visit,new_v15,200,200,2026-09-30,2026-09-30,https://job.sicau.edu.cn/employment/zp_message/message_details/index.html?id=599099,本轮实测入口 200,C级：其他官方渠道（页面标题：四川农业大学就业信息网；正文：企业信息 成都飞逸计算机服务有限公司 企业网站 https://www.flys）,企业自有官网未设招聘入口，职位样本来源为高校就业网（other_official，C级）,是（V1.5）,
CD0365,363,成都高新投资集团有限公司,成都高投集团|高投集团|CDHTGROUP,B,http://www.cdhtgroup.com/,是,页面未说明,四川省,成都市,,页面未说明,page_title,国企事业单位,国有企业，截至2025年注册资本279亿元、资产规模2486亿元，参控股308家企业，员工3500余人（公告原文）,成都高新投资集团有限公司成立于1996年，秉承“发展高科技、实现产业化”宗旨，集高科技产业投资集团、高科技产业实体企业、高科技产业园区运营商为一体，下设产城集团、电子集团、策源资本、高新发展、社事投资公司等一级子集团5家。,F组-消费物流与国企,招聘公告,http://www.cdhtgroup.com/zpgg/197340.jhtml,official_careers_page,企业官网自建招聘页,企业官网自建招聘页,official_company,是,true,A,是,0,not_available,0,200,入口可访问但暂无职位,入口可访问但暂无职位,入口可访问但暂无职位,entry_only,direct_page_visit,new_v15,200,200,2026-09-30,2026-09-30,http://www.cdhtgroup.com/zpgg/197340.jhtml,本轮实测入口 200,A级：企业官网自建招聘页（页面标题：成都高新投资集团有限公司下属高新发展、社事投资公司关于公开招聘解决方案等岗位的公告；正文摘录：本次公开招聘包含）,岗位清单在附件1，未见静态职位列表，故未采集职位样本。【去重说明】别名「成都高投集团」归一化后与 V1.4 名称表中的「成都高投生物医药产业发展有限公司」前缀重叠，但后者为高投集团下属子公司（独立法人），V1.4 名称表中并无「成都高新投资集团有限公司/成都高投集团」本体，两者非同一企业主体，予以保留。,是（V1.5）,
CD0366,364,成都鲁晨新材料科技有限公司,鲁晨新材|鲁晨|lu-chen-composite,A,http://lu-chen-composite.cn/,是,成都市新津区普兴街道龙溪河南路288号（天府智能制造产业园）,四川省,成都市,新津区,成都市新津区普兴街道龙溪河南路288号（天府智能制造产业园）,official_page,新材料,页面未说明,成都鲁晨新材料科技有限公司官网自述为制造高性能纤维复合材料的民营企业，「我们是复合材料智能制造的一支新生力军」，历经近30年发展。,E组-新能源与高端装备,企业招聘 | 加入我们 | 招贤纳士,http://lu-chen-composite.cn/qyzp/,official_careers_page,企业官网自建招聘页,企业官网自建招聘页,official_company,是,true,A,是,2,confirmed,2,200,有效（当前有可见职位）,有效（当前有可见职位）,有效（当前有可见职位）,listing_count_observed,direct_page_visit,new_v15,200,200,2026-09-30,2026-09-30,http://lu-chen-composite.cn/qyzp/,本轮实测入口 200,A级：企业官网自建招聘页（页面标题：企业招聘-成都鲁晨新材料科技有限公司；表格原文：销售工程师 1名 本科 成都新津 5-8K/月+提成 2026）,备注：2条职位均在同一页面表格内，无独立详情页URL。,是（V1.5）,
CD0367,365,成都鼎桥通信技术有限公司,鼎桥通信|鼎桥技术|TD Tech|td-tech,A,https://www.td-tech.com/,是,页面未说明（招聘门户职位地点栏写「四川省·成都市」）,四川省,成都市,,页面未说明（招聘门户职位地点栏写「四川省·成都市」）,page_title,通信与网络设备,页面未说明,鼎桥官网标题「鼎桥通信技术有限公司」；企业介绍原文：「鼎桥通信技术有限公司于2005年在北京成立，在北京、上海和成都三地设立研发中心，员工超过2000人，研发人员占比70%，布局行业无线、物联网、终端产品三大业务板块。」,B组-芯片与智能制造,鼎桥技术招聘门户（企业专属ATS）,https://td-tech.zhiye.com/jobs,official_ats_third_party_hosted,企业专属官方ATS,企业专属官方ATS,official_ats,是,true,A,是,7,confirmed,7,200,有效（当前有可见职位）,有效（当前有可见职位）,有效（当前有可见职位）,listing_count_observed,direct_page_visit,new_v15,200,200,2026-09-30,2026-09-30,https://td-tech.zhiye.com/jobs,本轮实测入口 200,A级：企业专属官方ATS（页面标题：鼎桥技术招聘门户；正文摘录：2026-客户经理-西部 面议 社会招聘 全职 四川省·成都市 西部片区销售部 在）,成都主体为成都鼎桥通信技术有限公司；招聘门户为 zhiye.com 企业专属页，非平台公共企业主页；页面未给出成都具体办公地址,是（V1.5）,
CD0368,366,新希望集团有限公司,新希望集团|New Hope Group|新希望,A,http://www.newhopegroup.com/,是,页面未说明,四川省,成都市,,页面未说明,official_page,零售与消费,民营企业集团，页面未说明人数,新希望集团招聘官网（newhope.zhiye.com）页面显示招聘需求部门包括集团总部、新希望服务、新希望六和、新希望投资集团等业务板块，职位类别覆盖管培生、研发类、营销/销售类、生产运营类、法务合规类等。,F组-消费物流与国企,新希望集团招聘（招聘职位）,https://newhope.zhiye.com/jtxzzw,official_ats_third_party_hosted,企业专属官方ATS,企业专属官方ATS,official_ats,是,true,A,是,10,confirmed,3,200,有效（当前有可见职位）,有效（当前有可见职位）,有效（当前有可见职位）,listing_count_observed,direct_page_visit,new_v15,200,200,2026-09-30,2026-09-30,https://newhope.zhiye.com/jtxzzw,本轮实测入口 200,"A级：企业专属官方ATS（页面标题：新希望集团；职位列表摘录：2027届新希望集团总部全球管培生 集团总部 管培生 工作地点成都市,北京市 202）",页内可见约10条职位，其中工作地点明确写「成都市」的3条采集为职位样本；另有工作地点写「四川省」等未逐市标注的职位未采集。招聘系统为北森 zhiye 托管的企业专属域名（newhope.zhiye.com）。,是（V1.5）,
CD0369,367,智算云腾（成都）科技有限公司,智算云腾,A,,否,高新区（页面岗位地点栏标注）,四川省,成都市,高新区,高新区（页面岗位地点栏标注）,page_title,人工智能与大数据,页面未说明,页面未说明（公共招聘渠道仅列职位与岗位职责）,A组-AI与软件,成都人才网职位信息页,https://wx.rc114.com/JobInfoFair.aspx?jobOrderId=926130,other_official,其他官方渠道,其他官方渠道,official_announcement,是,true,C,是,1,confirmed,1,200,有效（当前有可见职位）,有效（当前有可见职位）,有效（当前有可见职位）,direct_job_observed,direct_page_visit,new_v15,,200,2026-09-30,2026-09-30,https://wx.rc114.com/JobInfoFair.aspx?jobOrderId=926130,本轮实测入口 200,C级：其他官方渠道（页面标题：职位信息；正文：大模型应用工程师 12K-24K 智算云腾（成都）科技有限公司 高新区 1人 3-5年 本科）,成都人才网（公共就业人才服务渠道）职位页；页面未显示「正在招聘」状态标识，故状态标注为不明确,是（V1.5）,
CD0370,368,汉家松鼠游戏工作室,汉家松鼠|hanjiasongshu|HanJiaSongShu,A,https://home.hanjiasongshu.com/,是,成都市双流区成德中心,四川省,成都市,双流区,成都市双流区成德中心,official_page,游戏,页面未说明,官网自述：汉家松鼠是一家研发、运营一体的游戏工作室，寄希望于创建优秀耐玩的带有中国文化符号的游戏；关于页载「工作室搬迁到成都，开始成都、深圳两地办公模式」。,D组-游戏与数字内容,加入我们,https://home.hanjiasongshu.com/jobs.html,official_careers_page,企业官网自建招聘页,企业官网自建招聘页,official_company,是,true,A,是,4,confirmed,4,200,有效（当前有可见职位）,有效（当前有可见职位）,有效（当前有可见职位）,direct_job_observed,direct_page_visit,new_v15,200,200,2026-09-30,2026-09-30,https://home.hanjiasongshu.com/jobs.html,本轮实测入口 200,A级：企业官网自建招聘页（页面标题：汉家松鼠；正文摘录：在招岗位（全职岗位一年14薪）U3D地编（中级）8K-10K、3D场景美术（中级）8K-1）,官网备案主体为深圳（粤ICP备15064521号），成都为研发/办公地；职位详情页为 home.hanjiasongshu.com/job10.html、job11.html、job13.html、job14.html,是（V1.5）,
CD0371,369,深圳格见半导体有限公司,格见半导体|格见构知|gejian-semi|格见构知(成都)半导体有限公司,A,https://www.gejian-semi.com/,是,页面未说明（招聘页工作地点栏仅标注「成都」）,四川省,成都市,,页面未说明（招聘页工作地点栏仅标注「成都」）,page_title,半导体与集成电路,页面未说明,官网原文：「深圳格见半导体有限公司（简称「格见半导体」）是一家专注于高端实时控制DSP芯片设计公司，在芯片产品定义、设计研发、量产导入、销售运营等领域都具备丰富经验。」,B组-芯片与智能制造,加入我们（加入格见）,https://www.gejian-semi.com/about/careers.html,official_careers_page,企业官网自建招聘页,企业官网自建招聘页,official_company,是,true,A,是,6,confirmed,2,200,有效（当前有可见职位）,有效（当前有可见职位）,有效（当前有可见职位）,listing_count_observed,direct_page_visit,new_v15,200,200,2026-09-30,2026-09-30,https://www.gejian-semi.com/about/careers.html,本轮实测入口 200,A级：企业官网自建招聘页（页面标题：加入格见；正文摘录：数字前端验证工程师，工作地点 : 成都，工作年限 : 不限，学历要求 : 硕士，职能类别 ）,官网主体工商名为深圳格见半导体有限公司；招聘页工作地点明确含成都，但页面未给出成都具体办公地址,是（V1.5）,
CD0372,370,特科罗生物科技（成都）有限公司,特科罗生物|特科罗|tkskin,A,,否,页面未说明,四川省,成都市,,页面未说明,not_available,生物医药,页面未说明,特科罗生物是一家临床阶段的生物医药公司，核心研发项目包括治疗雄激素性脱发、特应性皮炎/湿疹、银屑病和红斑狼疮等疾病的创新疗法。,C组-生物医药与金融科技,成都天府国际生物城官网园区企业招聘专栏,https://www.cdbtgroup.com/newsinfo/833659172342988800.html,other_official,其他官方渠道,其他官方渠道,official_announcement,是,true,C,未知,1,confirmed,1,200,有效（当前有可见职位）,有效（当前有可见职位）,有效（当前有可见职位）,listing_count_observed,direct_page_visit,new_v15,,200,2026-09-30,2026-09-30,https://www.cdbtgroup.com/newsinfo/833659172342988800.html,本轮实测入口 200,C级：其他官方渠道（页面标题：春招季，生物城这些企业岗位上新！；原文：「特科罗生物科技（成都）有限公司…招聘岗位 生物技术研究员（2-3人））,园区专栏未写明该岗位上班地点，职位工作地写页面未说明；【去重说明】本条招聘入口域名属园区运营方（该运营主体为V1.4已收录企业），非本企业自有域名，本企业主体及其职位未在V1.4中出现，不构成重复收录,是（V1.5）,
CD0373,371,真术相成（成都）科技有限公司,真术相成,A,,否,中国（四川）自由贸易试验区成都高新区天府五街200号2号楼A区12楼1201-1203室（页面公司地址）；岗位工作地点写「四川省成都市武侯区慧谷」,四川省,成都市,高新区,中国（四川）自由贸易试验区成都高新区天府五街200号2号楼A区12楼1201-1203室（页面公司地址）；岗位工作地点写「四川省成都市武侯区慧谷」,official_page,人工智能与大数据,页面未说明（行业标注为科技中介服务）,页面未说明（政府公共招聘网仅列公司地址与职位信息）,A组-AI与软件,四川（成都）公共招聘网职位页,https://cd.sc91.org.cn/app/home/jobdetail/2947299.shtml?comptype=1&post_id=2021004,other_official,其他官方渠道,其他官方渠道,official_announcement,是,true,C,是,1,confirmed,3,200,有效（当前有可见职位）,有效（当前有可见职位）,有效（当前有可见职位）,direct_job_observed,direct_page_visit,new_v15,,200,2026-09-30,2026-09-30,https://cd.sc91.org.cn/app/home/jobdetail/2947299.shtml?comptype=1&post_id=2021004,本轮实测入口 200,C级：其他官方渠道（页面标题：职位明细；正文：正在招聘 发布时间：2026-06-10 14:11 浏览273次 大模型/Agent工程师 ）,页面「工作地点」写武侯区慧谷、「地址」写成都高新区天府五街200号，两处行政区不一致；district 按页面公司地址填高新区，建议人工复核,是（V1.5）,
CD0374,372,维塔士成都,维塔士成都工作室|Virtuos Chengdu|Virtuos,B,https://www.virtuosgames.com/,是,"成都市锦江区东大街99号平安金融中心13层（官网原文：Level 13 Ping An Finance Center, No.99 Dongda street, Jinjiang District 610017, Chengdu City, Sichuan Province）",四川省,成都市,锦江区,"成都市锦江区东大街99号平安金融中心13层（官网原文：Level 13 Ping An Finance Center, No.99 Dongda street, Jinjiang District 610017, Chengdu City, Sichuan Province）",official_page,游戏,页面未说明,官网成都工作室页自述：作为维塔士网络中的第三个工作室，自2008年成立以来，成都工作室一直是维塔士集团在中国西部地区举足轻重的战略枢纽，提供从游戏创意设计到完整游戏产品开发的全流程服务。,D组-游戏与数字内容,Careers / 加入维塔士（含维塔士成都工作室页）,https://www.virtuosgames.com/careers/,official_careers_page,企业官网自建招聘页,企业官网自建招聘页,official_company,是,true,A,是,0,not_available,0,200,入口可访问但暂无职位,入口可访问但暂无职位,入口可访问但暂无职位,entry_only,direct_page_visit,new_v15,200,200,2026-09-30,2026-09-30,https://www.virtuosgames.com/zh/studio/chengdu/,本轮实测入口 200,A级：企业官网自建招聘页（页面标题：成都顶级游戏开发工作室 | 维塔士成都；正文摘录：成都 中国西部游戏开发的创新引擎；自2008年成立以来，成都）,/careers/ 页 Open Positions 由脚本加载，静态不可见具体职位与城市，故未录职位样本；企业工商全称未在页面确认，本条以官网工作室名「维塔士成都」登记,是（V1.5）,
CD0375,373,聚辰半导体（成都）有限公司,聚辰半导体成都|聚辰股份成都|Giantec|giantec-semi|688123,B,https://www.giantec-semi.com/,是,页面未说明（加入聚辰页仅列上海总部地址）,四川省,成都市,,页面未说明（加入聚辰页仅列上海总部地址）,not_available,半导体与集成电路,页面未说明,官网显示聚辰股份（688123.SH）主营EEPROM芯片、NOR Flash芯片、音圈马达驱动芯片、NFC芯片，应用于智能手机、通信、汽车电子、工业控制等领域。,B组-芯片与智能制造,加入聚辰,https://www.giantec-semi.com/join,official_careers_page,企业官网自建招聘页,企业官网自建招聘页,official_company,是,true,A,未知,0,not_available,0,200,入口可访问但暂无职位,入口可访问但暂无职位,入口可访问但暂无职位,entry_only,direct_page_visit,new_v15,200,200,2026-09-30,2026-09-30,https://www.giantec-semi.com/join,本轮实测入口 200,A级：企业官网自建招聘页（页面标题：加入聚辰 - 聚辰 semiconductor；正文摘录：人才发展 企业福利 招聘岗位；地址：上海市浦东新区张）,官网招聘入口存在但岗位列表静态不可见，未采集职位样本；页面仅列上海总部地址，成都地址未在官网查到,是（V1.5）,
CD0376,374,育碧成都工作室,育碧成都|Ubisoft Chengdu|育碧中国成都,B,https://zh-cn.ubisoft.com/,是,页面未说明（招聘页仅设「育碧成都」工作室职位入口，未列办公地址）,四川省,成都市,,页面未说明（招聘页仅设「育碧成都」工作室职位入口，未列办公地址）,page_title,游戏,页面未说明,官网招聘页设「育碧上海」「育碧成都」工作室职位入口；「源·计划」为育碧中国工作室面向国内外高校优秀人才的游戏人才招聘与发展项目，入选者加入上海或成都开发团队。,D组-游戏与数字内容,加入育碧中国 · 职业机会（育碧成都工作室职位入口）,https://zh-cn.ubisoft.com/careers,group_unified_recruitment,集团统一招聘平台,集团统一招聘平台,group_career_site,是,true,A,是,0,not_available,0,200,入口可访问但暂无职位,入口可访问但暂无职位,入口可访问但暂无职位,entry_only,direct_page_visit,new_v15,200,200,2026-09-30,2026-09-30,https://zh-cn.ubisoft.com/careers,本轮实测入口 200,A级：集团统一招聘平台（页面标题：育碧中国–育碧游戏–育碧官方网站；正文摘录：加入育碧中国；职业机会；查看对应工作室职位 育碧上海 育碧成都（另）,工作室逐条职位由接口动态加载，静态不可见单条成都职位详情，故本组未录职位样本；校招「源·计划」开放职位未逐条标注城市,是（V1.5）,
CD0377,375,英雄游戏,英雄游戏|HERO GAMES|yingxiong|英雄游戏成都,B,https://www.yingxiong.com/,是,成都市高新区交子大道575号中海国际座13楼,四川省,成都市,高新区,成都市高新区交子大道575号中海国际座13楼,official_page,游戏,页面未说明,官网招聘页自述：英雄游戏是中国全球收入名列前茅的游戏开发与发行商，创立之初推出《全民枪战》即成为国民级枪战手游标杆，2023-2024年投资及联合出品的《黑神话：悟空》全球上线。,D组-游戏与数字内容,英雄游戏招聘（社会招聘/校园招聘）,https://www.yingxiong.com/join.html,official_careers_page,企业官网自建招聘页,企业官网自建招聘页,official_company,是,true,A,是,0,not_available,0,200,入口可访问但暂无职位,入口可访问但暂无职位,入口可访问但暂无职位,entry_only,direct_page_visit,new_v15,200,200,2026-09-30,2026-09-30,https://www.yingxiong.com/join.html,本轮实测入口 200,A级：企业官网自建招聘页（页面标题：英雄游戏招聘；正文摘录：加入英雄，一起做打动自己的精品游戏！；招聘类型 社会招聘 PROFESSIONAL H）,社招/校招职位跳转至企业专属飞书招聘站 https://herogames.jobs.feishu.cn/careers（校园站 /campus），该站为脚本渲染，静态抓取无职位列表，故未录职位样本；企业工商全称未在页面确认,是（V1.5）,
CD0378,376,西点科创（成都）生物科技有限公司,西点科创|西点|westpoint-innovation,A,,否,页面未说明,四川省,成都市,,页面未说明,not_available,医疗器械,页面未说明,西点科创是西南地区引进的第一家独立第三方医疗器械CRO，致力于创新医疗器械研发思路咨询、医疗器械大动物模型临床前试验研究，是中国最大的医疗器械临床前研发平台之一。,C组-生物医药与金融科技,成都天府国际生物城官网园区企业招聘专栏,https://www.cdbtgroup.com/newsinfo/833659172342988800.html,other_official,其他官方渠道,其他官方渠道,official_announcement,是,true,C,未知,3,confirmed,3,200,有效（当前有可见职位）,有效（当前有可见职位）,有效（当前有可见职位）,listing_count_observed,direct_page_visit,new_v15,,200,2026-09-30,2026-09-30,https://www.cdbtgroup.com/newsinfo/833659172342988800.html,本轮实测入口 200,C级：其他官方渠道（页面标题：春招季，生物城这些企业岗位上新！；原文：「西点科创（成都）生物科技有限公司…实验负责人（2名）…兽医（2名）…）,园区专栏未写明岗位上班地点，职位工作地写页面未说明；【去重说明】本条招聘入口域名属园区运营方（该运营主体为V1.4已收录企业），非本企业自有域名，本企业主体及其职位未在V1.4中出现，不构成重复收录,是（V1.5）,
CD0379,377,通用电气医疗系统（成都）有限公司,GE医疗成都|通用电气医疗成都|GE HealthCare Chengdu,A,,否,页面未说明,四川省,成都市,,页面未说明,not_available,医疗器械,页面未说明,GE医疗业务范围覆盖医学影像、超声、生命关爱和诊断药物四大板块；GE医疗中国高能级产业化基地项目于2023年5月在成都天府国际生物城启动。,C组-生物医药与金融科技,成都天府国际生物城官网园区企业招聘专栏,https://www.cdbtgroup.com/newsinfo/833659172342988800.html,other_official,其他官方渠道,其他官方渠道,official_announcement,是,true,C,未知,1,confirmed,1,200,有效（当前有可见职位）,有效（当前有可见职位）,有效（当前有可见职位）,listing_count_observed,direct_page_visit,new_v15,,200,2026-09-30,2026-09-30,https://www.cdbtgroup.com/newsinfo/833659172342988800.html,本轮实测入口 200,C级：其他官方渠道（页面标题：春招季，生物城这些企业岗位上新！；原文：「通用电气医疗系统（成都）有限公司…生产线技术员（1名）…综合月薪5K）,园区专栏未写明岗位上班地点，职位工作地写页面未说明；投递邮箱为外包服务商邮箱，非岗位详情页；【去重说明】本条招聘入口域名属园区运营方（该运营主体为V1.4已收录企业），非本企业自有域名，本企业主体及其职位未在V1.4中出现，不构成重复收录,是（V1.5）,
CD0380,378,锐德泰智能医疗设备（成都）有限公司,锐德泰医疗科技|锐德泰|readitec|Readitec Medical Systems,A,https://www.readitec.com/,是,成都天府国际生物城（公司官网原文：总部位于成都天府国际生物城）,四川省,成都市,,成都天府国际生物城（公司官网原文：总部位于成都天府国际生物城）,official_page,医疗器械,医疗科技创业公司（2017年创立，在美国硅谷、香港、江苏设有分支机构）,锐德泰医疗科技创立于2017年，总部位于成都天府国际生物城，专注于开发人工智能治疗规划和微创手术机器人技术，主营临床外科创新型医疗器械研发。,C组-生物医药与金融科技,成都天府国际生物城官网园区企业招聘专栏,https://www.cdbtgroup.com/newsinfo/879377927207124992.html,other_official,其他官方渠道,其他官方渠道,official_announcement,是,true,C,是,1,confirmed,1,200,有效（当前有可见职位）,有效（当前有可见职位）,有效（当前有可见职位）,listing_count_observed,direct_page_visit,new_v15,200,200,2026-09-30,2026-09-30,https://www.cdbtgroup.com/newsinfo/879377927207124992.html,本轮实测入口 200,C级：其他官方渠道（页面标题：招聘 | 正在招人！生物城园区企业优质岗位热招中；原文：「锐德泰智能医疗设备（成都）有限公司…营销经理（社招））,该岗位页面明确写「常驻工作地点：成都」，是本组中工作地点依据最明确的一条；【去重说明】本条招聘入口域名属园区运营方（该运营主体为V1.4已收录企业），非本企业自有域名，本企业主体及其职位未在V1.4中出现，不构成重复收录,是（V1.5）,
CD0381,379,霸王茶姬,CHAGEE|霸王茶姬CHAGEE|茶姬,A,https://www.chagee.com/,是,页面未说明,四川省,成都市,,页面未说明,official_page,餐饮连锁,页面未说明,霸王茶姬（CHAGEE）2017年11月17日成立于云南，以茶马古道为品牌灵感全球传播，2025年4月17日上市（股票代码CHA），招聘官网设校园招聘与实习招聘专区。,F组-消费物流与国企,霸王茶姬招聘官网（校园招聘/实习招聘）,https://jobs.chagee.com/,official_careers_page,企业官网自建招聘页,企业官网自建招聘页,official_company,是,true,A,是,1,confirmed,1,200,有效（当前有可见职位）,有效（当前有可见职位）,有效（当前有可见职位）,direct_job_observed,direct_page_visit,new_v15,200,200,2026-09-30,2026-09-30,https://jobs.chagee.com/campus/position/7623359449261361471/detail,本轮实测入口 200,A级：企业官网自建招聘页（页面标题：茶产研实习生-上海/成都 - 霸王茶姬-实习招聘；正文摘录：茶产研实习生-上海/成都 成都、上海 实习；职位要）,校招专区另列茶产研专员、设备创新与优化、JAVA开发工程师、前端开发工程师、产品经理、测试开发工程师、UI设计师、人力资源等岗位，但页面未逐岗标注城市，故仅采集明确出现成都字样的1条。,是（V1.5）,
