job_key,company_id,序号,公司名称,是否匹配企业池,企业等级,所属行业,职位名称,工作地,location_text,province,city,district,location_cities,location_confidence,职能类别,招聘类型,发布日期,薪资信息,经验要求,学历要求,招聘人数,招聘人数原文,职位描述,任职要求,福利信息,url_type,is_direct_detail,detail_url_confidence,职位详情URL,来源招聘入口,是否官方来源,official_source,来源_channel,首次发现日期,最近核验日期,页面当前状态,是否能确认仍在招聘,验证日期,备注,来源可信度
CD0005|成都迈克生物股份有限公司|产品经理（临检方向）(J11943)|成都市,CD0005,1,成都迈克生物股份有限公司,是,A,医疗器械,产品经理（临检方向）(J11943),四川省成都市,四川省成都市,四川省,成都市,,成都,confirmed,产品,社会招聘,2026-09-20,,,,,,,,,listing_page,否,low,https://maccura.zhiye.com/jobs,https://maccura.zhiye.com/jobs,是,true,V1.2/V1.3,2026-09-28,2026-09-28,公开招聘中,,2026-09-28,,
CD0005|成都迈克生物股份有限公司|光学工程师(J11941)|成都市,CD0005,2,成都迈克生物股份有限公司,是,A,医疗器械,光学工程师(J11941),四川省成都市,四川省成都市,四川省,成都市,,成都,confirmed,研发,社会招聘,2026-09-17,,,,,,,,,listing_page,否,low,https://maccura.zhiye.com/jobs,https://maccura.zhiye.com/jobs,是,true,V1.2/V1.3,2026-09-28,2026-09-28,公开招聘中,,2026-09-28,,
CD0005|成都迈克生物股份有限公司|制造工程师（化学方向）(J11925)|成都市,CD0005,3,成都迈克生物股份有限公司,是,A,医疗器械,制造工程师（化学方向）(J11925),四川省成都市,四川省成都市,四川省,成都市,,成都,confirmed,生产制造,社会招聘,2026-09-01,,,,,,,,,listing_page,否,low,https://maccura.zhiye.com/jobs,https://maccura.zhiye.com/jobs,是,true,V1.2/V1.3,2026-09-28,2026-09-28,公开招聘中,,2026-09-28,,
CD0005|成都迈克生物股份有限公司|机械结构工程师(J11944)|成都市,CD0005,4,成都迈克生物股份有限公司,是,A,医疗器械,机械结构工程师(J11944),四川省成都市,四川省成都市,四川省,成都市,,成都,confirmed,研发,社会招聘,2026-09-22,,,,,,,,,listing_page,否,low,https://maccura.zhiye.com/jobs,https://maccura.zhiye.com/jobs,是,true,V1.2/V1.3,2026-09-28,2026-09-28,公开招聘中,,2026-09-28,,
CD0005|成都迈克生物股份有限公司|算法工程师（大模型应用方向）(J11777)|成都市,CD0005,5,成都迈克生物股份有限公司,是,A,医疗器械,算法工程师（大模型应用方向）(J11777),四川省成都市,四川省成都市,四川省,成都市,,成都,confirmed,算法,社会招聘,2026-09-21,,,,,,,,,listing_page,否,low,https://maccura.zhiye.com/jobs,https://maccura.zhiye.com/jobs,是,true,V1.2/V1.3,2026-09-28,2026-09-28,公开招聘中,,2026-09-28,,
CD0007:705,CD0007,6,成都仕芯半导体有限公司,是,A,半导体与集成电路,模拟ic设计师,成都(推定),成都(推定),四川省,成都市,,成都,inferred,研发,社会招聘,2024-09-12,,,,,,,,,direct_detail,是,medium,https://www.sicoresemi.com/News_Show.php?theId=705,https://www.sicoresemi.com/News_Show.php?theId=705,是,true,V1.2/V1.3,2026-09-28,2026-09-28,公开招聘中,,2026-09-28,官网新闻页发布的招聘信息，页面未标注工作城市,
CD0008|成都锐成芯微科技股份有限公司|存储器设计工程师|成都市,CD0008,7,成都锐成芯微科技股份有限公司,是,A,半导体与集成电路,存储器设计工程师,成都/上海,成都/上海,四川省,成都市,,成都|上海,confirmed,研发,社会招聘,,,,,,,,,,listing_page,否,low,https://analogcircuit.cn/recruit/800.html,https://analogcircuit.cn/recruit/800.html,是,true,V1.2/V1.3,2026-09-28,2026-09-28,公开招聘中,,2026-09-28,页面Base标注为成都/上海,
CD0010|英特尔产品（成都）有限公司|AI/ML Software App Development Intern|成都市,CD0010,8,英特尔产品（成都）有限公司,是,A,半导体与集成电路,AI/ML Software App Development Intern,四川省成都市,四川省成都市,四川省,成都市,,成都,confirmed,生产制造,实习,2026-09-07,,,,,,,,,listing_page,否,low,https://chinacampus.jobs.intel.cn/intel/position/index,https://chinacampus.jobs.intel.cn/intel/position/index,是,true,V1.2/V1.3,2026-09-28,2026-09-28,公开招聘中,,2026-09-28,,
"CD0010|英特尔产品（成都）有限公司|Foundry Program Manager, Service Operations and Program Management|成都市",CD0010,9,英特尔产品（成都）有限公司,是,A,半导体与集成电路,"Foundry Program Manager, Service Operations and Program Management",四川省成都市高新区,四川省成都市高新区,四川省,成都市,高新区,成都,confirmed,研发,未知,2026-09-17,,,,,,,,,listing_page,否,low,https://chinacampus.jobs.intel.cn/intel/position/index,https://chinacampus.jobs.intel.cn/intel/position/index,是,true,V1.2/V1.3,2026-09-28,2026-09-28,公开招聘中,,2026-09-28,,
CD0010|英特尔产品（成都）有限公司|Industry Engineer|成都市,CD0010,10,英特尔产品（成都）有限公司,是,A,半导体与集成电路,Industry Engineer,四川省成都市,四川省成都市,四川省,成都市,,成都,confirmed,生产制造,未知,2026-09-24,,,,,,,,,listing_page,否,low,https://chinacampus.jobs.intel.cn/intel/position/index,https://chinacampus.jobs.intel.cn/intel/position/index,是,true,V1.2/V1.3,2026-09-28,2026-09-28,公开招聘中,,2026-09-28,,
CD0010|英特尔产品（成都）有限公司|Operations Research Engineer Intern|成都市,CD0010,11,英特尔产品（成都）有限公司,是,A,半导体与集成电路,Operations Research Engineer Intern,四川省成都市,四川省成都市,四川省,成都市,,成都,confirmed,职能支持,实习,2026-09-10,,,,,,,,,listing_page,否,low,https://chinacampus.jobs.intel.cn/intel/position/index,https://chinacampus.jobs.intel.cn/intel/position/index,是,true,V1.2/V1.3,2026-09-28,2026-09-28,公开招聘中,,2026-09-28,,
CD0010|英特尔产品（成都）有限公司|Site Service Specialist|成都市,CD0010,12,英特尔产品（成都）有限公司,是,A,半导体与集成电路,Site Service Specialist,四川省成都市,四川省成都市,四川省,成都市,,成都,confirmed,职能支持,未知,2026-07-07,,,,,,,,,listing_page,否,low,https://chinacampus.jobs.intel.cn/intel/position/index,https://chinacampus.jobs.intel.cn/intel/position/index,是,true,V1.2/V1.3,2026-09-28,2026-09-28,公开招聘中,,2026-09-28,,
CD0012|成都光明光电股份有限公司|产品开发|成都市,CD0012,13,成都光明光电股份有限公司,是,A,新材料,产品开发,成都市龙泉驿区,成都市龙泉驿区,四川省,成都市,龙泉驿区,成都,confirmed,研发,校园招聘,,,,,,,,,,listing_page,否,low,https://www.cdgmgd.com/templates/www.cdgmgd.com/zh_CN/pc/tempmsg/recruitment.htm,https://www.cdgmgd.com/templates/www.cdgmgd.com/zh_CN/pc/tempmsg/recruitment.htm,是,true,V1.2/V1.3,2026-09-28,2026-09-28,公开招聘中,,2026-09-28,,
CD0012|成都光明光电股份有限公司|信息系统研发|成都市,CD0012,14,成都光明光电股份有限公司,是,A,新材料,信息系统研发,成都市龙泉驿区,成都市龙泉驿区,四川省,成都市,龙泉驿区,成都,confirmed,研发,校园招聘,,,,,,,,,,listing_page,否,low,https://www.cdgmgd.com/templates/www.cdgmgd.com/zh_CN/pc/tempmsg/recruitment.htm,https://www.cdgmgd.com/templates/www.cdgmgd.com/zh_CN/pc/tempmsg/recruitment.htm,是,true,V1.2/V1.3,2026-09-28,2026-09-28,公开招聘中,,2026-09-28,,
CD0012|成都光明光电股份有限公司|控制技术|成都市,CD0012,15,成都光明光电股份有限公司,是,A,新材料,控制技术,成都市龙泉驿区,成都市龙泉驿区,四川省,成都市,龙泉驿区,成都,confirmed,研发,校园招聘,,,,,,,,,,listing_page,否,low,https://www.cdgmgd.com/templates/www.cdgmgd.com/zh_CN/pc/tempmsg/recruitment.htm,https://www.cdgmgd.com/templates/www.cdgmgd.com/zh_CN/pc/tempmsg/recruitment.htm,是,true,V1.2/V1.3,2026-09-28,2026-09-28,公开招聘中,,2026-09-28,,
CD0012|成都光明光电股份有限公司|炉窑结构研究|成都市,CD0012,16,成都光明光电股份有限公司,是,A,新材料,炉窑结构研究,成都市龙泉驿区,成都市龙泉驿区,四川省,成都市,龙泉驿区,成都,confirmed,研发,校园招聘,,,,,,,,,,listing_page,否,low,https://www.cdgmgd.com/templates/www.cdgmgd.com/zh_CN/pc/tempmsg/recruitment.htm,https://www.cdgmgd.com/templates/www.cdgmgd.com/zh_CN/pc/tempmsg/recruitment.htm,是,true,V1.2/V1.3,2026-09-28,2026-09-28,公开招聘中,,2026-09-28,,
CD0012|成都光明光电股份有限公司|销售业务员|成都市,CD0012,17,成都光明光电股份有限公司,是,A,新材料,销售业务员,成都市龙泉驿区,成都市龙泉驿区,四川省,成都市,龙泉驿区,成都,confirmed,销售,校园招聘,,,,,,,,,,listing_page,否,low,https://www.cdgmgd.com/templates/www.cdgmgd.com/zh_CN/pc/tempmsg/recruitment.htm,https://www.cdgmgd.com/templates/www.cdgmgd.com/zh_CN/pc/tempmsg/recruitment.htm,是,true,V1.2/V1.3,2026-09-28,2026-09-28,公开招聘中,,2026-09-28,,
CD0020|成都迅游网络科技股份有限公司|C++开发工程师（成都）|成都市,CD0020,18,成都迅游网络科技股份有限公司,是,A,游戏,C++开发工程师（成都）,成都,成都,四川省,成都市,,成都,confirmed,研发,社会招聘,,,,,,,,,,listing_page,否,low,https://www.xunyou.com/2014hr/position.shtml,https://www.xunyou.com/2014hr/position.shtml,是,true,V1.2/V1.3,2026-09-28,2026-09-28,公开招聘中,,2026-09-28,,
CD0020|成都迅游网络科技股份有限公司|C/C++客户端开发工程师（成都）|成都市,CD0020,19,成都迅游网络科技股份有限公司,是,A,游戏,C/C++客户端开发工程师（成都）,成都,成都,四川省,成都市,,成都,confirmed,研发,社会招聘,,,,,,,,,,listing_page,否,low,https://www.xunyou.com/2014hr/position.shtml,https://www.xunyou.com/2014hr/position.shtml,是,true,V1.2/V1.3,2026-09-28,2026-09-28,公开招聘中,,2026-09-28,,
CD0020|成都迅游网络科技股份有限公司|自动化测试工程师（成都）|成都市,CD0020,20,成都迅游网络科技股份有限公司,是,A,游戏,自动化测试工程师（成都）,成都,成都,四川省,成都市,,成都,confirmed,研发,社会招聘,,,,,,,,,,listing_page,否,low,https://www.xunyou.com/2014hr/position.shtml,https://www.xunyou.com/2014hr/position.shtml,是,true,V1.2/V1.3,2026-09-28,2026-09-28,公开招聘中,,2026-09-28,,
CD0020|成都迅游网络科技股份有限公司|软件测试（成都）|成都市,CD0020,21,成都迅游网络科技股份有限公司,是,A,游戏,软件测试（成都）,成都,成都,四川省,成都市,,成都,confirmed,研发,社会招聘,,,,,,,,,,listing_page,否,low,https://www.xunyou.com/2014hr/position.shtml,https://www.xunyou.com/2014hr/position.shtml,是,true,V1.2/V1.3,2026-09-28,2026-09-28,公开招聘中,,2026-09-28,,
CD0020|成都迅游网络科技股份有限公司|运维开发工程师（成都）|成都市,CD0020,22,成都迅游网络科技股份有限公司,是,A,游戏,运维开发工程师（成都）,成都,成都,四川省,成都市,,成都,confirmed,研发,社会招聘,,,,,,,,,,listing_page,否,low,https://www.xunyou.com/2014hr/position.shtml,https://www.xunyou.com/2014hr/position.shtml,是,true,V1.2/V1.3,2026-09-28,2026-09-28,公开招聘中,,2026-09-28,,
CD0022|成都龙渊网络科技有限公司|原画设计师实习生（物华弥新项目）|成都市,CD0022,23,成都龙渊网络科技有限公司,是,A,游戏,原画设计师实习生（物华弥新项目）,成都,成都,四川省,成都市,,成都市,confirmed,其他,实习,,,,,,,,,,listing_page,否,low,https://www.ilongyuan.com.cn/index/campusrecruit.html,https://www.ilongyuan.com.cn/index/campusrecruit.html,是,true,V1.2/V1.3,2026-09-28,2026-09-28,公开招聘中,,2026-09-28,2026-09-26复核：龙渊中文官网校园招聘页直接显示该职位原名、类别“美术”和地点“成都”；页面为职位列表页，未标发布日期。,
CD0023:230901690,CD0023,24,四川科伦博泰生物医药股份有限公司,是,A,生物医药,科伦博泰-临床试验助理(CTA）(J10125),四川省成都市,四川省成都市,四川省,成都市,,成都,confirmed,研发,社会招聘,2026-05-07,,,,,,,,,direct_detail,是,high,https://kelunbotai.zhiye.com/zpdetail/230901690,https://kelunbotai.zhiye.com/social/,是,true,V1.2/V1.3,2026-09-28,2026-09-28,公开招聘中,,2026-09-28,,
CD0023:230904233,CD0023,25,四川科伦博泰生物医药股份有限公司,是,A,生物医药,科伦博泰-（高级）招聘经理(J13232),四川省成都市,四川省成都市,四川省,成都市,,成都,confirmed,职能支持,社会招聘,2026-05-14,,,,,,,,,direct_detail,是,high,https://kelunbotai.zhiye.com/zpdetail/230904233,https://kelunbotai.zhiye.com/social/,是,true,V1.2/V1.3,2026-09-28,2026-09-28,公开招聘中,,2026-09-28,,
CD0023:230914698,CD0023,26,四川科伦博泰生物医药股份有限公司,是,A,生物医药,科伦博泰-合规专员（成都）(J13350),四川省成都市,四川省成都市,四川省,成都市,,成都,confirmed,职能支持,社会招聘,2026-06-24,,,,,,,,,direct_detail,是,high,https://kelunbotai.zhiye.com/zpdetail/230914698,https://kelunbotai.zhiye.com/social/,是,true,V1.2/V1.3,2026-09-28,2026-09-28,公开招聘中,,2026-09-28,,
CD0023:230926854,CD0023,27,四川科伦博泰生物医药股份有限公司,是,A,生物医药,科伦博泰-毒理研究科学家(J13413),四川省成都市,四川省成都市,四川省,成都市,,成都,confirmed,研发,社会招聘,2026-08-07,,,,,,,,,direct_detail,是,high,https://kelunbotai.zhiye.com/zpdetail/230926854,https://kelunbotai.zhiye.com/social/,是,true,V1.2/V1.3,2026-09-28,2026-09-28,公开招聘中,,2026-09-28,,
CD0023:230943304,CD0023,28,四川科伦博泰生物医药股份有限公司,是,A,生物医药,科伦博泰-药效研究助理科学家/科学家(J13516),四川省成都市,四川省成都市,四川省,成都市,,成都,confirmed,研发,社会招聘,2026-09-20,,,,,,,,,direct_detail,是,high,https://kelunbotai.zhiye.com/zpdetail/230943304,https://kelunbotai.zhiye.com/social/,是,true,V1.2/V1.3,2026-09-28,2026-09-28,公开招聘中,,2026-09-28,,
CD0024:230939214,CD0024,29,四川科伦药业股份有限公司（成都）,是,A,生物医药,科伦药业-集团质量副总裁(J13460),四川省成都市,四川省成都市,四川省,成都市,,成都,confirmed,生产制造,社会招聘,,,,,,,,,,direct_detail,是,high,https://kelun.zhiye.com/job_show/230939214,https://kelun.zhiye.com/social/,是,true,V1.2/V1.3,2026-09-28,2026-09-28,公开招聘中,,2026-09-28,,
CD0024:230943069,CD0024,30,四川科伦药业股份有限公司（成都）,是,A,生物医药,科伦研究院-药物化学科学家(J13501),四川省成都市,四川省成都市,四川省,成都市,,成都,confirmed,研发,社会招聘,,,,,,,,,,direct_detail,是,high,https://kelun.zhiye.com/job_show/230943069,https://kelun.zhiye.com/social/,是,true,V1.2/V1.3,2026-09-28,2026-09-28,公开招聘中,,2026-09-28,,
CD0024:230943303,CD0024,31,四川科伦药业股份有限公司（成都）,是,A,生物医药,科伦博泰-药效研究助理科学家/科学家(J13516),四川省成都市,四川省成都市,四川省,成都市,,成都,confirmed,研发,社会招聘,,,,,,,,,,direct_detail,是,high,https://kelun.zhiye.com/job_show/230943303,https://kelun.zhiye.com/social/,是,true,V1.2/V1.3,2026-09-28,2026-09-28,公开招聘中,,2026-09-28,,
CD0024:230943521,CD0024,32,四川科伦药业股份有限公司（成都）,是,A,生物医药,新开元-体系QA(J13520),四川省成都市,四川省成都市,四川省,成都市,,成都,confirmed,生产制造,社会招聘,,,,,,,,,,direct_detail,是,high,https://kelun.zhiye.com/job_show/230943521,https://kelun.zhiye.com/social/,是,true,V1.2/V1.3,2026-09-28,2026-09-28,公开招聘中,,2026-09-28,,
CD0025|成都倍特药业股份有限公司|人力信息主管（HRIS）(J13405)|成都市,CD0025,33,成都倍特药业股份有限公司,是,A,生物医药,人力信息主管（HRIS）(J13405),四川省成都市双流区,四川省成都市双流区,四川省,成都市,双流区,成都,confirmed,职能支持,社会招聘,2026-09-24,,,,,,,,,listing_page,否,low,https://btyy.zhiye.com/social/jobs,https://btyy.zhiye.com/social/jobs,是,true,V1.2/V1.3,2026-09-28,2026-09-28,公开招聘中,,2026-09-28,,
CD0025|成都倍特药业股份有限公司|人力资源主管(J13391)|成都市,CD0025,34,成都倍特药业股份有限公司,是,A,生物医药,人力资源主管(J13391),四川省成都市,四川省成都市,四川省,成都市,,成都,confirmed,职能支持,社会招聘,2026-07-17,,,,,,,,,listing_page,否,low,https://btyy.zhiye.com/social/jobs,https://btyy.zhiye.com/social/jobs,是,true,V1.2/V1.3,2026-09-28,2026-09-28,公开招聘中,,2026-09-28,,
CD0025|成都倍特药业股份有限公司|发酵车间主任(J13417)|成都市,CD0025,35,成都倍特药业股份有限公司,是,A,生物医药,发酵车间主任(J13417),四川省成都市双流区,四川省成都市双流区,四川省,成都市,双流区,成都,confirmed,生产制造,社会招聘,2026-09-24,,,,,,,,,listing_page,否,low,https://btyy.zhiye.com/social/jobs,https://btyy.zhiye.com/social/jobs,是,true,V1.2/V1.3,2026-09-28,2026-09-28,公开招聘中,,2026-09-28,,
CD0025|成都倍特药业股份有限公司|成本会计(J13363)|成都市,CD0025,36,成都倍特药业股份有限公司,是,A,生物医药,成本会计(J13363),四川省成都市,四川省成都市,四川省,成都市,,成都,confirmed,职能支持,社会招聘,2026-06-10,,,,,,,,,listing_page,否,low,https://btyy.zhiye.com/social/jobs,https://btyy.zhiye.com/social/jobs,是,true,V1.2/V1.3,2026-09-28,2026-09-28,公开招聘中,,2026-09-28,,
CD0025|成都倍特药业股份有限公司|采购主管(J13418)|成都市,CD0025,37,成都倍特药业股份有限公司,是,A,生物医药,采购主管(J13418),四川省成都市双流区,四川省成都市双流区,四川省,成都市,双流区,成都,confirmed,供应链,社会招聘,2026-09-24,,,,,,,,,listing_page,否,low,https://btyy.zhiye.com/social/jobs,https://btyy.zhiye.com/social/jobs,是,true,V1.2/V1.3,2026-09-28,2026-09-28,公开招聘中,,2026-09-28,,
CD0027|成都欧林生物科技股份有限公司|R&D Project Lead|成都市,CD0027,38,成都欧林生物科技股份有限公司,是,A,生物医药,R&D Project Lead,成都(推定),成都(推定),四川省,成都市,,成都,inferred,研发,社会招聘,,,,,,,,,,listing_page,否,low,https://www.olymvax.com/talent.aspx?t=24,https://www.olymvax.com/talent.aspx?t=24,是,true,V1.2/V1.3,2026-09-28,2026-09-28,公开招聘中,,2026-09-28,,
CD0027|成都欧林生物科技股份有限公司|助理技术员（发酵）|成都市,CD0027,39,成都欧林生物科技股份有限公司,是,A,生物医药,助理技术员（发酵）,成都(推定),成都(推定),四川省,成都市,,成都,inferred,研发,社会招聘,,,,,,,,,,listing_page,否,low,https://www.olymvax.com/talent.aspx?t=24,https://www.olymvax.com/talent.aspx?t=24,是,true,V1.2/V1.3,2026-09-28,2026-09-28,公开招聘中,,2026-09-28,,
CD0027|成都欧林生物科技股份有限公司|助理技术员（纯化）|成都市,CD0027,40,成都欧林生物科技股份有限公司,是,A,生物医药,助理技术员（纯化）,成都(推定),成都(推定),四川省,成都市,,成都,inferred,研发,社会招聘,,,,,,,,,,listing_page,否,low,https://www.olymvax.com/talent.aspx?t=24,https://www.olymvax.com/talent.aspx?t=24,是,true,V1.2/V1.3,2026-09-28,2026-09-28,公开招聘中,,2026-09-28,,
CD0027|成都欧林生物科技股份有限公司|助理技术员（质量研究）|成都市,CD0027,41,成都欧林生物科技股份有限公司,是,A,生物医药,助理技术员（质量研究）,成都(推定),成都(推定),四川省,成都市,,成都,inferred,研发,社会招聘,,,,,,,,,,listing_page,否,low,https://www.olymvax.com/talent.aspx?t=24,https://www.olymvax.com/talent.aspx?t=24,是,true,V1.2/V1.3,2026-09-28,2026-09-28,公开招聘中,,2026-09-28,,
CD0027|成都欧林生物科技股份有限公司|质量技术员|成都市,CD0027,42,成都欧林生物科技股份有限公司,是,A,生物医药,质量技术员,成都(推定),成都(推定),四川省,成都市,,成都,inferred,研发,社会招聘,,,,,,,,,,listing_page,否,low,https://www.olymvax.com/talent.aspx?t=24,https://www.olymvax.com/talent.aspx?t=24,是,true,V1.2/V1.3,2026-09-28,2026-09-28,公开招聘中,,2026-09-28,,
CD0028|成都海创药业股份有限公司|医学联络官MSL|成都市,CD0028,43,成都海创药业股份有限公司,是,A,生物医药,医学联络官MSL,成都,成都,四川省,成都市,,成都,confirmed,其他,社会招聘,2026-08-04,,,,,,,,,listing_page,否,low,https://www.hinovapharma.com/recruit/index.html,https://www.hinovapharma.com/recruit/index.html,是,true,V1.2/V1.3,2026-09-28,2026-09-28,公开招聘中,,2026-09-28,,
CD0028|成都海创药业股份有限公司|审计经理|成都市,CD0028,44,成都海创药业股份有限公司,是,A,生物医药,审计经理,成都,成都,四川省,成都市,,成都,confirmed,职能支持,社会招聘,2026-08-03,,,,,,,,,listing_page,否,low,https://www.hinovapharma.com/recruit/index.html,https://www.hinovapharma.com/recruit/index.html,是,true,V1.2/V1.3,2026-09-28,2026-09-28,公开招聘中,,2026-09-28,,
CD0028|成都海创药业股份有限公司|生物副研究员|成都市,CD0028,45,成都海创药业股份有限公司,是,A,生物医药,生物副研究员,成都,成都,四川省,成都市,,成都,confirmed,研发,社会招聘,2026-08-03,,,,,,,,,listing_page,否,low,https://www.hinovapharma.com/recruit/index.html,https://www.hinovapharma.com/recruit/index.html,是,true,V1.2/V1.3,2026-09-28,2026-09-28,公开招聘中,,2026-09-28,,
CD0028|成都海创药业股份有限公司|药代毒理总监|成都市,CD0028,46,成都海创药业股份有限公司,是,A,生物医药,药代毒理总监,成都,成都,四川省,成都市,,成都,confirmed,研发,社会招聘,2026-04-21,,,,,,,,,listing_page,否,low,https://www.hinovapharma.com/recruit/index.html,https://www.hinovapharma.com/recruit/index.html,是,true,V1.2/V1.3,2026-09-28,2026-09-28,公开招聘中,,2026-09-28,,
CD0028|成都海创药业股份有限公司|药物化学博士研究员|成都市,CD0028,47,成都海创药业股份有限公司,是,A,生物医药,药物化学博士研究员,成都(推定),成都(推定),四川省,成都市,,成都,inferred,研发,社会招聘,2026-04-21,,,,,,,,,listing_page,否,low,https://www.hinovapharma.com/recruit/index.html,https://www.hinovapharma.com/recruit/index.html,是,true,V1.2/V1.3,2026-09-28,2026-09-28,公开招聘中,,2026-09-28,该条页面未单独标注城市，公司招聘页其余岗位均标注成都,
CD0029:243,CD0029,48,成都迪康药业股份有限公司,是,A,生物医药,产品组经理,成都,成都,四川省,成都市,,成都,confirmed,市场,社会招聘,2026-03-09,,,,,,,,,direct_detail,是,medium,https://www.dikangyaoye.com/Fjob/show?job_id=243&catid=63,https://www.dikangyaoye.com/shehuizhaopin,是,true,V1.2/V1.3,2026-09-28,2026-09-28,公开招聘中,,2026-09-28,,
CD0029:245,CD0029,49,成都迪康药业股份有限公司,是,A,生物医药,高级品牌经理,成都,成都,四川省,成都市,,成都,confirmed,市场,社会招聘,2026-03-09,,,,,,,,,direct_detail,是,medium,https://www.dikangyaoye.com/Fjob/show?job_id=245&catid=63,https://www.dikangyaoye.com/shehuizhaopin,是,true,V1.2/V1.3,2026-09-28,2026-09-28,公开招聘中,,2026-09-28,,
CD0029:246,CD0029,50,成都迪康药业股份有限公司,是,A,生物医药,财务分析师,成都,成都,四川省,成都市,,成都,confirmed,职能支持,社会招聘,2026-03-09,,,,,,,,,direct_detail,是,medium,https://www.dikangyaoye.com/Fjob/show?job_id=246&catid=63,https://www.dikangyaoye.com/shehuizhaopin,是,true,V1.2/V1.3,2026-09-28,2026-09-28,公开招聘中,,2026-09-28,,
CD0029:254,CD0029,51,成都迪康药业股份有限公司,是,A,生物医药,电商经理,成都,成都,四川省,成都市,,成都,confirmed,销售,社会招聘,2026-06-05,,,,,,,,,direct_detail,是,medium,https://www.dikangyaoye.com/Fjob/show?job_id=254&catid=63,https://www.dikangyaoye.com/shehuizhaopin,是,true,V1.2/V1.3,2026-09-28,2026-09-28,公开招聘中,,2026-09-28,,
CD0029:255,CD0029,52,成都迪康药业股份有限公司,是,A,生物医药,设备部经理,成都,成都,四川省,成都市,,成都,confirmed,生产制造,社会招聘,2026-06-05,,,,,,,,,direct_detail,是,medium,https://www.dikangyaoye.com/Fjob/show?job_id=255&catid=63,https://www.dikangyaoye.com/shehuizhaopin,是,true,V1.2/V1.3,2026-09-28,2026-09-28,公开招聘中,,2026-09-28,,
CD0035|鸿富锦精密电子（成都）有限公司|仓管|成都市,CD0035,53,鸿富锦精密电子（成都）有限公司,是,A,电子信息制造,仓管,成都,成都,四川省,成都市,,成都,confirmed,供应链,社会招聘,,,,,,,,,,company_careers_home,否,low,https://www.51pin.foxconn.com/,https://www.51pin.foxconn.com/,是,true,V1.2/V1.3,2026-09-28,2026-09-28,公开招聘中,,2026-09-28,,
CD0035|鸿富锦精密电子（成都）有限公司|品管|成都市,CD0035,54,鸿富锦精密电子（成都）有限公司,是,A,电子信息制造,品管,成都,成都,四川省,成都市,,成都,confirmed,生产制造,社会招聘,,,,,,,,,,company_careers_home,否,low,https://www.51pin.foxconn.com/,https://www.51pin.foxconn.com/,是,true,V1.2/V1.3,2026-09-28,2026-09-28,公开招聘中,,2026-09-28,,
CD0035|鸿富锦精密电子（成都）有限公司|测试|成都市,CD0035,55,鸿富锦精密电子（成都）有限公司,是,A,电子信息制造,测试,成都,成都,四川省,成都市,,成都,confirmed,生产制造,社会招聘,,,,,,,,,,company_careers_home,否,low,https://www.51pin.foxconn.com/,https://www.51pin.foxconn.com/,是,true,V1.2/V1.3,2026-09-28,2026-09-28,公开招聘中,,2026-09-28,,
CD0035|鸿富锦精密电子（成都）有限公司|组装|成都市,CD0035,56,鸿富锦精密电子（成都）有限公司,是,A,电子信息制造,组装,成都,成都,四川省,成都市,,成都,confirmed,生产制造,社会招聘,,,,,,,,,,company_careers_home,否,low,https://www.51pin.foxconn.com/,https://www.51pin.foxconn.com/,是,true,V1.2/V1.3,2026-09-28,2026-09-28,公开招聘中,,2026-09-28,,
CD0035|鸿富锦精密电子（成都）有限公司|维修|成都市,CD0035,57,鸿富锦精密电子（成都）有限公司,是,A,电子信息制造,维修,成都,成都,四川省,成都市,,成都,confirmed,生产制造,社会招聘,,,,,,,,,,company_careers_home,否,low,https://www.51pin.foxconn.com/,https://www.51pin.foxconn.com/,是,true,V1.2/V1.3,2026-09-28,2026-09-28,公开招聘中,,2026-09-28,,
CD0036:351608572,CD0036,58,中航（成都）无人机系统股份有限公司,是,A,航空航天,结构强度研发岗(J10232),四川省成都市,四川省成都市,四川省,成都市,,成都,confirmed,研发,社会招聘,2026-09-03,,,,,,,,,direct_detail,是,high,https://avicuas.zhiye.com/zpdetail/351608572,https://avicuas.zhiye.com/alljob/,是,true,V1.2/V1.3,2026-09-28,2026-09-28,公开招聘中,,2026-09-28,,
CD0036:351609456,CD0036,59,中航（成都）无人机系统股份有限公司,是,A,航空航天,财经管理岗(J10398),四川省成都市,四川省成都市,四川省,成都市,,成都,confirmed,职能支持,社会招聘,2026-09-04,,,,,,,,,direct_detail,是,high,https://avicuas.zhiye.com/zpdetail/351609456,https://avicuas.zhiye.com/alljob/,是,true,V1.2/V1.3,2026-09-28,2026-09-28,公开招聘中,,2026-09-28,,
CD0036:351612930,CD0036,60,中航（成都）无人机系统股份有限公司,是,A,航空航天,总体研发岗（气动综合）(J10377),四川省成都市,四川省成都市,四川省,成都市,,成都,confirmed,研发,社会招聘,2026-09-11,,,,,,,,,direct_detail,是,high,https://avicuas.zhiye.com/zpdetail/351612930,https://avicuas.zhiye.com/alljob/,是,true,V1.2/V1.3,2026-09-28,2026-09-28,公开招聘中,,2026-09-28,,
CD0036:351615583,CD0036,61,中航（成都）无人机系统股份有限公司,是,A,航空航天,服务保障岗(J10467),四川省成都市,四川省成都市,四川省,成都市,,成都,confirmed,其他,社会招聘,2026-09-20,,,,,,,,,direct_detail,是,high,https://avicuas.zhiye.com/zpdetail/351615583,https://avicuas.zhiye.com/alljob/,是,true,V1.2/V1.3,2026-09-28,2026-09-28,公开招聘中,,2026-09-28,,
CD0036:351615596,CD0036,62,中航（成都）无人机系统股份有限公司,是,A,航空航天,任务系统研发岗（射频专业）(J10468),四川省成都市,四川省成都市,四川省,成都市,,成都,confirmed,研发,社会招聘,2026-09-20,,,,,,,,,direct_detail,是,high,https://avicuas.zhiye.com/zpdetail/351615596,https://avicuas.zhiye.com/alljob/,是,true,V1.2/V1.3,2026-09-28,2026-09-28,公开招聘中,,2026-09-28,,
CD0037:6,CD0037,63,成都爱乐达航空设备制造股份有限公司,是,A,航空航天,机械工程师,成都,成都,四川省,成都市,,成都,confirmed,生产制造,社会招聘,2023-12-14,,,,,,,,,direct_detail,是,medium,https://www.cdald.com/recruit-details.aspx?Id=6,https://www.cdald.com/hr-culture.aspx?t=14,是,true,V1.2/V1.3,2026-09-28,2026-09-28,公开招聘中,,2026-09-28,,
CD0038|北京三快在线科技有限公司成都分公司|充电宝大客户经理-商场休娱组（大型商场方向）|成都市,CD0038,64,北京三快在线科技有限公司成都分公司,是,A,软件与互联网服务,充电宝大客户经理-商场休娱组（大型商场方向）,成都市,成都市,四川省,成都市,,成都,confirmed,销售,社会招聘,2026-09-24,,,,,,,,,listing_page,否,low,https://zhaopin.meituan.com/web/social?cityList=001027001,https://zhaopin.meituan.com/web/social?cityList=001027001,是,true,V1.2/V1.3,2026-09-28,2026-09-28,公开招聘中,,2026-09-28,2026-09-28 复测 200 但招聘关键词命中少,
CD0038|北京三快在线科技有限公司成都分公司|医疗服务业务部/口腔全国销售中心/口腔CBD区域|成都市,CD0038,65,北京三快在线科技有限公司成都分公司,是,A,软件与互联网服务,医疗服务业务部/口腔全国销售中心/口腔CBD区域,成都市,成都市,四川省,成都市,,成都,confirmed,销售,社会招聘,2026-09-20,,,,,,,,,listing_page,否,low,https://zhaopin.meituan.com/web/social?cityList=001027001,https://zhaopin.meituan.com/web/social?cityList=001027001,是,true,V1.2/V1.3,2026-09-28,2026-09-28,公开招聘中,,2026-09-28,2026-09-28 复测 200 但招聘关键词命中少,
CD0038|北京三快在线科技有限公司成都分公司|安全事务经理|成都市,CD0038,66,北京三快在线科技有限公司成都分公司,是,A,软件与互联网服务,安全事务经理,成都市,成都市,四川省,成都市,,成都,confirmed,职能支持,社会招聘,2026-09-26,,,,,,,,,listing_page,否,low,https://zhaopin.meituan.com/web/social?cityList=001027001,https://zhaopin.meituan.com/web/social?cityList=001027001,是,true,V1.2/V1.3,2026-09-28,2026-09-28,公开招聘中,,2026-09-28,2026-09-28 复测 200 但招聘关键词命中少,
CD0038|北京三快在线科技有限公司成都分公司|履约业务HRBP|成都市,CD0038,67,北京三快在线科技有限公司成都分公司,是,A,软件与互联网服务,履约业务HRBP,成都市,成都市,四川省,成都市,,成都,confirmed,职能支持,社会招聘,2026-09-25,,,,,,,,,listing_page,否,low,https://zhaopin.meituan.com/web/social?cityList=001027001,https://zhaopin.meituan.com/web/social?cityList=001027001,是,true,V1.2/V1.3,2026-09-28,2026-09-28,公开招聘中,,2026-09-28,2026-09-28 复测 200 但招聘关键词命中少,
CD0038|北京三快在线科技有限公司成都分公司|美团充电宝直营-城市经理-中西-（base地多城可选）|成都市,CD0038,68,北京三快在线科技有限公司成都分公司,是,A,软件与互联网服务,美团充电宝直营-城市经理-中西-（base地多城可选）,成都市,成都市,四川省,成都市,,成都,confirmed,销售,社会招聘,2026-09-26,,,,,,,,,listing_page,否,low,https://zhaopin.meituan.com/web/social?cityList=001027001,https://zhaopin.meituan.com/web/social?cityList=001027001,是,true,V1.2/V1.3,2026-09-28,2026-09-28,公开招聘中,,2026-09-28,2026-09-28 复测 200 但招聘关键词命中少,
CD0040:7665291531588258053,CD0040,69,北京字节跳动科技有限公司成都分公司,是,A,软件与互联网服务,模型运营（广告方向） - 内容质量与数据服务平台,成都,成都,四川省,成都市,,成都,confirmed,运营,校园招聘,,,,,,,,,,direct_detail,是,high,https://jobs.bytedance.com/campus/position/7665291531588258053/detail,https://jobs.bytedance.com/campus/position?keywords=成都,是,true,V1.2/V1.3,2026-09-28,2026-09-28,公开招聘中,,2026-09-28,,
CD0040:7666319253851441461,CD0040,70,北京字节跳动科技有限公司成都分公司,是,A,软件与互联网服务,数据库开发工程师 - AI算力基础设施,成都,成都,四川省,成都市,,成都,confirmed,研发,校园招聘,,,,,,,,,,direct_detail,是,high,https://jobs.bytedance.com/campus/position/7666319253851441461/detail,https://jobs.bytedance.com/campus/position?keywords=成都,是,true,V1.2/V1.3,2026-09-28,2026-09-28,公开招聘中,,2026-09-28,,
CD0040:7667113601964329221,CD0040,71,北京字节跳动科技有限公司成都分公司,是,A,软件与互联网服务,AI全栈开发工程师 - 抖音平台产品,成都,成都,四川省,成都市,,成都,confirmed,研发,校园招聘,,,,,,,,,,direct_detail,是,high,https://jobs.bytedance.com/campus/position/7667113601964329221/detail,https://jobs.bytedance.com/campus/position?keywords=成都,是,true,V1.2/V1.3,2026-09-28,2026-09-28,公开招聘中,,2026-09-28,,
CD0040:7683445224186775861,CD0040,72,北京字节跳动科技有限公司成都分公司,是,A,软件与互联网服务,模型搜索资源引入专项运营 - AI数据与安全,成都,成都,四川省,成都市,,成都,confirmed,运营,校园招聘,,,,,,,,,,direct_detail,是,high,https://jobs.bytedance.com/campus/position/7683445224186775861/detail,https://jobs.bytedance.com/campus/position?keywords=成都,是,true,V1.2/V1.3,2026-09-28,2026-09-28,公开招聘中,,2026-09-28,,
CD0040:7683446298945210629,CD0040,73,北京字节跳动科技有限公司成都分公司,是,A,软件与互联网服务,模型搜索专项运营 - AI数据与安全,成都,成都,四川省,成都市,,成都,confirmed,运营,校园招聘,,,,,,,,,,direct_detail,是,high,https://jobs.bytedance.com/campus/position/7683446298945210629/detail,https://jobs.bytedance.com/campus/position?keywords=成都,是,true,V1.2/V1.3,2026-09-28,2026-09-28,公开招聘中,,2026-09-28,,
CD0043|成都云智天下科技股份有限公司|商务经理|成都市,CD0043,74,成都云智天下科技股份有限公司,是,A,软件与互联网服务,商务经理,成都(推定),成都(推定),四川省,成都市,,成都,inferred,销售,社会招聘,,,,,,,,,,listing_page,否,low,https://yunzhicloud.com/web-aboutyz/joinus/hiring,https://yunzhicloud.com/web-aboutyz/joinus/hiring,是,true,V1.2/V1.3,2026-09-28,2026-09-28,公开招聘中,,2026-09-28,页面未标注工作城市,
CD0043|成都云智天下科技股份有限公司|解决方案工程师|成都市,CD0043,75,成都云智天下科技股份有限公司,是,A,软件与互联网服务,解决方案工程师,成都(推定),成都(推定),四川省,成都市,,成都,inferred,销售,社会招聘,,,,,,,,,,listing_page,否,low,https://yunzhicloud.com/web-aboutyz/joinus/hiring,https://yunzhicloud.com/web-aboutyz/joinus/hiring,是,true,V1.2/V1.3,2026-09-28,2026-09-28,公开招聘中,,2026-09-28,页面未标注工作城市,
CD0043|成都云智天下科技股份有限公司|高级产品经理|成都市,CD0043,76,成都云智天下科技股份有限公司,是,A,软件与互联网服务,高级产品经理,成都(推定),成都(推定),四川省,成都市,,成都,inferred,产品,社会招聘,,,,,,,,,,listing_page,否,low,https://yunzhicloud.com/web-aboutyz/joinus/hiring,https://yunzhicloud.com/web-aboutyz/joinus/hiring,是,true,V1.2/V1.3,2026-09-28,2026-09-28,公开招聘中,,2026-09-28,页面未标注工作城市,
CD0045:2082418129375506432,CD0045,77,腾讯科技（成都）有限公司,是,A,软件与互联网服务,腾讯云-金融售前架构师-成都/重庆,成都,成都,四川省,成都市,,成都市,confirmed,产品,社会招聘,,,,,,,,,,direct_detail,是,high,https://careers.tencent.com/jobdesc.html?postId=2082418129375506432,https://careers.tencent.com/,是,true,V1.2/V1.3,2026-09-28,2026-09-28,公开招聘中,,2026-09-28,careers.tencent.com 官方职位详情页，页面标注工作地「成都」、职类「产品」、五年以上工作经验，更新于2026年08月10日；标题含成都/重庆，工作地字段明确为成都,
CD0045|腾讯科技（成都）有限公司|《王者万象棋》3D角色|成都市,CD0045,78,腾讯科技（成都）有限公司,是,A,软件与互联网服务,《王者万象棋》3D角色,成都,成都,四川省,成都市,,成都市,confirmed,其他,社会招聘,,,,,,,,,,listing_page,否,low,https://careers.tencent.com/cityinfo.html?city=8,https://careers.tencent.com/cityinfo.html?city=8,是,true,V1.2/V1.3,2026-09-28,2026-09-28,公开招聘中,,2026-09-28,腾讯招聘官网成都城市页逐条列出，工作地标注「成都」，部门 IEG，职类设计，页面显示更新于 2026年09月22日；2026-09-28 复测 200 但招聘关键词命中少,
CD0045|腾讯科技（成都）有限公司|《王者万象棋》项目经理-合作专项|成都市,CD0045,79,腾讯科技（成都）有限公司,是,A,软件与互联网服务,《王者万象棋》项目经理-合作专项,成都,成都,四川省,成都市,,成都市,confirmed,产品,社会招聘,,,,,,,,,,listing_page,否,low,https://careers.tencent.com/cityinfo.html?city=8,https://careers.tencent.com/cityinfo.html?city=8,是,true,V1.2/V1.3,2026-09-28,2026-09-28,公开招聘中,,2026-09-28,腾讯招聘官网成都城市页逐条列出，工作地标注「成都」，部门 IEG，职类产品，页面显示更新于 2026年09月22日；2026-09-28 复测 200 但招聘关键词命中少,
CD0045|腾讯科技（成都）有限公司|《王者荣耀》资深影视场景概念设计|成都市,CD0045,80,腾讯科技（成都）有限公司,是,A,软件与互联网服务,《王者荣耀》资深影视场景概念设计,成都,成都,四川省,成都市,,成都市,confirmed,其他,社会招聘,,,,,,,,,,listing_page,否,low,https://careers.tencent.com/cityinfo.html?city=8,https://careers.tencent.com/cityinfo.html?city=8,是,true,V1.2/V1.3,2026-09-28,2026-09-28,公开招聘中,,2026-09-28,腾讯招聘官网成都城市页逐条列出，工作地标注「成都」，部门 IEG，职类设计，页面显示更新于 2026年09月23日；2026-09-28 复测 200 但招聘关键词命中少,
CD0045|腾讯科技（成都）有限公司|和平精英-资深动画师|成都市,CD0045,81,腾讯科技（成都）有限公司,是,A,软件与互联网服务,和平精英-资深动画师,成都,成都,四川省,成都市,,成都市,confirmed,其他,社会招聘,,,,,,,,,,listing_page,否,low,https://careers.tencent.com/cityinfo.html?city=8,https://careers.tencent.com/cityinfo.html?city=8,是,true,V1.2/V1.3,2026-09-28,2026-09-28,公开招聘中,,2026-09-28,腾讯招聘官网成都城市页逐条列出，工作地标注「成都」，部门 IEG，职类设计，页面显示更新于 2026年09月24日（非发布日期，故 posting_date 留空）；2026-09-28 复测 200 但招聘关键词命中少,
CD0045|腾讯科技（成都）有限公司|天美游戏-综合项目管理|成都市,CD0045,82,腾讯科技（成都）有限公司,是,A,软件与互联网服务,天美游戏-综合项目管理,成都,成都,四川省,成都市,,成都市,confirmed,产品,社会招聘,,,,,,,,,,listing_page,否,low,https://careers.tencent.com/cityinfo.html?city=8,https://careers.tencent.com/cityinfo.html?city=8,是,true,V1.2/V1.3,2026-09-28,2026-09-28,公开招聘中,,2026-09-28,腾讯招聘官网成都城市页逐条列出，工作地标注「成都」，部门 IEG，职类产品，页面显示更新于 2026年09月23日；2026-09-28 复测 200 但招聘关键词命中少,
CD0045|腾讯科技（成都）有限公司|存储业务后台研发工程师|成都市,CD0045,83,腾讯科技（成都）有限公司,是,A,软件与互联网服务,存储业务后台研发工程师,成都,成都,四川省,成都市,,成都市,confirmed,研发,社会招聘,,,,,,,,,,listing_page,否,low,https://careers.tencent.com/cityinfo.html?city=8,https://careers.tencent.com/cityinfo.html?city=8,是,true,V1.2/V1.3,2026-09-28,2026-09-28,公开招聘中,,2026-09-28,腾讯招聘官网成都城市页逐条列出，工作地标注「成都」，部门 TEG，职类技术，页面显示更新于 2026年09月23日；2026-09-28 复测 200 但招聘关键词命中少,
CD0046:199907640056,CD0046,84,阿里巴巴（中国）有限公司成都分公司,是,A,软件与互联网服务,AI Infra工程师,北京 / 成都 / 广州 / 杭州 / 上海 / 深圳,北京 / 成都 / 广州 / 杭州 / 上海 / 深圳,四川省,成都市,,成都市,confirmed,研发,校园招聘,,,,,,,,,,direct_detail,是,high,https://campus-talent.alibaba.com/campus/position/199907640056?deptCodes=,https://campus-talent.alibaba.com/campus/position-list?campusType=freshman,是,true,V1.2/V1.3,2026-09-28,2026-09-28,公开招聘中,,2026-09-28,阿里巴巴校园招聘官网职位列表页（2027届应届生），该职位工作地点字段明确列出成都，职类技术类，页面显示更新于 2026-08-24,
CD0048:41276,CD0048,85,华为技术有限公司成都研究所,是,A,通信与网络设备,软件验证工程师,成都,成都,四川省,成都市,,成都市,confirmed,测试,社会招聘,,,,,,,,,,direct_detail,是,high,https://career.huawei.com/cn/job-details?advertisementId=41276,https://career.huawei.com/,是,true,V1.2/V1.3,2026-09-28,2026-09-28,公开招聘中,,2026-09-28,career.huawei.com 官方职位详情页，页面标注「研发族 成都 ICT BG 一年以上工作经验」，正文工作地点=成都、入职部门=ICT BG，更新于2026-09-08,
CD0049|成都优博创通信技术股份有限公司|光模块硬件工程师|成都市,CD0049,86,成都优博创通信技术股份有限公司,是,A,通信与网络设备,光模块硬件工程师,成都市双流区,成都市双流区,四川省,成都市,双流区,成都,confirmed,研发,社会招聘,,,,,,,,,,listing_page,否,low,https://www.superxon.cn/jrwm,https://www.superxon.cn/jrwm,是,true,V1.2/V1.3,2026-09-28,2026-09-28,公开招聘中,,2026-09-28,,
CD0049|成都优博创通信技术股份有限公司|国际营销总监|成都市,CD0049,87,成都优博创通信技术股份有限公司,是,A,通信与网络设备,国际营销总监,成都市双流区,成都市双流区,四川省,成都市,双流区,成都,confirmed,销售,社会招聘,,,,,,,,,,listing_page,否,low,https://www.superxon.cn/jrwm,https://www.superxon.cn/jrwm,是,true,V1.2/V1.3,2026-09-28,2026-09-28,公开招聘中,,2026-09-28,,
CD0049|成都优博创通信技术股份有限公司|数通光模块硬件总监|成都市,CD0049,88,成都优博创通信技术股份有限公司,是,A,通信与网络设备,数通光模块硬件总监,成都市双流区,成都市双流区,四川省,成都市,双流区,成都,confirmed,研发,社会招聘,,,,,,,,,,listing_page,否,low,https://www.superxon.cn/jrwm,https://www.superxon.cn/jrwm,是,true,V1.2/V1.3,2026-09-28,2026-09-28,公开招聘中,,2026-09-28,,
CD0050:10022,CD0050,89,成都华日通讯技术股份有限公司,是,A,通信与网络设备,硬件工程师,成都,成都,四川省,成都市,,成都,confirmed,研发,社会招聘,2023-12-04,,,,,,,,,direct_detail,是,medium,http://www.cdhuari.com/job-detail.html?id=10022,http://www.cdhuari.com/job-detail.html?id=10022,是,true,V1.2/V1.3,2026-09-28,2026-09-28,公开招聘中,,2026-09-28,,
CD0052:J10579,CD0052,90,成都新易盛通信科技股份有限公司,是,A,通信与网络设备,光芯片设计工程师(J10579),四川省·成都市·双流区,四川省·成都市·双流区,四川省,成都市,双流区,成都市,confirmed,研发,校园招聘,2026-08-26,,,,,,,,,listing_page,否,low,https://eoptolink.zhiye.com/campus/jobs,https://eoptolink.zhiye.com/campus/jobs,是,true,V1.2/V1.3,2026-09-28,2026-09-28,公开招聘中,,2026-09-28,官方 ATS 校招列表页逐条列出，工作地点字段写「四川省·成都市·双流区」，页面标注 2026-08-26 发布,
CD0052:J10580,CD0052,91,成都新易盛通信科技股份有限公司,是,A,通信与网络设备,MEMS芯片设计工程师(J10580),四川省·成都市·双流区,四川省·成都市·双流区,四川省,成都市,双流区,成都市,confirmed,研发,校园招聘,2026-08-26,,,,,,,,,listing_page,否,low,https://eoptolink.zhiye.com/campus/jobs,https://eoptolink.zhiye.com/campus/jobs,是,true,V1.2/V1.3,2026-09-28,2026-09-28,公开招聘中,,2026-09-28,官方 ATS 校招列表页逐条列出，工作地点字段写「四川省·成都市·双流区」，页面标注 2026-08-26 发布,
CD0052:J10581,CD0052,92,成都新易盛通信科技股份有限公司,是,A,通信与网络设备,硅光工艺整合工程师(J10581),四川省·成都市·双流区,四川省·成都市·双流区,四川省,成都市,双流区,成都市,confirmed,生产制造,校园招聘,2026-08-26,,,,,,,,,listing_page,否,low,https://eoptolink.zhiye.com/campus/jobs,https://eoptolink.zhiye.com/campus/jobs,是,true,V1.2/V1.3,2026-09-28,2026-09-28,公开招聘中,,2026-09-28,官方 ATS 校招列表页逐条列出，工作地点字段写「四川省·成都市·双流区」，页面标注 2026-08-26 发布,
CD0052:J10582,CD0052,93,成都新易盛通信科技股份有限公司,是,A,通信与网络设备,结构工程师(J10582),四川省·成都市·双流区,四川省·成都市·双流区,四川省,成都市,双流区,成都市,confirmed,研发,校园招聘,2026-08-26,,,,,,,,,listing_page,否,low,https://eoptolink.zhiye.com/campus/jobs,https://eoptolink.zhiye.com/campus/jobs,是,true,V1.2/V1.3,2026-09-28,2026-09-28,公开招聘中,,2026-09-28,官方 ATS 校招列表页逐条列出，工作地点字段写「四川省·成都市·双流区」，页面标注 2026-08-26 发布,
CD0052:J10583,CD0052,94,成都新易盛通信科技股份有限公司,是,A,通信与网络设备,硅光芯片测试工程师(J10583),四川省·成都市·双流区,四川省·成都市·双流区,四川省,成都市,双流区,成都市,confirmed,测试,校园招聘,2026-08-26,,,,,,,,,listing_page,否,low,https://eoptolink.zhiye.com/campus/jobs,https://eoptolink.zhiye.com/campus/jobs,是,true,V1.2/V1.3,2026-09-28,2026-09-28,公开招聘中,,2026-09-28,官方 ATS 校招列表页逐条列出，工作地点字段写「四川省·成都市·双流区」，页面标注 2026-08-26 发布,
CD0052:J10585,CD0052,95,成都新易盛通信科技股份有限公司,是,A,通信与网络设备,光封装设计工程师(J10585),四川省·成都市·双流区,四川省·成都市·双流区,四川省,成都市,双流区,成都市,confirmed,研发,校园招聘,2026-08-26,,,,,,,,,listing_page,否,low,https://eoptolink.zhiye.com/campus/jobs,https://eoptolink.zhiye.com/campus/jobs,是,true,V1.2/V1.3,2026-09-28,2026-09-28,公开招聘中,,2026-09-28,官方 ATS 校招列表页逐条列出，工作地点字段写「四川省·成都市·双流区」，页面标注 2026-08-26 发布,
CD0052:J10586,CD0052,96,成都新易盛通信科技股份有限公司,是,A,通信与网络设备,光学设计工程师(J10586),四川省·成都市·双流区,四川省·成都市·双流区,四川省,成都市,双流区,成都市,confirmed,研发,校园招聘,2026-08-26,,,,,,,,,listing_page,否,low,https://eoptolink.zhiye.com/campus/jobs,https://eoptolink.zhiye.com/campus/jobs,是,true,V1.2/V1.3,2026-09-28,2026-09-28,公开招聘中,,2026-09-28,官方 ATS 校招列表页逐条列出，工作地点字段写「四川省·成都市·双流区」，页面标注 2026-08-26 发布,
CD0052:J10587,CD0052,97,成都新易盛通信科技股份有限公司,是,A,通信与网络设备,嵌入式软件开发工程师(J10587),四川省·成都市·双流区,四川省·成都市·双流区,四川省,成都市,双流区,成都市,confirmed,研发,校园招聘,2026-08-26,,,,,,,,,listing_page,否,low,https://eoptolink.zhiye.com/campus/jobs,https://eoptolink.zhiye.com/campus/jobs,是,true,V1.2/V1.3,2026-09-28,2026-09-28,公开招聘中,,2026-09-28,官方 ATS 校招列表页逐条列出，工作地点字段写「四川省·成都市·双流区」，页面标注 2026-08-26 发布,
CD0084:GY-S-007,CD0084,98,成都中科信息股份有限公司,是,A,人工智能与大数据,人力专员(GY-S-007),四川·成都市,四川·成都市,四川省,成都市,,成都市,confirmed,职能支持,校园招聘,,,,,,,,,,listing_page,否,low,https://app.mokahr.com/campus_apply/casit/36780,https://app.mokahr.com/campus_apply/casit/36780,是,true,V1.2/V1.3,2026-09-28,2026-09-28,公开招聘中,,2026-09-28,Moka 校招站列表页标注工作地「四川·成都市」；职能支持类岗位；动态渲染页（重定向/SPA），浏览器访问正常,
CD0084:GY-T-011,CD0084,99,成都中科信息股份有限公司,是,A,人工智能与大数据,实施工程师(GY-T-011),四川·成都市,四川·成都市,四川省,成都市,,成都市,confirmed,其他,校园招聘,,,,,,,,,,listing_page,否,low,https://app.mokahr.com/campus_apply/casit/36780,https://app.mokahr.com/campus_apply/casit/36780,是,true,V1.2/V1.3,2026-09-28,2026-09-28,公开招聘中,,2026-09-28,Moka 校招站列表页标注工作地「四川·成都市」；项目实施/交付方向，按可选分类归入其他；动态渲染页（重定向/SPA），浏览器访问正常,
CD0084:GY-T-018,CD0084,100,成都中科信息股份有限公司,是,A,人工智能与大数据,UI工程师(GY-T-018),四川·成都市,四川·成都市,四川省,成都市,,成都市,confirmed,研发,校园招聘,,,,,,,,,,listing_page,否,low,https://app.mokahr.com/campus_apply/casit/36780,https://app.mokahr.com/campus_apply/casit/36780,是,true,V1.2/V1.3,2026-09-28,2026-09-28,公开招聘中,,2026-09-28,Moka 校招站列表页标注工作地「四川·成都市」；前端/界面开发方向归入研发；动态渲染页（重定向/SPA），浏览器访问正常,
CD0084:ZX-T-010,CD0084,101,成都中科信息股份有限公司,是,A,人工智能与大数据,硬件研发工程师(ZX-T-010),四川·成都市,四川·成都市,四川省,成都市,,成都市,confirmed,研发,校园招聘,,,,,,,,,,listing_page,否,low,https://app.mokahr.com/campus_apply/casit/36780,https://app.mokahr.com/campus_apply/casit/36780,是,true,V1.2/V1.3,2026-09-28,2026-09-28,公开招聘中,,2026-09-28,Moka 校招站列表页标注工作地「四川·成都市」；硬件研发方向；动态渲染页（重定向/SPA），浏览器访问正常,
CD0084:ZX-T-013,CD0084,102,成都中科信息股份有限公司,是,A,人工智能与大数据,C++开发工程师(ZX-T-013),四川·成都市,四川·成都市,四川省,成都市,,成都市,confirmed,研发,校园招聘,,,,,,,,,,listing_page,否,low,https://app.mokahr.com/campus_apply/casit/36780,https://app.mokahr.com/campus_apply/casit/36780,是,true,V1.2/V1.3,2026-09-28,2026-09-28,公开招聘中,,2026-09-28,Moka 校招站列表页标注工作地「四川·成都市」；软件开发方向，官方来源为企业专属 Moka 门户；动态渲染页（重定向/SPA），浏览器访问正常,
CD0084:ZX-T-027,CD0084,103,成都中科信息股份有限公司,是,A,人工智能与大数据,售前工程师(ZX-T-027),四川·成都市,四川·成都市,四川省,成都市,,成都市,confirmed,销售,校园招聘,,,,,,,,,,listing_page,否,low,https://app.mokahr.com/campus_apply/casit/36780,https://app.mokahr.com/campus_apply/casit/36780,是,true,V1.2/V1.3,2026-09-28,2026-09-28,公开招聘中,,2026-09-28,Moka 校招站列表页标注工作地「四川·成都市」；售前技术支持归入销售；动态渲染页（重定向/SPA），浏览器访问正常,
CD0084:ZX-T-11-005,CD0084,104,成都中科信息股份有限公司,是,A,人工智能与大数据,产品经理(ZX-T-11-005),四川·成都市,四川·成都市,四川省,成都市,,成都市,confirmed,产品,校园招聘,,,,,,,,,,listing_page,否,low,https://app.mokahr.com/campus_apply/casit/36780,https://app.mokahr.com/campus_apply/casit/36780,是,true,V1.2/V1.3,2026-09-28,2026-09-28,公开招聘中,,2026-09-28,来自企业专属 Moka 校招站（app.mokahr.com/campus_apply/casit/36780）的校招职位列表，职位名后明确标注工作地「四川·成都市」；页面为 JS 渲染，职位信息取自该 URL 的检索快照，故 URL 记为列表页而非详情页；动态渲染页（重定向/SPA），浏览器访问正常,
CD0118|成都阿加犀智能科技有限公司|Android开发工程师|成都市,CD0118,105,成都阿加犀智能科技有限公司,是,A,人工智能与大数据,Android开发工程师,成都,成都,四川省,成都市,,成都市,inferred,研发,未知,,,,,,,,,,listing_page,否,low,https://www.aidlux.com/about/join,https://www.aidlux.com/about/join,是,true,V1.2/V1.3,2026-09-28,2026-09-28,公开招聘中,,2026-09-28,官网『加入我们』页面在招岗位之一；成都工作地按公司主体所在地推定,
CD0118|成都阿加犀智能科技有限公司|ROS/SLAM开发工程师|成都市,CD0118,106,成都阿加犀智能科技有限公司,是,A,人工智能与大数据,ROS/SLAM开发工程师,成都,成都,四川省,成都市,,成都市,inferred,研发,未知,,,,,,,,,,listing_page,否,low,https://www.aidlux.com/about/join,https://www.aidlux.com/about/join,是,true,V1.2/V1.3,2026-09-28,2026-09-28,公开招聘中,,2026-09-28,官网『加入我们』页面在招岗位之一，岗位职责含基于ROS/ROS2的机器人建模与多传感器融合SLAM算法研发；成都工作地按公司主体所在地推定,
CD0118|成都阿加犀智能科技有限公司|c++工程师|成都市,CD0118,107,成都阿加犀智能科技有限公司,是,A,人工智能与大数据,c++工程师,成都,成都,四川省,成都市,,成都市,inferred,研发,未知,,,,,,,,,,listing_page,否,low,https://www.aidlux.com/about/join,https://www.aidlux.com/about/join,是,true,V1.2/V1.3,2026-09-28,2026-09-28,公开招聘中,,2026-09-28,官网『加入我们』页面在招岗位之一（职位名保留原文大小写 c++工程师）；成都工作地按公司主体所在地推定,
CD0118|成都阿加犀智能科技有限公司|产品经理（平台方向）|成都市,CD0118,108,成都阿加犀智能科技有限公司,是,A,人工智能与大数据,产品经理（平台方向）,成都,成都,四川省,成都市,,成都市,inferred,产品,未知,,,,,,,,,,listing_page,否,low,https://www.aidlux.com/about/join,https://www.aidlux.com/about/join,是,true,V1.2/V1.3,2026-09-28,2026-09-28,公开招聘中,,2026-09-28,官网『加入我们』页面在招岗位之一，面向 AidLux（基于ARM架构的AIoT应用开发与部署平台）；成都工作地按公司主体所在地推定,
CD0118|成都阿加犀智能科技有限公司|嵌入式开发工程师|成都市,CD0118,109,成都阿加犀智能科技有限公司,是,A,人工智能与大数据,嵌入式开发工程师,成都,成都,四川省,成都市,,成都市,inferred,研发,未知,,,,,,,,,,listing_page,否,low,https://www.aidlux.com/about/join,https://www.aidlux.com/about/join,是,true,V1.2/V1.3,2026-09-28,2026-09-28,公开招聘中,,2026-09-28,官网『加入我们』页面在招岗位之一；成都工作地按公司主体所在地推定,
CD0118|成都阿加犀智能科技有限公司|深度学习算法工程师|成都市,CD0118,110,成都阿加犀智能科技有限公司,是,A,人工智能与大数据,深度学习算法工程师,成都,成都,四川省,成都市,,成都市,inferred,算法,未知,,,,,,,,,,listing_page,否,low,https://www.aidlux.com/about/join,https://www.aidlux.com/about/join,是,true,V1.2/V1.3,2026-09-28,2026-09-28,公开招聘中,,2026-09-28,官网『加入我们』页面在招岗位之一；成都工作地按公司主体所在地推定,
CD0118|成都阿加犀智能科技有限公司|现场实施工程师|成都市,CD0118,111,成都阿加犀智能科技有限公司,是,A,人工智能与大数据,现场实施工程师,成都,成都,四川省,成都市,,成都市,inferred,其他,未知,,,,,,,,,,listing_page,否,low,https://www.aidlux.com/about/join,https://www.aidlux.com/about/join,是,true,V1.2/V1.3,2026-09-28,2026-09-28,公开招聘中,,2026-09-28,官网『加入我们』页面在招岗位之一；页面未逐条标注城市，成都工作地按公司主体所在地（成都阿加犀智能科技有限公司）推定,
CD0119|成都超有爱科技有限公司|AE 动画师|成都市,CD0119,112,成都超有爱科技有限公司,是,A,软件与互联网服务,AE 动画师,成都,成都,四川省,成都市,,成都市,confirmed,其他,校园招聘,,,,,,,,,,listing_page,否,low,https://www.baicizhan.com/mobile/campus.html,https://www.baicizhan.com/mobile/campus.html,是,true,V1.2/V1.3,2026-09-28,2026-09-28,公开招聘中,,2026-09-28,官网校招页『今年校招职位』原文职位名，公司所在地成都,
CD0119|成都超有爱科技有限公司|Android 客户端开发工程师|成都市,CD0119,113,成都超有爱科技有限公司,是,A,软件与互联网服务,Android 客户端开发工程师,成都,成都,四川省,成都市,,成都市,confirmed,研发,校园招聘,,,,,,,,,,listing_page,否,low,https://www.baicizhan.com/mobile/campus.html,https://www.baicizhan.com/mobile/campus.html,是,true,V1.2/V1.3,2026-09-28,2026-09-28,公开招聘中,,2026-09-28,官网校招页『今年校招职位』原文职位名，公司所在地成都,
CD0119|成都超有爱科技有限公司|Server 服务器端开发工程师|成都市,CD0119,114,成都超有爱科技有限公司,是,A,软件与互联网服务,Server 服务器端开发工程师,成都,成都,四川省,成都市,,成都市,confirmed,研发,校园招聘,,,,,,,,,,listing_page,否,low,https://www.baicizhan.com/mobile/campus.html,https://www.baicizhan.com/mobile/campus.html,是,true,V1.2/V1.3,2026-09-28,2026-09-28,公开招聘中,,2026-09-28,官网校招页『今年校招职位』原文职位名，公司所在地成都,
CD0119|成都超有爱科技有限公司|UI 设计师|成都市,CD0119,115,成都超有爱科技有限公司,是,A,软件与互联网服务,UI 设计师,成都,成都,四川省,成都市,,成都市,confirmed,其他,校园招聘,,,,,,,,,,listing_page,否,low,https://www.baicizhan.com/mobile/campus.html,https://www.baicizhan.com/mobile/campus.html,是,true,V1.2/V1.3,2026-09-28,2026-09-28,公开招聘中,,2026-09-28,官网校招页『今年校招职位』原文职位名，公司所在地成都；同页另有『平面设计师』未超出每家8条上限故未收录,
CD0119|成都超有爱科技有限公司|Web 前端开发工程师|成都市,CD0119,116,成都超有爱科技有限公司,是,A,软件与互联网服务,Web 前端开发工程师,成都,成都,四川省,成都市,,成都市,confirmed,研发,校园招聘,,,,,,,,,,listing_page,否,low,https://www.baicizhan.com/mobile/campus.html,https://www.baicizhan.com/mobile/campus.html,是,true,V1.2/V1.3,2026-09-28,2026-09-28,公开招聘中,,2026-09-28,官网校招页『今年校招职位』原文职位名，公司所在地成都,
CD0119|成都超有爱科技有限公司|iOS 客户端开发工程师|成都市,CD0119,117,成都超有爱科技有限公司,是,A,软件与互联网服务,iOS 客户端开发工程师,成都,成都,四川省,成都市,,成都市,confirmed,研发,校园招聘,,,,,,,,,,listing_page,否,low,https://www.baicizhan.com/mobile/campus.html,https://www.baicizhan.com/mobile/campus.html,是,true,V1.2/V1.3,2026-09-28,2026-09-28,公开招聘中,,2026-09-28,官网校招页『今年校招职位』第1条，同页写明『公司所在地: 成都』，简历投递邮箱 xzhr@baicizhan.com,
CD0119|成都超有爱科技有限公司|测试工程师|成都市,CD0119,118,成都超有爱科技有限公司,是,A,软件与互联网服务,测试工程师,成都,成都,四川省,成都市,,成都市,confirmed,测试,校园招聘,,,,,,,,,,listing_page,否,low,https://www.baicizhan.com/mobile/campus.html,https://www.baicizhan.com/mobile/campus.html,是,true,V1.2/V1.3,2026-09-28,2026-09-28,公开招聘中,,2026-09-28,官网校招页『今年校招职位』原文职位名，公司所在地成都,
CD0119|成都超有爱科技有限公司|营销管培生|成都市,CD0119,119,成都超有爱科技有限公司,是,A,软件与互联网服务,营销管培生,成都,成都,四川省,成都市,,成都市,confirmed,市场,校园招聘,,,,,,,,,,listing_page,否,low,https://www.baicizhan.com/mobile/campus.html,https://www.baicizhan.com/mobile/campus.html,是,true,V1.2/V1.3,2026-09-28,2026-09-28,公开招聘中,,2026-09-28,官网校招页『今年校招职位』原文职位名，公司所在地成都,
CD0121|四川锦云数智信息技术有限公司|AI研发工程师|成都市,CD0121,120,四川锦云数智信息技术有限公司,是,A,软件与互联网服务,AI研发工程师,成都,成都,四川省,成都市,,成都市,confirmed,研发,社会招聘,,,,,,,,,,listing_page,否,low,http://jinyunsz.com/channels/195.html,http://jinyunsz.com/channels/195.html,是,true,V1.2/V1.3,2026-09-28,2026-09-28,公开招聘中,,2026-09-28,官网『加入我们』招聘表格：招聘职位 AI研发工程师 / 工作地点 成都 / 招聘人数 2人，投递邮箱 hr@jinyunsz.com；岗位含大模型 Agent 应用开发与模型部署调优,
CD0121|四川锦云数智信息技术有限公司|大客户销售|成都市,CD0121,121,四川锦云数智信息技术有限公司,是,A,软件与互联网服务,大客户销售,成都,成都,四川省,成都市,,成都市,confirmed,销售,社会招聘,,,,,,,,,,listing_page,否,low,http://jinyunsz.com/channels/195.html,http://jinyunsz.com/channels/195.html,是,true,V1.2/V1.3,2026-09-28,2026-09-28,公开招聘中,,2026-09-28,官网『加入我们』招聘表格：招聘职位 大客户销售 / 工作地点 成都 / 招聘人数 4人,
CD0121|四川锦云数智信息技术有限公司|销售代表|成都市,CD0121,122,四川锦云数智信息技术有限公司,是,A,软件与互联网服务,销售代表,成都,成都,四川省,成都市,,成都市,confirmed,销售,社会招聘,,,,,,,,,,listing_page,否,low,http://jinyunsz.com/channels/195.html,http://jinyunsz.com/channels/195.html,是,true,V1.2/V1.3,2026-09-28,2026-09-28,公开招聘中,,2026-09-28,官网『加入我们』招聘表格（第二组）：招聘职位 销售代表 / 工作地点 成都 / 招聘人数 4人,
CD0123:037cb6e5-be9b-485c-8a50-86a3ed91fc71,CD0123,123,中移（成都）信息通信科技有限公司,是,A,软件与互联网服务,空域运行工程师-金种子,四川省-成都市,四川省-成都市,四川省,成都市,,成都市,confirmed,其他,校园招聘,2026-09-10,,,,,,,,,direct_detail,是,high,https://job.10086.cn/personal/job/detail.html?id=037cb6e5-be9b-485c-8a50-86a3ed91fc71&typess=1,https://job.10086.cn/personal/campus/campus_job_list.html?cId=91,是,true,V1.2/V1.3,2026-09-28,2026-09-28,公开招聘中,,2026-09-28,中国移动集团统一招聘平台『成都产业研究院-中移（成都）产业研究院』职位列表第1条，工作地点四川省-成都市，技术类，博士研究生，全职，发布时间2026-09-10,
CD0123:5be62a64-ca90-4f7d-9539-9222d83069bf,CD0123,124,中移（成都）信息通信科技有限公司,是,A,软件与互联网服务,信息安全工程师-金种子,四川省-成都市,四川省-成都市,四川省,成都市,,成都市,confirmed,其他,校园招聘,2026-09-10,,,,,,,,,direct_detail,是,high,https://job.10086.cn/personal/job/detail.html?id=5be62a64-ca90-4f7d-9539-9222d83069bf&typess=1,https://job.10086.cn/personal/campus/campus_job_list.html?cId=91,是,true,V1.2/V1.3,2026-09-28,2026-09-28,公开招聘中,,2026-09-28,集团招聘平台成都产业研究院职位列表第2条，工作地点四川省-成都市，技术类，博士研究生，全职，发布时间2026-09-10,
CD0123:8826a095-fc70-4fbc-b42b-35db0349a024,CD0123,125,中移（成都）信息通信科技有限公司,是,A,软件与互联网服务,信息安全工程师,四川省-成都市,四川省-成都市,四川省,成都市,,成都市,confirmed,其他,校园招聘,2026-09-03,,,,,,,,,direct_detail,是,high,https://job.10086.cn/personal/job/detail.html?id=8826a095-fc70-4fbc-b42b-35db0349a024&typess=1,https://job.10086.cn/personal/campus/campus_job_list.html?cId=91,是,true,V1.2/V1.3,2026-09-28,2026-09-28,公开招聘中,,2026-09-28,集团招聘平台成都产业研究院职位列表第5条，工作地点四川省-成都市，技术类，硕士研究生，全职，发布时间2026-09-03,
CD0123:a5e099d4-cb7d-4512-a076-ddeddb2ab503,CD0123,126,中移（成都）信息通信科技有限公司,是,A,软件与互联网服务,Agent开发工程师,四川省-成都市,四川省-成都市,四川省,成都市,,成都市,confirmed,研发,校园招聘,2026-09-03,,,,,,,,,direct_detail,是,high,https://job.10086.cn/personal/job/detail.html?id=a5e099d4-cb7d-4512-a076-ddeddb2ab503&typess=1,https://job.10086.cn/personal/campus/campus_job_list.html?cId=91,是,true,V1.2/V1.3,2026-09-28,2026-09-28,公开招聘中,,2026-09-28,集团招聘平台成都产业研究院职位列表第6条，工作地点四川省-成都市，技术类，硕士研究生，全职，发布时间2026-09-03,
CD0123:d3dd3d32-25fb-4c16-a10c-49de2062ef77,CD0123,127,中移（成都）信息通信科技有限公司,是,A,软件与互联网服务,空域运行工程师,四川省-成都市,四川省-成都市,四川省,成都市,,成都市,confirmed,其他,校园招聘,2026-09-03,,,,,,,,,direct_detail,是,high,https://job.10086.cn/personal/job/detail.html?id=d3dd3d32-25fb-4c16-a10c-49de2062ef77&typess=1,https://job.10086.cn/personal/campus/campus_job_list.html?cId=91,是,true,V1.2/V1.3,2026-09-28,2026-09-28,公开招聘中,,2026-09-28,集团招聘平台成都产业研究院职位列表第7条，工作地点四川省-成都市，技术类，硕士研究生，全职，发布时间2026-09-03,
CD0123:deaf515a-77a2-478b-a5c0-558e3083d0e3,CD0123,128,中移（成都）信息通信科技有限公司,是,A,软件与互联网服务,AI全栈工程师,四川省-成都市,四川省-成都市,四川省,成都市,,成都市,confirmed,研发,校园招聘,2026-09-03,,,,,,,,,direct_detail,是,high,https://job.10086.cn/personal/job/detail.html?id=deaf515a-77a2-478b-a5c0-558e3083d0e3&typess=1,https://job.10086.cn/personal/campus/campus_job_list.html?cId=91,是,true,V1.2/V1.3,2026-09-28,2026-09-28,公开招聘中,,2026-09-28,集团招聘平台成都产业研究院职位列表第8条（共8条），工作地点四川省-成都市，技术类，硕士研究生，全职，发布时间2026-09-03,
CD0123:f65ddb12-751b-4015-ae9b-98379814e9fe,CD0123,129,中移（成都）信息通信科技有限公司,是,A,软件与互联网服务,AI全栈工程师-金种子,四川省-成都市,四川省-成都市,四川省,成都市,,成都市,confirmed,研发,校园招聘,2026-09-10,,,,,,,,,direct_detail,是,high,https://job.10086.cn/personal/job/detail.html?id=f65ddb12-751b-4015-ae9b-98379814e9fe&typess=1,https://job.10086.cn/personal/campus/campus_job_list.html?cId=91,是,true,V1.2/V1.3,2026-09-28,2026-09-28,公开招聘中,,2026-09-28,集团招聘平台成都产业研究院职位列表第3条，工作地点四川省-成都市，技术类，博士研究生，全职，发布时间2026-09-10,
CD0123:fb70c4dc-a914-43cb-9982-0e56c6ee8a80,CD0123,130,中移（成都）信息通信科技有限公司,是,A,软件与互联网服务,Agent开发工程师-金种子,四川省-成都市,四川省-成都市,四川省,成都市,,成都市,confirmed,研发,校园招聘,2026-09-10,,,,,,,,,direct_detail,是,high,https://job.10086.cn/personal/job/detail.html?id=fb70c4dc-a914-43cb-9982-0e56c6ee8a80&typess=1,https://job.10086.cn/personal/campus/campus_job_list.html?cId=91,是,true,V1.2/V1.3,2026-09-28,2026-09-28,公开招聘中,,2026-09-28,集团招聘平台成都产业研究院职位列表第4条，工作地点四川省-成都市，技术类，博士研究生，全职，发布时间2026-09-10,
CD0124:230849359,CD0124,131,时时同云科技（成都）有限责任公司,是,A,软件与互联网服务,中/高级JAVA开发工程师-履约(J10643),四川省-成都市,四川省-成都市,四川省,成都市,,成都市,confirmed,研发,社会招聘,,,,,,,,,,direct_detail,是,high,https://keruyun.zhiye.com/zpdetail/230849359,https://keruyun.zhiye.com/social?r=&p=&c=5101&d=&k=,是,true,V1.2/V1.3,2026-09-28,2026-09-28,公开招聘中,,2026-09-28,已实际打开详情页 https://keruyun.zhiye.com/zpdetail/230849359 ，页面「工作地点：四川省-成都市」明确标注；来源为官方招聘系统社招列表按工作地点=成都筛选页,
CD0124:230850008,CD0124,132,时时同云科技（成都）有限责任公司,是,A,软件与互联网服务,中/高级JAVA开发工程师-支付(J10645),四川省-成都市,四川省-成都市,四川省,成都市,,成都市,confirmed,研发,社会招聘,,,,,,,,,,direct_detail,是,high,https://keruyun.zhiye.com/zpdetail/230850008,https://keruyun.zhiye.com/social?r=&p=&c=5101&d=&k=,是,true,V1.2/V1.3,2026-09-28,2026-09-28,公开招聘中,,2026-09-28,已实际打开详情页 https://keruyun.zhiye.com/zpdetail/230850008 ，页面「工作地点：四川省-成都市」明确标注；来源为官方招聘系统社招列表按工作地点=成都筛选页,
CD0124:230853981,CD0124,133,时时同云科技（成都）有限责任公司,是,A,软件与互联网服务,B端产品专家-供应链方向（成都）(J10650),四川省-成都市,四川省-成都市,四川省,成都市,,成都市,confirmed,产品,社会招聘,,,,,,,,,,direct_detail,是,high,https://keruyun.zhiye.com/zpdetail/230853981,https://keruyun.zhiye.com/social?r=&p=&c=5101&d=&k=,是,true,V1.2/V1.3,2026-09-28,2026-09-28,公开招聘中,,2026-09-28,已实际打开详情页 https://keruyun.zhiye.com/zpdetail/230853981 ，页面「工作地点：四川省-成都市」明确标注；来源为官方招聘系统社招列表按工作地点=成都筛选页,
CD0124:230861573,CD0124,134,时时同云科技（成都）有限责任公司,是,A,软件与互联网服务,技术支持专家（知识运营方向）(J10658),四川省-成都市,四川省-成都市,四川省,成都市,,成都市,confirmed,运营,社会招聘,,,,,,,,,,direct_detail,是,high,https://keruyun.zhiye.com/zpdetail/230861573,https://keruyun.zhiye.com/social?r=&p=&c=5101&d=&k=,是,true,V1.2/V1.3,2026-09-28,2026-09-28,公开招聘中,,2026-09-28,已实际打开详情页 https://keruyun.zhiye.com/zpdetail/230861573 ，页面「工作地点：四川省-成都市」明确标注；来源为官方招聘系统社招列表按工作地点=成都筛选页,
CD0124:230861636,CD0124,135,时时同云科技（成都）有限责任公司,是,A,软件与互联网服务,智能体运营经理(J10659),四川省-成都市,四川省-成都市,四川省,成都市,,成都市,confirmed,运营,社会招聘,,,,,,,,,,direct_detail,是,high,https://keruyun.zhiye.com/zpdetail/230861636,https://keruyun.zhiye.com/social?r=&p=&c=5101&d=&k=,是,true,V1.2/V1.3,2026-09-28,2026-09-28,公开招聘中,,2026-09-28,已实际打开详情页 https://keruyun.zhiye.com/zpdetail/230861636 ，页面「工作地点：四川省-成都市」明确标注；来源为官方招聘系统社招列表按工作地点=成都筛选页,
CD0124:230902886,CD0124,136,时时同云科技（成都）有限责任公司,是,A,软件与互联网服务,客服督导(J10692),四川省-成都市,四川省-成都市,四川省,成都市,,成都市,confirmed,职能支持,社会招聘,,,,,,,,,,direct_detail,是,high,https://keruyun.zhiye.com/zpdetail/230902886,https://keruyun.zhiye.com/social?r=&p=&c=5101&d=&k=,是,true,V1.2/V1.3,2026-09-28,2026-09-28,公开招聘中,,2026-09-28,已实际打开详情页 https://keruyun.zhiye.com/zpdetail/230902886 ，页面「工作地点：四川省-成都市」明确标注；来源为官方招聘系统社招列表按工作地点=成都筛选页,
CD0124:230903747,CD0124,137,时时同云科技（成都）有限责任公司,是,A,软件与互联网服务,SVIP主管(J10693),四川省-成都市,四川省-成都市,四川省,成都市,,成都市,confirmed,运营,社会招聘,,,,,,,,,,direct_detail,是,high,https://keruyun.zhiye.com/zpdetail/230903747,https://keruyun.zhiye.com/social?r=&p=&c=5101&d=&k=,是,true,V1.2/V1.3,2026-09-28,2026-09-28,公开招聘中,,2026-09-28,已实际打开详情页 https://keruyun.zhiye.com/zpdetail/230903747 ，页面「工作地点：四川省-成都市」明确标注；来源为官方招聘系统社招列表按工作地点=成都筛选页,
CD0124:230905222,CD0124,138,时时同云科技（成都）有限责任公司,是,A,软件与互联网服务,技术服务工程师（商业化服务组）(J10694),四川省-成都市,四川省-成都市,四川省,成都市,,成都市,confirmed,其他,社会招聘,,,,,,,,,,direct_detail,是,high,https://keruyun.zhiye.com/zpdetail/230905222,https://keruyun.zhiye.com/social?r=&p=&c=5101&d=&k=,是,true,V1.2/V1.3,2026-09-28,2026-09-28,公开招聘中,,2026-09-28,已实际打开详情页 https://keruyun.zhiye.com/zpdetail/230905222 ，页面「工作地点：四川省-成都市」明确标注；来源为官方招聘系统社招列表按工作地点=成都筛选页,
CD0124:230917638,CD0124,139,时时同云科技（成都）有限责任公司,是,A,软件与互联网服务,供应链售后顾问(J10706),四川省-成都市,四川省-成都市,四川省,成都市,,成都市,confirmed,供应链,社会招聘,,,,,,,,,,direct_detail,是,high,https://keruyun.zhiye.com/zpdetail/230917638,https://keruyun.zhiye.com/social/jobs,是,true,V1.2/V1.3,2026-09-28,2026-09-28,公开招聘中,,2026-09-28,客如云招聘系统社招列表页该职位标注工作地点为四川省-成都市,
CD0124:230918158,CD0124,140,时时同云科技（成都）有限责任公司,是,A,软件与互联网服务,客户服务顾问(J10707),四川省-成都市,四川省-成都市,四川省,成都市,,成都市,confirmed,职能支持,社会招聘,,,,,,,,,,direct_detail,是,high,https://keruyun.zhiye.com/zpdetail/230918158,https://keruyun.zhiye.com/social/jobs,是,true,V1.2/V1.3,2026-09-28,2026-09-28,公开招聘中,,2026-09-28,客如云招聘系统社招列表页该职位标注工作地点为四川省-成都市，详情页链接为列表页给出,
CD0124:J10585,CD0124,141,时时同云科技（成都）有限责任公司,是,A,软件与互联网服务,Java开发工程师-数据平台方向(J10585),四川省-成都市,四川省-成都市,四川省,成都市,,成都市,confirmed,研发,社会招聘,,,,,,,,,,direct_detail,是,high,https://keruyun.zhiye.com/zpdetail/230805722,https://keruyun.zhiye.com/home,是,true,V1.2/V1.3,2026-09-28,2026-09-28,公开招聘中,,2026-09-28,"企业专属 ATS keruyun.zhiye.com 职位详情页『工作地点：四川省,四川省-成都市』，岗位为客如云餐饮SaaS收银与大数据中台相关系统建设",
CD0124:J10590,CD0124,142,时时同云科技（成都）有限责任公司,是,A,软件与互联网服务,中级测开工程师(J10590),四川省-成都市,四川省-成都市,四川省,成都市,,成都市,confirmed,测试,社会招聘,,,,,,,,,,direct_detail,是,high,https://keruyun.zhiye.com/zpdetail/230805650,https://keruyun.zhiye.com/home,是,true,V1.2/V1.3,2026-09-28,2026-09-28,公开招聘中,,2026-09-28,企业专属 ATS keruyun.zhiye.com 职位详情页『工作地点：四川省-成都市』，负责客如云技术部业务端到端测试,
CD0126|成都链安科技有限公司|AI Agent开发工程师|成都市,CD0126,143,成都链安科技有限公司,是,A,软件与互联网服务,AI Agent开发工程师,四川成都,四川成都,四川省,成都市,,成都市,confirmed,研发,未知,,,,,,,,,,company_careers_home,否,low,https://www.lianantech.com,https://www.lianantech.com,是,true,V1.2/V1.3,2026-09-28,2026-09-28,公开招聘中,,2026-09-28,官网首页『招聘岗位』板块逐条标注：AI Agent开发工程师 / 研发类 / 四川成都；2026-09-28 复测 200 但招聘关键词命中少,
CD0126|成都链安科技有限公司|安全研究工程师|成都市,CD0126,144,成都链安科技有限公司,是,A,软件与互联网服务,安全研究工程师,四川成都,四川成都,四川省,成都市,,成都市,confirmed,研发,未知,,,,,,,,,,company_careers_home,否,low,https://www.lianantech.com,https://www.lianantech.com,是,true,V1.2/V1.3,2026-09-28,2026-09-28,公开招聘中,,2026-09-28,官网首页『招聘岗位』板块逐条标注：安全研究工程师 / 安全类 / 四川成都；2026-09-28 复测 200 但招聘关键词命中少,
CD0126|成都链安科技有限公司|海外售前工程师|成都市,CD0126,145,成都链安科技有限公司,是,A,软件与互联网服务,海外售前工程师,四川成都,四川成都,四川省,成都市,,成都市,confirmed,销售,未知,,,,,,,,,,company_careers_home,否,low,https://www.lianantech.com,https://www.lianantech.com,是,true,V1.2/V1.3,2026-09-28,2026-09-28,公开招聘中,,2026-09-28,官网首页『招聘岗位』板块逐条标注：海外售前工程师 / 安全类 / 四川成都，成都为官方页面明确写法；2026-09-28 复测 200 但招聘关键词命中少,
CD0127:78572,CD0127,146,成都数据集团股份有限公司,是,A,人工智能与大数据,人工智能与算力事业部副总经理,成都市锦江区,成都市锦江区,四川省,成都市,锦江区,成都市,confirmed,其他,社会招聘,2026-04-23,,,,,,,,,direct_detail,是,high,https://www.cdbdata.cn/jobinfo.thtml?t=1309&cid=78572&pn=,https://www.cdbdata.cn/job.thtml?t=1309&cid=1,是,true,V1.2/V1.3,2026-09-28,2026-09-28,公开招聘中,,2026-09-28,官网『员工招聘-招聘公告』内的《成都产业投资集团有限公司所属企业成都数据集团股份有限公司市场化选聘中层管理人员的公告》，岗位表明确『工作地点：成都市锦江区』『招聘人数1名』『薪酬不低于40万元/年』；报名时间为2026年4月23日至5月23日，已过报名期，仅作官方证据留存,
CD0128|中科创达软件股份有限公司（成都研发中心）|2026 校园招聘 — 测试工程师|成都市,CD0128,147,中科创达软件股份有限公司（成都研发中心）,是,A,软件与互联网服务,2026 校园招聘 — 测试工程师,成都 / 上海,成都 / 上海,四川省,成都市,,成都市,confirmed,测试,校园招聘,,,,,,,,,,listing_page,否,low,https://www.thundersoft.com/careers/campus,https://www.thundersoft.com/careers/campus,是,true,V1.2/V1.3,2026-09-28,2026-09-28,公开招聘中,,2026-09-28,中科创达官网校招页『在招岗位』原文标注『成都 / 上海 · 全职』，成都为官方页面明确列出的工作城市,
CD0128|中科创达软件股份有限公司（成都研发中心）|2026 校园招聘 — 研发工程师|成都市,CD0128,148,中科创达软件股份有限公司（成都研发中心）,是,A,软件与互联网服务,2026 校园招聘 — 研发工程师,北京 / 上海 / 深圳 / 成都,北京 / 上海 / 深圳 / 成都,四川省,成都市,,成都市,confirmed,研发,校园招聘,,,,,,,,,,listing_page,否,low,https://www.thundersoft.com/careers/campus,https://www.thundersoft.com/careers/campus,是,true,V1.2/V1.3,2026-09-28,2026-09-28,公开招聘中,,2026-09-28,中科创达官网校招页『在招岗位』原文标注『北京 / 上海 / 深圳 / 成都 · 全职』，成都为官方页面明确列出的工作城市,
CD0129|深信服科技股份有限公司（成都）|深信服27届—技术研发工程师（AI潜力方向）|成都市,CD0129,149,深信服科技股份有限公司（成都）,是,A,软件与互联网服务,深信服27届—技术研发工程师（AI潜力方向）,"深圳市,长沙市,北京市,成都市","深圳市,长沙市,北京市,成都市",四川省,成都市,,成都市,confirmed,研发,校园招聘,,,,,,,,,,listing_page,否,low,https://hr.sangfor.com/schoolRecruitment,https://hr.sangfor.com/schoolRecruitment,是,true,V1.2/V1.3,2026-09-28,2026-09-28,公开招聘中,,2026-09-28,"深信服官方招聘系统 hr.sangfor.com 校招页面原文『工作城市：深圳市,长沙市,北京市,成都市』，成都为官方 ATS 明确列出的工作城市",
CD0130|奇安信科技集团股份有限公司（成都）|安全工程师 - Web漏洞方向|成都市,CD0130,150,奇安信科技集团股份有限公司（成都）,是,A,软件与互联网服务,安全工程师 - Web漏洞方向,南京、成都、西安,南京、成都、西安,四川省,成都市,,成都市,confirmed,其他,未知,,,,,,,,,,listing_page,否,low,https://poc.qianxin.com/join-us,https://poc.qianxin.com/join-us,是,true,V1.2/V1.3,2026-09-28,2026-09-28,公开招聘中,,2026-09-28,奇安信天工实验室官网招聘页『开放职位 01 安全工程师 - Web漏洞方向 工作地点: 南京､成都､西安』，成都为官方页面明确列出的工作城市；2026-09-28 复测 200 但招聘关键词命中少,
CD0130|奇安信科技集团股份有限公司（成都）|渗透测试工程师(安服)|成都市,CD0130,151,奇安信科技集团股份有限公司（成都）,是,A,软件与互联网服务,渗透测试工程师(安服),"北京,广州,成都,深圳,上海","北京,广州,成都,深圳,上海",四川省,成都市,,成都市,confirmed,其他,未知,,,,,,,,,,listing_page,否,low,https://www.qianxin.com/campus/internJobSearch,https://www.qianxin.com/campus/internJobSearch,是,true,V1.2/V1.3,2026-09-28,2026-09-28,公开招聘中,,2026-09-28,"奇安信官网校招职位页原文『渗透测试工程师(安服) 安全类 北京,广州,成都,深圳,上海』，成都为官方页面明确列出的工作城市",
CD0130|奇安信科技集团股份有限公司（成都）|渗透测试工程师（攻防方向）|成都市,CD0130,152,奇安信科技集团股份有限公司（成都）,是,A,软件与互联网服务,渗透测试工程师（攻防方向）,"北京,杭州,广州,成都,南京,重庆,深圳","北京,杭州,广州,成都,南京,重庆,深圳",四川省,成都市,,成都市,confirmed,测试,校园招聘,,,,,,,,,,direct_detail,是,medium,https://app.mokahr.com/m/campus-recruitment/qianxin/29182?hash=%23%2Fjob%2F3b4ba1fc-6f2a-43c7-b62b-dfcf497ff237%3Ffrom%3Dqrcode,https://www.qianxin.com/campus/internJobSearch,是,true,V1.2/V1.3,2026-09-28,2026-09-28,公开招聘中,,2026-09-28,奇安信校招页面该岗位工作地包含成都，详情页链接为页面「立即申请」按钮给出的地址；动态渲染页（重定向/SPA），浏览器访问正常,
CD0130|奇安信科技集团股份有限公司（成都）|青少班-市场营销方向|成都市,CD0130,153,奇安信科技集团股份有限公司（成都）,是,A,软件与互联网服务,青少班-市场营销方向,"北京,杭州,广州,成都,南京,青岛,深圳,上海,济南","北京,杭州,广州,成都,南京,青岛,深圳,上海,济南",四川省,成都市,,成都市,confirmed,市场,校园招聘,,,,,,,,,,direct_detail,是,medium,https://app.mokahr.com/m/campus-recruitment/qianxin/29182?hash=%23%2Fjob%2Ff9de789f-4c3a-421e-901f-ffc34d25c71b%3Ffrom%3Dqrcode,https://www.qianxin.com/campus/internJobSearch,是,true,V1.2/V1.3,2026-09-28,2026-09-28,公开招聘中,,2026-09-28,奇安信校招页面该岗位工作地包含成都，详情页链接为页面「立即申请」按钮给出的地址；动态渲染页（重定向/SPA），浏览器访问正常,
CD0133|成都中科大旗软件股份有限公司|Java开发工程师|成都市,CD0133,154,成都中科大旗软件股份有限公司,是,A,软件与互联网服务,Java开发工程师,成都,成都,四川省,成都市,,成都市,confirmed,研发,未知,2022-11-08,,,,,,,,,listing_page,否,low,https://www.daqsoft.com/join-us.html?code=gywm&channelCode=jrwm,https://www.daqsoft.com/join-us.html?code=gywm&channelCode=jrwm,是,true,V1.2/V1.3,2026-09-28,2026-09-28,公开招聘中,,2026-09-28,官网『加入我们』页面职位列表原文：Java开发工程师 产品中心 成都 2022-11-08,
CD0133|成都中科大旗软件股份有限公司|hadoop大数据开发工程师|成都市,CD0133,155,成都中科大旗软件股份有限公司,是,A,软件与互联网服务,hadoop大数据开发工程师,成都,成都,四川省,成都市,,成都市,confirmed,研发,未知,2022-11-08,,,,,,,,,listing_page,否,low,https://www.daqsoft.com/join-us.html?code=gywm&channelCode=jrwm,https://www.daqsoft.com/join-us.html?code=gywm&channelCode=jrwm,是,true,V1.2/V1.3,2026-09-28,2026-09-28,公开招聘中,,2026-09-28,官网『加入我们』页面职位列表原文：hadoop大数据开发工程师 技术中心 成都 2022-11-08,
CD0133|成都中科大旗软件股份有限公司|web前端开发工程师|成都市,CD0133,156,成都中科大旗软件股份有限公司,是,A,软件与互联网服务,web前端开发工程师,成都,成都,四川省,成都市,,成都市,confirmed,研发,未知,2022-11-08,,,,,,,,,listing_page,否,low,https://www.daqsoft.com/join-us.html?code=gywm&channelCode=jrwm,https://www.daqsoft.com/join-us.html?code=gywm&channelCode=jrwm,是,true,V1.2/V1.3,2026-09-28,2026-09-28,公开招聘中,,2026-09-28,官网『加入我们』页面职位列表原文：web前端开发工程师 产品中心/技术中心 成都 2022-11-08,
CD0133|成都中科大旗软件股份有限公司|大数据运维工程师|成都市,CD0133,157,成都中科大旗软件股份有限公司,是,A,软件与互联网服务,大数据运维工程师,成都,成都,四川省,成都市,,成都市,confirmed,研发,未知,2022-11-08,,,,,,,,,listing_page,否,low,https://www.daqsoft.com/join-us.html?code=gywm&channelCode=jrwm,https://www.daqsoft.com/join-us.html?code=gywm&channelCode=jrwm,是,true,V1.2/V1.3,2026-09-28,2026-09-28,公开招聘中,,2026-09-28,官网『加入我们』页面职位列表原文：大数据运维工程师 技术中心 成都 2022-11-08,
CD0133|成都中科大旗软件股份有限公司|实习生|成都市,CD0133,158,成都中科大旗软件股份有限公司,是,A,软件与互联网服务,实习生,成都,成都,四川省,成都市,,成都市,confirmed,职能支持,实习,2022-11-08,,,,,,,,,listing_page,否,low,https://www.daqsoft.com/join-us.html?code=gywm&channelCode=jrwm,https://www.daqsoft.com/join-us.html?code=gywm&channelCode=jrwm,是,true,V1.2/V1.3,2026-09-28,2026-09-28,公开招聘中,,2026-09-28,官网『加入我们』页面职位列表原文：实习生 综合管理部 成都 2022-11-08，招聘部门综合管理部，招聘人数5,
CD0133|成都中科大旗软件股份有限公司|高级Java开发工程师(大数据方向）|成都市,CD0133,159,成都中科大旗软件股份有限公司,是,A,软件与互联网服务,高级Java开发工程师(大数据方向）,成都,成都,四川省,成都市,,成都市,confirmed,研发,未知,2022-11-08,,,,,,,,,listing_page,否,low,https://www.daqsoft.com/join-us.html?code=gywm&channelCode=jrwm,https://www.daqsoft.com/join-us.html?code=gywm&channelCode=jrwm,是,true,V1.2/V1.3,2026-09-28,2026-09-28,公开招聘中,,2026-09-28,官网『加入我们』页面职位列表原文：高级Java开发工程师(大数据方向） 技术中心 成都 2022-11-08（职位名保留原文括号与全角右括号）,
CD0133|成都中科大旗软件股份有限公司|高级大数据架构师|成都市,CD0133,160,成都中科大旗软件股份有限公司,是,A,软件与互联网服务,高级大数据架构师,成都,成都,四川省,成都市,,成都市,confirmed,研发,未知,2022-11-08,,,,,,,,,listing_page,否,low,https://www.daqsoft.com/join-us.html?code=gywm&channelCode=jrwm,https://www.daqsoft.com/join-us.html?code=gywm&channelCode=jrwm,是,true,V1.2/V1.3,2026-09-28,2026-09-28,公开招聘中,,2026-09-28,官网『加入我们』页面职位列表原文：高级大数据架构师 技术中心 成都 2022-11-08,
CD0133|成都中科大旗软件股份有限公司|高级项目经理|成都市,CD0133,161,成都中科大旗软件股份有限公司,是,A,软件与互联网服务,高级项目经理,成都,成都,四川省,成都市,,成都市,confirmed,其他,未知,2022-11-08,,,,,,,,,listing_page,否,low,https://www.daqsoft.com/join-us.html?code=gywm&channelCode=jrwm,https://www.daqsoft.com/join-us.html?code=gywm&channelCode=jrwm,是,true,V1.2/V1.3,2026-09-28,2026-09-28,公开招聘中,,2026-09-28,官网『加入我们』页面职位列表原文：高级项目经理 交付中心 成都 2022-11-08；同页『销售经理』标注为『全国』，未计入成都职位,
CD0134|成都赤轮动画设计有限公司|次世代场景模型师(含实习生）|成都市,CD0134,162,成都赤轮动画设计有限公司,是,A,数字内容,次世代场景模型师(含实习生）,成都（推定）,成都（推定）,四川省,成都市,,成都市,inferred,其他,社会招聘,,,,,,,,,,listing_page,否,low,http://www.cgturbo.cn/index.php?c=category&id=16,http://www.cgturbo.cn/index.php?c=category&id=16,是,true,V1.2/V1.3,2026-09-28,2026-09-28,公开招聘中,,2026-09-28,官网「人才招聘」页原文职位名；工作城市按推定。,
CD0134|成都赤轮动画设计有限公司|次世代角色模型师(含实习生）|成都市,CD0134,163,成都赤轮动画设计有限公司,是,A,数字内容,次世代角色模型师(含实习生）,成都（推定）,成都（推定）,四川省,成都市,,成都市,inferred,其他,社会招聘,,,,,,,,,,listing_page,否,low,http://www.cgturbo.cn/index.php?c=category&id=16,http://www.cgturbo.cn/index.php?c=category&id=16,是,true,V1.2/V1.3,2026-09-28,2026-09-28,公开招聘中,,2026-09-28,官网「人才招聘」页原文职位名（含全角括号）；页面未逐条标注城市，成都归属按「成都赤轮动画设计有限公司」及其简介「成都赤轮是国内专业游戏美术外包企业」推定。投递邮箱 hr@cgturbo.cn。,
CD0134|成都赤轮动画设计有限公司|管理培训生|成都市,CD0134,164,成都赤轮动画设计有限公司,是,A,数字内容,管理培训生,成都（推定）,成都（推定）,四川省,成都市,,成都市,inferred,其他,校园招聘,,,,,,,,,,listing_page,否,low,http://www.cgturbo.cn/index.php?c=category&id=16,http://www.cgturbo.cn/index.php?c=category&id=16,是,true,V1.2/V1.3,2026-09-28,2026-09-28,公开招聘中,,2026-09-28,官网「人才招聘」页原文职位名；工作城市按推定。,
CD0135:61df9ec36170823b0ab66873,CD0135,165,成都品果科技有限公司,是,A,数字内容,KOL运营实习生,成都,成都,四川省,成都市,,成都市,confirmed,运营,实习,,,,,,,,,,direct_detail,是,high,https://hr.camera360.com/positionDetail.html?id=61df9ec36170823b0ab66873&channel=school,http://hr.camera360.com/,是,true,V1.2/V1.3,2026-09-28,2026-09-28,公开招聘中,,2026-09-28,企业自有招聘站职位详情页，列表页工作地点列明「成都」，招聘对象为「27届及以上同学」。,
CD0135:684d91816170828e14b66a4f,CD0135,166,成都品果科技有限公司,是,A,数字内容,内容运营实习生,成都,成都,四川省,成都市,,成都市,confirmed,运营,实习,,,,,,,,,,direct_detail,是,high,https://hr.camera360.com/positionDetail.html?id=684d91816170828e14b66a4f&channel=school,http://hr.camera360.com/,是,true,V1.2/V1.3,2026-09-28,2026-09-28,公开招聘中,,2026-09-28,企业自有招聘站职位详情页，列表页工作地点列明「成都」，招聘对象为「27届及以上同学」。,
CD0136:HR260211135913365-202,CD0136,167,成都锐拓传媒广告有限公司,是,A,数字内容,动漫编剧实习生,成都（推定）,成都（推定）,四川省,成都市,,成都市,inferred,其他,实习,,,,,,,,,,direct_detail,是,high,https://www.rightol.com/info/hr/HR260211135913365-202.html,https://www.rightol.com/info/hr,是,true,V1.2/V1.3,2026-09-28,2026-09-28,公开招聘中,,2026-09-28,官网招聘频道职位详情页，所属部门「出版事业中心」，招5名，有效期至 2026-12-31；详情页工作地点字段为空，成都归属按高校就业网转载的企业招聘公告（成都市青羊区日月大道一段1501号万和中心2栋1609号）推定。,
CD0137|成都潮我看文化传媒有限公司|AI创作者|成都市,CD0137,168,成都潮我看文化传媒有限公司,是,A,数字内容,AI创作者,成都（公司总部；岗位标注地点灵活/可远程）,成都（公司总部；岗位标注地点灵活/可远程）,四川省,成都市,,成都市,inferred,其他,未知,,,,,,,,,,listing_page,否,low,https://www.cwkwh.com/index.html,https://www.cwkwh.com/index.html,是,true,V1.2/V1.3,2026-09-28,2026-09-28,公开招聘中,,2026-09-28,OST传媒官方直招页岗位，劳务报酬8-15K/月，标注「地点灵活·可远程」；页面公司介绍明确公司主体为成都潮我看文化传媒有限公司、总部位于成都市锦江区红豆树街77号。,
CD0137|成都潮我看文化传媒有限公司|AI数字人制作师|成都市,CD0137,169,成都潮我看文化传媒有限公司,是,A,数字内容,AI数字人制作师,成都（公司总部；岗位标注地点灵活/可远程）,成都（公司总部；岗位标注地点灵活/可远程）,四川省,成都市,,成都市,inferred,其他,未知,,,,,,,,,,listing_page,否,low,https://www.cwkwh.com/index.html,https://www.cwkwh.com/index.html,是,true,V1.2/V1.3,2026-09-28,2026-09-28,公开招聘中,,2026-09-28,OST传媒官方直招页岗位，劳务报酬8-15K/月。,
CD0137|成都潮我看文化传媒有限公司|AI文案撰稿人|成都市,CD0137,170,成都潮我看文化传媒有限公司,是,A,数字内容,AI文案撰稿人,成都（公司总部；岗位标注地点灵活/可远程）,成都（公司总部；岗位标注地点灵活/可远程）,四川省,成都市,,成都市,inferred,其他,未知,,,,,,,,,,listing_page,否,low,https://www.cwkwh.com/index.html,https://www.cwkwh.com/index.html,是,true,V1.2/V1.3,2026-09-28,2026-09-28,公开招聘中,,2026-09-28,OST传媒官方直招页岗位，劳务报酬4-8K/月。,
CD0137|成都潮我看文化传媒有限公司|AI短视频剪辑师|成都市,CD0137,171,成都潮我看文化传媒有限公司,是,A,数字内容,AI短视频剪辑师,成都（公司总部；岗位标注地点灵活/可远程）,成都（公司总部；岗位标注地点灵活/可远程）,四川省,成都市,,成都市,inferred,其他,未知,,,,,,,,,,listing_page,否,low,https://www.cwkwh.com/index.html,https://www.cwkwh.com/index.html,是,true,V1.2/V1.3,2026-09-28,2026-09-28,公开招聘中,,2026-09-28,OST传媒官方直招页岗位，劳务报酬6-10K/月，可远程。,
CD0137|成都潮我看文化传媒有限公司|AI绘画创作者|成都市,CD0137,172,成都潮我看文化传媒有限公司,是,A,数字内容,AI绘画创作者,成都（公司总部；岗位标注全国·远程可做）,成都（公司总部；岗位标注全国·远程可做）,四川省,成都市,,成都市,inferred,其他,未知,,,,,,,,,,listing_page,否,low,https://www.cwkwh.com/index.html,https://www.cwkwh.com/index.html,是,true,V1.2/V1.3,2026-09-28,2026-09-28,公开招聘中,,2026-09-28,OST传媒官方直招页岗位，劳务报酬5-8K/月，新上线岗位。,
CD0137|成都潮我看文化传媒有限公司|AI音频内容创作|成都市,CD0137,173,成都潮我看文化传媒有限公司,是,A,数字内容,AI音频内容创作,成都（公司总部；岗位标注地点灵活/可远程）,成都（公司总部；岗位标注地点灵活/可远程）,四川省,成都市,,成都市,inferred,其他,未知,,,,,,,,,,listing_page,否,low,https://www.cwkwh.com/index.html,https://www.cwkwh.com/index.html,是,true,V1.2/V1.3,2026-09-28,2026-09-28,公开招聘中,,2026-09-28,OST传媒官方直招页岗位，劳务报酬3-8K/月。,
CD0140|成都银行股份有限公司|总行中小企业部产品经理|成都市,CD0140,174,成都银行股份有限公司,是,B,金融科技,总行中小企业部产品经理,成都（总行）,成都（总行）,四川省,成都市,,成都市,inferred,产品,社会招聘,2025-12-18,,,,,,,,,listing_page,否,low,https://www.bocd.com.cn/zyxxfb/rczp/zhaopingonggao/1199002198508441600.html,https://www.bocd.com.cn/zyxxfb/rczp/zhaopingonggao/1199002198508441600.html,是,true,V1.2/V1.3,2026-09-28,2026-09-28,公开招聘中,,2026-09-28,官方招聘公告原文岗位名；总行岗位，公告未单列城市字段故按推定。报名期已结束。,
CD0140|成都银行股份有限公司|总行信用审批部专职信用审批人|成都市,CD0140,175,成都银行股份有限公司,是,B,金融科技,总行信用审批部专职信用审批人,成都（总行）,成都（总行）,四川省,成都市,,成都市,inferred,其他,社会招聘,2025-12-18,,,,,,,,,listing_page,否,low,https://www.bocd.com.cn/zyxxfb/rczp/zhaopingonggao/1199002198508441600.html,https://www.bocd.com.cn/zyxxfb/rczp/zhaopingonggao/1199002198508441600.html,是,true,V1.2/V1.3,2026-09-28,2026-09-28,公开招聘中,,2026-09-28,官方招聘公告原文岗位名；总行岗位，成都银行总行地址为成都市青羊区西御街16号（官网首页披露），公告未单列城市字段故按推定。该公告报名期 2025-12-18 至 2025-12-31 已结束。,
CD0141:43,CD0141,176,四川锦程消费金融有限责任公司,是,A,金融科技,数据分析岗,四川成都,四川成都,四川省,成都市,,成都市,confirmed,其他,未知,,,,,,,,,,direct_detail,是,high,https://www.jccfc.com/jobs/43,https://www.jccfc.com/jobs,是,true,V1.2/V1.3,2026-09-28,2026-09-28,公开招聘中,,2026-09-28,官网职位详情页字段「工作地点：四川成都」，招1人，本科及以上。,
CD0141:48,CD0141,177,四川锦程消费金融有限责任公司,是,A,金融科技,业务综合岗,四川成都,四川成都,四川省,成都市,,成都市,confirmed,其他,未知,,,,,,,,,,direct_detail,是,high,https://www.jccfc.com/jobs/48,https://www.jccfc.com/jobs,是,true,V1.2/V1.3,2026-09-28,2026-09-28,公开招聘中,,2026-09-28,官网职位详情页字段「工作地点：四川成都」，招2人，本科及以上。,
CD0142:267,CD0142,178,成都农村商业银行股份有限公司,是,A,金融科技,分支行综合柜员岗（中心城区）,成都（中心城区支行）,成都（中心城区支行）,四川省,成都市,,成都市,confirmed,其他,校园招聘,,,,,,,,,,listing_page,否,low,https://www.cdrcb.com/pin/zpdetail.htm?id=267,https://www.cdrcb.com/pin/zpdetail.htm?id=267,是,true,V1.2/V1.3,2026-09-28,2026-09-28,公开招聘中,,2026-09-28,官网2027年校园招聘公告原文岗位名，招聘90人，中心城区支行名单见公告附件2；报名时间 2026-09-17 至 2026-10-25，核验时处于开放期。,
CD0144:235,CD0144,179,国宝人寿保险股份有限公司,是,A,金融科技,精算评估岗,成都,成都,四川省,成都市,,成都市,confirmed,其他,社会招聘,,,,,,,,,,direct_detail,是,high,https://www.panda-assets.com/Position/Detail/235,https://www.panda-assets.com/Position,是,true,V1.2/V1.3,2026-09-28,2026-09-28,公开招聘中,,2026-09-28,官网职位详情页字段「地点：成都」「部门：产品精算部」。,
CD0144:239,CD0144,180,国宝人寿保险股份有限公司,是,A,金融科技,资深/高级/中级核保（个险/团险）,成都,成都,四川省,成都市,,成都市,confirmed,其他,社会招聘,,,,,,,,,,direct_detail,是,high,https://www.panda-assets.com/Position/Detail/239,https://www.panda-assets.com/Position,是,true,V1.2/V1.3,2026-09-28,2026-09-28,公开招聘中,,2026-09-28,官网职位详情页字段「地点：成都」「部门：运营管理部」，投递邮箱 recruit@panda-assets.com。,
CD0144:264,CD0144,181,国宝人寿保险股份有限公司,是,A,金融科技,总公司投资业务部运营保障室负责人,成都,成都,四川省,成都市,,成都市,confirmed,其他,社会招聘,2025-12-05,,,,,,,,,direct_detail,是,high,http://panda-assets.com/Position/Detail/264,https://www.panda-assets.com/Position,是,true,V1.2/V1.3,2026-09-28,2026-09-28,公开招聘中,,2026-09-28,官网职位详情页字段「地点：成都」「部门：投资业务部」，页面写明报名时间 2025-12-05 至 2025-12-15，已过期。,
CD0144:267,CD0144,182,国宝人寿保险股份有限公司,是,A,金融科技,四川分公司办公室（组织人事部）IT支持兼综合管理岗,成都,成都,四川省,成都市,,成都市,confirmed,职能支持,社会招聘,,,,,,,,,,direct_detail,是,high,http://panda-assets.com/Position/Detail/267,https://www.panda-assets.com/Position,是,true,V1.2/V1.3,2026-09-28,2026-09-28,公开招聘中,,2026-09-28,官网职位详情页字段「地点：成都」「部门：办公室（组织人事部）」，第一批简历接收截止 2026-03-06。,
CD0145|成都星合互娱科技有限公司|数值策划|成都市,CD0145,183,成都星合互娱科技有限公司,是,A,游戏,数值策划,成都,成都,四川省,成都市,,成都市,confirmed,产品,社会招聘,,,,,,,,,,listing_page,否,low,https://www.staruniongame.com/cn/join,https://www.staruniongame.com/cn/join,是,true,V1.2/V1.3,2026-09-28,2026-09-28,公开招聘中,,2026-09-28,官网「加入我们」页列表字段：职位类别=产品策划，工作地点=成都，招聘类型=社会招聘。；2026-09-28 复测 200 但招聘关键词命中少,
CD0145|成都星合互娱科技有限公司|数据运营|成都市,CD0145,184,成都星合互娱科技有限公司,是,A,游戏,数据运营,成都,成都,四川省,成都市,,成都市,confirmed,运营,社会招聘,,,,,,,,,,listing_page,否,low,https://www.staruniongame.com/cn/join,https://www.staruniongame.com/cn/join,是,true,V1.2/V1.3,2026-09-28,2026-09-28,公开招聘中,,2026-09-28,官网「加入我们」页列表字段：职位类别=语言运营（数据运营），工作地点=成都，招聘类型=社会招聘。；2026-09-28 复测 200 但招聘关键词命中少,
CD0145|成都星合互娱科技有限公司|游戏制作人|成都市,CD0145,185,成都星合互娱科技有限公司,是,A,游戏,游戏制作人,成都,成都,四川省,成都市,,成都市,confirmed,产品,社会招聘,,,,,,,,,,listing_page,否,low,https://www.staruniongame.com/cn/join,https://www.staruniongame.com/cn/join,是,true,V1.2/V1.3,2026-09-28,2026-09-28,公开招聘中,,2026-09-28,官网「加入我们」页列表字段：职位类别=产品策划，工作地点=成都，招聘类型=社会招聘。该页为前端渲染，直接抓取未返回列表，职位内容取自检索结果对该官方页面正文的收录，建议浏览器端复核。；2026-09-28 复测 200 但招聘关键词命中少,
CD0145|成都星合互娱科技有限公司|系统策划|成都市,CD0145,186,成都星合互娱科技有限公司,是,A,游戏,系统策划,成都,成都,四川省,成都市,,成都市,confirmed,产品,社会招聘,,,,,,,,,,listing_page,否,low,https://www.staruniongame.com/cn/join,https://www.staruniongame.com/cn/join,是,true,V1.2/V1.3,2026-09-28,2026-09-28,公开招聘中,,2026-09-28,官网「加入我们」页列表字段：职位类别=产品策划，工作地点=成都，招聘类型=社会招聘。；2026-09-28 复测 200 但招聘关键词命中少,
CD0145|成都星合互娱科技有限公司|翻译兼GM（英语、越南语）|成都市,CD0145,187,成都星合互娱科技有限公司,是,A,游戏,翻译兼GM（英语、越南语）,成都,成都,四川省,成都市,,成都市,confirmed,运营,社会招聘,,,,,,,,,,listing_page,否,low,https://www.staruniongame.com/cn/join,https://www.staruniongame.com/cn/join,是,true,V1.2/V1.3,2026-09-28,2026-09-28,公开招聘中,,2026-09-28,官网「加入我们」页列表字段：职位类别=语言运营，工作地点=成都，招聘类型=社会招聘。；2026-09-28 复测 200 但招聘关键词命中少,
CD0146|成都力比科技有限公司|中级Unity游戏开发工程师|成都市,CD0146,188,成都力比科技有限公司,是,A,游戏,中级Unity游戏开发工程师,成都（推定）,成都（推定）,四川省,成都市,,成都市,inferred,研发,社会招聘,,,,,,,,,,listing_page,否,low,https://libii.cn/?page_id=225,https://libii.cn/?page_id=225,是,true,V1.2/V1.3,2026-09-28,2026-09-28,公开招聘中,,2026-09-28,官网招聘页原文职位名，标注 1 Post；工作城市按推定。,
CD0146|成都力比科技有限公司|休闲游戏资深关卡策划|成都市,CD0146,189,成都力比科技有限公司,是,A,游戏,休闲游戏资深关卡策划,成都（推定）,成都（推定）,四川省,成都市,,成都市,inferred,产品,社会招聘,,,,,,,,,,listing_page,否,low,https://libii.cn/?page_id=225,https://libii.cn/?page_id=225,是,true,V1.2/V1.3,2026-09-28,2026-09-28,公开招聘中,,2026-09-28,官网招聘页原文职位名，标注 1 Post；工作城市按推定。,
CD0146|成都力比科技有限公司|女生向游戏项目主美|成都市,CD0146,190,成都力比科技有限公司,是,A,游戏,女生向游戏项目主美,成都（推定）,成都（推定）,四川省,成都市,,成都市,inferred,其他,社会招聘,,,,,,,,,,listing_page,否,low,https://libii.cn/?page_id=225,https://libii.cn/?page_id=225,是,true,V1.2/V1.3,2026-09-28,2026-09-28,公开招聘中,,2026-09-28,官网招聘页「当前诚聘!」原文职位名，标注 1 Post；页面未标工作城市，成都归属按公司工商登记地（成都高新区府城大道西段399号）推定。,
CD0146|成都力比科技有限公司|高级Java服务器工程师|成都市,CD0146,191,成都力比科技有限公司,是,A,游戏,高级Java服务器工程师,成都（推定）,成都（推定）,四川省,成都市,,成都市,inferred,研发,社会招聘,,,,,,,,,,listing_page,否,low,https://libii.cn/?page_id=225,https://libii.cn/?page_id=225,是,true,V1.2/V1.3,2026-09-28,2026-09-28,公开招聘中,,2026-09-28,官网招聘页原文职位名（英文版 Senior Java Server Engineer），标注 1 Post；工作城市按推定。,
CD0147:280,CD0147,192,成都士兰半导体制造有限公司,是,A,半导体与集成电路,模拟 IC 设计师（2027届）,杭州、西安、北京、无锡、成都、上海,杭州、西安、北京、无锡、成都、上海,四川省,成都市,,成都市,confirmed,研发,校园招聘,2026-07-21,,,,,,,,,direct_detail,是,high,https://www.silan.com.cn/index.php/about/joindetails/280.html,https://www.silan.com.cn/index.php/about/post.html,是,true,V1.2/V1.3,2026-09-28,2026-09-28,公开招聘中,,2026-09-28,集团官网校招岗位表工作地点一栏明确列出「成都」，招聘人数 25，发布时间 2026/07/21,
CD0150:469,CD0150,193,四川赛狄信息技术股份公司,是,A,电子信息制造,硬件工程师,成都、西安,成都、西安,四川省,成都市,,成都市,confirmed,研发,社会招聘,2023-12-04,,,,,,,,,direct_detail,是,high,https://www.sdrising.com/content/content-469,https://www.sdrising.com/category/recruit-30,是,true,V1.2/V1.3,2026-09-28,2026-09-28,公开招聘中,,2026-09-28,赛狄官网社招列表页该职位写明工作地点成都、西安，发布日期2023-12-04,
CD0150:470,CD0150,194,四川赛狄信息技术股份公司,是,A,电子信息制造,软件工程师,成都、西安,成都、西安,四川省,成都市,,成都市,confirmed,研发,社会招聘,,,,,,,,,,direct_detail,是,high,https://sdrising.com/content/content-470,https://www.sdrising.com/category/topic-5,是,true,V1.2/V1.3,2026-09-28,2026-09-28,公开招聘中,,2026-09-28,官网职位详情页明确「工作地点：成都、西安」，薪资 20W-40W/年,
CD0150:471,CD0150,195,四川赛狄信息技术股份公司,是,A,电子信息制造,逻辑工程师,成都,成都,四川省,成都市,,成都市,inferred,研发,社会招聘,,,,,,,,,,direct_detail,是,high,https://www.sdrising.com/content/content-471,https://www.sdrising.com/category/topic-5,是,true,V1.2/V1.3,2026-09-28,2026-09-28,公开招聘中,,2026-09-28,官网职位详情页（FPGA逻辑设计，薪资 20W-40W/年）；未标城市，按公司地址成都高新西区推定,
CD0150:472,CD0150,196,四川赛狄信息技术股份公司,是,A,电子信息制造,试制工程师,成都,成都,四川省,成都市,,成都市,inferred,生产制造,社会招聘,,,,,,,,,,direct_detail,是,high,https://www.sdrising.com/content/content-472,https://www.sdrising.com/category/topic-5,是,true,V1.2/V1.3,2026-09-28,2026-09-28,公开招聘中,,2026-09-28,官网职位详情页（薪资 10W-20W/年）；未标城市，按公司地址成都高新西区推定,
CD0150:473,CD0150,197,四川赛狄信息技术股份公司,是,A,电子信息制造,售前方案工程师,成都,成都,四川省,成都市,,成都市,confirmed,其他,社会招聘,,,,,,,,,,direct_detail,是,high,https://sdrising.com/content/content-473,https://www.sdrising.com/category/topic-5,是,true,V1.2/V1.3,2026-09-28,2026-09-28,公开招聘中,,2026-09-28,官网职位详情页明确「工作地点：成都」，薪资 15W-25W/年,
CD0150:474,CD0150,198,四川赛狄信息技术股份公司,是,A,电子信息制造,技术支持工程师,成都,成都,四川省,成都市,,成都市,inferred,其他,社会招聘,,,,,,,,,,direct_detail,是,high,https://www.sdrising.com/content/content-474,https://www.sdrising.com/category/topic-5,是,true,V1.2/V1.3,2026-09-28,2026-09-28,公开招聘中,,2026-09-28,官网职位详情页（薪资 10W-20W/年）；未标城市，按公司地址成都高新西区新创路2号推定,
CD0151:495201286283591680,CD0151,199,成都运达科技股份有限公司,是,A,智能制造与装备,数据分析工程师,成都,成都,四川省,成都市,,成都市,inferred,算法,社会招聘,,,,,,,,,,direct_detail,是,high,https://www.yd-tec.com/jobinfo/495201286283591680.html,https://www.yd-tec.com/job.html,是,true,V1.2/V1.3,2026-09-28,2026-09-28,公开招聘中,,2026-09-28,官网人才招聘页职位详情页；未标城市，按公司总部成都郫都区推定,
CD0151:495201384359002112,CD0151,200,成都运达科技股份有限公司,是,A,智能制造与装备,软件开发工程师,成都,成都,四川省,成都市,,成都市,inferred,研发,社会招聘,,,,,,,,,,direct_detail,是,high,https://www.yd-tec.com/jobinfo/495201384359002112.html,https://www.yd-tec.com/job.html,是,true,V1.2/V1.3,2026-09-28,2026-09-28,公开招聘中,,2026-09-28,官网人才招聘页职位详情页（JD 内容为硬件开发方向）；未标城市，按公司总部成都郫都区推定,
CD0151:495242343893434368,CD0151,201,成都运达科技股份有限公司,是,A,智能制造与装备,嵌入式软件工程师,成都,成都,四川省,成都市,,成都市,inferred,研发,社会招聘,,,,,,,,,,direct_detail,是,high,https://www.yd-tec.com/jobinfo/495242343893434368.html,https://www.yd-tec.com/job.html,是,true,V1.2/V1.3,2026-09-28,2026-09-28,公开招聘中,,2026-09-28,官网人才招聘页职位详情页；未标城市，按公司总部成都郫都区推定,
CD0151:495242462491574272,CD0151,202,成都运达科技股份有限公司,是,A,智能制造与装备,成本主管,成都,成都,四川省,成都市,,成都市,inferred,职能支持,社会招聘,,,,,,,,,,direct_detail,是,high,https://www.yd-tec.com/jobinfo/495242462491574272.html,https://www.yd-tec.com/job.html,是,true,V1.2/V1.3,2026-09-28,2026-09-28,公开招聘中,,2026-09-28,官网人才招聘页职位详情页；未标城市，按公司总部成都郫都区推定,
CD0151:495242600169603072,CD0151,203,成都运达科技股份有限公司,是,A,智能制造与装备,C#软件工程师,成都,成都,四川省,成都市,,成都市,inferred,研发,社会招聘,,,,,,,,,,direct_detail,是,high,https://www.yd-tec.com/jobinfo/495242600169603072.html,https://www.yd-tec.com/job.html,是,true,V1.2/V1.3,2026-09-28,2026-09-28,公开招聘中,,2026-09-28,官网人才招聘页职位详情页；未标城市，按公司总部成都郫都区推定,
CD0151:495242729945563136,CD0151,204,成都运达科技股份有限公司,是,A,智能制造与装备,C++软件工程师,成都,成都,四川省,成都市,,成都市,inferred,研发,社会招聘,,,,,,,,,,direct_detail,是,high,https://www.yd-tec.com/jobinfo/495242729945563136.html,https://www.yd-tec.com/job.html,是,true,V1.2/V1.3,2026-09-28,2026-09-28,公开招聘中,,2026-09-28,官网人才招聘页职位详情页；简历投递 Recruitment@yunda-tec.com；未标城市，按公司总部成都郫都区推定,
CD0152|成都天箭科技股份有限公司|mems电路设计工程师|成都市,CD0152,205,成都天箭科技股份有限公司,是,A,电子信息制造,mems电路设计工程师,成都-锦江,成都-锦江,四川省,成都市,,成都市,confirmed,研发,社会招聘,,,,,,,,,,listing_page,否,low,https://www.tjian.com.cn/join/default.html,https://www.tjian.com.cn/join/default.html,是,true,V1.2/V1.3,2026-09-28,2026-09-28,公开招聘中,,2026-09-28,官网加入我们页明确标注「成都-锦江」，15-25k，招10人，硕士；英文站同步发布,
CD0152|成都天箭科技股份有限公司|mems结构设计工程师|成都市,CD0152,206,成都天箭科技股份有限公司,是,A,电子信息制造,mems结构设计工程师,成都-锦江,成都-锦江,四川省,成都市,,成都市,confirmed,研发,社会招聘,,,,,,,,,,listing_page,否,low,https://www.tjian.com.cn/join/default.html,https://www.tjian.com.cn/join/default.html,是,true,V1.2/V1.3,2026-09-28,2026-09-28,公开招聘中,,2026-09-28,官网加入我们页明确标注「成都-锦江」，15-25k，招5人，硕士，所属设计开发部,
CD0156:1026,CD0156,207,成都盟升电子技术股份有限公司,是,A,通信与网络设备,项目管理,成都,成都,四川省,成都市,,成都市,inferred,其他,社会招聘,,,,,,,,,,direct_detail,是,high,https://www.microwave-signal.com/join_detail.aspx?t=53&ContentId=1026,https://www.microwave-signal.com/join.aspx?t=53,是,true,V1.2/V1.3,2026-09-28,2026-09-28,公开招聘中,,2026-09-28,官网社招详情页；列表页薪资 12K-25K/月,
CD0156:1027,CD0156,208,成都盟升电子技术股份有限公司,是,A,通信与网络设备,雷达信号处理工程师,成都,成都,四川省,成都市,,成都市,inferred,研发,社会招聘,,,,,,,,,,direct_detail,是,high,https://www.microwave-signal.com/join_detail.aspx?t=53&ContentId=1027,https://www.microwave-signal.com/join.aspx?t=53,是,true,V1.2/V1.3,2026-09-28,2026-09-28,公开招聘中,,2026-09-28,官网社招详情页；列表页薪资 20-40K/月,
CD0156:1028,CD0156,209,成都盟升电子技术股份有限公司,是,A,通信与网络设备,雷达对抗总体工程师,成都,成都,四川省,成都市,,成都市,inferred,研发,社会招聘,,,,,,,,,,direct_detail,是,high,https://www.microwave-signal.com/join_detail.aspx?t=53&ContentId=1028,https://www.microwave-signal.com/join.aspx?t=53,是,true,V1.2/V1.3,2026-09-28,2026-09-28,公开招聘中,,2026-09-28,官网社招详情页；列表页薪资 20-40K/月,
CD0156:1029,CD0156,210,成都盟升电子技术股份有限公司,是,A,通信与网络设备,嵌入式软件工程师（通导）,成都,成都,四川省,成都市,,成都市,inferred,研发,社会招聘,,,,,,,,,,direct_detail,是,high,https://www.microwave-signal.com/join_detail.aspx?t=53&ContentId=1029,https://www.microwave-signal.com/join.aspx?t=53,是,true,V1.2/V1.3,2026-09-28,2026-09-28,公开招聘中,,2026-09-28,官网社招详情页；列表页薪资 7-15K/月,
CD0156:1030,CD0156,211,成都盟升电子技术股份有限公司,是,A,通信与网络设备,硬件工程师,成都,成都,四川省,成都市,,成都市,inferred,研发,社会招聘,,,,,,,,,,direct_detail,是,high,https://www.microwave-signal.com/join_detail.aspx?t=53&ContentId=1030,https://www.microwave-signal.com/join.aspx?t=53,是,true,V1.2/V1.3,2026-09-28,2026-09-28,公开招聘中,,2026-09-28,官网社招详情页；列表页薪资 15-28K/月,
CD0156:1031,CD0156,212,成都盟升电子技术股份有限公司,是,A,通信与网络设备,相控阵总体工程师,成都,成都,四川省,成都市,,成都市,inferred,研发,社会招聘,,,,,,,,,,direct_detail,是,high,https://www.microwave-signal.com/join_detail.aspx?t=53&ContentId=1031,https://www.microwave-signal.com/join.aspx?t=53,是,true,V1.2/V1.3,2026-09-28,2026-09-28,公开招聘中,,2026-09-28,官网社招详情页；列表页薪资 20-40K/月,
CD0156:1032,CD0156,213,成都盟升电子技术股份有限公司,是,A,通信与网络设备,FPGA工程师,成都,成都,四川省,成都市,,成都市,inferred,研发,社会招聘,,,,,,,,,,direct_detail,是,high,https://www.microwave-signal.com/join_detail.aspx?t=53&ContentId=1032,https://www.microwave-signal.com/join.aspx?t=53,是,true,V1.2/V1.3,2026-09-28,2026-09-28,公开招聘中,,2026-09-28,官网社招详情页；列表页薪资 15-30K/月,
CD0156:1033,CD0156,214,成都盟升电子技术股份有限公司,是,A,通信与网络设备,射频工程师,成都,成都,四川省,成都市,,成都市,inferred,研发,社会招聘,2023-09-04,,,,,,,,,direct_detail,是,high,https://www.microwave-signal.com/join_detail.aspx?t=53&ContentId=1033,https://www.microwave-signal.com/join.aspx?t=53,是,true,V1.2/V1.3,2026-09-28,2026-09-28,公开招聘中,,2026-09-28,官网详情页标注发布时间 2023.09.04；列表页薪资 15-30K/月。时效需人工复核,
CD0156:1034,CD0156,215,成都盟升电子技术股份有限公司,是,A,通信与网络设备,天线工程师,成都,成都,四川省,成都市,,成都市,inferred,研发,社会招聘,,,,,,,,,,direct_detail,是,high,https://www.microwave-signal.com/join_detail.aspx?t=53&ContentId=1034,https://www.microwave-signal.com/join.aspx?t=53,是,true,V1.2/V1.3,2026-09-28,2026-09-28,公开招聘中,,2026-09-28,官网社招详情页；列表页薪资 15-30K/月,
CD0156:1035,CD0156,216,成都盟升电子技术股份有限公司,是,A,通信与网络设备,嵌入式工程师,成都,成都,四川省,成都市,,成都市,inferred,研发,社会招聘,,,,,,,,,,direct_detail,是,high,https://www.microwave-signal.com/join_detail.aspx?t=53&ContentId=1035,https://www.microwave-signal.com/join.aspx?t=53,是,true,V1.2/V1.3,2026-09-28,2026-09-28,公开招聘中,,2026-09-28,官网社招详情页；列表页薪资 18-25K/月。职位页未标城市，按公司总部成都天府新区推定,
CD0156:1036,CD0156,217,成都盟升电子技术股份有限公司,是,A,通信与网络设备,天线测试工程师,成都,成都,四川省,成都市,,成都市,inferred,研发,社会招聘,,,,,,,,,,direct_detail,是,high,https://www.microwave-signal.com/join_detail.aspx?t=53&ContentId=1036,https://www.microwave-signal.com/join.aspx?t=53,是,true,V1.2/V1.3,2026-09-28,2026-09-28,公开招聘中,,2026-09-28,官网社招详情页；列表页薪资 7-12K/月。职位页未标城市，按公司总部成都天府新区推定,
CD0157:191,CD0157,218,成都亚光电子股份有限公司,是,B,半导体与集成电路,射频工程师（校招）,成都/长沙,成都/长沙,四川省,成都市,,成都市,confirmed,研发,校园招聘,2023-02-21,,,,,,,,,direct_detail,是,high,https://www.ygkjgroup.com/about/show-191.html,https://www.ygkjgroup.com/about/2.html,是,true,V1.2/V1.3,2026-09-28,2026-09-28,公开招聘中,,2026-09-28,集团官网人才招聘页明确「工作地点：成都/长沙」，招聘人数6人；发布日期2023-02-21，时效需人工复核,
CD0157:240,CD0157,219,成都亚光电子股份有限公司,是,B,半导体与集成电路,射频芯片设计师（校招）,成都/长沙,成都/长沙,四川省,成都市,,成都市,confirmed,研发,校园招聘,2023-02-22,,,,,,,,,direct_detail,是,high,https://www.ygkjgroup.com/about/show-240.html,https://www.ygkjgroup.com/about/2.html,是,true,V1.2/V1.3,2026-09-28,2026-09-28,公开招聘中,,2026-09-28,集团官网人才招聘页明确「工作地点：成都/长沙」，招聘人数4人；发布日期2023-02-22，时效需人工复核,
CD0157:241,CD0157,220,成都亚光电子股份有限公司,是,B,半导体与集成电路,微波工艺工程师（校招）,成都/长沙,成都/长沙,四川省,成都市,,成都市,confirmed,研发,校园招聘,2023-02-22,,,,,,,,,direct_detail,是,high,https://www.ygkjgroup.com/about/show-241.html,https://www.ygkjgroup.com/about/2.html,是,true,V1.2/V1.3,2026-09-28,2026-09-28,公开招聘中,,2026-09-28,集团官网人才招聘页明确「工作地点：成都/长沙」，招聘人数4人；发布日期2023-02-22，时效需人工复核,
CD0157:242,CD0157,221,成都亚光电子股份有限公司,是,B,半导体与集成电路,高级射频工程师（社招）,成都/长沙,成都/长沙,四川省,成都市,,成都市,confirmed,研发,社会招聘,2023-02-22,,,,,,,,,direct_detail,是,high,https://www.ygkjgroup.com/about/show-242.html,https://www.ygkjgroup.com/about/2.html,是,true,V1.2/V1.3,2026-09-28,2026-09-28,公开招聘中,,2026-09-28,集团官网人才招聘页明确「工作地点：成都/长沙」，招聘人数8人；发布日期2023-02-22，时效需人工复核,
CD0157:243,CD0157,222,成都亚光电子股份有限公司,是,B,半导体与集成电路,射频工程师（社招）,成都/长沙,成都/长沙,四川省,成都市,,成都市,confirmed,研发,社会招聘,2023-02-22,,,,,,,,,direct_detail,是,high,https://www.ygkjgroup.com/about/show-243.html,https://www.ygkjgroup.com/about/2.html,是,true,V1.2/V1.3,2026-09-28,2026-09-28,公开招聘中,,2026-09-28,亚光科技官网人才招聘页写明工作地点成都/长沙，发布日期2023-02-22,
CD0159|成都佳驰电子科技股份有限公司|2027届-材料研发工程师|成都市,CD0159,223,成都佳驰电子科技股份有限公司,是,A,新材料,2027届-材料研发工程师,成都,成都,四川省,成都市,,成都市,confirmed,研发,校园招聘,,,,,,,,,,listing_page,否,low,https://www.cdjc.com.cn/joinus,https://www.cdjc.com.cn/joinus,是,true,V1.2/V1.3,2026-09-28,2026-09-28,公开招聘中,,2026-09-28,官网人才招聘页招贤纳士逐条标注「成都」；专业：复合材料、材料科学与工程、高分子材料等；2026-09-28 复测 200 但招聘关键词命中少,
CD0159|成都佳驰电子科技股份有限公司|2027届-材料研发工程师成都|成都市,CD0159,224,成都佳驰电子科技股份有限公司,是,A,新材料,2027届-材料研发工程师成都,成都,成都,四川省,成都市,,成都市,confirmed,研发,校园招聘,,,,,,,,,,listing_page,否,low,https://www.cdjc.com.cn/joinus?rijsla=7oef71,https://www.cdjc.com.cn/joinus?rijsla=7oef71,是,true,V1.2/V1.3,2026-09-28,2026-09-28,公开招聘中,,2026-09-28,官网加入我们页职位名后直接标注工作地成都；复合材料/材料科学与工程/高分子材料等相关专业；2026-09-28 复测 200 但招聘关键词命中少,
CD0159|成都佳驰电子科技股份有限公司|2027届-电磁研发工程师|成都市,CD0159,225,成都佳驰电子科技股份有限公司,是,A,新材料,2027届-电磁研发工程师,成都,成都,四川省,成都市,,成都市,confirmed,研发,校园招聘,,,,,,,,,,listing_page,否,low,https://www.cdjc.com.cn/joinus,https://www.cdjc.com.cn/joinus,是,true,V1.2/V1.3,2026-09-28,2026-09-28,公开招聘中,,2026-09-28,官网人才招聘页招贤纳士逐条标注「成都」，硕士及以上，招若干人；网申通道为智联校园（第三方），故记为列表页；2026-09-28 复测 200 但招聘关键词命中少,
CD0159|成都佳驰电子科技股份有限公司|2027届-电磁研发工程师成都|成都市,CD0159,226,成都佳驰电子科技股份有限公司,是,A,新材料,2027届-电磁研发工程师成都,成都,成都,四川省,成都市,,成都市,confirmed,研发,校园招聘,,,,,,,,,,listing_page,否,low,https://www.cdjc.com.cn/joinus?rijsla=7oef71,https://www.cdjc.com.cn/joinus?rijsla=7oef71,是,true,V1.2/V1.3,2026-09-28,2026-09-28,公开招聘中,,2026-09-28,官网加入我们页职位名后直接标注工作地成都；要求硕士及以上，电子科学与技术/电磁场与微波技术等相关专业；2026-09-28 复测 200 但招聘关键词命中少,
CD0159|成都佳驰电子科技股份有限公司|2027届-结构研发工程师|成都市,CD0159,227,成都佳驰电子科技股份有限公司,是,A,新材料,2027届-结构研发工程师,成都,成都,四川省,成都市,,成都市,confirmed,研发,校园招聘,,,,,,,,,,listing_page,否,low,https://www.cdjc.com.cn/joinus,https://www.cdjc.com.cn/joinus,是,true,V1.2/V1.3,2026-09-28,2026-09-28,公开招聘中,,2026-09-28,官网人才招聘页招贤纳士逐条标注「成都」；专业：力学、结构强度、飞行器设计与工程等；2026-09-28 复测 200 但招聘关键词命中少,
CD0159|成都佳驰电子科技股份有限公司|2027届-结构研发工程师成都|成都市,CD0159,228,成都佳驰电子科技股份有限公司,是,A,新材料,2027届-结构研发工程师成都,成都,成都,四川省,成都市,,成都市,confirmed,研发,校园招聘,,,,,,,,,,listing_page,否,low,https://www.cdjc.com.cn/joinus?rijsla=7oef71,https://www.cdjc.com.cn/joinus?rijsla=7oef71,是,true,V1.2/V1.3,2026-09-28,2026-09-28,公开招聘中,,2026-09-28,官网加入我们页职位名后直接标注工作地成都；力学/结构强度/飞行器设计与工程等相关专业；2026-09-28 复测 200 但招聘关键词命中少,
CD0159|成都佳驰电子科技股份有限公司|2027届-飞控系统工程师|成都市,CD0159,229,成都佳驰电子科技股份有限公司,是,A,新材料,2027届-飞控系统工程师,成都,成都,四川省,成都市,,成都市,confirmed,研发,校园招聘,,,,,,,,,,listing_page,否,low,https://www.cdjc.com.cn/joinus,https://www.cdjc.com.cn/joinus,是,true,V1.2/V1.3,2026-09-28,2026-09-28,公开招聘中,,2026-09-28,官网人才招聘页招贤纳士逐条标注「成都」；专业：飞行器设计、控制工程、飞行器动力工程等；2026-09-28 复测 200 但招聘关键词命中少,
CD0159|成都佳驰电子科技股份有限公司|2027届-飞控系统工程师成都|成都市,CD0159,230,成都佳驰电子科技股份有限公司,是,A,新材料,2027届-飞控系统工程师成都,成都,成都,四川省,成都市,,成都市,confirmed,研发,校园招聘,,,,,,,,,,listing_page,否,low,https://www.cdjc.com.cn/joinus?rijsla=7oef71,https://www.cdjc.com.cn/joinus?rijsla=7oef71,是,true,V1.2/V1.3,2026-09-28,2026-09-28,公开招聘中,,2026-09-28,官网加入我们页职位名后直接标注工作地成都；飞行器设计/控制工程/飞行器动力工程等相关专业；2026-09-28 复测 200 但招聘关键词命中少,
CD0160|成都储翰科技股份有限公司|产品测试工程师|成都市,CD0160,231,成都储翰科技股份有限公司,是,A,通信与网络设备,产品测试工程师,成都,成都,四川省,成都市,,成都市,inferred,测试,社会招聘,,,,,,,,,,listing_page,否,low,http://www.tsuhan.cn/design/5.html,http://www.tsuhan.cn/design/5.html,是,true,V1.2/V1.3,2026-09-28,2026-09-28,公开招聘中,,2026-09-28,官网加入我们页列出，招聘人数2名；页脚公司地址成都市双流区黄甲街道牧科路8号，按唯一生产基地推定,
CD0160|成都储翰科技股份有限公司|产品研发工程师|成都市,CD0160,232,成都储翰科技股份有限公司,是,A,通信与网络设备,产品研发工程师,成都,成都,四川省,成都市,,成都市,inferred,研发,社会招聘,,,,,,,,,,listing_page,否,low,http://www.tsuhan.cn/design/5.html,http://www.tsuhan.cn/design/5.html,是,true,V1.2/V1.3,2026-09-28,2026-09-28,公开招聘中,,2026-09-28,官网加入我们页列出，招聘人数3名,
CD0160|成都储翰科技股份有限公司|固件工程师(单片机开发)|成都市,CD0160,233,成都储翰科技股份有限公司,是,A,通信与网络设备,固件工程师(单片机开发),成都,成都,四川省,成都市,,成都市,inferred,研发,社会招聘,,,,,,,,,,listing_page,否,low,http://www.tsuhan.cn/design/5.html,http://www.tsuhan.cn/design/5.html,是,true,V1.2/V1.3,2026-09-28,2026-09-28,公开招聘中,,2026-09-28,官网加入我们页列出，招聘人数1名,
CD0160|成都储翰科技股份有限公司|硬件工程师|成都市,CD0160,234,成都储翰科技股份有限公司,是,A,通信与网络设备,硬件工程师,成都,成都,四川省,成都市,,成都市,inferred,研发,社会招聘,,,,,,,,,,listing_page,否,low,http://www.tsuhan.cn/design/5.html,http://www.tsuhan.cn/design/5.html,是,true,V1.2/V1.3,2026-09-28,2026-09-28,公开招聘中,,2026-09-28,官网加入我们页列出，招聘人数2名,
CD0160|成都储翰科技股份有限公司|结构工程师|成都市,CD0160,235,成都储翰科技股份有限公司,是,A,通信与网络设备,结构工程师,成都,成都,四川省,成都市,,成都市,inferred,研发,社会招聘,,,,,,,,,,listing_page,否,low,http://www.tsuhan.cn/design/5.html,http://www.tsuhan.cn/design/5.html,是,true,V1.2/V1.3,2026-09-28,2026-09-28,公开招聘中,,2026-09-28,官网加入我们页列出，招聘人数1名,
CD0161|四川光恒通信技术有限公司|光器件研发工程师|成都市,CD0161,236,四川光恒通信技术有限公司,是,A,通信与网络设备,光器件研发工程师,成都,成都,四川省,成都市,,成都市,inferred,研发,社会招聘,,,,,,,,,,listing_page,否,low,https://www.cnsunstar.com/join.html?t=2,https://www.cnsunstar.com/join.html?t=2,是,true,V1.2/V1.3,2026-09-28,2026-09-28,公开招聘中,,2026-09-28,官网加入我们页列出完整JD；简历投递 hr@cnsunstar.com；公司唯一地址为成都市高新西区西区大道199号，按此推定,
CD0161|四川光恒通信技术有限公司|光模块研发工程师|成都市,CD0161,237,四川光恒通信技术有限公司,是,A,通信与网络设备,光模块研发工程师,成都,成都,四川省,成都市,,成都市,inferred,研发,社会招聘,,,,,,,,,,listing_page,否,low,https://www.cnsunstar.com/join.html?t=2,https://www.cnsunstar.com/join.html?t=2,是,true,V1.2/V1.3,2026-09-28,2026-09-28,公开招聘中,,2026-09-28,官网加入我们页列出完整JD（400G/800G/1.6T高速光模块）,
CD0161|四川光恒通信技术有限公司|海外销售经理/专员|成都市,CD0161,238,四川光恒通信技术有限公司,是,A,通信与网络设备,海外销售经理/专员,成都,成都,四川省,成都市,,成都市,inferred,销售,社会招聘,,,,,,,,,,listing_page,否,low,https://www.cnsunstar.com/join.html?t=2,https://www.cnsunstar.com/join.html?t=2,是,true,V1.2/V1.3,2026-09-28,2026-09-28,公开招聘中,,2026-09-28,官网加入我们页列出完整JD；岗位需短期海外出差，常驻地按公司成都高新西区推定,
CD0162|成都卡诺普机器人技术股份有限公司|测试组长|成都市,CD0162,239,成都卡诺普机器人技术股份有限公司,是,A,智能制造与装备,测试组长,成都,成都,四川省,成都市,,成都市,inferred,测试,社会招聘,,,,,,,,,,listing_page,否,low,https://crprobot.com/c/zhaopin.html,https://crprobot.com/c/zhaopin.html,是,true,V1.2/V1.3,2026-09-28,2026-09-28,公开招聘中,,2026-09-28,官网人才招聘页列出完整JD；职位页未标城市，按官网联系页公司地址成都市成华区华月路188号推定,
CD0162|成都卡诺普机器人技术股份有限公司|销售管理专员|成都市,CD0162,240,成都卡诺普机器人技术股份有限公司,是,A,智能制造与装备,销售管理专员,成都,成都,四川省,成都市,,成都市,inferred,销售,社会招聘,,,,,,,,,,listing_page,否,low,https://crprobot.com/c/zhaopin.html,https://crprobot.com/c/zhaopin.html,是,true,V1.2/V1.3,2026-09-28,2026-09-28,公开招聘中,,2026-09-28,官网人才招聘页列出；按公司总部成都成华区推定，实际驻地需人工复核,
CD0164|成都蓉生药业有限责任公司|2026年度博士后|成都市,CD0164,241,成都蓉生药业有限责任公司,是,A,生物医药,2026年度博士后,成都（成都市双流区菁园路280号）,成都（成都市双流区菁园路280号）,四川省,成都市,双流区,成都市,confirmed,研发,社会招聘,2026-01-21,,,,,,,,,listing_page,否,low,https://www.ronsen.com/list-45-1.html,https://www.ronsen.com/list-45-1.html,是,true,V1.2/V1.3,2026-09-28,2026-09-28,公开招聘中,,2026-09-28,官网人才招聘页招聘职位表列出「2026年度博士后」，发布日期2026.1.21，公告正文联系地址写明成都市双流区菁园路280号,
CD0165:006142,CD0165,242,海思科医药集团股份有限公司（四川海思科制药有限公司）,是,A,生物医药,生产操作工(制剂)(006142),成都市-温江区,成都市-温江区,四川省,成都市,温江区,成都市,confirmed,生产制造,社会招聘,2026-08-05,,,,,,,,,listing_page,否,low,https://wecruit.hotjob.cn/SU6663b85a1eb8051cd22556e3/pb/social.html,https://wecruit.hotjob.cn/SU6663b85a1eb8051cd22556e3/pb/social.html,是,true,V1.2/V1.3,2026-09-28,2026-09-28,公开招聘中,,2026-09-28,海思科企业专属ATS社招列表：生产类，成都市-温江区，招2人，更新日期2026-08-05；2026-09-28 复测 200 但招聘关键词命中少,
CD0165:006373,CD0165,243,海思科医药集团股份有限公司（四川海思科制药有限公司）,是,A,生物医药,分析研究员(006373),成都市-温江区,成都市-温江区,四川省,成都市,温江区,成都市,confirmed,研发,社会招聘,2026-07-29,,,,,,,,,listing_page,否,low,https://wecruit.hotjob.cn/SU6663b85a1eb8051cd22556e3/pb/social.html,https://wecruit.hotjob.cn/SU6663b85a1eb8051cd22556e3/pb/social.html,是,true,V1.2/V1.3,2026-09-28,2026-09-28,公开招聘中,,2026-09-28,海思科企业专属ATS社招列表：生产类，成都市-温江区，招1人，更新日期2026-07-29；2026-09-28 复测 200 但招聘关键词命中少,
CD0165:006399,CD0165,244,海思科医药集团股份有限公司（四川海思科制药有限公司）,是,A,生物医药,QA专家(体系)(006399),成都市-温江区,成都市-温江区,四川省,成都市,温江区,成都市,confirmed,生产制造,社会招聘,2026-08-03,,,,,,,,,listing_page,否,low,https://wecruit.hotjob.cn/SU6663b85a1eb8051cd22556e3/pb/social.html,https://wecruit.hotjob.cn/SU6663b85a1eb8051cd22556e3/pb/social.html,是,true,V1.2/V1.3,2026-09-28,2026-09-28,公开招聘中,,2026-09-28,海思科企业专属ATS社招列表：生产类，成都市-温江区，招1人，更新日期2026-08-03；2026-09-28 复测 200 但招聘关键词命中少,
CD0165:006766,CD0165,245,海思科医药集团股份有限公司（四川海思科制药有限公司）,是,A,生物医药,人力实习生(006766),成都市,成都市,四川省,成都市,,成都市,confirmed,职能支持,实习,2026-09-23,,,,,,,,,listing_page,否,low,https://wecruit.hotjob.cn/SU6663b85a1eb8051cd22556e3/pb/social.html,https://wecruit.hotjob.cn/SU6663b85a1eb8051cd22556e3/pb/social.html,是,true,V1.2/V1.3,2026-09-28,2026-09-28,公开招聘中,,2026-09-28,海思科企业专属ATS社招列表：运营类，成都市，招1人，更新日期2026-09-23；2026-09-28 复测 200 但招聘关键词命中少,
CD0165:006781,CD0165,246,海思科医药集团股份有限公司（四川海思科制药有限公司）,是,A,生物医药,环保高级主管(006781),成都市-温江区,成都市-温江区,四川省,成都市,温江区,成都市,confirmed,其他,社会招聘,2026-09-24,,,,,,,,,listing_page,否,low,https://wecruit.hotjob.cn/SU6663b85a1eb8051cd22556e3/pb/social.html,https://wecruit.hotjob.cn/SU6663b85a1eb8051cd22556e3/pb/social.html,是,true,V1.2/V1.3,2026-09-28,2026-09-28,公开招聘中,,2026-09-28,海思科企业专属ATS社招列表：生产类，成都市-温江区，招1人，更新日期2026-09-24；2026-09-28 复测 200 但招聘关键词命中少,
CD0165|海思科医药集团股份有限公司（四川海思科制药有限公司）|CTA|成都市,CD0165,247,海思科医药集团股份有限公司（四川海思科制药有限公司）,是,A,生物医药,CTA,成都市,成都市,四川省,成都市,,成都市,confirmed,研发,社会招聘,2026-09-10,,,,,,,,,listing_page,否,low,https://wecruit.hotjob.cn/SU6663b85a1eb8051cd22556e3/pb/social.html,https://wecruit.hotjob.cn/SU6663b85a1eb8051cd22556e3/pb/social.html,是,true,V1.2/V1.3,2026-09-28,2026-09-28,公开招聘中,,2026-09-28,海思科企业专属ATS社招列表：研发类，成都市，招2人，更新日期2026-09-10；2026-09-28 复测 200 但招聘关键词命中少,
CD0165|海思科医药集团股份有限公司（四川海思科制药有限公司）|咖啡师|成都市,CD0165,248,海思科医药集团股份有限公司（四川海思科制药有限公司）,是,A,生物医药,咖啡师,成都市-温江区,成都市-温江区,四川省,成都市,温江区,成都市,confirmed,其他,社会招聘,2026-07-29,,,,,,,,,listing_page,否,low,https://wecruit.hotjob.cn/SU6663b85a1eb8051cd22556e3/pb/social.html,https://wecruit.hotjob.cn/SU6663b85a1eb8051cd22556e3/pb/social.html,是,true,V1.2/V1.3,2026-09-28,2026-09-28,公开招聘中,,2026-09-28,海思科企业专属ATS社招列表：运营类，成都市-温江区，招1人，更新日期2026-07-29；2026-09-28 复测 200 但招聘关键词命中少,
CD0165|海思科医药集团股份有限公司（四川海思科制药有限公司）|研发HRBP|成都市,CD0165,249,海思科医药集团股份有限公司（四川海思科制药有限公司）,是,A,生物医药,研发HRBP,成都市,成都市,四川省,成都市,,成都市,confirmed,职能支持,社会招聘,2026-07-29,,,,,,,,,listing_page,否,low,https://wecruit.hotjob.cn/SU6663b85a1eb8051cd22556e3/pb/social.html,https://wecruit.hotjob.cn/SU6663b85a1eb8051cd22556e3/pb/social.html,是,true,V1.2/V1.3,2026-09-28,2026-09-28,公开招聘中,,2026-09-28,海思科企业专属ATS社招列表：运营类，成都市，招1人，更新日期2026-07-29；2026-09-28 复测 200 但招聘关键词命中少,
CD0166|成都美富特环保产业股份有限公司|售后服务工程师|成都市,CD0166,250,成都美富特环保产业股份有限公司,是,A,新材料,售后服务工程师,金堂淮口（成都市金堂县）,金堂淮口（成都市金堂县）,四川省,成都市,金堂县,成都市,confirmed,其他,社会招聘,2025-02-19,,,,,,,,,listing_page,否,low,http://mft-cn.com/join/68.html,http://mft-cn.com/join/68.html,是,true,V1.2/V1.3,2026-09-28,2026-09-28,公开招聘中,,2026-09-28,官网加入我们页职位「工作地址」写明金堂淮口（属成都市金堂县）,
CD0166|成都美富特环保产业股份有限公司|安全主管|成都市,CD0166,251,成都美富特环保产业股份有限公司,是,A,新材料,安全主管,成都-金牛区、金堂淮口,成都-金牛区、金堂淮口,四川省,成都市,金牛区,成都市,confirmed,其他,社会招聘,2025-02-19,,,,,,,,,listing_page,否,low,http://mft-cn.com/join/68.html,http://mft-cn.com/join/68.html,是,true,V1.2/V1.3,2026-09-28,2026-09-28,公开招聘中,,2026-09-28,官网加入我们页职位「工作地址」写明成都-金牛区、金堂淮口,
CD0166|成都美富特环保产业股份有限公司|实验工程师|成都市,CD0166,252,成都美富特环保产业股份有限公司,是,A,新材料,实验工程师,金堂淮口（成都市金堂县）,金堂淮口（成都市金堂县）,四川省,成都市,金堂县,成都市,confirmed,研发,社会招聘,2025-02-19,,,,,,,,,listing_page,否,low,http://mft-cn.com/join/68.html,http://mft-cn.com/join/68.html,是,true,V1.2/V1.3,2026-09-28,2026-09-28,公开招聘中,,2026-09-28,官网加入我们页职位「工作地址」写明金堂淮口（属成都市金堂县）,
CD0166|成都美富特环保产业股份有限公司|工艺设计工程师|成都市,CD0166,253,成都美富特环保产业股份有限公司,是,A,新材料,工艺设计工程师,成都-金牛区,成都-金牛区,四川省,成都市,金牛区,成都市,confirmed,研发,社会招聘,2025-02-19,,,,,,,,,listing_page,否,low,http://mft-cn.com/join/68.html,http://mft-cn.com/join/68.html,是,true,V1.2/V1.3,2026-09-28,2026-09-28,公开招聘中,,2026-09-28,官网加入我们页职位「工作地址」写明成都-金牛区,
CD0166|成都美富特环保产业股份有限公司|机械工程师|成都市,CD0166,254,成都美富特环保产业股份有限公司,是,A,新材料,机械工程师,成都-金牛区,成都-金牛区,四川省,成都市,金牛区,成都市,confirmed,研发,社会招聘,2025-12-26,,,,,,,,,listing_page,否,low,http://mft-cn.com/join/68.html,http://mft-cn.com/join/68.html,是,true,V1.2/V1.3,2026-09-28,2026-09-28,公开招聘中,,2026-09-28,官网加入我们页职位「工作地址」写明成都-金牛区,
CD0166|成都美富特环保产业股份有限公司|研发工程师|成都市,CD0166,255,成都美富特环保产业股份有限公司,是,A,新材料,研发工程师,金堂淮口（成都市金堂县）,金堂淮口（成都市金堂县）,四川省,成都市,金堂县,成都市,confirmed,研发,社会招聘,2025-02-19,,,,,,,,,listing_page,否,low,http://mft-cn.com/join/68.html,http://mft-cn.com/join/68.html,是,true,V1.2/V1.3,2026-09-28,2026-09-28,公开招聘中,,2026-09-28,官网加入我们页职位「工作地址」写明金堂淮口（属成都市金堂县）；化工/高分子材料/环保相关专业硕士及以上,
CD0167:J13314,CD0167,256,中创新航科技（成都）有限公司,是,A,新能源,BMS应用层软件主任工程师(J13314),"江苏省·常州市,四川省·成都市,上海市","江苏省·常州市,四川省·成都市,上海市",四川省,成都市,,成都市,confirmed,研发,社会招聘,2026-08-31,,,,,,,,,listing_page,否,low,https://calbjs.zhiye.com/social/jobs,https://calbjs.zhiye.com/social/jobs,是,true,V1.2/V1.3,2026-09-28,2026-09-28,公开招聘中,,2026-09-28,企业专属ATS（calbjs.zhiye.com）社招列表工作地点含四川省·成都市（多地点岗位）,
CD0167:J14647,CD0167,257,中创新航科技（成都）有限公司,是,A,新能源,关务专员(J14647),四川省·成都市,四川省·成都市,四川省,成都市,,成都市,confirmed,供应链,社会招聘,2026-09-01,,,,,,,,,listing_page,否,low,https://calbjs.zhiye.com/social/jobs,https://calbjs.zhiye.com/social/jobs,是,true,V1.2/V1.3,2026-09-28,2026-09-28,公开招聘中,,2026-09-28,企业专属ATS（calbjs.zhiye.com）社招列表明确标注工作地点四川省·成都市,
CD0169:2045025333799936001,CD0169,258,成都华神科技集团股份有限公司,是,A,生物医药,综合QA,成都（公司总部）,成都（公司总部）,四川省,成都市,,成都市,inferred,生产制造,社会招聘,2026-04-17,,,,,,,,,direct_detail,是,high,https://oa.huasungrp.com/html/web/jiaruwomen/shehuizhaopin/2045025333799936001.html,https://oa.huasungrp.com/html/web/jiaruwomen/shehuizhaopin/2045025333799936001.html,是,true,V1.2/V1.3,2026-09-28,2026-09-28,公开招聘中,,2026-09-28,企业自有域名招聘详情页，发布时间2026年04月17日；页面「地点」字段为空，工作地按集团成都总部推定；联系电话028-65589479、邮箱 hr@huasungrp.com,
CD0171:968537_379482,CD0171,259,中自科技股份有限公司,是,A,新材料,后端开发工程师（云平台）,成都（成都高新西区古楠街88号）,成都（成都高新西区古楠街88号）,四川省,成都市,高新西区,成都市,inferred,研发,社会招聘,2025-06-05,,,,,,,,,direct_detail,是,high,http://m.sinocat.com.cn/blog/_968537_379482.html,http://m.sinocat.com.cn/692830.html,是,true,V1.2/V1.3,2026-09-28,2026-09-28,公开招聘中,,2026-09-28,官网职位详情页，发布时间2025-06-05；页面未单列工作地点，页脚写明公司成都地址，按此推定,
CD0171|中自科技股份有限公司|AI数字化专家/总监/经理|成都市,CD0171,260,中自科技股份有限公司,是,A,新材料,AI数字化专家/总监/经理,成都市-高新西区,成都市-高新西区,四川省,成都市,高新西区,成都市,confirmed,研发,社会招聘,2026-09-22,,,,,,,,,listing_page,否,low,https://wecruit.hotjob.cn/SU6877128a8131aa76aa0b70da/pb/social.html,https://wecruit.hotjob.cn/SU6877128a8131aa76aa0b70da/pb/social.html,是,true,V1.2/V1.3,2026-09-28,2026-09-28,公开招聘中,,2026-09-28,官方招聘页写明工作地点成都市-高新西区，发布日期2026-09-22；2026-09-28 复测 200 但招聘关键词命中少,
CD0171|中自科技股份有限公司|CAIO（首席AI官）|成都市,CD0171,261,中自科技股份有限公司,是,A,新材料,CAIO（首席AI官）,成都市-高新西区,成都市-高新西区,四川省,成都市,高新西区,成都市,confirmed,其他,社会招聘,2026-09-22,,,,,,,,,listing_page,否,low,https://wecruit.hotjob.cn/SU6877128a8131aa76aa0b70da/pb/social.html,https://wecruit.hotjob.cn/SU6877128a8131aa76aa0b70da/pb/social.html,是,true,V1.2/V1.3,2026-09-28,2026-09-28,公开招聘中,,2026-09-28,中自科技官网「加入中自」跳转的官方招聘页，该职位工作地点写明成都市-高新西区，发布日期2026-09-22；2026-09-28 复测 200 但招聘关键词命中少,
CD0171|中自科技股份有限公司|储能工艺员|成都市,CD0171,262,中自科技股份有限公司,是,A,新材料,储能工艺员,成都市-郫都区,成都市-郫都区,四川省,成都市,郫都区,成都市,confirmed,生产制造,社会招聘,2026-09-22,,,,,,,,,listing_page,否,low,https://wecruit.hotjob.cn/SU6877128a8131aa76aa0b70da/pb/social.html,https://wecruit.hotjob.cn/SU6877128a8131aa76aa0b70da/pb/social.html,是,true,V1.2/V1.3,2026-09-28,2026-09-28,公开招聘中,,2026-09-28,官方招聘页写明工作地点成都市-郫都区，发布日期2026-09-22；2026-09-28 复测 200 但招聘关键词命中少,
CD0171|中自科技股份有限公司|储能测试工程师|成都市,CD0171,263,中自科技股份有限公司,是,A,新材料,储能测试工程师,成都市-郫都区,成都市-郫都区,四川省,成都市,郫都区,成都市,confirmed,测试,社会招聘,2026-09-22,,,,,,,,,listing_page,否,low,https://wecruit.hotjob.cn/SU6877128a8131aa76aa0b70da/pb/social.html,https://wecruit.hotjob.cn/SU6877128a8131aa76aa0b70da/pb/social.html,是,true,V1.2/V1.3,2026-09-28,2026-09-28,公开招聘中,,2026-09-28,官方招聘页写明工作地点成都市-郫都区，发布日期2026-09-22；2026-09-28 复测 200 但招聘关键词命中少,
CD0171|中自科技股份有限公司|储能物流工艺员|成都市,CD0171,264,中自科技股份有限公司,是,A,新材料,储能物流工艺员,成都市-郫都区,成都市-郫都区,四川省,成都市,郫都区,成都市,confirmed,供应链,社会招聘,2026-09-22,,,,,,,,,listing_page,否,low,https://wecruit.hotjob.cn/SU6877128a8131aa76aa0b70da/pb/social.html,https://wecruit.hotjob.cn/SU6877128a8131aa76aa0b70da/pb/social.html,是,true,V1.2/V1.3,2026-09-28,2026-09-28,公开招聘中,,2026-09-28,官方招聘页写明工作地点成都市-郫都区，发布日期2026-09-22；2026-09-28 复测 200 但招聘关键词命中少,
CD0171|中自科技股份有限公司|战略规划经理（新能源/化工/复材方向）|成都市,CD0171,265,中自科技股份有限公司,是,A,新材料,战略规划经理（新能源/化工/复材方向）,成都市-高新西区,成都市-高新西区,四川省,成都市,高新西区,成都市,confirmed,其他,社会招聘,2026-09-22,,,,,,,,,listing_page,否,low,https://wecruit.hotjob.cn/SU6877128a8131aa76aa0b70da/pb/social.html,https://wecruit.hotjob.cn/SU6877128a8131aa76aa0b70da/pb/social.html,是,true,V1.2/V1.3,2026-09-28,2026-09-28,公开招聘中,,2026-09-28,官方招聘页写明工作地点成都市-高新西区，发布日期2026-09-22；2026-09-28 复测 200 但招聘关键词命中少,
CD0171|中自科技股份有限公司|投融资经理|成都市,CD0171,266,中自科技股份有限公司,是,A,新材料,投融资经理,成都市-高新西区,成都市-高新西区,四川省,成都市,高新西区,成都市,confirmed,职能支持,社会招聘,2026-09-22,,,,,,,,,listing_page,否,low,https://wecruit.hotjob.cn/SU6877128a8131aa76aa0b70da/pb/social.html,https://wecruit.hotjob.cn/SU6877128a8131aa76aa0b70da/pb/social.html,是,true,V1.2/V1.3,2026-09-28,2026-09-28,公开招聘中,,2026-09-28,官方招聘页写明工作地点成都市-高新西区，发布日期2026-09-22；2026-09-28 复测 200 但招聘关键词命中少,
CD0172|四川南格尔生物医学股份有限公司|制剂QA|成都市,CD0172,267,四川南格尔生物医学股份有限公司,是,A,医疗器械,制剂QA,成都,成都,四川省,成都市,,成都市,confirmed,生产制造,社会招聘,2026-07-14,,,,,,,,,listing_page,否,low,https://nigale.cn/contact.html,https://nigale.cn/contact.html,是,true,V1.2/V1.3,2026-09-28,2026-09-28,公开招聘中,,2026-09-28,官网联系我们页内嵌招聘职位表：所属部门质量管理部，工作地点成都，招聘4人，发布时间2026-07-14,
CD0174:213,CD0174,268,成都百裕制药股份有限公司,是,A,生物医药,新药化学研究员,成都天府生命科技园,成都天府生命科技园,四川省,成都市,,成都市,confirmed,研发,社会招聘,,,,,,,,,,direct_detail,是,high,https://en.baiyujituan.com/shzp/213.html,https://en.baiyujituan.com/zhaoxiannashi/,是,true,V1.2/V1.3,2026-09-28,2026-09-28,公开招聘中,,2026-09-28,官网招贤纳士-社会招聘列表标注招聘人数2、地点成都天府生命科技园，并可直达详情页,
CD0174:214,CD0174,269,成都百裕制药股份有限公司,是,A,生物医药,管培生（生产）,成都温江区,成都温江区,四川省,成都市,温江区,成都市,confirmed,生产制造,校园招聘,,,,,,,,,,direct_detail,是,high,https://en.baiyujituan.com/xyzp/214.html,https://en.baiyujituan.com/zhaoxiannashi/,是,true,V1.2/V1.3,2026-09-28,2026-09-28,公开招聘中,,2026-09-28,官网招贤纳士-校园招聘列表标注招聘人数3、地点成都温江区，并可直达详情页,
CD0175:51,CD0175,270,成都第一制药有限公司,是,A,生物医药,助理产品经理,成都彭州,成都彭州,四川省,成都市,,成都市,confirmed,产品,社会招聘,,,,,,,,,,direct_detail,是,high,https://www.cddyyy.com/home/join/work_detail?work_id=51,https://www.cddyyy.com/home/join/index?001324,是,true,V1.2/V1.3,2026-09-28,2026-09-28,公开招聘中,,2026-09-28,官网加入我们页标注工作地点成都彭州、招聘人数1，详情页URL带 work_id,
CD0175:52,CD0175,271,成都第一制药有限公司,是,A,生物医药,工艺员,成都彭州,成都彭州,四川省,成都市,,成都市,confirmed,生产制造,社会招聘,,,,,,,,,,direct_detail,是,high,https://www.cddyyy.com/home/join/work_detail?work_id=52,https://www.cddyyy.com/home/join/index?001324,是,true,V1.2/V1.3,2026-09-28,2026-09-28,公开招聘中,,2026-09-28,官网加入我们页标注工作地点成都彭州、招聘人数1，详情页URL带 work_id,
CD0175:53,CD0175,272,成都第一制药有限公司,是,A,生物医药,QA,成都彭州,成都彭州,四川省,成都市,,成都市,confirmed,生产制造,社会招聘,,,,,,,,,,direct_detail,是,high,https://www.cddyyy.com/home/join/work_detail?work_id=53,https://www.cddyyy.com/home/join/index?001324,是,true,V1.2/V1.3,2026-09-28,2026-09-28,公开招聘中,,2026-09-28,官网加入我们页标注工作地点成都彭州、招聘人数2，详情页URL带 work_id,
CD0176|一汽丰田汽车（成都）有限公司|【26届三地招聘】操作工（该岗位通过邮箱投递）|成都市,CD0176,273,一汽丰田汽车（成都）有限公司,是,B,智能制造与装备,【26届三地招聘】操作工（该岗位通过邮箱投递）,成都市-龙泉驿区,成都市-龙泉驿区,四川省,成都市,龙泉驿区,成都市,confirmed,生产制造,校园招聘,2025-09-29,,,,,,,,,listing_page,否,low,https://faw-zhaopin.hotjob.cn/positionList?recruitType=1&projectId=203201,https://faw-zhaopin.hotjob.cn/positionList?recruitType=1&projectId=203201,是,true,V1.2/V1.3,2026-09-28,2026-09-28,公开招聘中,,2026-09-28,中国一汽集团招聘门户（一汽丰田 制造技术 成都市-龙泉驿区，发布时间2025-09-29）；本次静态抓取该页返回0个在招职位，条目来自官方门户检索快照，需人工复核；2026-09-28 复测 200 但招聘关键词命中少,
CD0177|成都特隆美储能技术有限公司|BMS软件工程师|成都市,CD0177,274,成都特隆美储能技术有限公司,是,A,新能源,BMS软件工程师,成都,成都,四川省,成都市,,成都市,confirmed,研发,社会招聘,,,,,,,,,,listing_page,否,low,http://www.tecloman.cn/join/,http://www.tecloman.cn/join/,是,true,V1.2/V1.3,2026-09-28,2026-09-28,公开招聘中,,2026-09-28,官网加入我们页职位表「工作地点」列标注成都，职位类别：技术,
CD0177|成都特隆美储能技术有限公司|外贸销售经理|成都市,CD0177,275,成都特隆美储能技术有限公司,是,A,新能源,外贸销售经理,成都,成都,四川省,成都市,,成都市,confirmed,销售,社会招聘,,,,,,,,,,listing_page,否,low,http://www.tecloman.cn/join/,http://www.tecloman.cn/join/,是,true,V1.2/V1.3,2026-09-28,2026-09-28,公开招聘中,,2026-09-28,官网加入我们页职位表「工作地点」列标注成都，职位类别：销售,
CD0177|成都特隆美储能技术有限公司|工艺工程师|成都市,CD0177,276,成都特隆美储能技术有限公司,是,A,新能源,工艺工程师,成都,成都,四川省,成都市,,成都市,confirmed,生产制造,社会招聘,,,,,,,,,,listing_page,否,low,http://www.tecloman.cn/join/,http://www.tecloman.cn/join/,是,true,V1.2/V1.3,2026-09-28,2026-09-28,公开招聘中,,2026-09-28,官网加入我们页职位表「工作地点」列标注成都，职位类别：技术,
CD0177|成都特隆美储能技术有限公司|测试工程师|成都市,CD0177,277,成都特隆美储能技术有限公司,是,A,新能源,测试工程师,成都,成都,四川省,成都市,,成都市,confirmed,测试,社会招聘,,,,,,,,,,listing_page,否,low,http://www.tecloman.cn/join/,http://www.tecloman.cn/join/,是,true,V1.2/V1.3,2026-09-28,2026-09-28,公开招聘中,,2026-09-28,官网加入我们页职位表「工作地点」列标注成都，职位类别：技术,
CD0177|成都特隆美储能技术有限公司|海外/国内售前技术支持|成都市,CD0177,278,成都特隆美储能技术有限公司,是,A,新能源,海外/国内售前技术支持,成都,成都,四川省,成都市,,成都市,confirmed,其他,社会招聘,,,,,,,,,,listing_page,否,low,http://www.tecloman.cn/join/,http://www.tecloman.cn/join/,是,true,V1.2/V1.3,2026-09-28,2026-09-28,公开招聘中,,2026-09-28,官网加入我们页职位表「工作地点」列标注成都，职位类别：售前,
CD0177|成都特隆美储能技术有限公司|海外/国内售后工程师|成都市,CD0177,279,成都特隆美储能技术有限公司,是,A,新能源,海外/国内售后工程师,成都,成都,四川省,成都市,,成都市,confirmed,其他,社会招聘,,,,,,,,,,listing_page,否,low,http://www.tecloman.cn/join/,http://www.tecloman.cn/join/,是,true,V1.2/V1.3,2026-09-28,2026-09-28,公开招聘中,,2026-09-28,官网加入我们页职位表「工作地点」列标注成都，职位类别：售后,
CD0177|成都特隆美储能技术有限公司|生产工艺工程师|成都市,CD0177,280,成都特隆美储能技术有限公司,是,A,新能源,生产工艺工程师,成都,成都,四川省,成都市,,成都市,confirmed,生产制造,社会招聘,,,,,,,,,,listing_page,否,low,http://www.tecloman.cn/join/,http://www.tecloman.cn/join/,是,true,V1.2/V1.3,2026-09-28,2026-09-28,公开招聘中,,2026-09-28,官网加入我们页职位表「工作地点」列标注成都，职位类别：技术,
CD0177|成都特隆美储能技术有限公司|电力电子软件工程师|成都市,CD0177,281,成都特隆美储能技术有限公司,是,A,新能源,电力电子软件工程师,成都,成都,四川省,成都市,,成都市,confirmed,研发,社会招聘,,,,,,,,,,listing_page,否,low,http://www.tecloman.cn/join/,http://www.tecloman.cn/join/,是,true,V1.2/V1.3,2026-09-28,2026-09-28,公开招聘中,,2026-09-28,官网加入我们页职位表「工作地点」列标注成都，职位类别：技术,
CD0178|成都天台山制药股份有限公司|生产技术员|成都市,CD0178,282,成都天台山制药股份有限公司,是,A,生物医药,生产技术员,成都（邛崃市天兴大道88号）,成都（邛崃市天兴大道88号）,四川省,成都市,邛崃市,成都市,inferred,生产制造,社会招聘,,,,,,,,,,listing_page,否,low,https://www.cdttszy.com/personnel/recruit,https://www.cdttszy.com/personnel/recruit,是,true,V1.2/V1.3,2026-09-28,2026-09-28,公开招聘中,,2026-09-28,官网人才招聘页列出该职位（招5人，制药工程/生物工程/药剂相关专业）；页面未单列工作地点，按公司成都邛崃地址推定,
CD0178|成都天台山制药股份有限公司|监察审计专员|成都市,CD0178,283,成都天台山制药股份有限公司,是,A,生物医药,监察审计专员,成都（邛崃市天兴大道88号）,成都（邛崃市天兴大道88号）,四川省,成都市,邛崃市,成都市,inferred,职能支持,社会招聘,,,,,,,,,,listing_page,否,low,https://www.cdttszy.com/personnel/recruit,https://www.cdttszy.com/personnel/recruit,是,true,V1.2/V1.3,2026-09-28,2026-09-28,公开招聘中,,2026-09-28,官网人才招聘页列出该职位（招1人，财务/审计/法律相关专业）；页面未单列工作地点，按公司成都邛崃地址推定,
CD0178|成都天台山制药股份有限公司|研发技术经理|成都市,CD0178,284,成都天台山制药股份有限公司,是,A,生物医药,研发技术经理,成都（邛崃市天兴大道88号）,成都（邛崃市天兴大道88号）,四川省,成都市,邛崃市,成都市,inferred,研发,社会招聘,,,,,,,,,,listing_page,否,low,https://www.cdttszy.com/personnel/recruit,https://www.cdttszy.com/personnel/recruit,是,true,V1.2/V1.3,2026-09-28,2026-09-28,公开招聘中,,2026-09-28,官网人才招聘页列出该职位（招2人）；页面未单列工作地点，按公司成都邛崃地址推定,
CD0178|成都天台山制药股份有限公司|质量保证QA|成都市,CD0178,285,成都天台山制药股份有限公司,是,A,生物医药,质量保证QA,成都（邛崃市天兴大道88号）,成都（邛崃市天兴大道88号）,四川省,成都市,邛崃市,成都市,inferred,生产制造,社会招聘,,,,,,,,,,listing_page,否,low,https://www.cdttszy.com/personnel/recruit,https://www.cdttszy.com/personnel/recruit,是,true,V1.2/V1.3,2026-09-28,2026-09-28,公开招聘中,,2026-09-28,官网人才招聘页列出该职位（招5人，月薪4000-6000元）；页面未单列工作地点，按公司成都邛崃地址推定,
CD0178|成都天台山制药股份有限公司|质量检测QC|成都市,CD0178,286,成都天台山制药股份有限公司,是,A,生物医药,质量检测QC,成都（邛崃市天兴大道88号）,成都（邛崃市天兴大道88号）,四川省,成都市,邛崃市,成都市,inferred,生产制造,社会招聘,,,,,,,,,,listing_page,否,low,https://www.cdttszy.com/personnel/recruit,https://www.cdttszy.com/personnel/recruit,是,true,V1.2/V1.3,2026-09-28,2026-09-28,公开招聘中,,2026-09-28,官网人才招聘页列出该职位（招5人，月薪4000-6000元）；页面未单列工作地点，按公司成都邛崃地址推定,
CD0179|四川顺丰速运有限公司|产品经理|成都市,CD0179,287,四川顺丰速运有限公司,是,A,物流供应链,产品经理,成都市,成都市,四川省,成都市,,成都市,confirmed,产品,社会招聘,2026-09-20,,,,,,,,,listing_page,否,low,https://hr.sf-express.com/jobMainHandler/main/baseinfo.do,https://crs-pub.sf-express.com/recruitcenter/?role=3,是,true,V1.2/V1.3,2026-09-28,2026-09-28,公开招聘中,,2026-09-28,顺丰自有域名招聘系统社招职位列表：产品经理 15k-25k 成都市 5-10年 本科 顺丰集团本部，更新2026-09-20,
"CD0181|EVS Tech Co., Ltd.|调试工程师|页面未说明（公司地址为四川省成都市金牛区金凤大道666号中国铁路工业园A区13号楼3单元5楼）",CD0181,288,"EVS Tech Co., Ltd.",是,A,智能制造与装备,调试工程师,页面未说明,页面未说明,四川省,成都市,金牛区,成都市,not_available,生产,社会招聘,页面未说明,页面未说明（原文仅写「谈判」，未标注具体薪资区间）,页面未说明,页面未说明,页面未说明,页面未说明,受聘为调试工程师，确保项目无缝启动，运用技术实力并关注细节。,技术专长：了解机器人技术、自动化和调试；实践经验：安装、配置机械臂并排除故障；注重细节：遵循程序并确保安全标准；有钢结构行业客户资源和经验者优先考虑。,页面未说明,listing_page,否,not_available,,https://www.evsint.com/zh-CN/recruitment/,是,true,A类·企业官方,2026-09-27,2026-09-27,公开招聘中,是,2026-09-27,页面原文为英文，已原样翻译摘录。；公司地址为四川省成都市金牛区金凤大道666号中国铁路工业园A区13号楼3单元5楼；该职位仅有列表页来源，无独立详情页,
"CD0181|EVS Tech Co., Ltd.|销售工程师|页面未说明（公司地址为四川省成都市金牛区金凤大道666号中国铁路工业园A区13号楼3单元5楼）",CD0181,289,"EVS Tech Co., Ltd.",是,A,智能制造与装备,销售工程师,页面未说明,页面未说明,四川省,成都市,金牛区,成都市,not_available,销售,社会招聘,页面未说明,页面未说明（原文仅写「谈判」，未标注具体薪资区间）,页面未说明,页面未说明,页面未说明,页面未说明,加入我们，成为一名销售工程师，利用您的技术专长和销售敏锐度，推动技术前沿解决方案以满足客户需求。,技术背景：了解机器人技术和机械工程；销售经验：具有技术产品销售成功经验；产品专业知识：对我们的机械臂有深入的了解；沟通技巧：建立融洽关系并清楚地解释技术细节；有钢结构行业客户资源和经验者优先考虑。,页面未说明,listing_page,否,not_available,,https://www.evsint.com/zh-CN/recruitment/,是,true,A类·企业官方,2026-09-27,2026-09-27,公开招聘中,是,2026-09-27,页面原文为英文，已原样翻译摘录；未标注工作地与学历经验。；公司地址为四川省成都市金牛区金凤大道666号中国铁路工业园A区13号楼3单元5楼；该职位仅有列表页来源，无独立详情页,
CD0184|中国重汽集团成都王牌商用车有限公司|EE架构工程师|页面未说明（企业办公地为成都市青白江区弥牟镇长城路8号）,CD0184,290,中国重汽集团成都王牌商用车有限公司,是,A,智能制造与装备,EE架构工程师,页面未说明,页面未说明,四川省,成都市,青白江区,成都市,not_available,研发,社会招聘,2026-02-25,页面未说明,页面未说明,页面未说明,2人,2人,公告正文仅列出岗位名称与人数，具体职责见随公告发布的《社会招聘需求汇总表.xlsx》。,公告仅规定基本条件，未列具体专业与经验。,页面未说明,listing_page,否,not_available,,https://cdw.sinotruk.com/cdwp/2024-04/08/article_2026031616585338045.html,是,true,A类·企业官方,2026-09-27,2026-09-27,公开招聘中,是,2026-09-27,官网正文未提供逐条职责。；企业办公地为成都市青白江区弥牟镇长城路8号；该职位仅有列表页来源，无独立详情页,
CD0184|中国重汽集团成都王牌商用车有限公司|VCU应用层软件开发工程师|页面未说明（企业办公地为成都市青白江区弥牟镇长城路8号）,CD0184,291,中国重汽集团成都王牌商用车有限公司,是,A,智能制造与装备,VCU应用层软件开发工程师,页面未说明,页面未说明,四川省,成都市,青白江区,成都市,not_available,研发,社会招聘,2026-02-25,页面未说明,页面未说明,页面未说明,2人,2人,公告正文仅列出岗位名称与人数，具体职责见随公告发布的《社会招聘需求汇总表.xlsx》。,公告仅规定基本条件，未列具体专业与经验。,页面未说明,listing_page,否,not_available,,https://cdw.sinotruk.com/cdwp/2024-04/08/article_2026031616585338045.html,是,true,A类·企业官方,2026-09-27,2026-09-27,公开招聘中,是,2026-09-27,官网正文未提供逐条职责。；企业办公地为成都市青白江区弥牟镇长城路8号；该职位仅有列表页来源，无独立详情页,
CD0184|中国重汽集团成都王牌商用车有限公司|三电系统匹配集成工程师|页面未说明（企业办公地为成都市青白江区弥牟镇长城路8号）,CD0184,292,中国重汽集团成都王牌商用车有限公司,是,A,智能制造与装备,三电系统匹配集成工程师,页面未说明,页面未说明,四川省,成都市,青白江区,成都市,not_available,研发,社会招聘,2026-02-25,页面未说明,页面未说明,页面未说明,2人,2人,公告正文仅列出岗位名称与人数，具体职责见随公告发布的《社会招聘需求汇总表.xlsx》。,公告仅规定基本条件，未列具体专业与经验。,页面未说明,listing_page,否,not_available,,https://cdw.sinotruk.com/cdwp/2024-04/08/article_2026031616585338045.html,是,true,A类·企业官方,2026-09-27,2026-09-27,公开招聘中,是,2026-09-27,官网正文未提供逐条职责。；企业办公地为成都市青白江区弥牟镇长城路8号；该职位仅有列表页来源，无独立详情页,
CD0184|中国重汽集团成都王牌商用车有限公司|整车总布置工程师|页面未说明（企业办公地为成都市青白江区弥牟镇长城路8号）,CD0184,293,中国重汽集团成都王牌商用车有限公司,是,A,智能制造与装备,整车总布置工程师,页面未说明,页面未说明,四川省,成都市,青白江区,成都市,not_available,研发,社会招聘,2026-02-25,页面未说明,页面未说明,页面未说明,4人,4人,公告正文仅列出岗位名称与人数，01 岗位职责见随公告发布的《社会招聘需求汇总表.xlsx》，官网正文未展开。,公告仅规定基本条件：政治素养好、自觉遵守党纪国法与各项规章制度、能适应高强度工作、有较强抗压与沟通能力。,页面未说明,listing_page,否,not_available,,https://cdw.sinotruk.com/cdwp/2024-04/08/article_2026031616585338045.html,是,true,A类·企业官方,2026-09-27,2026-09-27,公开招聘中,是,2026-09-27,官网正文未提供逐条职责；详细要求以所附 xlsx 附件为准，已按红线不推测。；企业办公地为成都市青白江区弥牟镇长城路8号；该职位仅有列表页来源，无独立详情页,
CD0184|中国重汽集团成都王牌商用车有限公司|新能源附件设计岗|成都市青白江区,CD0184,294,中国重汽集团成都王牌商用车有限公司,是,A,智能制造与装备,新能源附件设计岗,成都市青白江区,成都市青白江区,四川省,成都市,青白江区,成都市,confirmed,研发,社会招聘,页面未说明,页面未说明,页面未说明,2026届本、硕学历优秀毕业生,5人,5人,2026届校园招聘需求岗位之一，官网公告未展开岗位职责；同批还有驻外营销岗（国内、海外）。,车辆工程、新能源汽车工程、智能车辆工程、机械电子工程、机械工程、机械设计制造及其自动化等相关专业。,页面未说明,listing_page,否,not_available,,https://cdw.sinotruk.com/cdwp/2024-04/08/article_2024040810113810333.html,是,true,A类·企业官方,2026-09-27,2026-09-27,公开招聘中,是,2026-09-27,同站另一篇《2026届校园招聘公告》（article_2024040810113810333）实测 200，含该岗位；与本条社会招聘为不同公告。；该职位仅有列表页来源，无独立详情页,
CD0184|中国重汽集团成都王牌商用车有限公司|智能座舱工程师|页面未说明（企业办公地为成都市青白江区弥牟镇长城路8号）,CD0184,295,中国重汽集团成都王牌商用车有限公司,是,A,智能制造与装备,智能座舱工程师,页面未说明,页面未说明,四川省,成都市,青白江区,成都市,not_available,研发,社会招聘,2026-02-25,页面未说明,页面未说明,页面未说明,1人,1人,公告正文仅列出岗位名称与人数，具体职责见随公告发布的《社会招聘需求汇总表.xlsx》。,公告仅规定基本条件，未列具体专业与经验。,页面未说明,listing_page,否,not_available,,https://cdw.sinotruk.com/cdwp/2024-04/08/article_2026031616585338045.html,是,true,A类·企业官方,2026-09-27,2026-09-27,公开招聘中,是,2026-09-27,官网正文未提供逐条职责。；企业办公地为成都市青白江区弥牟镇长城路8号；该职位仅有列表页来源，无独立详情页,
CD0184|中国重汽集团成都王牌商用车有限公司|驻外营销岗（国内）|国内办事处,CD0184,296,中国重汽集团成都王牌商用车有限公司,是,A,智能制造与装备,驻外营销岗（国内）,国内办事处,国内办事处,四川省,成都市,青白江区,成都市,inferred,销售,社会招聘,页面未说明,页面未说明,页面未说明,2026届本、硕学历优秀毕业生,15人,15人,2026届校园招聘需求岗位之一，官网公告未展开岗位职责。,车辆工程、汽车服务工程、市场营销、机械类、材料类、能源动力类（发动机类）等相关专业。,页面未说明,listing_page,否,not_available,,https://cdw.sinotruk.com/cdwp/2024-04/08/article_2024040810113810333.html,是,true,A类·企业官方,2026-09-27,2026-09-27,公开招聘中,是,2026-09-27,工作地为「国内办事处」，非成都。；该职位仅有列表页来源，无独立详情页,
CD0184|中国重汽集团成都王牌商用车有限公司|驻外营销岗（海外）|国际办事处,CD0184,297,中国重汽集团成都王牌商用车有限公司,是,A,智能制造与装备,驻外营销岗（海外）,国际办事处,国际办事处,四川省,成都市,青白江区,成都市,inferred,销售,社会招聘,页面未说明,页面未说明,页面未说明,2026届本、硕学历优秀毕业生,5人,5人,2026届校园招聘需求岗位之一，官网公告未展开岗位职责。,车辆工程、汽车服务工程、国际经济与贸易、机械类、外语类、材料类、能源动力类（发动机类）等相关专业。,页面未说明,listing_page,否,not_available,,https://cdw.sinotruk.com/cdwp/2024-04/08/article_2024040810113810333.html,是,true,A类·企业官方,2026-09-27,2026-09-27,公开招聘中,是,2026-09-27,工作地为「国际办事处」，非成都。；该职位仅有列表页来源，无独立详情页,
CD0186|中铁二院工程集团有限责任公司|人工智能开发工程师|成都（公告未写明具体办公地址）,CD0186,298,中铁二院工程集团有限责任公司,是,A,建筑与工程,人工智能开发工程师,成都（公告未写明具体办公地址）,成都（公告未写明具体办公地址）,四川省,成都市,,成都市,inferred,研发,社会招聘,2025-07-18,页面未说明,公告未列该岗工作年限,页面未说明,1名,1名,页面未说明,页面未说明,页面未说明,listing_page,否,not_available,https://www.creegc.com/tabid/83/InfoID/5562/frtid/40/Default.aspx,https://www.creegc.com/tabid/83/InfoID/5562/frtid/40/Default.aspx,是,true,A类·企业官方,2026-09-27,2026-09-27,公开招聘中,是,2026-09-27,公告原文：技术工程师2名（人工智能开发工程师、系统架构工程师各1名），正文未给出该岗独立职责与条件。,
CD0186|中铁二院工程集团有限责任公司|副总工程师（大数据方向）|成都（公告未写明具体办公地址）,CD0186,299,中铁二院工程集团有限责任公司,是,A,建筑与工程,副总工程师（大数据方向）,成都（公告未写明具体办公地址）,成都（公告未写明具体办公地址）,四川省,成都市,,成都市,inferred,研发,社会招聘,2025-07-18,页面未说明,8年及以上大数据产品或数据中台相关工作经验；具有央企三级企业中层正职及以上或中层副职满2年任职经历；年龄不超过45周岁,大学本科及以上文化程度，计算机、统计学、信息管理等相关专业背景,1名,1名,负责数智技术攻关与产品研发，掌握Hadoop、Spark、Flink等大数据框架与数据仓库、ETL、数据挖掘和机器学习算法，具备团队组织协调能力。,本科及以上；高级及以上职称；8年及以上大数据/数据中台经验；相应任职经历；无违纪违法。,页面未说明,listing_page,否,not_available,https://www.creegc.com/tabid/83/InfoID/5562/frtid/40/Default.aspx,https://www.creegc.com/tabid/83/InfoID/5562/frtid/40/Default.aspx,是,true,A类·企业官方,2026-09-27,2026-09-27,公开招聘中,是,2026-09-27,公告原文：副总工程师2名（大数据方向、管理信息化方向各1名）。,
CD0186|中铁二院工程集团有限责任公司|副总工程师（管理信息化方向）|成都（公告未写明具体办公地址）,CD0186,300,中铁二院工程集团有限责任公司,是,A,建筑与工程,副总工程师（管理信息化方向）,成都（公告未写明具体办公地址）,成都（公告未写明具体办公地址）,四川省,成都市,,成都市,inferred,研发,社会招聘,2025-07-18,页面未说明,公告未单列该方向工作年限（与大数据方向同属副总工程师序列，条件见公告原文）,大学本科及以上（管理信息化方向要求计算机相关专业教育背景）,1名,1名,负责管理信息化领域技术工作，推动企业技术革新与管理提升（详见集团招聘公告原文）。,公告未逐条列全，已核公告原文要求：政治素质、创新意识、高级及以上职称、年龄不超过45周岁、无违纪违法行为。,页面未说明,listing_page,否,not_available,https://www.creegc.com/tabid/83/InfoID/5562/frtid/40/Default.aspx,https://www.creegc.com/tabid/83/InfoID/5562/frtid/40/Default.aspx,是,true,A类·企业官方,2026-09-27,2026-09-27,公开招聘中,是,2026-09-27,公告原文：副总工程师2名（大数据方向、管理信息化方向各1名）；该方向具体工作年限条件在公告正文中未完整呈现，仅按已核到的学历、职称、年龄条件填写。,
CD0186|中铁二院工程集团有限责任公司|数智工程研究院副院长|成都（公告未写明具体办公地址）,CD0186,301,中铁二院工程集团有限责任公司,是,A,建筑与工程,数智工程研究院副院长,成都（公告未写明具体办公地址）,成都（公告未写明具体办公地址）,四川省,成都市,,成都市,inferred,管理,社会招聘,2025-07-18,页面未说明,10年及以上数智化等领域工作经验，5年及以上相关部门或团队管理经验；具有央企二级企业中层副职及以上或下一层级正职满3年任职经历；年龄男≤48周岁、女≤44周岁,大学本科及以上文化程度，计算机或工程技术等相关专业背景,1名,1名,负责数智工程研究院整体技术与管理工作中，牵头研发技术水平提升、行业知识沉淀、技术战略制定与团队建设经营。,本科及以上；高级及以上职称或相当层级资格；10年经验+5年团队管理；央企二级中层副职经历；无违纪违法；身心健康。,页面未说明,listing_page,否,not_available,https://www.creegc.com/tabid/83/InfoID/5562/frtid/40/Default.aspx,https://www.creegc.com/tabid/83/InfoID/5562/frtid/40/Default.aspx,是,true,A类·企业官方,2026-09-27,2026-09-27,公开招聘中,是,2026-09-27,公告发布日期2025-07-18（官网页面显示『点击量：37450　2025-07-18』）；公告正文全文已抓取解析。,
CD0186|中铁二院工程集团有限责任公司|系统架构工程师|成都（公告未写明具体办公地址）,CD0186,302,中铁二院工程集团有限责任公司,是,A,建筑与工程,系统架构工程师,成都（公告未写明具体办公地址）,成都（公告未写明具体办公地址）,四川省,成都市,,成都市,inferred,研发,社会招聘,2025-07-18,页面未说明,公告未列该岗工作年限,页面未说明,1名,1名,页面未说明,页面未说明,页面未说明,listing_page,否,not_available,https://www.creegc.com/tabid/83/InfoID/5562/frtid/40/Default.aspx,https://www.creegc.com/tabid/83/InfoID/5562/frtid/40/Default.aspx,是,true,A类·企业官方,2026-09-27,2026-09-27,公开招聘中,是,2026-09-27,公告原文：技术工程师2名（人工智能开发工程师、系统架构工程师各1名）。,
CD0191|友利银行（中国）有限公司成都分行|一般行员|成都市武侯区,CD0191,303,友利银行（中国）有限公司成都分行,是,A,金融科技,一般行员,成都市武侯区,成都市武侯区,四川省,成都市,武侯区,成都市,confirmed,职能,社会招聘,页面未说明,页面未说明,应届生或有1-5年工作经验,全日制本科及以上学历,页面未说明,页面未说明,页面未说明,全日制本科及以上学历，专业不限，韩语/经济/会计/法律专业优先；年龄30周岁以下；熟练使用计算机与OFFICE软件；具备较强逻辑思维与沟通能力,六险一金、带薪年假、定期体检、节日福利,listing_page,否,not_available,,https://www.wooribankchina.com/woori/gyyl/rczp/zpsy/zpsys/10588.html,是,true,A类·企业官方,2026-09-27,2026-09-27,公开招聘中,是,2026-09-27,岗位名称、学历、经验、福利、工作地均照抄官网招聘公告原文；公告截止日期2026.7.17，正文未列岗位职责，job_desc 填页面未说明。；该职位仅有列表页来源，无独立详情页,
CD0192|四川众信互联科技有限公司|UI/UX设计师|成都,CD0192,304,四川众信互联科技有限公司,是,A,软件与互联网服务,UI/UX设计师,成都,成都,四川省,成都市,高新区,成都市,inferred,设计,社会招聘,页面未说明,8-13K/月,2年以上UI/UX设计经验,本科及以上学历，设计相关专业,页面未说明,页面未说明,负责公司产品的UI/UX设计工作；参与产品需求分析和设计评审；设计产品界面，提升用户体验；与开发团队协作，确保设计方案的实现。,本科及以上学历，设计相关专业，2年以上UI/UX设计经验，熟练使用Figma、Sketch等设计工具，具有良好的审美能力和用户体验意识。,页面未说明,listing_page,否,not_available,https://yesuts.com/html/rczp/,https://yesuts.com/html/rczp/,是,true,A类·企业官方,2026-09-27,2026-09-27,公开招聘中,是,2026-09-27,原文取自官网人才招聘页『UI/UX设计师 成都 全职 8-13K/月』。无独立详情页，job_url 填官方招聘入口。,
CD0192|四川众信互联科技有限公司|前端开发工程师|成都,CD0192,305,四川众信互联科技有限公司,是,A,软件与互联网服务,前端开发工程师,成都,成都,四川省,成都市,高新区,成都市,inferred,研发,社会招聘,页面未说明,10-15K/月,2年以上前端开发经验,本科及以上学历，计算机相关专业,页面未说明,页面未说明,负责公司产品的前端开发工作；参与产品需求分析和设计；优化前端性能，提升用户体验；与后端团队协作，完成产品开发。,本科及以上学历，计算机相关专业，2年以上前端开发经验，熟练掌握HTML、CSS、JavaScript等前端技术，熟悉React、Vue等前端框架。,页面未说明,listing_page,否,not_available,https://yesuts.com/html/rczp/,https://yesuts.com/html/rczp/,是,true,A类·企业官方,2026-09-27,2026-09-27,公开招聘中,是,2026-09-27,原文取自官网人才招聘页服务端渲染文本『前端开发工程师 成都 全职 10-15K/月』。官网无独立职位详情页，job_url 填官方招聘入口（企业官方域名）。,
CD0192|四川众信互联科技有限公司|后端开发工程师|成都,CD0192,306,四川众信互联科技有限公司,是,A,软件与互联网服务,后端开发工程师,成都,成都,四川省,成都市,高新区,成都市,inferred,研发,社会招聘,页面未说明,12-18K/月,3年以上后端开发经验,本科及以上学历，计算机相关专业,页面未说明,页面未说明,负责公司产品的后端开发工作；参与系统架构设计和优化；编写高质量、可维护的代码；与前端团队协作，完成产品开发。,本科及以上学历，计算机相关专业，3年以上后端开发经验，熟练掌握Java、Python等后端语言，熟悉Spring、Django等后端框架。,页面未说明,listing_page,否,not_available,https://yesuts.com/html/rczp/,https://yesuts.com/html/rczp/,是,true,A类·企业官方,2026-09-27,2026-09-27,公开招聘中,是,2026-09-27,原文取自官网人才招聘页『后端开发工程师 成都 全职 12-18K/月』。无独立详情页，job_url 填官方招聘入口。,
CD0196|四川川润股份有限公司|设备维修工（校招）|成都（郫都）,CD0196,307,四川川润股份有限公司,是,A,智能制造与装备,设备维修工（校招）,成都（郫都）,成都（郫都）,四川省,成都市,郫都区,成都市,inferred,生产,社会招聘,页面未说明,4-6k,页面未说明,大专及以上，机电一体化、设备维修等相关专业,页面未说明,页面未说明,负责车间生产设备日常巡检、保养，排查设备故障，及时完成维修；记录设备故障台账，分析高频故障，落实预防性维护；配合完成设备技改、改造安装调试。,大专及以上，机电一体化、设备维修等相关专业，懂机械、电气基础；具备设备点检与故障排查基础认知，有设备拆装实训经验优先；能适应车间现场作业，服从排班。,页面未说明,direct_detail,是,medium,http://job.sccrun.com/JobCenter/Detail/161,http://job.sccrun.com/JobCenter,是,true,A类·企业官方,2026-09-27,2026-09-27,公开招聘中,是,2026-09-27,详情页实测 200；用工主体为川润液压，校园招聘岗位；联系电话 028-87893566。,
"CD0196|四川川润股份有限公司|设计工程师（电气）|成都（郫都）,自贡",CD0196,308,四川川润股份有限公司,是,A,智能制造与装备,设计工程师（电气）,"成都（郫都）,自贡","成都（郫都）,自贡",四川省,成都市,郫都区,成都市,inferred,研发,社会招聘,页面未说明,6K-12K,3年以上经验,本科及以上，电气、热控自动化相关或相近专业,页面未说明,页面未说明,贯彻执行公司管理制度；协助销售部技术推广；编制投标技术方案、技术标书、图纸、设备清册；负责招标技术评审、技术协议签订及核心设备监造与现场技术服务。,本科及以上学历，电气、热控自动化相关或相近专业，接受过项目管理等方面培训；3年以上经验。,五险一金、生日福利、节假日福利、补充医疗保险、半年度奖金、年度奖金、定期团建、工作餐、工作服、可提供住宿、上市公司、平台大、发展机会多、上五休二,direct_detail,是,medium,http://job.sccrun.com/JobCenter/Detail/68,http://job.sccrun.com/JobCenter,是,true,A类·企业官方,2026-09-27,2026-09-27,公开招聘中,是,2026-09-27,详情页实测 200；工作地含自贡。,
"CD0196|四川川润股份有限公司|设计工程师（脱硫脱硝）|成都（郫都）,自贡",CD0196,309,四川川润股份有限公司,是,A,智能制造与装备,设计工程师（脱硫脱硝）,"成都（郫都）,自贡","成都（郫都）,自贡",四川省,成都市,郫都区,成都市,inferred,研发,社会招聘,页面未说明,6K-12K,页面未说明,本科及以上，机械专业,页面未说明,页面未说明,对项目的环境因素进行审计检查与控制策划，做出环境评估并提供意见；针对项目施工特点制定环保防控措施；负责环保水保教育培训与信息交流。,本科及以上学历，机械专业，能依据项目执行单、技术协议书、设计输入资料完成材料预估、技术设计、施工图设计并输出图纸资料上传PLM。,五险一金、生日福利、节假日福利、补充医疗保险、半年度奖金、年度奖金、定期团建、工作餐、工作服、可提供住宿、上市公司、平台大、发展机会多、上五休二,direct_detail,是,medium,http://job.sccrun.com/JobCenter/Detail/67,http://job.sccrun.com/JobCenter,是,true,A类·企业官方,2026-09-27,2026-09-27,公开招聘中,是,2026-09-27,详情页实测 200；工作地含自贡。,
"CD0196|四川川润股份有限公司|设计工程师（锅炉、容器）|成都（郫都）,自贡",CD0196,310,四川川润股份有限公司,是,A,智能制造与装备,设计工程师（锅炉、容器）,"成都（郫都）,自贡","成都（郫都）,自贡",四川省,成都市,郫都区,成都市,inferred,研发,社会招聘,页面未说明,6-12K,页面未说明,本科及以上，机械专业,页面未说明,页面未说明,负责设计产品生产和销售过程中的技术问题；负责执行国家/地方/行业/企业技术标准并参与制定、修改企业技术标准。,本科及以上学历，机械专业，能依据项目执行单等完成材料预估、技术设计、施工图设计并输出图纸上传PLM；熟悉锅炉、容器制造标准与工艺流程。,五险一金、生日福利、节假日福利、补充医疗保险、半年度奖金、年度奖金、定期团建、工作餐、工作服、可提供住宿、上市公司、平台大、发展机会多、上五休二,direct_detail,是,medium,http://job.sccrun.com/JobCenter/Detail/70,http://job.sccrun.com/JobCenter,是,true,A类·企业官方,2026-09-27,2026-09-27,公开招聘中,是,2026-09-27,详情页实测 200；工作地含自贡。,
"CD0196|四川川润股份有限公司|设计工程师（项目经理）|成都（郫都）,自贡",CD0196,311,四川川润股份有限公司,是,A,智能制造与装备,设计工程师（项目经理）,"成都（郫都）,自贡","成都（郫都）,自贡",四川省,成都市,郫都区,成都市,inferred,研发,社会招聘,页面未说明,7K-14K,从事锅炉、电站、容器项目管理工作3年以上，能适应长期出差,专科以上，热能、机械技术类相关专业,页面未说明,页面未说明,项目制度、规范管理及项目管理体系建立；项目立项评审、实施规划及团队管理；项目指导协调监督及管控；项目竣工验收及审计、项目资料管理。,专科以上学历，热能、机械技术类相关专业；从事锅炉、电站、容器项目管理工作3年以上；能适应长期出差。,五险一金、生日福利、节假日福利、补充医疗保险、半年度奖金、年度奖金、定期团建、工作餐、工作服、可提供住宿、上市公司、平台大、发展机会多、上五休二,direct_detail,是,medium,http://job.sccrun.com/JobCenter/Detail/69,http://job.sccrun.com/JobCenter,是,true,A类·企业官方,2026-09-27,2026-09-27,公开招聘中,是,2026-09-27,详情页实测 200；工作地含自贡。,
CD0196|四川川润股份有限公司|锅炉设计工程师|成都（郫都）,CD0196,312,四川川润股份有限公司,是,A,智能制造与装备,锅炉设计工程师,成都（郫都）,成都（郫都）,四川省,成都市,郫都区,成都市,inferred,研发,社会招聘,页面未说明,6-12K,3年以上锅炉设计、气化炉设计等相关设计经历（应届毕业生工作经验不作要求）,本科及以上，热能工程、机械设计等相关专业,页面未说明,页面未说明,贯彻执行公司的各项管理制度并参与拟订、修改、实施细则；按时保质保量完成研发和设计任务；负责执行国家/地方/行业/企业技术标准及设计产品生产和销售过程中的技术问题。,本科及以上学历，热能工程、机械设计等相关专业，应届毕业生亦可；3年以上锅炉设计、气化炉设计经历；熟练掌握AutoCAD与Office；品行端正、责任心强。,五险一金、生日福利、节假日福利、补充医疗保险、半年度奖金、年度奖金、定期团建、工作餐、工作服、可提供住宿、上市公司、平台大、发展机会多、上五休二,direct_detail,是,medium,http://job.sccrun.com/JobCenter/Detail/6,http://job.sccrun.com/JobCenter,是,true,A类·企业官方,2026-09-27,2026-09-27,公开招聘中,是,2026-09-27,详情页实测 200，职位福利、联系电话（0813-5116655）、投递邮箱 jthr@chuanrun.com 均为页面原文。,
CD0197|四川师范大学|公开考核招聘事业单位工作人员|四川省成都市锦江区静安路5号,CD0197,313,四川师范大学,是,A,教育,公开考核招聘事业单位工作人员,四川省成都市锦江区静安路5号,四川省成都市锦江区静安路5号,四川省,成都市,锦江区,成都市,confirmed,研发,社会招聘,2026-01-29,页面未说明,最低服务年限、工作经历年限计算截至2026年1月30日；副高职称年龄放宽至1981年1月30日及以后出生，正高放宽至1976年1月30日及以后出生,2026年12月31日前取得研究生学历和博士学位,126名,126名,承担教学、科研等事业单位岗位工作（具体岗位见《四川师范大学2026年考核招聘工作人员岗位和条件要求一览表》）。,中国国籍、遵纪守法、品行端正；学历学位与岗位要求两栏分别相符；职称与年龄符合岗位表规定；每人限报一个岗位。,页面未说明,direct_detail,是,high,https://rsc.sicnu.edu.cn/p/68/?StId=st_app_news_i_x639053162239142741,https://rsc.sicnu.edu.cn/p/10/,是,true,A类·企业官方,2026-09-27,2026-09-27,公开招聘中,是,2026-09-27,公告页实测200（78673字节），发布时间2026-01-29 20:42:14，报名截止2026年10月31日，报名入口为人事处『人才招聘系统』。具体岗位名见附件表格，job_desc 按公告概括。,
CD0201|四川永星电子有限公司|PC、MC|成都,CD0201,314,四川永星电子有限公司,是,A,电子信息制造,PC、MC,成都,成都,四川省,成都市,新都区,成都市,inferred,生产,社会招聘,2022-07-14,页面未说明,一年以上制造业PMC工作经历,页面未说明,9,9,1、生产计划的制订；2、对物料的使用情况进行跟踪、考核；3、对生产和物料计划执行情况进行统计分析，识别问题（页面岗位职责摘要）,1、生产管理类、电子类相关专业；2、一年以上制造业PMC工作经历；3、熟练使用办公软件（页面任职要求摘要）,年薪：具有竞争力的薪酬、六险一金、带薪年假，节日慰问，定期体检,listing_page,否,not_available,https://china-yongxing.com/recruitment.aspx?category_id=5,https://china-yongxing.com/recruitment.aspx?category_id=5,是,true,A类·企业官方,2026-09-27,2026-09-27,公开招聘中,是,2026-09-27,岗位名按页面表格原文照抄为『PC、MC』。,
CD0201|四川永星电子有限公司|电子元器件研发工程师|成都,CD0201,315,四川永星电子有限公司,是,A,电子信息制造,电子元器件研发工程师,成都,成都,四川省,成都市,新都区,成都市,inferred,研发,社会招聘,2022-07-14,页面未说明,两年以上电子元器件研制开发工作经验；另一条同名为岗位要求一年以上工作经验（页面两行原文不一致）,全日制本科及以上（任职要求第1条）,9,9,1、承担产品研发任务，执行技术质量管理标准；2、负责产品的工艺完善和技术改进；3、负责处理产品生产过程中出现的技术、质量问题（页面岗位职责第1-3条摘要）,1、全日制本科及以上学历，电子元器件与材料类、机械类、微波类相关专业；2、具有两年以上电子元器件研制开发工作经验，熟悉电子元器件产品标准（国标、国家军用标准等）（页面任职要求摘要）,年薪：具有竞争力的薪酬、六险一金、带薪年假，节日慰问，定期体检,listing_page,否,not_available,https://china-yongxing.com/recruitment.aspx?category_id=5,https://china-yongxing.com/recruitment.aspx?category_id=5,是,true,A类·企业官方,2026-09-27,2026-09-27,公开招聘中,是,2026-09-27,页面该岗出现两行（职责与要求略有差异），均在表格中；表格『工作区域』列原文为成都。,
CD0201|四川永星电子有限公司|网络管理工程师|成都,CD0201,316,四川永星电子有限公司,是,A,电子信息制造,网络管理工程师,成都,成都,四川省,成都市,新都区,成都市,inferred,职能,社会招聘,2022-07-14,页面未说明,一年以上网络管理工作经验,本科（计算机应用及相关专业）,9,9,1、负责公司局域网系统的运行和维护，负责K3系统的正常运行；2、负责公司软件、硬件、耗材管理；3、负责公司电脑的维护（页面岗位职责摘要）,1、本科学历，计算机应用及相关专业；2、一年以上网络管理工作经验（页面任职要求摘要）,年薪：具有竞争力的薪酬、六险一金、带薪年假，节日慰问，定期体检,listing_page,否,not_available,https://china-yongxing.com/recruitment.aspx?category_id=5,https://china-yongxing.com/recruitment.aspx?category_id=5,是,true,A类·企业官方,2026-09-27,2026-09-27,公开招聘中,是,2026-09-27,岗位名与要求原文均照抄页面。,
CD0201|四川永星电子有限公司|设备管理工程师|成都,CD0201,317,四川永星电子有限公司,是,A,电子信息制造,设备管理工程师,成都,成都,四川省,成都市,新都区,成都市,inferred,生产,社会招聘,2022-07-14,页面未说明,一年以上制造类企业的设备管理工作经验,页面未说明,9,9,1、负责公司设备的改造、更新、维修、封存、转让和报废等工作；2、负责设备年度考核指标、二级保养计划及设备周检计划的制定、下发和执行情况的考核（页面岗位职责摘要）,1、机械、电气类相关专业；2、一年以上制造类企业的设备管理工作经验（页面任职资格摘要）,年薪：具有竞争力的薪酬、六险一金、带薪年假，节日慰问，定期体检,listing_page,否,not_available,https://china-yongxing.com/recruitment.aspx?category_id=5,https://china-yongxing.com/recruitment.aspx?category_id=5,是,true,A类·企业官方,2026-09-27,2026-09-27,公开招聘中,是,2026-09-27,页面该岗标题使用『任职资格』而非『任职要求』。,
CD0202|四川汇宇制药股份有限公司|ADC科学家（项目方向）|成都·天府国际生物城,CD0202,318,四川汇宇制药股份有限公司,是,A,生物医药,ADC科学家（项目方向）,成都·天府国际生物城,成都·天府国际生物城,四川省,成都市,天府新区,成都市,inferred,研发,社会招聘,页面未说明,页面未说明,页面未说明,页面未说明,页面未说明,页面未说明,页面未说明,页面未说明,页面未说明,listing_page,否,not_available,,https://www.huiyupharma.com/news_view.aspx?nid=2&typeid=4&id=965,是,true,A类·企业官方,2026-09-27,2026-09-27,公开招聘中,是,2026-09-27,所属部门：创新药物研究院。职位取自官网招聘公告静态正文；官网无独立职位详情页，job_url 留空。；该职位仅有列表页来源，无独立详情页,
CD0202|四川汇宇制药股份有限公司|BD联盟管理经理|成都·天府国际生物城,CD0202,319,四川汇宇制药股份有限公司,是,A,生物医药,BD联盟管理经理,成都·天府国际生物城,成都·天府国际生物城,四川省,成都市,天府新区,成都市,inferred,职能,社会招聘,页面未说明,页面未说明,页面未说明,页面未说明,页面未说明,页面未说明,页面未说明,页面未说明,页面未说明,listing_page,否,not_available,,https://www.huiyupharma.com/news_view.aspx?nid=2&typeid=4&id=965,是,true,A类·企业官方,2026-09-27,2026-09-27,公开招聘中,是,2026-09-27,所属部门：欧洲事业部。职位取自官网招聘公告静态正文；官网无独立职位详情页，job_url 留空。；该职位仅有列表页来源，无独立详情页,
CD0202|四川汇宇制药股份有限公司|CDMO业务开发经理（国内市场）|成都·天府国际生物城,CD0202,320,四川汇宇制药股份有限公司,是,A,生物医药,CDMO业务开发经理（国内市场）,成都·天府国际生物城,成都·天府国际生物城,四川省,成都市,天府新区,成都市,inferred,销售,社会招聘,页面未说明,页面未说明,页面未说明,页面未说明,页面未说明,页面未说明,页面未说明,页面未说明,页面未说明,listing_page,否,not_available,,https://www.huiyupharma.com/news_view.aspx?nid=2&typeid=4&id=965,是,true,A类·企业官方,2026-09-27,2026-09-27,公开招聘中,是,2026-09-27,所属部门：全球CDMO事业部。职位取自官网招聘公告静态正文；官网无独立职位详情页，job_url 留空。；该职位仅有列表页来源，无独立详情页,
CD0202|四川汇宇制药股份有限公司|CDMO业务开发经理（海外市场）|成都·天府国际生物城,CD0202,321,四川汇宇制药股份有限公司,是,A,生物医药,CDMO业务开发经理（海外市场）,成都·天府国际生物城,成都·天府国际生物城,四川省,成都市,天府新区,成都市,inferred,销售,社会招聘,页面未说明,页面未说明,页面未说明,页面未说明,页面未说明,页面未说明,页面未说明,页面未说明,页面未说明,listing_page,否,not_available,,https://www.huiyupharma.com/news_view.aspx?nid=2&typeid=4&id=965,是,true,A类·企业官方,2026-09-27,2026-09-27,公开招聘中,是,2026-09-27,所属部门：全球CDMO事业部。职位取自官网招聘公告静态正文；官网无独立职位详情页，job_url 留空。；该职位仅有列表页来源，无独立详情页,
CD0202|四川汇宇制药股份有限公司|CDMO海外业务开发助理|成都·天府国际生物城,CD0202,322,四川汇宇制药股份有限公司,是,A,生物医药,CDMO海外业务开发助理,成都·天府国际生物城,成都·天府国际生物城,四川省,成都市,天府新区,成都市,inferred,销售,社会招聘,页面未说明,页面未说明,页面未说明,页面未说明,页面未说明,页面未说明,页面未说明,页面未说明,页面未说明,listing_page,否,not_available,,https://www.huiyupharma.com/news_view.aspx?nid=2&typeid=4&id=965,是,true,A类·企业官方,2026-09-27,2026-09-27,公开招聘中,是,2026-09-27,所属部门：全球CDMO事业部。职位取自官网招聘公告静态正文；官网无独立职位详情页，job_url 留空。；该职位仅有列表页来源，无独立详情页,
CD0202|四川汇宇制药股份有限公司|中央产品经理（罕见病领域）|成都·天府国际生物城,CD0202,323,四川汇宇制药股份有限公司,是,A,生物医药,中央产品经理（罕见病领域）,成都·天府国际生物城,成都·天府国际生物城,四川省,成都市,天府新区,成都市,inferred,职能,社会招聘,页面未说明,页面未说明,页面未说明,页面未说明,页面未说明,页面未说明,页面未说明,页面未说明,页面未说明,listing_page,否,not_available,,https://www.huiyupharma.com/news_view.aspx?nid=2&typeid=4&id=965,是,true,A类·企业官方,2026-09-27,2026-09-27,公开招聘中,是,2026-09-27,所属部门：中国区营销中心。职位取自官网招聘公告静态正文；官网无独立职位详情页，job_url 留空。；该职位仅有列表页来源，无独立详情页,
CD0202|四川汇宇制药股份有限公司|临床监查员（成都and上海）|成都·天府国际生物城,CD0202,324,四川汇宇制药股份有限公司,是,A,生物医药,临床监查员（成都and上海）,成都·天府国际生物城,成都·天府国际生物城,四川省,成都市,天府新区,成都市,inferred,研发,社会招聘,页面未说明,页面未说明,页面未说明,页面未说明,页面未说明,页面未说明,页面未说明,页面未说明,页面未说明,listing_page,否,not_available,,https://www.huiyupharma.com/news_view.aspx?nid=2&typeid=4&id=965,是,true,A类·企业官方,2026-09-27,2026-09-27,公开招聘中,是,2026-09-27,所属部门：化学药物研究所。职位取自官网招聘公告静态正文；官网无独立职位详情页，job_url 留空。；该职位仅有列表页来源，无独立详情页,
CD0202|四川汇宇制药股份有限公司|体内药效部长（生物药）|成都·天府国际生物城,CD0202,325,四川汇宇制药股份有限公司,是,A,生物医药,体内药效部长（生物药）,成都·天府国际生物城,成都·天府国际生物城,四川省,成都市,天府新区,成都市,inferred,研发,社会招聘,页面未说明,页面未说明,页面未说明,页面未说明,页面未说明,页面未说明,页面未说明,页面未说明,页面未说明,listing_page,否,not_available,,https://www.huiyupharma.com/news_view.aspx?nid=2&typeid=4&id=965,是,true,A类·企业官方,2026-09-27,2026-09-27,公开招聘中,是,2026-09-27,所属部门：创新药物研究院。职位取自官网招聘公告静态正文；官网无独立职位详情页，job_url 留空。；该职位仅有列表页来源，无独立详情页,
CD0202|四川汇宇制药股份有限公司|制剂部部长（生物药）|成都·天府国际生物城,CD0202,326,四川汇宇制药股份有限公司,是,A,生物医药,制剂部部长（生物药）,成都·天府国际生物城,成都·天府国际生物城,四川省,成都市,天府新区,成都市,inferred,研发,社会招聘,页面未说明,页面未说明,页面未说明,页面未说明,页面未说明,页面未说明,页面未说明,页面未说明,页面未说明,listing_page,否,not_available,,https://www.huiyupharma.com/news_view.aspx?nid=2&typeid=4&id=965,是,true,A类·企业官方,2026-09-27,2026-09-27,公开招聘中,是,2026-09-27,所属部门：创新药物研究院。职位取自官网招聘公告静态正文；官网无独立职位详情页，job_url 留空。；该职位仅有列表页来源，无独立详情页,
CD0202|四川汇宇制药股份有限公司|区域产品经理|成都·天府国际生物城,CD0202,327,四川汇宇制药股份有限公司,是,A,生物医药,区域产品经理,成都·天府国际生物城,成都·天府国际生物城,四川省,成都市,天府新区,成都市,inferred,销售,社会招聘,页面未说明,页面未说明,页面未说明,页面未说明,页面未说明,页面未说明,页面未说明,页面未说明,页面未说明,listing_page,否,not_available,,https://www.huiyupharma.com/news_view.aspx?nid=2&typeid=4&id=965,是,true,A类·企业官方,2026-09-27,2026-09-27,公开招聘中,是,2026-09-27,所属部门：中国区营销中心。职位取自官网招聘公告静态正文；官网无独立职位详情页，job_url 留空。；该职位仅有列表页来源，无独立详情页,
CD0202|四川汇宇制药股份有限公司|医学经理（罕见病领域）|成都·天府国际生物城,CD0202,328,四川汇宇制药股份有限公司,是,A,生物医药,医学经理（罕见病领域）,成都·天府国际生物城,成都·天府国际生物城,四川省,成都市,天府新区,成都市,inferred,职能,社会招聘,页面未说明,页面未说明,页面未说明,页面未说明,页面未说明,页面未说明,页面未说明,页面未说明,页面未说明,listing_page,否,not_available,,https://www.huiyupharma.com/news_view.aspx?nid=2&typeid=4&id=965,是,true,A类·企业官方,2026-09-27,2026-09-27,公开招聘中,是,2026-09-27,所属部门：中国区营销中心。职位取自官网招聘公告静态正文；官网无独立职位详情页，job_url 留空。；该职位仅有列表页来源，无独立详情页,
CD0202|四川汇宇制药股份有限公司|医学经理（血液肿瘤领域）|成都·天府国际生物城,CD0202,329,四川汇宇制药股份有限公司,是,A,生物医药,医学经理（血液肿瘤领域）,成都·天府国际生物城,成都·天府国际生物城,四川省,成都市,天府新区,成都市,inferred,职能,社会招聘,页面未说明,页面未说明,页面未说明,页面未说明,页面未说明,页面未说明,页面未说明,页面未说明,页面未说明,listing_page,否,not_available,,https://www.huiyupharma.com/news_view.aspx?nid=2&typeid=4&id=965,是,true,A类·企业官方,2026-09-27,2026-09-27,公开招聘中,是,2026-09-27,所属部门：中国区营销中心。职位取自官网招聘公告静态正文；官网无独立职位详情页，job_url 留空。；该职位仅有列表页来源，无独立详情页,
CD0202|四川汇宇制药股份有限公司|复杂制剂项目经理|成都·天府国际生物城,CD0202,330,四川汇宇制药股份有限公司,是,A,生物医药,复杂制剂项目经理,成都·天府国际生物城,成都·天府国际生物城,四川省,成都市,天府新区,成都市,inferred,研发,社会招聘,页面未说明,页面未说明,页面未说明,页面未说明,页面未说明,页面未说明,页面未说明,页面未说明,页面未说明,listing_page,否,not_available,,https://www.huiyupharma.com/news_view.aspx?nid=2&typeid=4&id=965,是,true,A类·企业官方,2026-09-27,2026-09-27,公开招聘中,是,2026-09-27,所属部门：化学药物研究所。职位取自官网招聘公告静态正文；官网无独立职位详情页，job_url 留空。；该职位仅有列表页来源，无独立详情页,
CD0202|四川汇宇制药股份有限公司|小分子药化部长|成都·天府国际生物城,CD0202,331,四川汇宇制药股份有限公司,是,A,生物医药,小分子药化部长,成都·天府国际生物城,成都·天府国际生物城,四川省,成都市,天府新区,成都市,inferred,研发,社会招聘,页面未说明,页面未说明,页面未说明,页面未说明,页面未说明,页面未说明,页面未说明,页面未说明,页面未说明,listing_page,否,not_available,,https://www.huiyupharma.com/news_view.aspx?nid=2&typeid=4&id=965,是,true,A类·企业官方,2026-09-27,2026-09-27,公开招聘中,是,2026-09-27,所属部门：创新药物研究院。职位取自官网招聘公告静态正文；官网无独立职位详情页，job_url 留空。；该职位仅有列表页来源，无独立详情页,
CD0202|四川汇宇制药股份有限公司|植物生物分子科学家|成都·天府国际生物城,CD0202,332,四川汇宇制药股份有限公司,是,A,生物医药,植物生物分子科学家,成都·天府国际生物城,成都·天府国际生物城,四川省,成都市,天府新区,成都市,inferred,研发,社会招聘,页面未说明,页面未说明,页面未说明,页面未说明,页面未说明,页面未说明,页面未说明,页面未说明,页面未说明,listing_page,否,not_available,,https://www.huiyupharma.com/news_view.aspx?nid=2&typeid=4&id=965,是,true,A类·企业官方,2026-09-27,2026-09-27,公开招聘中,是,2026-09-27,所属部门：创新药物研究院。职位取自官网招聘公告静态正文；官网无独立职位详情页，job_url 留空。；该职位仅有列表页来源，无独立详情页,
CD0202|四川汇宇制药股份有限公司|省区经理|成都（base地不限）,CD0202,333,四川汇宇制药股份有限公司,是,A,生物医药,省区经理,成都（base地不限）,成都（base地不限）,四川省,成都市,天府新区,成都市,inferred,销售,社会招聘,页面未说明,页面未说明,页面未说明,页面未说明,页面未说明,页面未说明,页面未说明,页面未说明,页面未说明,listing_page,否,not_available,,https://www.huiyupharma.com/news_view.aspx?nid=2&typeid=4&id=965,是,true,A类·企业官方,2026-09-27,2026-09-27,公开招聘中,是,2026-09-27,所属部门：中国区营销中心。职位取自官网招聘公告静态正文；官网无独立职位详情页，job_url 留空。；该职位仅有列表页来源，无独立详情页,
CD0202|四川汇宇制药股份有限公司|肿瘤免疫部长|成都·天府国际生物城,CD0202,334,四川汇宇制药股份有限公司,是,A,生物医药,肿瘤免疫部长,成都·天府国际生物城,成都·天府国际生物城,四川省,成都市,天府新区,成都市,inferred,研发,社会招聘,页面未说明,页面未说明,页面未说明,页面未说明,页面未说明,页面未说明,页面未说明,页面未说明,页面未说明,listing_page,否,not_available,,https://www.huiyupharma.com/news_view.aspx?nid=2&typeid=4&id=965,是,true,A类·企业官方,2026-09-27,2026-09-27,公开招聘中,是,2026-09-27,所属部门：创新药物研究院。职位取自官网招聘公告静态正文；官网无独立职位详情页，job_url 留空。；该职位仅有列表页来源，无独立详情页,
CD0202|四川汇宇制药股份有限公司|肿瘤免疫高级研究员|成都·天府国际生物城,CD0202,335,四川汇宇制药股份有限公司,是,A,生物医药,肿瘤免疫高级研究员,成都·天府国际生物城,成都·天府国际生物城,四川省,成都市,天府新区,成都市,inferred,研发,社会招聘,页面未说明,页面未说明,页面未说明,页面未说明,页面未说明,页面未说明,页面未说明,页面未说明,页面未说明,listing_page,否,not_available,,https://www.huiyupharma.com/news_view.aspx?nid=2&typeid=4&id=965,是,true,A类·企业官方,2026-09-27,2026-09-27,公开招聘中,是,2026-09-27,所属部门：创新药物研究院。职位取自官网招聘公告静态正文；官网无独立职位详情页，job_url 留空。；该职位仅有列表页来源，无独立详情页,
CD0202|四川汇宇制药股份有限公司|质量研究员（生物药）|成都·天府国际生物城,CD0202,336,四川汇宇制药股份有限公司,是,A,生物医药,质量研究员（生物药）,成都·天府国际生物城,成都·天府国际生物城,四川省,成都市,天府新区,成都市,inferred,研发,社会招聘,页面未说明,页面未说明,页面未说明,页面未说明,页面未说明,页面未说明,页面未说明,页面未说明,页面未说明,listing_page,否,not_available,,https://www.huiyupharma.com/news_view.aspx?nid=2&typeid=4&id=965,是,true,A类·企业官方,2026-09-27,2026-09-27,公开招聘中,是,2026-09-27,所属部门：创新药物研究院。职位取自官网招聘公告静态正文；官网无独立职位详情页，job_url 留空。；该职位仅有列表页来源，无独立详情页,
CD0202|四川汇宇制药股份有限公司|销售总监（罕见病领域）|成都·天府国际生物城,CD0202,337,四川汇宇制药股份有限公司,是,A,生物医药,销售总监（罕见病领域）,成都·天府国际生物城,成都·天府国际生物城,四川省,成都市,天府新区,成都市,inferred,销售,社会招聘,页面未说明,页面未说明,页面未说明,页面未说明,页面未说明,页面未说明,页面未说明,页面未说明,页面未说明,listing_page,否,not_available,,https://www.huiyupharma.com/news_view.aspx?nid=2&typeid=4&id=965,是,true,A类·企业官方,2026-09-27,2026-09-27,公开招聘中,是,2026-09-27,所属部门：中国区营销中心。职位取自官网招聘公告静态正文；官网无独立职位详情页，job_url 留空。；该职位仅有列表页来源，无独立详情页,
CD0203|四川省唯品富邦消费金融有限公司|信用策略岗|成都,CD0203,338,四川省唯品富邦消费金融有限公司,是,A,金融科技,信用策略岗,成都,成都,四川省,成都市,锦江区,成都市,inferred,研发,社会招聘,页面未说明,页面未说明,3年及以上,本科,页面未说明,页面未说明,页面未说明,页面未说明,页面未说明,listing_page,否,not_available,,https://www.vipxf.com/join/,是,true,A类·企业官方,2026-09-27,2026-09-27,公开招聘中,是,2026-09-27,职位与『唯品富邦消费金融 | 成都 | 3年及以上 | 本科』四项信息逐字取自官网热招职位卡片；卡片『立即申请』跳转第三方平台，故 job_url 留空。；该职位仅有列表页来源，无独立详情页,
CD0203|四川省唯品富邦消费金融有限公司|风险模型岗|成都,CD0203,339,四川省唯品富邦消费金融有限公司,是,A,金融科技,风险模型岗,成都,成都,四川省,成都市,锦江区,成都市,inferred,研发,社会招聘,页面未说明,页面未说明,3年及以上,本科,页面未说明,页面未说明,页面未说明,页面未说明,页面未说明,listing_page,否,not_available,,https://www.vipxf.com/join/,是,true,A类·企业官方,2026-09-27,2026-09-27,公开招聘中,是,2026-09-27,职位与『唯品富邦消费金融 | 成都 | 3年及以上 | 本科』四项信息逐字取自官网热招职位卡片；卡片『立即申请』跳转第三方平台，故 job_url 留空。；该职位仅有列表页来源，无独立详情页,
CD0205|四川知微传感技术有限公司|MEMS惯性传感器PCB板级电路硬件工程师|成都-高新区,CD0205,340,四川知微传感技术有限公司,是,A,半导体与集成电路,MEMS惯性传感器PCB板级电路硬件工程师,成都-高新区,成都-高新区,四川省,成都市,郫都区,成都市,confirmed,研发,社会招聘,页面未说明,页面未说明（原文仅写「面议」，未标注具体薪资区间）,页面未说明,硕士,1,1,页面未说明,页面未说明,页面未说明,listing_page,否,not_available,http://www.wizmems.com/index.php?ac=article&at=list&tid=74,http://www.wizmems.com/index.php?ac=article&at=list&tid=74,是,true,A类·企业官方,2026-09-27,2026-09-27,公开招聘中,是,2026-09-27,岗位信息表中性别栏为『/』，面试与到岗时间同表。,
CD0205|四川知微传感技术有限公司|市场经理/主管|成都-高新区,CD0205,341,四川知微传感技术有限公司,是,A,半导体与集成电路,市场经理/主管,成都-高新区,成都-高新区,四川省,成都市,郫都区,成都市,confirmed,销售,社会招聘,页面未说明,13-22k,页面未说明,统招本科,1,1,页面未说明,页面未说明,页面未说明,listing_page,否,not_available,http://www.wizmems.com/index.php?ac=article&at=list&tid=74,http://www.wizmems.com/index.php?ac=article&at=list&tid=74,是,true,A类·企业官方,2026-09-27,2026-09-27,公开招聘中,是,2026-09-27,薪资原文『13-22k』。,
CD0205|四川知微传感技术有限公司|应用工程师|成都-高新区,CD0205,342,四川知微传感技术有限公司,是,A,半导体与集成电路,应用工程师,成都-高新区,成都-高新区,四川省,成都市,郫都区,成都市,confirmed,研发,社会招聘,页面未说明,页面未说明（原文仅写「面议」，未标注具体薪资区间）,3年以上芯片测试相关工作经验（岗位要求原文）,本科,1,1,根据流程、规范，完成芯片的测试方案的分析、设计、实现和测试工作；开发芯片测试程序，编写规范的测试文档，出具详细测试分析报告（职位描述摘要）,仪器仪表、电子工程、电路与系统等相关专业本科以上学历，3年以上芯片测试相关工作经验；熟悉C/C++等语言编程，熟悉Matlab处理；熟练使用Protel、Altium Designer等PCB设计软件（岗位要求摘要）,页面未说明,listing_page,否,not_available,http://www.wizmems.com/index.php?ac=article&at=list&tid=74,http://www.wizmems.com/index.php?ac=article&at=list&tid=74,是,true,A类·企业官方,2026-09-27,2026-09-27,公开招聘中,是,2026-09-27,页面岗位信息表另有面试时间 2026-07-31、到岗时间 2026-07-04。,
CD0205|四川知微传感技术有限公司|模拟IC设计工程师|成都-高新区,CD0205,343,四川知微传感技术有限公司,是,A,半导体与集成电路,模拟IC设计工程师,成都-高新区,成都-高新区,四川省,成都市,郫都区,成都市,confirmed,研发,社会招聘,页面未说明,15-35k·13薪,3年以上模拟电路设计开发经验（岗位要求原文）,硕士,1,1,完成电路建模、设计和仿真验证，编写集成电路设计文档；根据用户、测试及应用工程师对产品反馈信息，对产品优化改进设计（职位描述摘要）,硕士及以上学历，微电子相关专业，3年以上模拟电路设计开发经验；熟悉CMOS/BICMOS/BCD基本器件结构；能熟练运用Cadence相关的模拟IC设计EDA工具（岗位要求摘要）,页面未说明,listing_page,否,not_available,http://www.wizmems.com/index.php?ac=article&at=list&tid=74,http://www.wizmems.com/index.php?ac=article&at=list&tid=74,是,true,A类·企业官方,2026-09-27,2026-09-27,公开招聘中,是,2026-09-27,薪资原文『15-35k·13薪』。,
CD0205|四川知微传感技术有限公司|模拟版图设计工程师|成都高新区,CD0205,344,四川知微传感技术有限公司,是,A,半导体与集成电路,模拟版图设计工程师,成都高新区,成都高新区,四川省,成都市,郫都区,成都市,confirmed,研发,社会招聘,页面未说明,15-23k·13薪,页面未说明,本科,1,1,页面未说明,页面未说明,页面未说明,listing_page,否,not_available,http://www.wizmems.com/index.php?ac=article&at=list&tid=74,http://www.wizmems.com/index.php?ac=article&at=list&tid=74,是,true,A类·企业官方,2026-09-27,2026-09-27,公开招聘中,是,2026-09-27,岗位信息表性别栏为『男』；该岗工作地点写作『成都高新区』，其余岗写作『成都-高新区』。,
CD0206|四川红旗连锁股份有限公司|诚聘储备店长|成都（面试地址：高新西区迪康大道7号人事部招聘处；锦江区总府路87号店内）,CD0206,345,四川红旗连锁股份有限公司,是,A,零售与消费,诚聘储备店长,成都（面试地址：高新西区迪康大道7号人事部招聘处；锦江区总府路87号店内）,成都（面试地址：高新西区迪康大道7号人事部招聘处；锦江区总府路87号店内）,四川省,成都市,高新区,成都市,confirmed,运营,社会招聘,2024-11-27,页面未说明,页面未说明,大专及以上学历，专业不限,页面未说明,页面未说明,页面未说明,1、大专及以上学历，专业不限，有零售行业工作经验优先；2、具有强烈的责任心与服务意识；3、熟悉超市运营流程，具备基础的数据分析能力与问题解决能力；4、沟通及团队协调能力强。,官网招聘页说明：一经录用统一办理社保，签合同，并享有职务晋升机会,direct_detail,是,high,https://www.hqls.com/Recruit/GetNewDtl/3339,https://www.hqls.com/Recruit,是,true,A类·企业官方,2026-09-27,2026-09-27,公开招聘中,是,2026-09-27,"职位名取自官网诚聘精英页列表（原文带“诚聘”前缀）；岗位 id 由页面 onclick=""showdtl('content1',this,3339)"" 与列表块顺序对应确认；详情页无任何薪资与人数信息。",
CD0206|四川红旗连锁股份有限公司|诚聘司机|成都（面试地址：高新西区迪康大道7号人事部招聘处；锦江区总府路87号店内）,CD0206,346,四川红旗连锁股份有限公司,是,A,零售与消费,诚聘司机,成都（面试地址：高新西区迪康大道7号人事部招聘处；锦江区总府路87号店内）,成都（面试地址：高新西区迪康大道7号人事部招聘处；锦江区总府路87号店内）,四川省,成都市,高新区,成都市,confirmed,物流,社会招聘,2024-11-27,页面未说明,持有 B2 以上驾驶证、货运资格证，3 年以上实际驾驶经验,页面未说明,页面未说明,页面未说明,页面未说明,1、持有 B2 以上驾驶证、货运资格证，3 年以上实际驾驶经验；2、无重大交通事故记录，熟悉本地及周边道路状况；3、责任心强，能吃苦耐劳；4、具备基本的货物装卸常识、爱护车辆、遵守公司物流配送管理制度,官网招聘页说明：一经录用统一办理社保，签合同，并享有职务晋升机会,direct_detail,是,high,https://www.hqls.com/Recruit/GetNewDtl/3206,https://www.hqls.com/Recruit,是,true,A类·企业官方,2026-09-27,2026-09-27,公开招聘中,是,2026-09-27,职位名取自官网列表（showdtl content3 → 3206）；岗位属公司物流配送岗，故 job_category 归为物流。,
CD0206|四川红旗连锁股份有限公司|诚聘营业员|成都（面试地址：高新西区迪康大道7号人事部招聘处；锦江区总府路87号店内）,CD0206,347,四川红旗连锁股份有限公司,是,A,零售与消费,诚聘营业员,成都（面试地址：高新西区迪康大道7号人事部招聘处；锦江区总府路87号店内）,成都（面试地址：高新西区迪康大道7号人事部招聘处；锦江区总府路87号店内）,四川省,成都市,高新区,成都市,confirmed,运营,社会招聘,2024-11-27,页面未说明,页面未说明,页面未说明,页面未说明,页面未说明,页面未说明,1、品貌端正，亲和力强，有工作激情，沟通表达流畅，具备服务意识与责任心；2、做事认真细致，服从门店管理安排；3、持有《就业创业证》优先,官网招聘页说明：一经录用统一办理社保，签合同，并享有职务晋升机会,direct_detail,是,high,https://www.hqls.com/Recruit/GetNewDtl/3338,https://www.hqls.com/Recruit,是,true,A类·企业官方,2026-09-27,2026-09-27,公开招聘中,是,2026-09-27,职位名取自官网列表（showdtl content2 → 3338）；详情页未列学历、薪资、人数。,
CD0206|四川红旗连锁股份有限公司|诚聘装卸工|成都（面试地址：高新西区迪康大道7号人事部招聘处；锦江区总府路87号店内）,CD0206,348,四川红旗连锁股份有限公司,是,A,零售与消费,诚聘装卸工,成都（面试地址：高新西区迪康大道7号人事部招聘处；锦江区总府路87号店内）,成都（面试地址：高新西区迪康大道7号人事部招聘处；锦江区总府路87号店内）,四川省,成都市,高新区,成都市,confirmed,物流,社会招聘,2024-11-27,页面未说明,页面未说明,页面未说明,页面未说明,页面未说明,页面未说明,1、身体健康，吃苦耐劳，能适应重物装卸工作；2、责任心强，工作认真负责；3、持叉车证、能使用智能设备者优先,官网招聘页说明：一经录用统一办理社保，签合同，并享有职务晋升机会,direct_detail,是,high,https://www.hqls.com/Recruit/GetNewDtl/3205,https://www.hqls.com/Recruit,是,true,A类·企业官方,2026-09-27,2026-09-27,公开招聘中,是,2026-09-27,职位名取自官网列表（showdtl content4 → 3205）。,
CD0211|四川音乐学院|科研助理|成都（公告未写明具体校区地址）,CD0211,349,四川音乐学院,是,A,教育,科研助理,成都（公告未写明具体校区地址）,成都（公告未写明具体校区地址）,四川省,成都市,,成都市,confirmed,技术,社会招聘,2026-07-20,页面未说明,页面未说明,页面未说明,3名,3名,科研辅助服务岗位，不纳入学校事业编制，负责科研辅助性工作（详见《四川音乐学院2026年招聘编外科研助理公告》）。,页面未说明,页面未说明,listing_page,否,not_available,https://www.sccm.edu.cn/dz_dwjsgzb.html,https://www.sccm.edu.cn/dz_dwjsgzb.html,是,true,A类·企业官方,2026-09-27,2026-09-27,公开招聘中,是,2026-09-27,岗位与人数取自学校人事处『信息公告』栏目摘要『四川音乐学院2026年招聘编外科研助理公告 …2026.07.20 …面向社会招聘科研助理3名』，栏目页实测200；未抓到该公告独立详情页URL，job_url 暂用栏目页。,
CD0211|四川音乐学院|编外助学助管员|成都（公告未写明具体校区地址）,CD0211,350,四川音乐学院,是,A,教育,编外助学助管员,成都（公告未写明具体校区地址）,成都（公告未写明具体校区地址）,四川省,成都市,,成都市,confirmed,职能,社会招聘,2026-07-18,页面未说明,页面未说明,页面未说明,页面未说明,页面未说明,教学辅助与学生事务相关的编外助学助管工作（详见《四川音乐学院2026年招聘第二批编外助学助管员公告》）。,页面未说明,页面未说明,listing_page,否,not_available,https://www.sccm.edu.cn/dz_dwjsgzb.html,https://www.sccm.edu.cn/dz_dwjsgzb.html,是,true,A类·企业官方,2026-09-27,2026-09-27,公开招聘中,是,2026-09-27,岗位取自学校人事处“信息公告”栏目摘要《四川音乐学院关于发布2026年招聘第二批编外助学助管员面试公告 …2026.07.18》，栏目页实测200；未抓到该公告独立详情页URL，job_url 暂用栏目页。,
CD0212|峨眉电影集团有限公司|党委组织部工作人员岗（峨眉电影制片厂有限责任公司）|公司总部（成都，公告未写明具体街道地址）,CD0212,351,峨眉电影集团有限公司,是,A,文化传媒与影视,党委组织部工作人员岗（峨眉电影制片厂有限责任公司）,公司总部（成都，公告未写明具体街道地址）,公司总部（成都，公告未写明具体街道地址）,四川省,成都市,,成都市,inferred,职能,社会招聘,2025-02-17,页面未说明,要求具备较强口头表达能力、综合协调与发现问题解决问题能力（公告未列工作年限）,全日制本科及以上学历，且须为高校应届毕业生；管理、文学、艺术、社科类相关专业,1名,1名,负责厂公司党建、人事等相关工作。,中共党员；全日制本科及以上且为2025年高校应届毕业生；管理/文学/艺术/社科相关专业；文字功底强。,页面未说明,listing_page,否,not_available,http://www.emdy.cn/page.aspx?classid=17&id=1749,http://www.emdy.cn/list.aspx?Model_id=1&id=17,是,true,A类·企业官方,2026-09-27,2026-09-27,公开招聘中,是,2026-09-27,公告明确该岗需为高校应届毕业生。,
CD0212|峨眉电影集团有限公司|党委组织部综合文秘岗|公司总部（成都，公告未写明具体街道地址）,CD0212,352,峨眉电影集团有限公司,是,A,文化传媒与影视,党委组织部综合文秘岗,公司总部（成都，公告未写明具体街道地址）,公司总部（成都，公告未写明具体街道地址）,四川省,成都市,,成都市,inferred,职能,社会招聘,2025-02-17,页面未说明,具有3年及以上党政机关、事业单位、省市媒体等工作经验；年龄40周岁以下（1985年2月28日以后出生）,全日制本科及以上学历,1名,1名,负责相关文稿起草和文件审核、把关以及党委组织部党建、人事等相关工作。,中共党员；全日制本科及以上；文字功底强；3年以上相关工作经验；年龄40周岁以下。,页面未说明,listing_page,否,not_available,http://www.emdy.cn/page.aspx?classid=17&id=1749,http://www.emdy.cn/list.aspx?Model_id=1&id=17,是,true,A类·企业官方,2026-09-27,2026-09-27,公开招聘中,是,2026-09-27,数据取自官网招聘公告原文。,
CD0212|峨眉电影集团有限公司|办公室综合文秘岗|公司总部（成都，公告未写明具体街道地址）,CD0212,353,峨眉电影集团有限公司,是,A,文化传媒与影视,办公室综合文秘岗,公司总部（成都，公告未写明具体街道地址）,公司总部（成都，公告未写明具体街道地址）,四川省,成都市,,成都市,inferred,职能,社会招聘,2025-02-17,页面未说明,具有3年以上党政机关、事业单位、大型国企、省市媒体等工作经验；年龄40周岁以下（1985年2月28日以后出生）,全日制本科及以上学历,1名,1名,负责相关文稿起草和文件审核、把关以及办公室综合服务等相关工作。,中共党员；全日制本科及以上；文字功底强、公文写作经历丰富；3年以上相关工作经验；年龄40周岁以下。,页面未说明,listing_page,否,not_available,http://www.emdy.cn/page.aspx?classid=17&id=1749,http://www.emdy.cn/list.aspx?Model_id=1&id=17,是,true,A类·企业官方,2026-09-27,2026-09-27,公开招聘中,是,2026-09-27,公告发布2025-02-17 10:56:42，报名截止2025年3月10日24:00，报名邮箱emdyjthr@163.com；总部岗位咨询028-87331822。,
CD0217|成都乐曼多科技有限公司|3D场景|成都市,CD0217,354,成都乐曼多科技有限公司,是,A,游戏,3D场景,成都市,成都市,四川省,成都市,,成都市,confirmed,设计,社会招聘,页面未说明,页面未说明,页面未说明,页面未说明,页面未说明,页面未说明,页面未说明,页面未说明,页面未说明,listing_page,否,not_available,https://www.lmdgame.com/job/index.html,https://www.lmdgame.com/job/index.html,是,true,A类·企业官方,2026-09-27,2026-09-27,公开招聘中,是,2026-09-27,职位名与城市『成都市』、职能类别原文取自企业官网社招页 https://www.lmdgame.com/job/index.html （200，服务端渲染列表，城市筛选项含成都）。该页未给出薪资、经验、学历、人数与职责原文，salary/experience/education/headcount/job_desc/requirement/welfare 一律记『页面未说明』，不作推测。职位详情页 site.lmdgame.com/adminops/plus/view.php 实测为空页或跳转 BOSS直聘，故 job_url 回填社招列表页（官方域名）。,
CD0217|成都乐曼多科技有限公司|3D角色|成都市,CD0217,355,成都乐曼多科技有限公司,是,A,游戏,3D角色,成都市,成都市,四川省,成都市,,成都市,confirmed,设计,社会招聘,页面未说明,页面未说明,页面未说明,页面未说明,页面未说明,页面未说明,页面未说明,页面未说明,页面未说明,listing_page,否,not_available,https://www.lmdgame.com/job/index.html,https://www.lmdgame.com/job/index.html,是,true,A类·企业官方,2026-09-27,2026-09-27,公开招聘中,是,2026-09-27,职位名与城市『成都市』、职能类别原文取自企业官网社招页 https://www.lmdgame.com/job/index.html （200，服务端渲染列表，城市筛选项含成都）。该页未给出薪资、经验、学历、人数与职责原文，salary/experience/education/headcount/job_desc/requirement/welfare 一律记『页面未说明』，不作推测。职位详情页 site.lmdgame.com/adminops/plus/view.php 实测为空页或跳转 BOSS直聘，故 job_url 回填社招列表页（官方域名）。,
CD0217|成都乐曼多科技有限公司|UE4开发工程师|成都市,CD0217,356,成都乐曼多科技有限公司,是,A,游戏,UE4开发工程师,成都市,成都市,四川省,成都市,,成都市,confirmed,研发,社会招聘,页面未说明,页面未说明,页面未说明,页面未说明,页面未说明,页面未说明,页面未说明,页面未说明,页面未说明,listing_page,否,not_available,https://www.lmdgame.com/job/index.html,https://www.lmdgame.com/job/index.html,是,true,A类·企业官方,2026-09-27,2026-09-27,公开招聘中,是,2026-09-27,职位名与城市『成都市』、职能类别原文取自企业官网社招页 https://www.lmdgame.com/job/index.html （200，服务端渲染列表，城市筛选项含成都）。该页未给出薪资、经验、学历、人数与职责原文，salary/experience/education/headcount/job_desc/requirement/welfare 一律记『页面未说明』，不作推测。职位详情页 site.lmdgame.com/adminops/plus/view.php 实测为空页或跳转 BOSS直聘，故 job_url 回填社招列表页（官方域名）。,
CD0217|成都乐曼多科技有限公司|UE设计|成都市,CD0217,357,成都乐曼多科技有限公司,是,A,游戏,UE设计,成都市,成都市,四川省,成都市,,成都市,confirmed,设计,社会招聘,页面未说明,页面未说明,页面未说明,页面未说明,页面未说明,页面未说明,页面未说明,页面未说明,页面未说明,listing_page,否,not_available,https://www.lmdgame.com/job/index.html,https://www.lmdgame.com/job/index.html,是,true,A类·企业官方,2026-09-27,2026-09-27,公开招聘中,是,2026-09-27,职位名与城市『成都市』、职能类别原文取自企业官网社招页 https://www.lmdgame.com/job/index.html （200，服务端渲染列表，城市筛选项含成都）。该页未给出薪资、经验、学历、人数与职责原文，salary/experience/education/headcount/job_desc/requirement/welfare 一律记『页面未说明』，不作推测。职位详情页 site.lmdgame.com/adminops/plus/view.php 实测为空页或跳转 BOSS直聘，故 job_url 回填社招列表页（官方域名）。,
CD0217|成都乐曼多科技有限公司|UI动效|成都市,CD0217,358,成都乐曼多科技有限公司,是,A,游戏,UI动效,成都市,成都市,四川省,成都市,,成都市,confirmed,设计,社会招聘,页面未说明,页面未说明,页面未说明,页面未说明,页面未说明,页面未说明,页面未说明,页面未说明,页面未说明,listing_page,否,not_available,https://www.lmdgame.com/job/index.html,https://www.lmdgame.com/job/index.html,是,true,A类·企业官方,2026-09-27,2026-09-27,公开招聘中,是,2026-09-27,职位名与城市『成都市』、职能类别原文取自企业官网社招页 https://www.lmdgame.com/job/index.html （200，服务端渲染列表，城市筛选项含成都）。该页未给出薪资、经验、学历、人数与职责原文，salary/experience/education/headcount/job_desc/requirement/welfare 一律记『页面未说明』，不作推测。职位详情页 site.lmdgame.com/adminops/plus/view.php 实测为空页或跳转 BOSS直聘，故 job_url 回填社招列表页（官方域名）。,
CD0217|成都乐曼多科技有限公司|UI设计|成都市,CD0217,359,成都乐曼多科技有限公司,是,A,游戏,UI设计,成都市,成都市,四川省,成都市,,成都市,confirmed,设计,社会招聘,页面未说明,页面未说明,页面未说明,页面未说明,页面未说明,页面未说明,页面未说明,页面未说明,页面未说明,listing_page,否,not_available,https://www.lmdgame.com/job/index.html,https://www.lmdgame.com/job/index.html,是,true,A类·企业官方,2026-09-27,2026-09-27,公开招聘中,是,2026-09-27,职位名与城市『成都市』、职能类别原文取自企业官网社招页 https://www.lmdgame.com/job/index.html （200，服务端渲染列表，城市筛选项含成都）。该页未给出薪资、经验、学历、人数与职责原文，salary/experience/education/headcount/job_desc/requirement/welfare 一律记『页面未说明』，不作推测。职位详情页 site.lmdgame.com/adminops/plus/view.php 实测为空页或跳转 BOSS直聘，故 job_url 回填社招列表页（官方域名）。,
CD0217|成都乐曼多科技有限公司|客户端程序|成都市,CD0217,360,成都乐曼多科技有限公司,是,A,游戏,客户端程序,成都市,成都市,四川省,成都市,,成都市,confirmed,研发,社会招聘,页面未说明,页面未说明,页面未说明,页面未说明,页面未说明,页面未说明,页面未说明,页面未说明,页面未说明,listing_page,否,not_available,https://www.lmdgame.com/job/index.html,https://www.lmdgame.com/job/index.html,是,true,A类·企业官方,2026-09-27,2026-09-27,公开招聘中,是,2026-09-27,职位名与城市『成都市』、职能类别原文取自企业官网社招页 https://www.lmdgame.com/job/index.html （200，服务端渲染列表，城市筛选项含成都）。该页未给出薪资、经验、学历、人数与职责原文，salary/experience/education/headcount/job_desc/requirement/welfare 一律记『页面未说明』，不作推测。职位详情页 site.lmdgame.com/adminops/plus/view.php 实测为空页或跳转 BOSS直聘，故 job_url 回填社招列表页（官方域名）。,
CD0217|成都乐曼多科技有限公司|引擎工程师|成都市,CD0217,361,成都乐曼多科技有限公司,是,A,游戏,引擎工程师,成都市,成都市,四川省,成都市,,成都市,confirmed,研发,社会招聘,页面未说明,页面未说明,页面未说明,页面未说明,页面未说明,页面未说明,页面未说明,页面未说明,页面未说明,listing_page,否,not_available,https://www.lmdgame.com/job/index.html,https://www.lmdgame.com/job/index.html,是,true,A类·企业官方,2026-09-27,2026-09-27,公开招聘中,是,2026-09-27,职位名与城市『成都市』、职能类别原文取自企业官网社招页 https://www.lmdgame.com/job/index.html （200，服务端渲染列表，城市筛选项含成都）。该页未给出薪资、经验、学历、人数与职责原文，salary/experience/education/headcount/job_desc/requirement/welfare 一律记『页面未说明』，不作推测。职位详情页 site.lmdgame.com/adminops/plus/view.php 实测为空页或跳转 BOSS直聘，故 job_url 回填社招列表页（官方域名）。,
CD0217|成都乐曼多科技有限公司|服务器程序|成都市,CD0217,362,成都乐曼多科技有限公司,是,A,游戏,服务器程序,成都市,成都市,四川省,成都市,,成都市,confirmed,研发,社会招聘,页面未说明,页面未说明,页面未说明,页面未说明,页面未说明,页面未说明,页面未说明,页面未说明,页面未说明,listing_page,否,not_available,https://www.lmdgame.com/job/index.html,https://www.lmdgame.com/job/index.html,是,true,A类·企业官方,2026-09-27,2026-09-27,公开招聘中,是,2026-09-27,职位名与城市『成都市』、职能类别原文取自企业官网社招页 https://www.lmdgame.com/job/index.html （200，服务端渲染列表，城市筛选项含成都）。该页未给出薪资、经验、学历、人数与职责原文，salary/experience/education/headcount/job_desc/requirement/welfare 一律记『页面未说明』，不作推测。职位详情页 site.lmdgame.com/adminops/plus/view.php 实测为空页或跳转 BOSS直聘，故 job_url 回填社招列表页（官方域名）。,
CD0217|成都乐曼多科技有限公司|深度学习算法工程师|成都市,CD0217,363,成都乐曼多科技有限公司,是,A,游戏,深度学习算法工程师,成都市,成都市,四川省,成都市,,成都市,confirmed,研发,社会招聘,页面未说明,页面未说明,页面未说明,页面未说明,页面未说明,页面未说明,页面未说明,页面未说明,页面未说明,listing_page,否,not_available,https://www.lmdgame.com/job/index.html,https://www.lmdgame.com/job/index.html,是,true,A类·企业官方,2026-09-27,2026-09-27,公开招聘中,是,2026-09-27,职位名与城市『成都市』、职能类别原文取自企业官网社招页 https://www.lmdgame.com/job/index.html （200，服务端渲染列表，城市筛选项含成都）。该页未给出薪资、经验、学历、人数与职责原文，salary/experience/education/headcount/job_desc/requirement/welfare 一律记『页面未说明』，不作推测。职位详情页 site.lmdgame.com/adminops/plus/view.php 实测为空页或跳转 BOSS直聘，故 job_url 回填社招列表页（官方域名）。,
CD0217|成都乐曼多科技有限公司|角色原画|成都市,CD0217,364,成都乐曼多科技有限公司,是,A,游戏,角色原画,成都市,成都市,四川省,成都市,,成都市,confirmed,设计,社会招聘,页面未说明,页面未说明,页面未说明,页面未说明,页面未说明,页面未说明,页面未说明,页面未说明,页面未说明,listing_page,否,not_available,https://www.lmdgame.com/job/index.html,https://www.lmdgame.com/job/index.html,是,true,A类·企业官方,2026-09-27,2026-09-27,公开招聘中,是,2026-09-27,职位名与城市『成都市』、职能类别原文取自企业官网社招页 https://www.lmdgame.com/job/index.html （200，服务端渲染列表，城市筛选项含成都）。该页未给出薪资、经验、学历、人数与职责原文，salary/experience/education/headcount/job_desc/requirement/welfare 一律记『页面未说明』，不作推测。职位详情页 site.lmdgame.com/adminops/plus/view.php 实测为空页或跳转 BOSS直聘，故 job_url 回填社招列表页（官方域名）。,
CD0217|成都乐曼多科技有限公司|资深强化学习工程师|成都市,CD0217,365,成都乐曼多科技有限公司,是,A,游戏,资深强化学习工程师,成都市,成都市,四川省,成都市,,成都市,confirmed,研发,社会招聘,页面未说明,页面未说明,页面未说明,页面未说明,页面未说明,页面未说明,页面未说明,页面未说明,页面未说明,listing_page,否,not_available,https://www.lmdgame.com/job/index.html,https://www.lmdgame.com/job/index.html,是,true,A类·企业官方,2026-09-27,2026-09-27,公开招聘中,是,2026-09-27,职位名与城市『成都市』、职能类别原文取自企业官网社招页 https://www.lmdgame.com/job/index.html （200，服务端渲染列表，城市筛选项含成都）。该页未给出薪资、经验、学历、人数与职责原文，salary/experience/education/headcount/job_desc/requirement/welfare 一律记『页面未说明』，不作推测。职位详情页 site.lmdgame.com/adminops/plus/view.php 实测为空页或跳转 BOSS直聘，故 job_url 回填社招列表页（官方域名）。,
CD0218|成都九洲迪飞科技有限责任公司|销售经理岗|页面未说明（公司公告原文：坐落于成都市高新区天府软件园）,CD0218,366,成都九洲迪飞科技有限责任公司,是,A,通信与网络设备,销售经理岗,页面未说明,页面未说明,四川省,成都市,高新区,成都市,not_available,销售,社会招聘,2026-08-21,薪酬和福利按照成都九洲迪飞科技有限责任公司有关规定执行,具有同岗相关工作2年以上经历优先,大专及以上（理学、工学专业，电子、通信、自动化等相关专业）,1,1,1.根据公司整体销售计划，制定所负责目标市场区块的销售计划，针对不同的客户群体制定相应的销售策略并组织实施；3.代表公司与客户进行合同洽谈、签订，并参与合同相关评审和控制工作（岗位描述第1、3条摘要）,1.遵纪守法、品行端正，具备良好沟通协调能力；4.应聘年龄应在45周岁及以下；5.技能要求：具有微波射频专业基础知识，熟悉公司产品线及市场同类竞争产品状况（资格条件摘要）,页面未说明,listing_page,否,not_available,https://www.jezetek.cc/jzgw/content/xxgk_new/detail?contentId=4838608,https://www.jezetek.cc/jzgw/content/xxgk_new/detail?contentId=4838608,是,true,A类·企业官方,2026-09-27,2026-09-27,公开招聘中,是,2026-09-27,报名时间原文：2026-08-21开始，招满即止。招聘单位选择『九洲迪飞』投递。；公司公告原文：坐落于成都市高新区天府软件园,
CD0224|成都传媒集团|全媒体采编人员|成都（公告未写明具体办公地址）,CD0224,367,成都传媒集团,是,A,文化传媒与影视,全媒体采编人员,成都（公告未写明具体办公地址）,成都（公告未写明具体办公地址）,四川省,成都市,,成都市,inferred,职能,社会招聘,2026-03-16,年度薪酬水平12-20万元,页面未明确工作年限（要求熟悉媒体工作流程、具备新闻宣传与活动策划组织执行能力）,大学本科及以上学历；新闻学、汉语言文学、法律、经济、艺术、信息、金融、摄影摄像等相关专业优先,5人,5人,负责图文及视频新闻的策划采写、拍摄剪辑与编发；结合社会热点产出全媒体原创内容；参与新媒体账号内容制作与运营，协助宣传推广项目创意策划与落地执行。,政治立场坚定、热爱新闻事业；本科及以上（相关专业优先）；文字功底扎实、新闻敏感度高；熟练使用视频拍摄设备与编辑软件；能将AI等创新技术用于新闻生产。,页面未说明,direct_detail,是,high,https://www.cmgchengdu.com/jobs_content.php?cid=44&id=6457,https://www.cmgchengdu.com/jobs.php?cid=44,是,true,A类·企业官方,2026-09-27,2026-09-27,公开招聘中,是,2026-09-27,公告页 https://www.cmgchengdu.com/jobs_content.php?cid=44&id=6457 实测200（3042字节正文，发布时间2026-03-16），报名2026年3月16日至3月24日，报名邮箱1069047133@qq.com，招聘专岗拟聘后指派到集团下属公司。,
CD0224|成都传媒集团|集团办公室保障专员|成都（公告未写明具体办公地址）,CD0224,368,成都传媒集团,是,A,文化传媒与影视,集团办公室保障专员,成都（公告未写明具体办公地址）,成都（公告未写明具体办公地址）,四川省,成都市,,成都市,inferred,职能,社会招聘,2026-04-28,页面未说明,5年驾龄,大学专科及以上,1名,1名,页面未说明,大学专科及以上；须具备5年驾龄（以公告原文为准）；政治素质与职业素养符合要求。,页面未说明,direct_detail,是,high,https://www.cmgchengdu.com/jobs_content.php?cid=44&id=6880,https://www.cmgchengdu.com/jobs.php?cid=44,是,true,A类·企业官方,2026-09-27,2026-09-27,页面存在但状态不明确,待人工复核,2026-09-27,详情页 https://www.cmgchengdu.com/jobs_content.php?cid=44&id=6880 实测200（12481字节），发布时间2026-04-28，招聘1名。；2026-09-28 复测：页面可访问但列表未含该职位名，状态仍不明确,
CD0225|成都信息工程大学|专业技术岗|成都（公告未写明具体校区地址）,CD0225,369,成都信息工程大学,是,A,教育,专业技术岗,成都（公告未写明具体校区地址）,成都（公告未写明具体校区地址）,四川省,成都市,,成都市,confirmed,职能,社会招聘,页面未说明,页面未说明,页面未说明,页面未说明,页面未说明,页面未说明,页面未说明,页面未说明,页面未说明,direct_detail,是,high,https://rsc.cuit.edu.cn/info/1006/2221.htm,https://rsc.cuit.edu.cn/rczp.htm,是,true,A类·企业官方,2026-09-27,2026-09-27,公开招聘中,是,2026-09-27,公告题目为《成都信息工程大学2025年考核招聘专业技术岗公告》（/info/1006/2221.htm 实测200，2976字节），正文未在页面列出岗位条件与人数，故相关字段均留“页面未说明”。,
CD0225|成都信息工程大学|合同制（人事代理）工作人员|成都（公告未写明具体校区地址）,CD0225,370,成都信息工程大学,是,A,教育,合同制（人事代理）工作人员,成都（公告未写明具体校区地址）,成都（公告未写明具体校区地址）,四川省,成都市,,成都市,confirmed,职能,社会招聘,页面未说明,页面未说明,页面未说明,页面未说明,页面未说明,页面未说明,页面未说明,页面未说明,页面未说明,direct_detail,是,high,https://rsc.cuit.edu.cn/info/1006/1605.htm,https://rsc.cuit.edu.cn/rczp.htm,是,true,A类·企业官方,2026-09-27,2026-09-27,公开招聘中,是,2026-09-27,公告题目为《成都信息工程大学2023年8月公开招聘合同制（人事代理）工作人员公告》（https://rsc.cuit.edu.cn/info/1006/1605.htm 实测200，8489字节），正文未在页面列出岗位条件与人数，故字段留“页面未说明”。,
CD0225|成都信息工程大学|教学科研岗位人员|成都（公告未写明具体校区地址）,CD0225,371,成都信息工程大学,是,A,教育,教学科研岗位人员,成都（公告未写明具体校区地址）,成都（公告未写明具体校区地址）,四川省,成都市,,成都市,confirmed,研发,社会招聘,2026-01-19,页面未说明,面向博士、副高级及以上职称人员或体育类全日制硕士研究生，公告未设工作年限门槛,2027年07月31日前获得博士研究生学历并取得博士学位；或具有副高级及以上专业技术职务；或体育类全日制硕士研究生,83名,83名,承担教学与科研工作的专业技术岗位（从事教学科研工作，具体岗位见附件《成都信息工程大学2026年教学科研岗位招聘计划一览表》）。,热爱祖国、遵纪守法、品行端正；身体与教师资格体检合格；符合一览表所列岗位条件；非事业编制劳动合同制（人事代理）人员。,参照学校同类同级事业编制人员执行（公告原文）,direct_detail,是,high,https://rsc.cuit.edu.cn/info/1006/2292.htm,https://rsc.cuit.edu.cn/rczp.htm,是,true,A类·企业官方,2026-09-27,2026-09-27,公开招聘中,是,2026-09-27,公告页实测200（25484字节，发布时间2026-01-19），本次公告有效期至2026年12月31日；报名邮箱rsc@cuit.edu.cn。岗位清单见附件，job_desc 为公告概括。；页面上另标注公司地址：公告：薪酬待遇、福利保障参照同类同级事业编制人员执行,
CD0227|成都光华科技发展有限公司|人力资源专员|四川省成都市新都区,CD0227,372,成都光华科技发展有限公司,是,A,智能制造与装备,人力资源专员,四川省成都市新都区,四川省成都市新都区,四川省,成都市,新都区,成都市,confirmed,职能,社会招聘,页面未说明,页面未说明（原文仅写「面议」，未标注具体薪资区间）,不限,页面未说明,页面未说明,页面未说明,官网职位列表仅给出职位名称、薪资待遇（面议）、年龄要求（不限）与工作经验（不限），详情页未展开职责。,页面未说明,页面未说明,direct_detail,是,high,https://guanghuagroup.net/?job/89.html,https://guanghuagroup.net/?job/,是,true,A类·企业官方,2026-09-27,2026-09-28,公开招聘中,待人工复核,2026-09-28,2026-09-28 复测页面命中职位名与招聘关键词，确认在招,
CD0227|成都光华科技发展有限公司|售后工程师|四川省成都市新都区,CD0227,373,成都光华科技发展有限公司,是,A,智能制造与装备,售后工程师,四川省成都市新都区,四川省成都市新都区,四川省,成都市,新都区,成都市,confirmed,售后,社会招聘,页面未说明,页面未说明（原文仅写「面议」，未标注具体薪资区间）,1-3年,页面未说明,页面未说明,页面未说明,官网职位列表仅给出职位名称、薪资待遇（面议）、年龄要求（1-3年）与工作地点（四川省成都市新都区），详情页未展开职责。,页面未说明,页面未说明,direct_detail,是,high,https://guanghuagroup.net/?job/90.html,https://guanghuagroup.net/?job/,是,true,A类·企业官方,2026-09-27,2026-09-28,公开招聘中,待人工复核,2026-09-28,2026-09-28 复测页面命中职位名与招聘关键词，确认在招,
CD0227|成都光华科技发展有限公司|商务报价|四川省成都市新都区,CD0227,374,成都光华科技发展有限公司,是,A,智能制造与装备,商务报价,四川省成都市新都区,四川省成都市新都区,四川省,成都市,新都区,成都市,confirmed,职能,社会招聘,页面未说明,页面未说明（原文仅写「面议」，未标注具体薪资区间）,1-3年,大专,2,2,负责报价项目资料消化理解与答疑；核实元器件价格并制作报价品牌表；负责项目成本核算；制作报价书；配合合同评审与投标资料提供。,大专及以上学历，电气专业优先；具备电气专业基础知识，熟悉成套电气产品与常用元器件；同等报价岗位3年以上工作经历优先。,页面未说明,direct_detail,是,high,https://guanghuagroup.net/?job/83.html,https://guanghuagroup.net/?job/,是,true,A类·企业官方,2026-09-27,2026-09-28,公开招聘中,待人工复核,2026-09-28,2026-09-28 复测页面命中职位名与招聘关键词，确认在招,
CD0227|成都光华科技发展有限公司|工艺工程师|四川省成都市新都区,CD0227,375,成都光华科技发展有限公司,是,A,智能制造与装备,工艺工程师,四川省成都市新都区,四川省成都市新都区,四川省,成都市,新都区,成都市,confirmed,生产,社会招聘,页面未说明,页面未说明（原文仅写「面议」，未标注具体薪资区间）,3-5年,大专,3,3,新项目电气装配图纸与BOM审核；产品电气工艺流程设定及工艺文件编写；电气配线标准制定与过程失效模式分析；制定工时与材料定额；负责工装设计改进与现场异常分析处理。,大专及以上学历，机械电子工程、电气工程、自动控制工程等相关专业；精通电子电路、电气原理、仪器仪表；熟悉工艺相关标准与制作流程；熟练掌握CAD绘图；具有相关工作经验3年以上。,页面未说明,direct_detail,是,high,https://guanghuagroup.net/?job/88.html,https://guanghuagroup.net/?job/,是,true,A类·企业官方,2026-09-27,2026-09-28,公开招聘中,待人工复核,2026-09-28,2026-09-28 复测页面命中职位名与招聘关键词，确认在招,
CD0227|成都光华科技发展有限公司|海外销售|四川省成都市新都区,CD0227,376,成都光华科技发展有限公司,是,A,智能制造与装备,海外销售,四川省成都市新都区,四川省成都市新都区,四川省,成都市,新都区,成都市,confirmed,销售,社会招聘,页面未说明,页面未说明（原文仅写「面议」，未标注具体薪资区间）,1-3年,本科,3,3,负责海外市场的推广，为海外客户提供服务并取得订单；通过海内外展会及网络平台收集海外客户资料并开发跟踪；负责海外订单跟踪至销售、货款回收；不定期收集客户与行业信息反馈公司。,熟悉锂电池应用场景，熟悉所在区域核心市场和客户分布，有光伏、储能、成套电气、电力系统行业经验；英语精通，同时会第二门外语；爱岗敬业，适应出差。,页面未说明,direct_detail,是,high,https://guanghuagroup.net/?job/82.html,https://guanghuagroup.net/?job/,是,true,A类·企业官方,2026-09-27,2026-09-27,公开招聘中,是,2026-09-27,,
CD0227|成都光华科技发展有限公司|电气工程师|四川省成都市新都区,CD0227,377,成都光华科技发展有限公司,是,A,智能制造与装备,电气工程师,四川省成都市新都区,四川省成都市新都区,四川省,成都市,新都区,成都市,confirmed,研发,社会招聘,页面未说明,页面未说明（原文仅写「面议」，未标注具体薪资区间）,3-5年,本科,2,2,负责电池模组和系统的电气集成设计、电气件选型、电气原理图设计；编写各零部件技术性能参数与规范；负责逆变器与BMS通讯、连接及高低压配线系统设计；负责储能电池系统现场设计、安装与调试。,电气工程及自动化、电力电子等相关专业，3年以上工作经验；熟悉电池模组或Pack电气特性及性能参数；熟悉电气件选型与开发；具有产品设计经验和良好团队协作能力。,页面未说明,direct_detail,是,high,https://guanghuagroup.net/?job/87.html,https://guanghuagroup.net/?job/,是,true,A类·企业官方,2026-09-27,2026-09-28,公开招聘中,待人工复核,2026-09-28,2026-09-28 复测页面命中职位名与招聘关键词，确认在招,
CD0227|成都光华科技发展有限公司|硬件工程师|四川省成都市新都区,CD0227,378,成都光华科技发展有限公司,是,A,智能制造与装备,硬件工程师,四川省成都市新都区,四川省成都市新都区,四川省,成都市,新都区,成都市,confirmed,研发,社会招聘,页面未说明,页面未说明（原文仅写「面议」，未标注具体薪资区间）,不限（要求2年以上硬件开发经验）,不限（有电力电子研发经验者可适当降低文凭标准）,2,2,新产品设计开发调试；对现有产品根据需求进行设计升级改进。,有DSP、FPGA、ARM等CPU主板及开关电源等硬件设计经验；2年以上硬件开发经验，熟练使用PADS、Altium Designer、CAM350；负责硬件原理图及PCB设计、Bom制作、样机调试与测试。,页面未说明,direct_detail,是,high,https://guanghuagroup.net/?job/84.html,https://guanghuagroup.net/?job/,是,true,A类·企业官方,2026-09-27,2026-09-28,公开招聘中,待人工复核,2026-09-28,2026-09-28 复测页面命中职位名与招聘关键词，确认在招,
CD0227|成都光华科技发展有限公司|结构工程师|四川省成都市新都区,CD0227,379,成都光华科技发展有限公司,是,A,智能制造与装备,结构工程师,四川省成都市新都区,四川省成都市新都区,四川省,成都市,新都区,成都市,confirmed,研发,社会招聘,页面未说明,页面未说明（原文仅写「面议」，未标注具体薪资区间）,不限,本科,2,2,电池组产品开发前期技术对接及产品方案审核；电池组产品结构设计、线束设计、材料选型；产品FEMA、BOM、规格书等文档制作并推进开发项目；协助完成电池组样品装配、性能测试与资料归档。,具有高低压柜结构设计经验，熟悉钣金结构生产工艺，了解相关产品国标；熟练solidworks、CAD；具有丰富产品设计经验和良好团队协调能力；本科及以上，机械自动化、电气等理工类相关专业。,页面未说明,direct_detail,是,high,https://guanghuagroup.net/?job/86.html,https://guanghuagroup.net/?job/,是,true,A类·企业官方,2026-09-27,2026-09-28,公开招聘中,待人工复核,2026-09-28,2026-09-28 复测页面命中职位名与招聘关键词，确认在招,
CD0227|成都光华科技发展有限公司|软件工程师|四川省成都市新都区,CD0227,380,成都光华科技发展有限公司,是,A,智能制造与装备,软件工程师,四川省成都市新都区,四川省成都市新都区,四川省,成都市,新都区,成都市,confirmed,研发,社会招聘,页面未说明,页面未说明（原文仅写「面议」，未标注具体薪资区间）,不限,本科,1,1,按软件开发流程完成软件模块代码编程、调试和验证并归档技术文件；软件算法仿真与验证；配合软硬件联调；维护与升级软件并形成软件设计说明书。,电气自动化、电力电子相关专业本科及以上；有风电变流器、SVG、APF、PCS等电力电子产品控制软件开发经验优先；熟悉AC/DC、DC/AC、DC/DC拓扑原理；熟练Matlab/Psim仿真，熟练C++、Verilog、VHDL。,页面未说明,direct_detail,是,high,https://guanghuagroup.net/?job/85.html,https://guanghuagroup.net/?job/,是,true,A类·企业官方,2026-09-27,2026-09-28,公开招聘中,待人工复核,2026-09-28,2026-09-28 复测页面命中职位名与招聘关键词，确认在招,
CD0230|成都华西海圻医药科技有限公司|Java 开发工程师|成都·天府国际生物城·菁园路288号（生物城机构）；成都·高朋大道28号（高新机构）,CD0230,381,成都华西海圻医药科技有限公司,是,A,生物医药,Java 开发工程师,成都·天府国际生物城·菁园路288号（生物城机构）；成都·高朋大道28号（高新机构）,成都·天府国际生物城·菁园路288号（生物城机构）；成都·高朋大道28号（高新机构）,四川省,成都市,天府新区,成都市,inferred,研发,社会招聘,页面未说明,页面未说明,页面未说明,页面未说明,页面未说明,页面未说明,页面未说明,页面未说明,页面未说明,listing_page,否,not_available,,https://www.glpcd.com/job,是,true,A类·企业官方,2026-09-27,2026-09-27,公开招聘中,是,2026-09-27,职位取自官网人才招聘页静态列表；官网无独立职位详情页，job_url 留空。工作地原文照抄官网分类别标注（生物城=天府国际生物城菁园路288号，高新=高朋大道28号）。；该职位仅有列表页来源，无独立详情页,
CD0230|成都华西海圻医药科技有限公司|QA-生物城|成都·天府国际生物城·菁园路288号（生物城机构）,CD0230,382,成都华西海圻医药科技有限公司,是,A,生物医药,QA-生物城,成都·天府国际生物城·菁园路288号（生物城机构）,成都·天府国际生物城·菁园路288号（生物城机构）,四川省,成都市,天府新区,成都市,inferred,职能,社会招聘,页面未说明,页面未说明,页面未说明,页面未说明,页面未说明,页面未说明,页面未说明,页面未说明,页面未说明,listing_page,否,not_available,,https://www.glpcd.com/job,是,true,A类·企业官方,2026-09-27,2026-09-27,公开招聘中,是,2026-09-27,职位取自官网人才招聘页静态列表；官网无独立职位详情页，job_url 留空。工作地原文照抄官网分类别标注（生物城=天府国际生物城菁园路288号，高新=高朋大道28号）。；该职位仅有列表页来源，无独立详情页,
CD0230|成都华西海圻医药科技有限公司|兽医-生物城|成都·天府国际生物城·菁园路288号（生物城机构）,CD0230,383,成都华西海圻医药科技有限公司,是,A,生物医药,兽医-生物城,成都·天府国际生物城·菁园路288号（生物城机构）,成都·天府国际生物城·菁园路288号（生物城机构）,四川省,成都市,天府新区,成都市,inferred,研发,社会招聘,页面未说明,页面未说明,页面未说明,本科,页面未说明,页面未说明,页面未说明,页面未说明,页面未说明,listing_page,否,not_available,,https://www.glpcd.com/job,是,true,A类·企业官方,2026-09-27,2026-09-27,公开招聘中,是,2026-09-27,职位取自官网人才招聘页静态列表；官网无独立职位详情页，job_url 留空。工作地原文照抄官网分类别标注（生物城=天府国际生物城菁园路288号，高新=高朋大道28号）。；该职位仅有列表页来源，无独立详情页,
CD0230|成都华西海圻医药科技有限公司|兽医-高新|成都·高朋大道28号（高新机构）,CD0230,384,成都华西海圻医药科技有限公司,是,A,生物医药,兽医-高新,成都·高朋大道28号（高新机构）,成都·高朋大道28号（高新机构）,四川省,成都市,天府新区,成都市,inferred,研发,社会招聘,页面未说明,页面未说明,页面未说明,本科,页面未说明,页面未说明,页面未说明,页面未说明,页面未说明,listing_page,否,not_available,,https://www.glpcd.com/job,是,true,A类·企业官方,2026-09-27,2026-09-27,公开招聘中,是,2026-09-27,职位取自官网人才招聘页静态列表；官网无独立职位详情页，job_url 留空。工作地原文照抄官网分类别标注（生物城=天府国际生物城菁园路288号，高新=高朋大道28号）。；该职位仅有列表页来源，无独立详情页,
CD0230|成都华西海圻医药科技有限公司|制剂分析员-高新|成都·高朋大道28号（高新机构）,CD0230,385,成都华西海圻医药科技有限公司,是,A,生物医药,制剂分析员-高新,成都·高朋大道28号（高新机构）,成都·高朋大道28号（高新机构）,四川省,成都市,天府新区,成都市,inferred,研发,社会招聘,页面未说明,页面未说明,页面未说明,硕士,页面未说明,页面未说明,页面未说明,页面未说明,页面未说明,listing_page,否,not_available,,https://www.glpcd.com/job,是,true,A类·企业官方,2026-09-27,2026-09-27,公开招聘中,是,2026-09-27,职位取自官网人才招聘页静态列表；官网无独立职位详情页，job_url 留空。工作地原文照抄官网分类别标注（生物城=天府国际生物城菁园路288号，高新=高朋大道28号）。；该职位仅有列表页来源，无独立详情页,
CD0230|成都华西海圻医药科技有限公司|制剂技术员-生物城|成都·天府国际生物城·菁园路288号（生物城机构）,CD0230,386,成都华西海圻医药科技有限公司,是,A,生物医药,制剂技术员-生物城,成都·天府国际生物城·菁园路288号（生物城机构）,成都·天府国际生物城·菁园路288号（生物城机构）,四川省,成都市,天府新区,成都市,inferred,研发,社会招聘,页面未说明,页面未说明,页面未说明,本科,页面未说明,页面未说明,页面未说明,页面未说明,页面未说明,listing_page,否,not_available,,https://www.glpcd.com/job,是,true,A类·企业官方,2026-09-27,2026-09-27,公开招聘中,是,2026-09-27,职位取自官网人才招聘页静态列表；官网无独立职位详情页，job_url 留空。工作地原文照抄官网分类别标注（生物城=天府国际生物城菁园路288号，高新=高朋大道28号）。；该职位仅有列表页来源，无独立详情页,
CD0230|成都华西海圻医药科技有限公司|实验动物技术员-生物城|成都·天府国际生物城·菁园路288号（生物城机构）,CD0230,387,成都华西海圻医药科技有限公司,是,A,生物医药,实验动物技术员-生物城,成都·天府国际生物城·菁园路288号（生物城机构）,成都·天府国际生物城·菁园路288号（生物城机构）,四川省,成都市,天府新区,成都市,inferred,研发,社会招聘,页面未说明,页面未说明,页面未说明,本科,页面未说明,页面未说明,页面未说明,页面未说明,页面未说明,listing_page,否,not_available,,https://www.glpcd.com/job,是,true,A类·企业官方,2026-09-27,2026-09-27,公开招聘中,是,2026-09-27,职位取自官网人才招聘页静态列表；官网无独立职位详情页，job_url 留空。工作地原文照抄官网分类别标注（生物城=天府国际生物城菁园路288号，高新=高朋大道28号）。；该职位仅有列表页来源，无独立详情页,
CD0230|成都华西海圻医药科技有限公司|实验动物管理部设备管理员|成都·天府国际生物城·菁园路288号（生物城机构）,CD0230,388,成都华西海圻医药科技有限公司,是,A,生物医药,实验动物管理部设备管理员,成都·天府国际生物城·菁园路288号（生物城机构）,成都·天府国际生物城·菁园路288号（生物城机构）,四川省,成都市,天府新区,成都市,inferred,职能,社会招聘,页面未说明,页面未说明,页面未说明,本科,页面未说明,页面未说明,页面未说明,页面未说明,页面未说明,listing_page,否,not_available,,https://www.glpcd.com/job,是,true,A类·企业官方,2026-09-27,2026-09-27,公开招聘中,是,2026-09-27,职位取自官网人才招聘页静态列表；官网无独立职位详情页，job_url 留空。工作地原文照抄官网分类别标注（生物城=天府国际生物城菁园路288号，高新=高朋大道28号）。；该职位仅有列表页来源，无独立详情页,
CD0230|成都华西海圻医药科技有限公司|应用系统管理员（高新）|成都·高朋大道28号（高新机构）,CD0230,389,成都华西海圻医药科技有限公司,是,A,生物医药,应用系统管理员（高新）,成都·高朋大道28号（高新机构）,成都·高朋大道28号（高新机构）,四川省,成都市,天府新区,成都市,inferred,职能,社会招聘,页面未说明,页面未说明,页面未说明,页面未说明,页面未说明,页面未说明,页面未说明,页面未说明,页面未说明,listing_page,否,not_available,,https://www.glpcd.com/job,是,true,A类·企业官方,2026-09-27,2026-09-27,公开招聘中,是,2026-09-27,职位取自官网人才招聘页静态列表；官网无独立职位详情页，job_url 留空。工作地原文照抄官网分类别标注（生物城=天府国际生物城菁园路288号，高新=高朋大道28号）。；该职位仅有列表页来源，无独立详情页,
CD0230|成都华西海圻医药科技有限公司|毒理研究员-生物城|成都·天府国际生物城·菁园路288号（生物城机构）,CD0230,390,成都华西海圻医药科技有限公司,是,A,生物医药,毒理研究员-生物城,成都·天府国际生物城·菁园路288号（生物城机构）,成都·天府国际生物城·菁园路288号（生物城机构）,四川省,成都市,天府新区,成都市,inferred,研发,社会招聘,页面未说明,页面未说明,页面未说明,硕士,页面未说明,页面未说明,页面未说明,页面未说明,页面未说明,listing_page,否,not_available,,https://www.glpcd.com/job,是,true,A类·企业官方,2026-09-27,2026-09-27,公开招聘中,是,2026-09-27,职位取自官网人才招聘页静态列表；官网无独立职位详情页，job_url 留空。工作地原文照抄官网分类别标注（生物城=天府国际生物城菁园路288号，高新=高朋大道28号）。；该职位仅有列表页来源，无独立详情页,
CD0230|成都华西海圻医药科技有限公司|生物分析技术员（生物药方向）|成都·天府国际生物城·菁园路288号（生物城机构）,CD0230,391,成都华西海圻医药科技有限公司,是,A,生物医药,生物分析技术员（生物药方向）,成都·天府国际生物城·菁园路288号（生物城机构）,成都·天府国际生物城·菁园路288号（生物城机构）,四川省,成都市,天府新区,成都市,inferred,研发,社会招聘,页面未说明,页面未说明,页面未说明,本科,页面未说明,页面未说明,页面未说明,页面未说明,页面未说明,listing_page,否,not_available,,https://www.glpcd.com/job,是,true,A类·企业官方,2026-09-27,2026-09-27,公开招聘中,是,2026-09-27,职位取自官网人才招聘页静态列表；官网无独立职位详情页，job_url 留空。工作地原文照抄官网分类别标注（生物城=天府国际生物城菁园路288号，高新=高朋大道28号）。；该职位仅有列表页来源，无独立详情页,
CD0230|成都华西海圻医药科技有限公司|生物分析技术员（色谱方向）|成都·天府国际生物城·菁园路288号（生物城机构）,CD0230,392,成都华西海圻医药科技有限公司,是,A,生物医药,生物分析技术员（色谱方向）,成都·天府国际生物城·菁园路288号（生物城机构）,成都·天府国际生物城·菁园路288号（生物城机构）,四川省,成都市,天府新区,成都市,inferred,研发,社会招聘,页面未说明,页面未说明,页面未说明,本科,页面未说明,页面未说明,页面未说明,页面未说明,页面未说明,listing_page,否,not_available,,https://www.glpcd.com/job,是,true,A类·企业官方,2026-09-27,2026-09-27,公开招聘中,是,2026-09-27,职位取自官网人才招聘页静态列表；官网无独立职位详情页，job_url 留空。工作地原文照抄官网分类别标注（生物城=天府国际生物城菁园路288号，高新=高朋大道28号）。；该职位仅有列表页来源，无独立详情页,
CD0230|成都华西海圻医药科技有限公司|生物分析研究员-生物城|成都·天府国际生物城·菁园路288号（生物城机构）,CD0230,393,成都华西海圻医药科技有限公司,是,A,生物医药,生物分析研究员-生物城,成都·天府国际生物城·菁园路288号（生物城机构）,成都·天府国际生物城·菁园路288号（生物城机构）,四川省,成都市,天府新区,成都市,inferred,研发,社会招聘,页面未说明,页面未说明,页面未说明,硕士,页面未说明,页面未说明,页面未说明,页面未说明,页面未说明,listing_page,否,not_available,,https://www.glpcd.com/job,是,true,A类·企业官方,2026-09-27,2026-09-27,公开招聘中,是,2026-09-27,职位取自官网人才招聘页静态列表；官网无独立职位详情页，job_url 留空。工作地原文照抄官网分类别标注（生物城=天府国际生物城菁园路288号，高新=高朋大道28号）。；该职位仅有列表页来源，无独立详情页,
CD0230|成都华西海圻医药科技有限公司|病理技术员-生物城|成都·天府国际生物城·菁园路288号（生物城机构）,CD0230,394,成都华西海圻医药科技有限公司,是,A,生物医药,病理技术员-生物城,成都·天府国际生物城·菁园路288号（生物城机构）,成都·天府国际生物城·菁园路288号（生物城机构）,四川省,成都市,天府新区,成都市,inferred,研发,社会招聘,页面未说明,页面未说明,页面未说明,本科,页面未说明,页面未说明,页面未说明,页面未说明,页面未说明,listing_page,否,not_available,,https://www.glpcd.com/job,是,true,A类·企业官方,2026-09-27,2026-09-27,公开招聘中,是,2026-09-27,职位取自官网人才招聘页静态列表；官网无独立职位详情页，job_url 留空。工作地原文照抄官网分类别标注（生物城=天府国际生物城菁园路288号，高新=高朋大道28号）。；该职位仅有列表页来源，无独立详情页,
CD0230|成都华西海圻医药科技有限公司|病理诊断师-生物城|成都·天府国际生物城·菁园路288号（生物城机构）,CD0230,395,成都华西海圻医药科技有限公司,是,A,生物医药,病理诊断师-生物城,成都·天府国际生物城·菁园路288号（生物城机构）,成都·天府国际生物城·菁园路288号（生物城机构）,四川省,成都市,天府新区,成都市,inferred,研发,社会招聘,页面未说明,页面未说明,页面未说明,硕士,页面未说明,页面未说明,页面未说明,页面未说明,页面未说明,listing_page,否,not_available,,https://www.glpcd.com/job,是,true,A类·企业官方,2026-09-27,2026-09-27,公开招聘中,是,2026-09-27,职位取自官网人才招聘页静态列表；官网无独立职位详情页，job_url 留空。工作地原文照抄官网分类别标注（生物城=天府国际生物城菁园路288号，高新=高朋大道28号）。；该职位仅有列表页来源，无独立详情页,
CD0230|成都华西海圻医药科技有限公司|监控值班员|成都·天府国际生物城·菁园路288号（生物城机构）,CD0230,396,成都华西海圻医药科技有限公司,是,A,生物医药,监控值班员,成都·天府国际生物城·菁园路288号（生物城机构）,成都·天府国际生物城·菁园路288号（生物城机构）,四川省,成都市,天府新区,成都市,inferred,职能,社会招聘,页面未说明,页面未说明,页面未说明,页面未说明,页面未说明,页面未说明,页面未说明,页面未说明,页面未说明,listing_page,否,not_available,,https://www.glpcd.com/job,是,true,A类·企业官方,2026-09-27,2026-09-27,公开招聘中,是,2026-09-27,职位取自官网人才招聘页静态列表；官网无独立职位详情页，job_url 留空。工作地原文照抄官网分类别标注（生物城=天府国际生物城菁园路288号，高新=高朋大道28号）。；该职位仅有列表页来源，无独立详情页,
CD0230|成都华西海圻医药科技有限公司|解剖室管理员-生物城|成都·天府国际生物城·菁园路288号（生物城机构）,CD0230,397,成都华西海圻医药科技有限公司,是,A,生物医药,解剖室管理员-生物城,成都·天府国际生物城·菁园路288号（生物城机构）,成都·天府国际生物城·菁园路288号（生物城机构）,四川省,成都市,天府新区,成都市,inferred,职能,社会招聘,页面未说明,页面未说明,页面未说明,本科,页面未说明,页面未说明,页面未说明,页面未说明,页面未说明,listing_page,否,not_available,,https://www.glpcd.com/job,是,true,A类·企业官方,2026-09-27,2026-09-27,公开招聘中,是,2026-09-27,职位取自官网人才招聘页静态列表；官网无独立职位详情页，job_url 留空。工作地原文照抄官网分类别标注（生物城=天府国际生物城菁园路288号，高新=高朋大道28号）。；该职位仅有列表页来源，无独立详情页,
CD0230|成都华西海圻医药科技有限公司|采购专员|成都·天府国际生物城·菁园路288号（生物城机构）,CD0230,398,成都华西海圻医药科技有限公司,是,A,生物医药,采购专员,成都·天府国际生物城·菁园路288号（生物城机构）,成都·天府国际生物城·菁园路288号（生物城机构）,四川省,成都市,天府新区,成都市,inferred,职能,社会招聘,页面未说明,页面未说明,页面未说明,页面未说明,页面未说明,页面未说明,页面未说明,页面未说明,页面未说明,listing_page,否,not_available,,https://www.glpcd.com/job,是,true,A类·企业官方,2026-09-27,2026-09-27,公开招聘中,是,2026-09-27,职位取自官网人才招聘页静态列表；官网无独立职位详情页，job_url 留空。工作地原文照抄官网分类别标注（生物城=天府国际生物城菁园路288号，高新=高朋大道28号）。；该职位仅有列表页来源，无独立详情页,
CD0230|成都华西海圻医药科技有限公司|项目助理|成都·天府国际生物城·菁园路288号（生物城机构）；成都·高朋大道28号（高新机构）,CD0230,399,成都华西海圻医药科技有限公司,是,A,生物医药,项目助理,成都·天府国际生物城·菁园路288号（生物城机构）；成都·高朋大道28号（高新机构）,成都·天府国际生物城·菁园路288号（生物城机构）；成都·高朋大道28号（高新机构）,四川省,成都市,天府新区,成都市,inferred,职能,社会招聘,页面未说明,页面未说明,页面未说明,本科,页面未说明,页面未说明,页面未说明,页面未说明,页面未说明,listing_page,否,not_available,,https://www.glpcd.com/job,是,true,A类·企业官方,2026-09-27,2026-09-27,公开招聘中,是,2026-09-27,职位取自官网人才招聘页静态列表；官网无独立职位详情页，job_url 留空。工作地原文照抄官网分类别标注（生物城=天府国际生物城菁园路288号，高新=高朋大道28号）。；该职位仅有列表页来源，无独立详情页,
CD0230|成都华西海圻医药科技有限公司|饲养主管-生物城|成都·天府国际生物城·菁园路288号（生物城机构）,CD0230,400,成都华西海圻医药科技有限公司,是,A,生物医药,饲养主管-生物城,成都·天府国际生物城·菁园路288号（生物城机构）,成都·天府国际生物城·菁园路288号（生物城机构）,四川省,成都市,天府新区,成都市,inferred,职能,社会招聘,页面未说明,页面未说明,页面未说明,本科,页面未说明,页面未说明,页面未说明,页面未说明,页面未说明,listing_page,否,not_available,,https://www.glpcd.com/job,是,true,A类·企业官方,2026-09-27,2026-09-27,公开招聘中,是,2026-09-27,职位取自官网人才招聘页静态列表；官网无独立职位详情页，job_url 留空。工作地原文照抄官网分类别标注（生物城=天府国际生物城菁园路288号，高新=高朋大道28号）。；该职位仅有列表页来源，无独立详情页,
CD0231|成都华远电器设备有限公司|智能化应用工程师|成都双流,CD0231,401,成都华远电器设备有限公司,是,A,智能制造与装备,智能化应用工程师,成都双流,成都双流,四川省,成都市,双流区,成都市,inferred,研发,社会招聘,2026-08-28,页面未说明,三年及以上相关工作经验,本科、研究生（机械制造、机械设计、机器人等相关专业）,1人,1人,根据客户要求进行技术交流和方案确定，完成设备方案制作；负责设备、工装设计，能进行机器人集成、程序调试、优化节拍及接线、维护保养。,熟悉机械机构设计、机械传动、气动元器件原理并正确选型；熟悉零部件加工工艺与表面处理；主导或参与过机器人焊接设备项目。,五险一金（含商业意外险）；餐费补贴、交通补贴、职业资格补贴、升学补贴、工会补贴；周末双休/法定节假日/年假/婚假/产假/考试假；员工宿舍、健身房、篮球场、员工旅游、节日福利。,listing_page,否,not_available,,https://hwayuan.com/interna.aspx?category_id=50,是,true,A类·企业官方,2026-09-27,2026-09-27,公开招聘中,是,2026-09-27,职位以页内折叠展示，无独立详情页URL。；该职位仅有列表页来源，无独立详情页,
CD0231|成都华远电器设备有限公司|机械设计工程师|成都双流,CD0231,402,成都华远电器设备有限公司,是,A,智能制造与装备,机械设计工程师,成都双流,成都双流,四川省,成都市,双流区,成都市,inferred,研发,社会招聘,2026-08-28,页面未说明,三年以上机械设计经验,本科及以上（机械或机电类专业）,1人,1人,参与机械系统整体设计，负责机械产品相关部分机械设计开发；完成机械结构图样绘制及试制改进；参与总体联调、样机制作与测试、定型及产业化工作。,具备独立设计工作能力，熟悉产品结构开发流程；精通制图与建模软件；熟悉机械加工工艺及元器件选型；有一定动力学分析或有限元计算经验。,五险一金（含商业意外险）；餐费补贴、交通补贴、职业资格补贴、升学补贴、工会补贴；周末双休/法定节假日/年假/婚假/产假/考试假；员工宿舍、健身房、篮球场、员工旅游、节日福利。,listing_page,否,not_available,,https://hwayuan.com/interna.aspx?category_id=50,是,true,A类·企业官方,2026-09-27,2026-09-27,公开招聘中,是,2026-09-27,职位以页内折叠展示，无独立详情页URL。；该职位仅有列表页来源，无独立详情页,
CD0231|成都华远电器设备有限公司|电气设计工程师|成都双流,CD0231,403,成都华远电器设备有限公司,是,A,智能制造与装备,电气设计工程师,成都双流,成都双流,四川省,成都市,双流区,成都市,inferred,研发,社会招聘,2026-08-28,页面未说明,三年以上电气设计从业经验,本科及以上（电气工程、自动控制工程、机电一体化或相关专业）,1人,1人,做好客户售前、售中、售后的技术支持；参与产品现场调试并处理电气故障；定期给销售部门提供技术培训；按客户要求提供PLC、机器人等程序编写。,熟练使用PLC与常见品牌触摸屏的硬件选型、组态及编程；熟悉各类电机、气缸和传感器选型；熟悉PLC与上位机通讯。,五险一金（含商业意外险）；餐费补贴、交通补贴、职业资格补贴、升学补贴、工会补贴；周末双休/法定节假日/年假/婚假/产假/考试假；员工宿舍、健身房、篮球场、员工旅游、节日福利。,listing_page,否,not_available,,https://hwayuan.com/interna.aspx?category_id=50,是,true,A类·企业官方,2026-09-27,2026-09-27,公开招聘中,是,2026-09-27,职位以页内折叠展示，无独立详情页URL。；该职位仅有列表页来源，无独立详情页,
CD0231|成都华远电器设备有限公司|电源硬件工程师|成都双流,CD0231,404,成都华远电器设备有限公司,是,A,智能制造与装备,电源硬件工程师,成都双流,成都双流,四川省,成都市,双流区,成都市,inferred,研发,社会招聘,2026-08-28,页面未说明,三年以上从业经验,本科及以上（电子信息工程、电力电子、机械电子工程等相关专业）,3人,3人,主要产品研发方向为逆变式焊机与切割电源；按策划要求进行电气原理图、钣金零件图、PCB印制板绘制和BOM整理、电路调试与试验等设计工作。,熟练掌握电气类软件，能完成硬件原理图与PCB设计；熟练掌握C语言，熟悉IGBT/MOSFET选型、驱动与保护，能设计整流、逆变电路。,五险一金（含商业意外险）；餐费补贴、交通补贴、职业资格补贴、升学补贴、工会补贴；周末双休/法定节假日/年假/婚假/产假/考试假；员工宿舍、健身房、篮球场、员工旅游、节日福利。,listing_page,否,not_available,,https://hwayuan.com/interna.aspx?category_id=50,是,true,A类·企业官方,2026-09-27,2026-09-27,公开招聘中,是,2026-09-27,职位以页内折叠展示，无独立详情页URL。；该职位仅有列表页来源，无独立详情页,
CD0231|成都华远电器设备有限公司|电源软件工程师|成都双流,CD0231,405,成都华远电器设备有限公司,是,A,智能制造与装备,电源软件工程师,成都双流,成都双流,四川省,成都市,双流区,成都市,inferred,研发,社会招聘,2026-08-28,页面未说明,三年及以上相关工作经验,本科、研究生（电子信息工程、电子科学与技术、电力电子等相关专业）,1人,1人,负责大功率数字逆变电源（电焊机）产品相关嵌入式软件开发；负责控制电路设计、PCB设计；负责数字化大功率电源领域技术调研和预研。,精通C语言，具有单片机、DSP、FPGA设计经验；具有电路设计、PCB设计相关经验优先。,五险一金（含商业意外险）；餐费补贴、交通补贴、职业资格补贴、升学补贴、工会补贴；周末双休/法定节假日/年假/婚假/产假/考试假；员工宿舍、健身房、篮球场、员工旅游、节日福利。,listing_page,否,not_available,,https://hwayuan.com/interna.aspx?category_id=50,是,true,A类·企业官方,2026-09-27,2026-09-27,公开招聘中,是,2026-09-27,职位以页内折叠展示，无独立详情页URL。；该职位仅有列表页来源，无独立详情页,
CD0231|成都华远电器设备有限公司|销售经理|成都双流,CD0231,406,成都华远电器设备有限公司,是,A,智能制造与装备,销售经理,成都双流,成都双流,四川省,成都市,双流区,成都市,inferred,销售,社会招聘,2026-08-28,页面未说明,页面未说明,大专、本科学历（焊接技术、电气工程、机电一体化、市场营销等相关专业）,6人,6人,收集公司现有与潜在经销商、客户及竞争对手资料并整理；做好现有经销商及客户日常拜访、关系维护、培训及服务；开发新经销商与客户，拓展销售渠道。,大专及以上学历，焊接技术/电气工程/机电一体化/市场营销相关专业；了解焊接切割类产品工作原理优先；能适应长期出差。,五险一金（含商业意外险）；餐费补贴、交通补贴、职业资格补贴、升学补贴、工会补贴；周末双休/法定节假日/年假/婚假/产假/考试假；员工宿舍、健身房、篮球场、员工旅游、节日福利。,listing_page,否,not_available,,https://hwayuan.com/interna.aspx?category_id=50,是,true,A类·企业官方,2026-09-27,2026-09-27,公开招聘中,是,2026-09-27,职位以页内折叠展示，无独立详情页URL。；该职位仅有列表页来源，无独立详情页,
CD0233|成都双流国际机场股份有限公司|急救医生|成都双流国际机场,CD0233,407,成都双流国际机场股份有限公司,是,A,航空运输,急救医生,成都双流国际机场,成都双流国际机场,四川省,成都市,双流区,成都市,inferred,医疗,社会招聘,2026-03-25,页面未说明,35周岁（含）以下（1990年4月1日以后出生）,大学本科及以上，并取得相应学位。临床医学，急诊、妇产科、耳鼻喉、全科、内科方向,页面未说明,页面未说明,负责机场旅客的应急救护，提供医疗服务。,执业医师资格证书；年龄 35 周岁（含）以下（1990 年 4 月 1 日以后出生）；须持有执业医师资格证书。,公告说明录用人员执行四川省机场集团有限公司薪酬制度，按照国家相关规定办理各类保险、公积金；未列其他福利条款,listing_page,否,not_available,https://www.cdairport.com/news_detail.aspx?cid=6295&t=60,https://www.cdairport.com/news_detail.aspx?cid=6295&t=60,是,true,A类·企业官方,2026-09-27,2026-09-27,公开招聘中,是,2026-09-27,职位取自官网《成都双流国际机场股份有限公司2026年度招聘简章》正文第四条岗位要求与第一条岗位信息；报名截止 2026年4月1日17:00，投递邮箱 gfgszp@163.com；页面未给出薪资与招聘人数。,
CD0236|成都国际贸易集团有限公司|副总经理等岗位（成都场景创新科技有限责任公司）|成都（公告未写明具体办公地址）,CD0236,408,成都国际贸易集团有限公司,是,A,零售与消费,副总经理等岗位（成都场景创新科技有限责任公司）,成都（公告未写明具体办公地址）,成都（公告未写明具体办公地址）,四川省,成都市,高新区,成都市,inferred,管理,社会招聘,2026-06-23,页面未说明,页面未说明,页面未说明,页面未说明,页面未说明,本次招聘岗位由成都场景创新科技有限责任公司提供，均为紧缺急需岗位（具体职责见公告附件）。,页面未说明,页面未说明,listing_page,否,not_available,https://www.cdgmjt.cn/jobinfo.thtml?t=1310&cid=79137,https://www.cdgmjt.cn/jobinfo.thtml?t=1310&cid=79137,是,true,A类·企业官方,2026-09-27,2026-09-27,公开招聘中,是,2026-09-27,公告页实测200（51966字节），发布时间2026/06/23，报名截止2026年6月30日17:00；附件《岗位信息表》PDF为扫描件无法提取文字，岗位明细与条件均留“页面未说明”。,
CD0236|成都国际贸易集团有限公司|综合管理部副部长（信息技术方向）|页面未说明,CD0236,409,成都国际贸易集团有限公司,是,A,零售与消费,综合管理部副部长（信息技术方向）,页面未说明,页面未说明,四川省,成都市,高新区,成都市,inferred,管理,社会招聘,页面未说明,页面未说明,页面未说明,页面未说明,页面未说明,页面未说明,页面未说明,页面未说明,页面未说明,listing_page,否,not_available,,https://www.cdgmjt.cn/jobinfo.thtml?t=1310&cid=100460,是,true,A类·企业官方,2026-09-27,2026-09-27,待人工复核,待人工复核,2026-09-27,职位名原文为官网 2026-07-23 招聘公告标题《成都国际贸易集团有限公司关于2026年招聘综合管理部副部长（信息技术方向）等岗位的公告》，正文第二条写“招聘岗位信息详见附件1”，页面正文未展开该岗位的岗位职责、薪资与任职资格，故其余字段记页面未说明；报名截止 2026年8月9日17:00。；该职位仅有列表页来源，无独立详情页；2026-09-28 复测：页面可访问但列表未含该职位名，状态仍不明确,
CD0237|成都坤恒顺维科技股份有限公司|FPGA逻辑工程师|页面未说明（招聘页未标注工作地点）,CD0237,410,成都坤恒顺维科技股份有限公司,是,A,智能制造与装备,FPGA逻辑工程师,页面未说明,页面未说明,四川省,成都市,高新区,成都市,not_available,研发,社会招聘,页面未说明,14-30W（年薪）,页面未说明,页面未说明,2 名,2 名,页面未说明,页面未说明,页面未说明,listing_page,否,not_available,https://www.ksw-tech.com/information/campus-hiring.html,https://www.ksw-tech.com/information/campus-hiring.html,是,true,A类·企业官方,2026-09-27,2026-09-27,公开招聘中,是,2026-09-27,薪资原文『14-30W（年薪）』。；招聘页未标注工作地点,
CD0237|成都坤恒顺维科技股份有限公司|技术支持工程师|页面未说明（招聘页未标注工作地点）,CD0237,411,成都坤恒顺维科技股份有限公司,是,A,智能制造与装备,技术支持工程师,页面未说明,页面未说明,四川省,成都市,高新区,成都市,not_available,研发,社会招聘,页面未说明,11-22W（年薪）,页面未说明,页面未说明,2 名,2 名,页面未说明,页面未说明,页面未说明,listing_page,否,not_available,https://www.ksw-tech.com/information/campus-hiring.html,https://www.ksw-tech.com/information/campus-hiring.html,是,true,A类·企业官方,2026-09-27,2026-09-27,公开招聘中,是,2026-09-27,薪资原文『11-22W（年薪）』。；招聘页未标注工作地点,
CD0237|成都坤恒顺维科技股份有限公司|硬件工程师|页面未说明（招聘页未标注工作地点）,CD0237,412,成都坤恒顺维科技股份有限公司,是,A,智能制造与装备,硬件工程师,页面未说明,页面未说明,四川省,成都市,高新区,成都市,not_available,研发,社会招聘,页面未说明,14-30W（年薪）,页面未说明,页面未说明,2 名,2 名,页面未说明,页面未说明,页面未说明,listing_page,否,not_available,https://www.ksw-tech.com/information/campus-hiring.html,https://www.ksw-tech.com/information/campus-hiring.html,是,true,A类·企业官方,2026-09-27,2026-09-27,公开招聘中,是,2026-09-27,薪资原文『14-30W（年薪）』。；招聘页未标注工作地点,
CD0237|成都坤恒顺维科技股份有限公司|算法工程师|页面未说明（招聘页未标注工作地点）,CD0237,413,成都坤恒顺维科技股份有限公司,是,A,智能制造与装备,算法工程师,页面未说明,页面未说明,四川省,成都市,高新区,成都市,not_available,研发,社会招聘,页面未说明,14-30W（年薪）,页面未说明,页面未说明,2 名,2 名,页面未说明,页面未说明,页面未说明,listing_page,否,not_available,https://www.ksw-tech.com/information/campus-hiring.html,https://www.ksw-tech.com/information/campus-hiring.html,是,true,A类·企业官方,2026-09-27,2026-09-27,公开招聘中,是,2026-09-27,薪资原文『14-30W（年薪）』。；招聘页未标注工作地点,
CD0237|成都坤恒顺维科技股份有限公司|软件工程师|页面未说明（招聘页未标注工作地点）,CD0237,414,成都坤恒顺维科技股份有限公司,是,A,智能制造与装备,软件工程师,页面未说明,页面未说明,四川省,成都市,高新区,成都市,not_available,研发,社会招聘,页面未说明,14W-30W(年薪）,页面未说明,页面未说明,2 名,2 名,页面未说明,页面未说明,页面未说明,listing_page,否,not_available,https://www.ksw-tech.com/information/campus-hiring.html,https://www.ksw-tech.com/information/campus-hiring.html,是,true,A类·企业官方,2026-09-27,2026-09-27,公开招聘中,是,2026-09-27,薪资原文『14W-30W(年薪）』。；招聘页未标注工作地点,
CD0237|成都坤恒顺维科技股份有限公司|销售工程师|页面未说明（招聘页未标注工作地点）,CD0237,415,成都坤恒顺维科技股份有限公司,是,A,智能制造与装备,销售工程师,页面未说明,页面未说明,四川省,成都市,高新区,成都市,not_available,销售,社会招聘,页面未说明,11-15W（年薪）提成无上限,页面未说明,页面未说明,8 名,8 名,页面未说明,页面未说明,页面未说明,listing_page,否,not_available,https://www.ksw-tech.com/information/campus-hiring.html,https://www.ksw-tech.com/information/campus-hiring.html,是,true,A类·企业官方,2026-09-27,2026-09-27,公开招聘中,是,2026-09-27,站点校园招聘页服务端渲染职位列表，各岗位无独立详情页；薪资与人数为页面原文。；招聘页未标注工作地点,
CD0238|成都城建投资管理集团有限责任公司|副总经理（信息化与投资方向）（所属成都城投数智集团有限公司）|四川省成都市高新区,CD0238,416,成都城建投资管理集团有限责任公司,是,A,建筑与工程,副总经理（信息化与投资方向）（所属成都城投数智集团有限公司）,四川省成都市高新区,四川省成都市高新区,四川省,成都市,,成都市,confirmed,管理,社会招聘,2026-03-19,35-45万元/年,4年以上企业经营管理或信息化等与任职岗位相关工作经历，并具有同规模同层级3年以上领导管理岗位经历或8年以上相关领域管理经验,大学本科及以上学历，并取得相应学位；经济学类、金融学类、数学类、电子信息类、自动化类、计算机类、管理科学与工程类、工商管理类专业,1名,1名,牵头数字、电子信息类产业创新趋势研究与信息化战略规划制定落地；负责产业投资项目筛选、技术评估、投资谈判与落地执行，统筹数字化业务与重大技术项目全生命周期管理。,本科及以上对应专业；年龄45周岁及以下；4年以上经营管理/信息化经历+同层级管理经历；精通数字电子信息产业投资与信息技术。,页面未说明,listing_page,否,not_available,https://www.cdci.cn/show-128-148-1.html,https://www.cdci.cn/show-128-148-1.html,是,true,A类·企业官方,2026-09-27,2026-09-27,公开招聘中,是,2026-09-27,岗位条件取自公告附件《成都城投集团社会公开招聘岗位条件要求一览表》PDF原文；公告日期2026-03-19，报名2026年3月19日至3月31日，每人限投一个岗位。,
CD0238|成都城建投资管理集团有限责任公司|总经理（所属成都蓉源能源发展有限责任公司）|四川省成都市青羊区,CD0238,417,成都城建投资管理集团有限责任公司,是,A,建筑与工程,总经理（所属成都蓉源能源发展有限责任公司）,四川省成都市青羊区,四川省成都市青羊区,四川省,成都市,,成都市,confirmed,管理,社会招聘,2026-03-19,页面未说明,页面未说明,页面未说明,1名,1名,制定并适时调整公司发展战略；统筹投融资管理、市场拓展与项目运营，落实年度经营计划；健全管理制度流程，负责对外沟通与企业文化建设，健全廉洁风险防控体系。,页面未说明,页面未说明,listing_page,否,not_available,https://www.cdci.cn/show-128-148-1.html,https://www.cdci.cn/show-128-148-1.html,是,true,A类·企业官方,2026-09-27,2026-09-27,公开招聘中,是,2026-09-27,岗位职责取自公告附件PDF序号2行；该行未填写学历、经验和薪酬栏，按规范不作推断。,
CD0241|成都大学|博士辅导员（专职辅导员岗）|成都市成洛大道2025号（成都大学）,CD0241,418,成都大学,是,A,教育,博士辅导员（专职辅导员岗）,成都市成洛大道2025号（成都大学）,成都市成洛大道2025号（成都大学）,四川省,成都市,成华区,成都市,confirmed,职能,社会招聘,2025-07-21,页面未说明,面向社会在职、非在职博士研究生；公告未设工作年限门槛,博士研究生学历、学位,20名,20名,承担本科生及研究生思想政治教育、日常事务管理与队伍建设相关工作（具体岗位职责见附件《2025年成都大学公开考核招聘博士辅导员岗位和条件要求一览表》）。,具有中华人民共和国国籍、品德良好、身体合格；2025年应届毕业生须于2025年7月31日前取得博士学历学位，境外学历须提供留服认证；符合岗位表条件。,纳入事业编制管理，按受聘岗位等级发放工资待遇，并发放专职辅导员岗位津贴；原则上须在辅导员岗位连续工作不少于4年。,direct_detail,是,high,https://rsc.cdu.edu.cn/info/1032/4174.htm,https://rsc.cdu.edu.cn/,是,true,A类·企业官方,2026-09-27,2026-09-27,公开招聘中,是,2026-09-27,公告页实测200，发布时间2025-07-21，报名2025年7月21日10:00至9月15日17:00，报名邮箱xsc_szk@cdu.edu.cn；每人限报一个岗位。岗位与条件详见附件1，job_desc 已注明。,
CD0242|成都大眼怪科技有限公司|3D游戏角色动画师|成都,CD0242,419,成都大眼怪科技有限公司,是,A,游戏,3D游戏角色动画师,成都,成都,四川省,成都市,武侯区,成都市,inferred,设计,社会招聘,页面未说明,页面未说明,页面未说明,页面未说明,页面未说明,页面未说明,官网职位表原文：3D游戏角色动画师 全职 | 美术类 | 成都；页面未给出职位描述正文。,页面未说明,页面未说明,listing_page,否,not_available,http://www.dayanguai.com/JoinUs.html,http://www.dayanguai.com/JoinUs.html,是,true,A类·企业官方,2026-09-27,2026-09-27,公开招聘中,是,2026-09-27,取自官网『加入我们』页职位表，服务端渲染，无独立职位详情页，job_url 填官方招聘入口。,
CD0242|成都大眼怪科技有限公司|动作捕捉演员|成都,CD0242,420,成都大眼怪科技有限公司,是,A,游戏,动作捕捉演员,成都,成都,四川省,成都市,武侯区,成都市,inferred,其他,社会招聘,页面未说明,页面未说明,页面未说明,页面未说明,页面未说明,页面未说明,官网职位表原文：动作捕捉演员 全职 | 动捕前期类 | 成都；页面未给出职位描述正文。,页面未说明,页面未说明,listing_page,否,not_available,http://www.dayanguai.com/JoinUs.html,http://www.dayanguai.com/JoinUs.html,是,true,A类·企业官方,2026-09-27,2026-09-27,公开招聘中,是,2026-09-27,取自官网『加入我们』页职位表。,
CD0243|成都大运汽车集团有限公司|新能源汽车研发工程师|成都市龙泉驿区车城东七路388号,CD0243,421,成都大运汽车集团有限公司,是,A,智能制造与装备,新能源汽车研发工程师,成都市龙泉驿区车城东七路388号,成都市龙泉驿区车城东七路388号,四川省,成都市,龙泉驿区,成都市,confirmed,研发,社会招聘,2022-06-23,页面未说明（原文仅写「面议」，未标注具体薪资区间）,有新能源汽车高压系统开发五年以上经验，且近三年一直从事该项工作,页面未说明,页面未说明,页面未说明,负责纯电动汽车高压部分技术开发，编写高压零部件图样及BOM等技术文件，对接高压零部件供应商技术协议，完成台架/型式/整车匹配性验证及设计文件更改。,页面未说明,页面未说明,listing_page,否,not_available,,http://www.cddayun.com.cn/index.php/ab7.html,是,true,A类·企业官方,2026-09-27,2026-09-27,公开招聘中,是,2026-09-27,职位以页内折叠展示，无独立详情页URL。；该职位仅有列表页来源，无独立详情页,
CD0243|成都大运汽车集团有限公司|标准法规工程师|成都市龙泉驿区车城东七路388号,CD0243,422,成都大运汽车集团有限公司,是,A,智能制造与装备,标准法规工程师,成都市龙泉驿区车城东七路388号,成都市龙泉驿区车城东七路388号,四川省,成都市,龙泉驿区,成都市,confirmed,研发,社会招聘,2022-06-23,页面未说明（原文仅写「面议」，未标注具体薪资区间）,1年以上汽车标准法规或一致性管理经验,本科及以上学历,页面未说明,页面未说明,负责汽车标准法规的收集、汇总、转化及备案；研究标准法规并输出技术要求；推进法规执行的监察及考核；配合质量管理部完成3C、一致性迎检准备工作。,本科及以上学历，熟练使用办公软件，英语水平良好。,页面未说明,listing_page,否,not_available,,http://www.cddayun.com.cn/index.php/ab7.html,是,true,A类·企业官方,2026-09-27,2026-09-27,公开招聘中,是,2026-09-27,职位以页内折叠展示，无独立详情页URL。；该职位仅有列表页来源，无独立详情页,
CD0243|成都大运汽车集团有限公司|销售区域经理|成都市龙泉驿区车城东七路388号,CD0243,423,成都大运汽车集团有限公司,是,A,智能制造与装备,销售区域经理,成都市龙泉驿区车城东七路388号,成都市龙泉驿区车城东七路388号,四川省,成都市,龙泉驿区,成都市,confirmed,销售,社会招聘,2022-06-23,页面未说明（原文仅写「面议」，未标注具体薪资区间）,页面未说明,大专及以上学历,页面未说明,页面未说明,根据片区下达到辖区内的全年销售任务制定和调整工作计划，完成公司下达的月、季、年的各项销售任务，实现销售目标；维护和巩固现有市场基础，管理好辖区内的经销商；完成出差任务、报送出差报告及报销差旅费用。,大专及以上学历，有商用车汽车销售经验，能适应长期出差。,页面未说明,listing_page,否,not_available,,http://www.cddayun.com.cn/index.php/ab7.html,是,true,A类·企业官方,2026-09-27,2026-09-27,公开招聘中,是,2026-09-27,职位以页内折叠展示，无独立详情页URL；发布日期为页面原文。；该职位仅有列表页来源，无独立详情页,
CD0243|成都大运汽车集团有限公司|销售大区经理|成都市龙泉驿区车城东七路388号,CD0243,424,成都大运汽车集团有限公司,是,A,智能制造与装备,销售大区经理,成都市龙泉驿区车城东七路388号,成都市龙泉驿区车城东七路388号,四川省,成都市,龙泉驿区,成都市,confirmed,销售,社会招聘,2022-06-23,页面未说明（原文仅写「面议」，未标注具体薪资区间）,5年以上商用车销售行业工作经验，有团队管理经验,大专及以上学历,页面未说明,页面未说明,全面负责所辖市场开拓及经销商的管理工作；在辖区开展战略规划、销售管理、运营管理、营销管理；促进辖区代理商及分销网点健康运营，保障公司各项政策落实。,大专及以上学历，汽车及营销相关专业；能适应长期在外地出差。,页面未说明,listing_page,否,not_available,,http://www.cddayun.com.cn/index.php/ab7.html,是,true,A类·企业官方,2026-09-27,2026-09-27,公开招聘中,是,2026-09-27,职位以页内折叠展示，无独立详情页URL。；该职位仅有列表页来源，无独立详情页,
CD0244|成都天府国际生物城发展集团有限公司|产业投资|成都市双流区慧谷路13号生物城大厦,CD0244,425,成都天府国际生物城发展集团有限公司,是,A,生物医药,产业投资,成都市双流区慧谷路13号生物城大厦,成都市双流区慧谷路13号生物城大厦,四川省,成都市,双流区,成都市,confirmed,职能,社会招聘,2025-02-08,页面未说明,页面未说明,本科及以上,1人,1人,页面未说明,项目投资任务分解、落地实施方案、投后管理与退出,页面未说明,listing_page,否,not_available,,https://www.cdbtgroup.com/join.html,是,true,A类·企业官方,2026-09-27,2026-09-27,公开招聘中,是,2026-09-27,岗位、人数、学历、任职要求均照抄官网招聘公告表格原文（公告页页内日期 2025-02-08）；官网招聘入口 /join.html 无职位表，故 job_url 留空。；该职位仅有列表页来源，无独立详情页,
CD0244|成都天府国际生物城发展集团有限公司|产业招商|成都市双流区慧谷路13号生物城大厦,CD0244,426,成都天府国际生物城发展集团有限公司,是,A,生物医药,产业招商,成都市双流区慧谷路13号生物城大厦,成都市双流区慧谷路13号生物城大厦,四川省,成都市,双流区,成都市,confirmed,职能,社会招聘,2025-02-08,页面未说明,页面未说明,本科及以上,2人,2人,页面未说明,产业项目招商管理与谈判、资产租赁销售客户导入,页面未说明,listing_page,否,not_available,,https://www.cdbtgroup.com/join.html,是,true,A类·企业官方,2026-09-27,2026-09-27,公开招聘中,是,2026-09-27,岗位、人数、学历、任职要求均照抄官网招聘公告表格原文（公告页页内日期 2025-02-08）；官网招聘入口 /join.html 无职位表，故 job_url 留空。；该职位仅有列表页来源，无独立详情页,
CD0244|成都天府国际生物城发展集团有限公司|投资管理|成都市双流区慧谷路13号生物城大厦,CD0244,427,成都天府国际生物城发展集团有限公司,是,A,生物医药,投资管理,成都市双流区慧谷路13号生物城大厦,成都市双流区慧谷路13号生物城大厦,四川省,成都市,双流区,成都市,confirmed,职能,社会招聘,2025-02-08,页面未说明,页面未说明,本科及以上,3人,3人,页面未说明,年度投资计划、项目尽调谈判投后管理、资本市场跟踪研究,页面未说明,listing_page,否,not_available,,https://www.cdbtgroup.com/join.html,是,true,A类·企业官方,2026-09-27,2026-09-27,公开招聘中,是,2026-09-27,岗位、人数、学历、任职要求均照抄官网招聘公告表格原文（公告页页内日期 2025-02-08）；官网招聘入口 /join.html 无职位表，故 job_url 留空。；该职位仅有列表页来源，无独立详情页,
CD0244|成都天府国际生物城发展集团有限公司|管理培训生（人事助理）|成都市双流区慧谷路13号生物城大厦,CD0244,428,成都天府国际生物城发展集团有限公司,是,A,生物医药,管理培训生（人事助理）,成都市双流区慧谷路13号生物城大厦,成都市双流区慧谷路13号生物城大厦,四川省,成都市,双流区,成都市,confirmed,职能,社会招聘,2025-02-08,页面未说明,页面未说明,硕士研究生及以上,1人,1人,页面未说明,撰写工会及职代会文件、会员发展、组织工会活动、员工慰问福利与考勤管理,页面未说明,listing_page,否,not_available,,https://www.cdbtgroup.com/join.html,是,true,A类·企业官方,2026-09-27,2026-09-27,公开招聘中,是,2026-09-27,岗位、人数、学历、任职要求均照抄官网招聘公告表格原文（公告页页内日期 2025-02-08）；官网招聘入口 /join.html 无职位表，故 job_url 留空。；该职位仅有列表页来源，无独立详情页,
CD0246|成都天马精密机械有限公司|安全工程师|成都-青白江区,CD0246,429,成都天马精密机械有限公司,是,A,智能制造与装备,安全工程师,成都-青白江区,成都-青白江区,四川省,成都市,青白江区,成都市,confirmed,职能,社会招聘,10-25发布（页面,页面未说明,3年以上相关工作经验,大学专科以上,招1人,招1人,熟悉一定的法律、法规知识；熟练掌握ISO9001/ISO14001/OHSAS18001等体系方面的知识。,取得注册安全工程师证；具备大学专科以上学历，有3年以上相关工作经验；职能类别：环境/健康/安全工程师（EHS）。,页面未说明,listing_page,否,not_available,,http://www.cdtmjm.com/zhaopin,是,true,A类·企业官方,2026-09-27,2026-09-27,公开招聘中,是,2026-09-27,页面原文发布日期仅为「10-25发布」，年份缺失，故 published_date 记为原文；简历投递邮箱 tmb_hr@cdtmb.com。；该职位仅有列表页来源，无独立详情页,
CD0247|成都川新能控测量设备有限公司|硬件工程师|页面未说明（招聘页未标注工作地点）,CD0247,430,成都川新能控测量设备有限公司,是,A,电子信息制造,硬件工程师,页面未说明,页面未说明,四川省,成都市,武侯区,成都市,not_available,研发,社会招聘,2026-05-13,页面未说明,页面未说明,页面未说明,3名,3名,页面未说明,页面未说明,页面未说明,listing_page,否,not_available,https://scdasc.com/?p=1908,https://scdasc.com/?p=1908,是,true,A类·企业官方,2026-09-27,2026-09-27,公开招聘中,是,2026-09-27,招聘信息原文：• 硬件工程师（3名）  2026年5月13日。；招聘页未标注工作地点,
CD0247|成都川新能控测量设备有限公司|软件工程师|页面未说明（招聘页未标注工作地点）,CD0247,431,成都川新能控测量设备有限公司,是,A,电子信息制造,软件工程师,页面未说明,页面未说明,四川省,成都市,武侯区,成都市,not_available,研发,社会招聘,2026-05-13,页面未说明,页面未说明,页面未说明,3名,3名,页面未说明,页面未说明,页面未说明,listing_page,否,not_available,https://scdasc.com/?p=1908,https://scdasc.com/?p=1908,是,true,A类·企业官方,2026-09-27,2026-09-27,公开招聘中,是,2026-09-27,招聘信息原文：• 软件工程师（3名）  2026年5月13日。；招聘页未标注工作地点,
CD0250|成都市兴蓉环境股份有限公司|检测分析类|四川省成都市（公司下属子公司，入职后统一分配）,CD0250,432,成都市兴蓉环境股份有限公司,是,A,环保,检测分析类,四川省成都市（公司下属子公司，入职后统一分配）,四川省成都市（公司下属子公司，入职后统一分配）,四川省,成都市,高新区,成都市,confirmed,技术,社会招聘,2026-03-17,10-18万元/年,2026届高校应届毕业生（含2年择业期内首次就业的高校毕业生），年龄35周岁及以下,大学本科学历及以上；化学、应用化学、化学工程与技术、环境科学与工程、环境工程、水质科学与技术等相关专业,4名,4名,由公司下属子公司提供，主要负责化验分析、质量检测等相关工作；岗位暂不定分配单位，待入职后统一分配。,2026届应届/2年择业期内毕业生，本科及以上，2026年7月31日前（博士2026年12月31日前）取得学历学位；年龄35周岁及以下；专业对口。,页面未说明,listing_page,否,not_available,https://www.cdxrec.com/show/1177-86342.html,https://www.cdxrec.com/show/1177-86342.html,是,true,A类·企业官方,2026-09-27,2026-09-27,公开招聘中,是,2026-09-27,岗位、人数、学历、专业、薪酬均为公告附件《成都市兴蓉环境股份有限公司2026年春季校园招聘岗位职责与任职资格条件.pdf》原文，公告页发布时间2026-03-17，报名2026年3月18日至3月31日（已结束，故 page_status 记为公开招聘中依据公告本身，历史批次）。,
CD0250|成都市兴蓉环境股份有限公司|生产运行类（一线技能操作序列）|四川省成都市（公司下属子公司，入职后统一分配）,CD0250,433,成都市兴蓉环境股份有限公司,是,A,环保,生产运行类（一线技能操作序列）,四川省成都市（公司下属子公司，入职后统一分配）,四川省成都市（公司下属子公司，入职后统一分配）,四川省,成都市,高新区,成都市,confirmed,生产,社会招聘,2026-03-17,6-9万元/年,2026届高校应届毕业生（含2年择业期内首次就业的高校毕业生），年龄35周岁及以下；岗位存在倒班情况，入职三年内不得调整岗位序列,大专及以上学历；电力技术类、热能与发电工程类、机械设计制造类、自动化类、电气类专业等,37名,37名,由公司下属子公司提供，主要负责生产运行、设备维修等相关工作；存在倒班情况，入职三年内不得调整岗位序列。,2026届应届/2年择业期内毕业生，大专及以上，2026年7月31日前取得毕业证书；年龄35周岁及以下；能源动力/电气/机械类相关专业。,页面未说明,listing_page,否,not_available,https://www.cdxrec.com/show/1177-86342.html,https://www.cdxrec.com/show/1177-86342.html,是,true,A类·企业官方,2026-09-27,2026-09-27,公开招聘中,是,2026-09-27,数据取自公告附件PDF原文。,
CD0250|成都市兴蓉环境股份有限公司|电子信息类|四川省成都市（公司下属子公司，入职后统一分配）,CD0250,434,成都市兴蓉环境股份有限公司,是,A,环保,电子信息类,四川省成都市（公司下属子公司，入职后统一分配）,四川省成都市（公司下属子公司，入职后统一分配）,四川省,成都市,高新区,成都市,confirmed,研发,社会招聘,2026-03-17,10-18万元/年,2026届高校应届毕业生（含2年择业期内首次就业的高校毕业生），年龄35周岁及以下,大学本科学历及以上；计算机科学与技术、软件工程、网络工程、信息安全、物联网工程、电子信息专业等,2名,2名,由公司下属子公司提供，主要负责信息系统的规划、设计、开发实施与运维管理等工作；暂不定分配单位，待入职后统一分配。,2026届应届/2年择业期内毕业生，本科及以上，2026年7月31日前取得学历学位；年龄35周岁及以下；计算机/电子信息类相关专业。,页面未说明,listing_page,否,not_available,https://www.cdxrec.com/show/1177-86342.html,https://www.cdxrec.com/show/1177-86342.html,是,true,A类·企业官方,2026-09-27,2026-09-27,公开招聘中,是,2026-09-27,数据取自公告附件PDF原文。,
CD0250|成都市兴蓉环境股份有限公司|给排水类|四川省成都市（公司下属子公司，入职后统一分配）,CD0250,435,成都市兴蓉环境股份有限公司,是,A,环保,给排水类,四川省成都市（公司下属子公司，入职后统一分配）,四川省成都市（公司下属子公司，入职后统一分配）,四川省,成都市,高新区,成都市,confirmed,技术,社会招聘,2026-03-17,10-18万元/年,2026届高校应届毕业生（含2年择业期内首次就业的高校毕业生），年龄35周岁及以下,大学本科学历及以上；环境科学与工程、给排水科学与工程、市政工程、土木水利（市政工程方向）专业,2名,2名,由公司下属子公司提供，主要负责工艺技术、生产管理等相关工作；暂不定分配单位，待入职后统一分配。,2026届应届/2年择业期内毕业生，本科及以上；年龄35周岁及以下；环境/给排水/市政类专业。,页面未说明,listing_page,否,not_available,https://www.cdxrec.com/show/1177-86342.html,https://www.cdxrec.com/show/1177-86342.html,是,true,A类·企业官方,2026-09-27,2026-09-27,公开招聘中,是,2026-09-27,数据取自公告附件PDF原文。,
CD0250|成都市兴蓉环境股份有限公司|统计分析类|四川省成都市（公司下属子公司，入职后统一分配）,CD0250,436,成都市兴蓉环境股份有限公司,是,A,环保,统计分析类,四川省成都市（公司下属子公司，入职后统一分配）,四川省成都市（公司下属子公司，入职后统一分配）,四川省,成都市,高新区,成都市,confirmed,职能,社会招聘,2026-03-17,10-18万元/年,2026届高校应届毕业生（含2年择业期内首次就业的高校毕业生），年龄35周岁及以下,大学本科学历及以上；统计学、应用统计、金融（学）、金融科技专业等,2名,2名,由公司下属子公司提供，主要负责数据统计、数据分析等相关工作；暂不定分配单位，待入职后统一分配。,2026届应届/2年择业期内毕业生，本科及以上；年龄35周岁及以下；统计/金融/工商管理类专业。,页面未说明,listing_page,否,not_available,https://www.cdxrec.com/show/1177-86342.html,https://www.cdxrec.com/show/1177-86342.html,是,true,A类·企业官方,2026-09-27,2026-09-27,公开招聘中,是,2026-09-27,数据取自公告附件PDF原文。,
CD0255|成都文化旅游发展集团有限责任公司|储备人员市场经营类（影视）|四川省成都市区,CD0255,437,成都文化旅游发展集团有限责任公司,是,D,国企事业单位,储备人员市场经营类（影视）,四川省成都市区,四川省成都市区,四川省,成都市,,成都市,confirmed,职能,社会招聘,页面未说明,8-10万元/年,年龄28周岁及以下；须按期取得学历学位证书,硕士研究生及以上学历，并取得相应学位,1名,1名,根据集团安排，在培养单位/部门提升专业技能、综合能力并完成领导安排的相关工作。,硕士及以上，新闻传播学、新闻与传播、戏剧与影视、旅游管理、工商管理专业；年龄28周岁及以下。,页面未说明,listing_page,否,not_available,https://www.cdctg.com/#/recDetailInfo?recruitId=2100424593283813377,https://www.cdctg.com/#/recDetailInfo?recruitId=2100424593283813377,是,true,A类·企业官方,2026-09-27,2026-09-27,公开招聘中,是,2026-09-27,岗位与薪酬、年龄、报名区间取自官网招聘公告原文。,
CD0255|成都文化旅游发展集团有限责任公司|储备人员市场经营类（活动）|四川省成都市区,CD0255,438,成都文化旅游发展集团有限责任公司,是,D,国企事业单位,储备人员市场经营类（活动）,四川省成都市区,四川省成都市区,四川省,成都市,,成都市,confirmed,职能,社会招聘,页面未说明,8-10万元/年,年龄28周岁及以下；须按期取得学历学位证书,硕士研究生及以上学历，并取得相应学位,1名,1名,根据集团安排，在培养单位/部门提升专业技能、综合能力并完成领导安排的相关工作。,硕士及以上，新闻传播学、新闻与传播、戏剧与影视、旅游管理、工商管理专业；年龄28周岁及以下。,页面未说明,listing_page,否,not_available,https://www.cdctg.com/#/recDetailInfo?recruitId=2100424593283813377,https://www.cdctg.com/#/recDetailInfo?recruitId=2100424593283813377,是,true,A类·企业官方,2026-09-27,2026-09-27,公开招聘中,是,2026-09-27,岗位与薪酬、年龄、报名区间取自官网招聘公告原文。,
CD0255|成都文化旅游发展集团有限责任公司|储备人员风险防控类|四川省成都市区,CD0255,439,成都文化旅游发展集团有限责任公司,是,D,国企事业单位,储备人员风险防控类,四川省成都市区,四川省成都市区,四川省,成都市,,成都市,confirmed,职能,社会招聘,页面未说明,8-10万元/年,年龄28周岁及以下；硕士须于2027年7月31日前取得学历学位证书及留服认证，博士须于2027年12月31日前取得,硕士研究生及以上学历，并取得相应学位,1名,1名,根据集团安排，在培养单位/部门提升专业技能、综合能力并完成领导安排的相关工作。,硕士及以上（专业不限）；年龄28周岁及以下；须按期取得学历学位与留服认证。,页面未说明,listing_page,否,not_available,https://www.cdctg.com/#/recDetailInfo?recruitId=2100424593283813377,https://www.cdctg.com/#/recDetailInfo?recruitId=2100424593283813377,是,true,A类·企业官方,2026-09-27,2026-09-27,公开招聘中,是,2026-09-27,公告为官网 hash 路由页面（SPA），发布日期未在静态HTML中呈现故留空；报名时间2026年9月17日至10月25日17:00。专业要求以附件表格为准，此处按已核到的通用条件填写。,
CD0257|成都旋极星源信息技术有限公司|区域销售经理|成都（岗位职责原文：工作地点为成都，同时负责华东、华南或西南区域客户项目）,CD0257,440,成都旋极星源信息技术有限公司,是,A,半导体与集成电路,区域销售经理,成都（岗位职责原文：工作地点为成都，同时负责华东、华南或西南区域客户项目）,成都（岗位职责原文：工作地点为成都，同时负责华东、华南或西南区域客户项目）,四川省,成都市,高新区,成都市,confirmed,销售,社会招聘,2024-09-11,根据业绩提成上不封顶，特别有优秀者，薪资面议（页面原文）,页面未说明,页面未说明,2,2,1、协助上级完成新市场、新客户的开拓工作，参与运营业务的市场推广工作；2.收集市场信息，积累市场宣传材料，负责收集、整理、归纳市场行情、价格以及新产品、替代品、客源等信息资料，提出分析报告（岗位职责第1、2条摘要）,1、对电子、通信产业（物联网/消费类电子产品/卫星导航等）的发展和市场状况有深入的了解；2、能够独立完成市场调研、开发客户、技术咨询、商务操作及售后服务的全过程（岗位要求第1、2条摘要）,页面未说明,listing_page,否,not_available,https://www.star-source.cn/News_List.php?tag=Zhaoping&theId=8,https://www.star-source.cn/News_List.php?tag=Zhaoping&theId=8,是,true,A类·企业官方,2026-09-27,2026-09-27,公开招聘中,是,2026-09-27,岗位职责原文另有『工作领域涵盖物联网，卫星导航及通信终端厂商等』。,
CD0257|成都旋极星源信息技术有限公司|射频芯片设计工程师|成都（页面工作区域列）,CD0257,441,成都旋极星源信息技术有限公司,是,A,半导体与集成电路,射频芯片设计工程师,成都（页面工作区域列）,成都（页面工作区域列）,四川省,成都市,高新区,成都市,confirmed,研发,社会招聘,2022-04-07,页面未说明,页面未说明,硕士及以上学历（页面原文：通信、微电子、微波及相关专业）,2,2,负责硅基CMOS/SiGe BiCMOS 微波毫米波单片电路设计、仿真与验证，含高效率、高线性、可重构、预失真、通道补偿等技术研发（岗位职责摘要）,硕士及以上学历，通信、微电子、微波及相关专业；有无线通信芯片射频电路设计经验，具备实验室测试以及调试经验优先（岗位要求摘要）,页面未说明,listing_page,否,not_available,https://www.star-source.cn/News_List.php?tag=Zhaoping&theId=8,https://www.star-source.cn/News_List.php?tag=Zhaoping&theId=8,是,true,A类·企业官方,2026-09-27,2026-09-27,公开招聘中,是,2026-09-27,页面岗位职责中含『辅助测试工程师完成芯片测试』要求。,
CD0257|成都旋极星源信息技术有限公司|市场销售经理|成都（岗位职责原文：工作地点为成都，同时负责华东、华南或西南区域客户项目）,CD0257,442,成都旋极星源信息技术有限公司,是,A,半导体与集成电路,市场销售经理,成都（岗位职责原文：工作地点为成都，同时负责华东、华南或西南区域客户项目）,成都（岗位职责原文：工作地点为成都，同时负责华东、华南或西南区域客户项目）,四川省,成都市,高新区,成都市,confirmed,销售,社会招聘,2024-09-11,根据业绩提成上不封顶，特别有优秀者，薪资面议（页面原文）,页面未说明,页面未说明,2,2,协助上级完成新市场、新客户的开拓工作，参与运营业务的市场推广工作；负责客户档案管理、客户关系管理和客户分级管理，维系客户、代理商或合作伙伴长期关系（岗位职责摘要）,对电子、通信产业（物联网/消费类电子产品/卫星导航等）的发展和市场状况有深入的了解；能够独立完成市场调研、开发客户、技术咨询、商务操作及售后服务的全过程（职位要求摘要）,页面未说明,listing_page,否,not_available,https://www.star-source.cn/News_List.php?tag=Zhaoping&theId=8,https://www.star-source.cn/News_List.php?tag=Zhaoping&theId=8,是,true,A类·企业官方,2026-09-27,2026-09-27,公开招聘中,是,2026-09-27,页面正文标题与表格标题略有差异（表格标题为『市场销售经理』）。,
CD0257|成都旋极星源信息技术有限公司|数字后端工程师|成都（页面工作区域列）,CD0257,443,成都旋极星源信息技术有限公司,是,A,半导体与集成电路,数字后端工程师,成都（页面工作区域列）,成都（页面工作区域列）,四川省,成都市,高新区,成都市,confirmed,研发,社会招聘,2022-04-07,页面未说明,相关工作经验（页面原文，未给出年限）,本科及以上学历（页面原文：电子、微电子、计算机、通信等相关专业）,2,2,负责数字后端实现，推动后端工程师工作（页面原文摘要）,本科及以上学历，电子，微电子，计算机，通信等相关专业（岗位要求第1条）,页面未说明,listing_page,否,not_available,https://www.star-source.cn/News_List.php?tag=Zhaoping&theId=8,https://www.star-source.cn/News_List.php?tag=Zhaoping&theId=8,是,true,A类·企业官方,2026-09-27,2026-09-27,公开招聘中,是,2026-09-27,页面职位要求栏写有相关工作经验要求，未标明年限。,
CD0257|成都旋极星源信息技术有限公司|数字芯片设计工程师|成都（页面工作区域列）,CD0257,444,成都旋极星源信息技术有限公司,是,A,半导体与集成电路,数字芯片设计工程师,成都（页面工作区域列）,成都（页面工作区域列）,四川省,成都市,高新区,成都市,confirmed,研发,社会招聘,2022-04-07,页面未说明,页面未说明,本科及以上学历（页面原文：微电子，半导体或相关专业本科及以上学历）,2,2,负责数字电路设计与编码、验证、综合和时序验证，熟悉数字后端实现，能够推动后端工程师工作（页面原文摘要）,微电子，半导体或相关专业本科及以上学历；具有成功流片经验者优先（页面原文摘要）,页面未说明,listing_page,否,not_available,https://www.star-source.cn/News_List.php?tag=Zhaoping&theId=8,https://www.star-source.cn/News_List.php?tag=Zhaoping&theId=8,是,true,A类·企业官方,2026-09-27,2026-09-27,公开招聘中,是,2026-09-27,页面职位要求栏原文含『编码，验证，综合和时序验证，熟悉数字后端实现，能够推动后端工程师工作』。,
CD0257|成都旋极星源信息技术有限公司|模拟芯片设计工程师|成都（页面工作区域列）,CD0257,445,成都旋极星源信息技术有限公司,是,A,半导体与集成电路,模拟芯片设计工程师,成都（页面工作区域列）,成都（页面工作区域列）,四川省,成都市,高新区,成都市,confirmed,研发,社会招聘,2022-04-07,页面未说明,页面未说明,本科及以上学历（页面原文：通信、微电子、微波及相关专业）,2,2,完成模拟电路建模、设计与仿真验证，编写集成电路设计文档；指导版图工程师完成版图设计、指导测试工程师完成测试（岗位职责摘要）,本科及以上学历，通信、微电子、微波及相关专业（岗位要求第1条）,页面未说明,listing_page,否,not_available,https://www.star-source.cn/News_List.php?tag=Zhaoping&theId=8,https://www.star-source.cn/News_List.php?tag=Zhaoping&theId=8,是,true,A类·企业官方,2026-09-27,2026-09-27,公开招聘中,是,2026-09-27,页面岗位职责含『规划版图布局，负责指导版图设计工程师实现模拟电路的版图设计』。,
CD0257|成都旋极星源信息技术有限公司|测试工程师|成都（页面工作区域列）,CD0257,446,成都旋极星源信息技术有限公司,是,A,半导体与集成电路,测试工程师,成都（页面工作区域列）,成都（页面工作区域列）,四川省,成都市,高新区,成都市,confirmed,研发,社会招聘,2022-04-07,页面未说明,页面未说明,本科及以上学历（页面原文：通信、微波或电子工程类相关专业，本科及以上学历）,2,2,负责芯片测试方案制定与执行，提供芯片销售及应用过程中的技术支持（页面原文摘要）,通信、微波或电子工程类相关专业，本科及以上学历；有产品开发、测试工作经历（职位要求摘要）,页面未说明,listing_page,否,not_available,https://www.star-source.cn/News_List.php?tag=Zhaoping&theId=8,https://www.star-source.cn/News_List.php?tag=Zhaoping&theId=8,是,true,A类·企业官方,2026-09-27,2026-09-27,公开招聘中,是,2026-09-27,页面职位要求栏原文含『提供芯片销售及应用过程中的技术支持』。,
CD0257|成都旋极星源信息技术有限公司|版图设计工程师|成都（页面工作区域列）,CD0257,447,成都旋极星源信息技术有限公司,是,A,半导体与集成电路,版图设计工程师,成都（页面工作区域列）,成都（页面工作区域列）,四川省,成都市,高新区,成都市,confirmed,研发,社会招聘,2022-04-07,页面未说明,页面未说明,本科及以上学历（页面原文：微电子、电子工程、通信等相关专业本科以上学历）,2,2,根据设计工程师的要求完成芯片各模块电路的版图设计，参加评审会议，根据设计工程师的反馈意见修改版图（岗位职责摘要）,微电子、电子工程、通信等相关专业本科以上学历；身体健康状况符合工作岗位要求，能够适应工作环境、工作时长（岗位要求摘要）,页面未说明,listing_page,否,not_available,https://www.star-source.cn/News_List.php?tag=Zhaoping&theId=8,https://www.star-source.cn/News_List.php?tag=Zhaoping&theId=8,是,true,A类·企业官方,2026-09-27,2026-09-27,公开招聘中,是,2026-09-27,页面岗位职责第2、3条为版图设计与评审修改相关内容。,
CD0257|成都旋极星源信息技术有限公司|硅基毫米波收发多功能幅相控制芯片设计师|成都（页面工作区域列）,CD0257,448,成都旋极星源信息技术有限公司,是,A,半导体与集成电路,硅基毫米波收发多功能幅相控制芯片设计师,成都（页面工作区域列）,成都（页面工作区域列）,四川省,成都市,高新区,成都市,confirmed,研发,社会招聘,2024-09-11,页面未说明,页面未说明,页面未说明,2,2,1、硅基 CMOS 或者 SiGe BiCMOS 工艺微波/毫米波单片电路设计、仿真与验证，包括功放、低噪放、混频器、倍频器、分频器、限幅器、环形器、移相器、衰减器、开关、多功能等芯片（岗位职责第1、2条摘要）,岗位职责后标注『任职要求』段落第1条为『硕士及以上学历（集成电路相关专业优先）』类要求，页面未取得逐条编号原文,页面未说明,listing_page,否,not_available,https://www.star-source.cn/News_List.php?tag=Zhaoping&theId=8,https://www.star-source.cn/News_List.php?tag=Zhaoping&theId=8,是,true,A类·企业官方,2026-09-27,2026-09-27,公开招聘中,是,2026-09-27,该岗为硅基毫米波芯片设计师，页面表格『人数』2、『发布时间』2024-09-11。,
CD0258|成都明夷电子科技股份有限公司|射频芯片设计工程师（GaAs/SOI/GaN/HBT）|成都丨上海（详情页原文）,CD0258,449,成都明夷电子科技股份有限公司,是,A,半导体与集成电路,射频芯片设计工程师（GaAs/SOI/GaN/HBT）,成都丨上海（详情页原文）,成都丨上海（详情页原文）,四川省,成都市,高新区,成都市,inferred,研发,社会招聘,页面未说明,页面未说明,1-3年（详情页原文）,页面未说明,页面未说明,页面未说明,1、负责射频产品的设计与开发；（详情页岗位职责第1条）,1、工作作风严谨，具有强烈的进取心、事业心和敬业精神；具有良好的职业道德、诚信度和责任心（详情页任职要求第1条）,页面未说明,direct_detail,是,high,http://meenyi.com/cn/recruit/detail.html?id=1,http://meenyi.com/cn/recruit.html,是,true,A类·企业官方,2026-09-27,2026-09-27,公开招聘中,是,2026-09-27,2026-09-27 实测该详情页 http 200；招聘类别：社会招聘。,
CD0258|成都明夷电子科技股份有限公司|射频集成电路设计工程师|成都丨上海（详情页原文）,CD0258,450,成都明夷电子科技股份有限公司,是,A,半导体与集成电路,射频集成电路设计工程师,成都丨上海（详情页原文）,成都丨上海（详情页原文）,四川省,成都市,高新区,成都市,inferred,研发,社会招聘,页面未说明,页面未说明,1-3年（详情页原文）,页面未说明,页面未说明,页面未说明,页面未说明,1、硕士2年工作经验或博士，正向设计过射频电路模块（详情页岗位要求第1条）,页面未说明,direct_detail,是,high,http://meenyi.com/cn/recruit/detail.html?id=2,http://meenyi.com/cn/recruit.html,是,true,A类·企业官方,2026-09-27,2026-09-28,公开招聘中,待人工复核,2026-09-28,2026-09-27 实测该详情页 http 200。；2026-09-28 复测页面命中职位名与招聘关键词，确认在招,
CD0258|成都明夷电子科技股份有限公司|模拟电路设计工程师（射频）|成都丨上海（详情页原文）,CD0258,451,成都明夷电子科技股份有限公司,是,A,半导体与集成电路,模拟电路设计工程师（射频）,成都丨上海（详情页原文）,成都丨上海（详情页原文）,四川省,成都市,高新区,成都市,inferred,研发,社会招聘,页面未说明,页面未说明,1-3年（详情页原文）,页面未说明,页面未说明,页面未说明,1、负责模拟电路、数模混合电路或 RFID 射频接口电路模块的设计、仿真、测试分析等工作（详情页岗位职责第1条）,1、有扎实的微电子技术的基础知识和模拟、数模混合或射频电路知识（详情页岗位要求第1条）,页面未说明,direct_detail,是,high,http://meenyi.com/cn/recruit/detail.html?id=5,http://meenyi.com/cn/recruit.html,是,true,A类·企业官方,2026-09-27,2026-09-28,公开招聘中,待人工复核,2026-09-28,2026-09-27 实测该详情页 http 200。；2026-09-28 复测页面命中职位名与招聘关键词，确认在招,
CD0258|成都明夷电子科技股份有限公司|模拟集成电路设计工程师|成都丨上海（详情页原文）,CD0258,452,成都明夷电子科技股份有限公司,是,A,半导体与集成电路,模拟集成电路设计工程师,成都丨上海（详情页原文）,成都丨上海（详情页原文）,四川省,成都市,高新区,成都市,inferred,研发,社会招聘,页面未说明,页面未说明,1-3年（详情页原文）,页面未说明,页面未说明,页面未说明,页面未说明,1、硕士2年工作经验或博士，正向设计过模拟芯片或模拟电路模块（详情页岗位要求第1条）,页面未说明,direct_detail,是,high,http://meenyi.com/cn/recruit/detail.html?id=3,http://meenyi.com/cn/recruit.html,是,true,A类·企业官方,2026-09-27,2026-09-28,公开招聘中,待人工复核,2026-09-28,2026-09-27 实测该详情页 http 200。；2026-09-28 复测页面命中职位名与招聘关键词，确认在招,
CD0258|成都明夷电子科技股份有限公司|高速模拟电路设计工程师（光电）|成都丨上海（详情页原文）,CD0258,453,成都明夷电子科技股份有限公司,是,A,半导体与集成电路,高速模拟电路设计工程师（光电）,成都丨上海（详情页原文）,成都丨上海（详情页原文）,四川省,成都市,高新区,成都市,inferred,研发,社会招聘,页面未说明,页面未说明,1-3年（详情页原文）,硕士及以上学历（详情页任职要求原文）,页面未说明,页面未说明,"1、芯片内高性能模拟 IP 设计，包括而不限于 ADC, DAC, LDO, Bandgap, RSSI, Peak Detector（详情页岗位职责第1条）",1、微电子相关专业硕士及以上学历，2 年以上高速模拟电路设计经验（详情页任职要求第1条）,页面未说明,direct_detail,是,high,http://meenyi.com/cn/recruit/detail.html?id=4,http://meenyi.com/cn/recruit.html,是,true,A类·企业官方,2026-09-27,2026-09-28,公开招聘中,待人工复核,2026-09-28,2026-09-27 实测该详情页 http 200。；2026-09-28 复测页面命中职位名与招聘关键词，确认在招,
CD0259|成都森未科技有限公司|大客户经理（上海、成都）|上海、成都（岗位名原文）,CD0259,454,成都森未科技有限公司,是,D,半导体与集成电路,大客户经理（上海、成都）,上海、成都（岗位名原文）,上海、成都（岗位名原文）,四川省,成都市,高新区,成都市,inferred,销售,社会招聘,页面未说明,页面未说明（原文仅写「面议」，未标注具体薪资区间）,页面未说明,大专及以上,1 人,1 人,页面未说明,页面未说明,五险一金等,listing_page,否,not_available,http://fusemi.cn/c/zhaoxiannashi.html,http://fusemi.cn/c/zhaoxiannashi.html,是,true,A类·企业官方,2026-09-27,2026-09-27,公开招聘中,是,2026-09-27,表格标题原文为『销售经理（上海、成都）』，展开后正文标题为『大客户经理（上海、成都）』。,
CD0259|成都森未科技有限公司|应用工程师|成都,CD0259,455,成都森未科技有限公司,是,D,半导体与集成电路,应用工程师,成都,成都,四川省,成都市,高新区,成都市,inferred,研发,社会招聘,页面未说明,页面未说明（原文仅写「面议」，未标注具体薪资区间）,页面未说明,本科及以上,1人,1人,页面未说明,页面未说明,五险一金等,listing_page,否,not_available,http://fusemi.cn/c/zhaoxiannashi.html,http://fusemi.cn/c/zhaoxiannashi.html,是,true,A类·企业官方,2026-09-27,2026-09-27,公开招聘中,是,2026-09-27,该岗未标注多城市，工作地为成都。,
CD0259|成都森未科技有限公司|现场应用工程师（成都、西安、深圳）|成都、西安、深圳（岗位名原文）,CD0259,456,成都森未科技有限公司,是,D,半导体与集成电路,现场应用工程师（成都、西安、深圳）,成都、西安、深圳（岗位名原文）,成都、西安、深圳（岗位名原文）,四川省,成都市,高新区,成都市,inferred,研发,社会招聘,页面未说明,页面未说明（原文仅写「面议」，未标注具体薪资区间）,页面未说明,本科及以上,1 人,1 人,页面未说明,页面未说明,五险一金等,listing_page,否,not_available,http://fusemi.cn/c/zhaoxiannashi.html,http://fusemi.cn/c/zhaoxiannashi.html,是,true,A类·企业官方,2026-09-27,2026-09-27,公开招聘中,是,2026-09-27,岗位卡片正文标题为『现场应用工程师 （成都、西安、深圳）』（含空格）。,
CD0259|成都森未科技有限公司|研发工程师（IGBT）|成都,CD0259,457,成都森未科技有限公司,是,D,半导体与集成电路,研发工程师（IGBT）,成都,成都,四川省,成都市,高新区,成都市,inferred,研发,社会招聘,页面未说明,页面未说明（原文仅写「面议」，未标注具体薪资区间）,页面未说明,本科及以上,1人,1人,页面未说明,页面未说明,五险一金等,listing_page,否,not_available,http://fusemi.cn/c/zhaoxiannashi.html,http://fusemi.cn/c/zhaoxiannashi.html,是,true,A类·企业官方,2026-09-27,2026-09-27,公开招聘中,是,2026-09-27,岗位名原文含半角括号『研发工程师 （IGBT）』。,
CD0259|成都森未科技有限公司|采购工程师（成都）|成都,CD0259,458,成都森未科技有限公司,是,D,半导体与集成电路,采购工程师（成都）,成都,成都,四川省,成都市,高新区,成都市,inferred,职能,社会招聘,页面未说明,页面未说明,页面未说明,本科,1,1,页面未说明,页面未说明,页面未说明,listing_page,否,not_available,http://fusemi.cn/c/zhaoxiannashi.html,http://fusemi.cn/c/zhaoxiannashi.html,是,true,A类·企业官方,2026-09-27,2026-09-27,公开招聘中,是,2026-09-27,页面该岗位卡片薪资栏为空，故写页面未说明。；页面上另标注公司地址：该岗位薪资栏在页面上为空,
CD0262|成都永源精密模具有限公司|冲压模具设计工程师|四川成都,CD0262,459,成都永源精密模具有限公司,是,A,智能制造与装备,冲压模具设计工程师,四川成都,四川成都,四川省,成都市,郫都区,成都市,inferred,设计,社会招聘,2026-01-05,页面未说明,两年及以上模具设计经验,大专及以上，模具相关专业,3,3,岗位要求原文见页面（大专及以上模具相关专业、两年以上模具设计经验、熟练UG NX与AutoCAD）。,大专及以上学历，模具相关专业；两年及以上模具设计经验；熟练使用UG NX、AutoCAD等3D、2D软件；沟通能力强，能适应出差。,页面未说明,listing_page,否,not_available,,http://www.cdyymold.com/zhaopinzhiwei,是,true,A类·企业官方,2026-09-27,2026-09-27,公开招聘中,是,2026-09-27,页面无独立职位详情页。；该职位仅有列表页来源，无独立详情页,
CD0262|成都永源精密模具有限公司|品质工程师|四川成都,CD0262,460,成都永源精密模具有限公司,是,A,智能制造与装备,品质工程师,四川成都,四川成都,四川省,成都市,郫都区,成都市,inferred,职能,社会招聘,2026-01-28,页面未说明,页面未说明,中专及以上，机械、模具类专业,1,1,精通注塑成型参数的调整，能根据产品状况快速响应；能凭经验快速判断常见缺陷的产生原因并采取有效措施。,中专及以上学历，机械、模具类专业；精通注塑成型参数调整；能熟练掌握模具安装、调试、拆卸流程；熟练使用卡尺、千分尺等检测工具，能看懂图纸。,页面未说明,listing_page,否,not_available,,http://www.cdyymold.com/zhaopinzhiwei,是,true,A类·企业官方,2026-09-27,2026-09-27,公开招聘中,是,2026-09-27,页面无独立职位详情页。；该职位仅有列表页来源，无独立详情页,
CD0262|成都永源精密模具有限公司|放电技工|四川成都,CD0262,461,成都永源精密模具有限公司,是,A,智能制造与装备,放电技工,四川成都,四川成都,四川省,成都市,郫都区,成都市,inferred,生产,社会招聘,2026-01-28,页面未说明,一年及以上工作经验,中专及以上，机械、模具、数控等相关专业,若干,若干,熟悉瑞士阿奇夏米尔、日本沙迪克、牧野等品牌火花机的操作与编程。,中专及以上学历；一年及以上工作经验；能熟练解读机械图纸、模具图纸，理解尺寸公差；熟悉铣削、热处理、磨削、放电等基本加工工艺。,页面未说明,listing_page,否,not_available,,http://www.cdyymold.com/zhaopinzhiwei,是,true,A类·企业官方,2026-09-27,2026-09-27,公开招聘中,是,2026-09-27,页面无独立职位详情页。；该职位仅有列表页来源，无独立详情页,
CD0262|成都永源精密模具有限公司|注塑工艺工程师|四川成都,CD0262,462,成都永源精密模具有限公司,是,A,智能制造与装备,注塑工艺工程师,四川成都,四川成都,四川省,成都市,郫都区,成都市,inferred,生产,社会招聘,2026-01-28,页面未说明,页面未说明,中专及以上，机械、模具类专业,2,2,精通注塑成型参数的调整，能根据产品状况快速响应；能凭经验快速判断常见缺陷的产生原因并采取有效措施。,中专及以上学历，机械、模具类专业；精通注塑成型参数调整；熟悉模具安装、调试、拆卸流程；熟练使用检测工具，能看懂图纸。,页面未说明,listing_page,否,not_available,,http://www.cdyymold.com/zhaopinzhiwei,是,true,A类·企业官方,2026-09-27,2026-09-27,公开招聘中,是,2026-09-27,页面无独立职位详情页。；该职位仅有列表页来源，无独立详情页,
CD0262|成都永源精密模具有限公司|注塑模具设计工程师|四川成都,CD0262,463,成都永源精密模具有限公司,是,A,智能制造与装备,注塑模具设计工程师,四川成都,四川成都,四川省,成都市,郫都区,成都市,inferred,设计,社会招聘,2025-01-06,页面未说明,两年及以上模具设计经验,大专及以上，模具相关专业,5,5,岗位要求全文见原文（大专及以上模具相关专业、两年以上模具设计经验、熟练UG NX与AutoCAD、能适应出差）。,大专及以上学历，模具相关专业；两年及以上模具设计经验；熟练使用UG NX、AutoCAD等3D、2D软件；沟通能力强，能适应出差。,页面未说明,listing_page,否,not_available,,http://www.cdyymold.com/zhaopinzhiwei,是,true,A类·企业官方,2026-09-27,2026-09-27,公开招聘中,是,2026-09-27,页面无独立职位详情页，职责栏原文未逐条展示；发布日期为列表页原文。；该职位仅有列表页来源，无独立详情页,
CD0262|成都永源精密模具有限公司|磨床技工|四川成都,CD0262,464,成都永源精密模具有限公司,是,A,智能制造与装备,磨床技工,四川成都,四川成都,四川省,成都市,郫都区,成都市,inferred,生产,社会招聘,2026-01-28,页面未说明,一年及以上工作经验,中专及以上，机械、模具、数控等相关专业,若干,若干,熟练操作平面磨床、内外圆磨床等，精通精密零件的磨削加工。,中专及以上学历；一年及以上工作经验，熟练操作平面磨床、内外圆磨床；能熟练解读机械图纸、模具图纸，理解尺寸公差；熟练使用千分尺、卡尺、高度规等量具。,页面未说明,listing_page,否,not_available,,http://www.cdyymold.com/zhaopinzhiwei,是,true,A类·企业官方,2026-09-27,2026-09-27,公开招聘中,是,2026-09-27,页面无独立职位详情页。；该职位仅有列表页来源，无独立详情页,
CD0264|成都海思智诚自动化设备有限公司|工业机器人销售|成都,CD0264,465,成都海思智诚自动化设备有限公司,是,A,智能制造与装备,工业机器人销售,成都,成都,四川省,成都市,锦江区,成都市,inferred,销售,社会招聘,页面未说明,页面未说明（原文仅写「面议」，未标注具体薪资区间）,页面未说明,页面未说明,10,10,主要负责平台工业机器人（ABB、库卡、安川、发那科）及系统销售；客户发掘，供应商开发与维护；完成下达的销售任务。,机械设备、工业自动化相关专业的应届毕业生优先；1-3年退役士兵优先；良好沟通能力，能接受出差。,页面未说明,listing_page,否,not_available,,http://www.hszcauto.com/About.aspx?ClassID=32,是,true,A类·企业官方,2026-09-27,2026-09-27,公开招聘中,是,2026-09-27,招聘截止时间为 2026-3-31，可能已过期，页面仍在线展示。；该职位仅有列表页来源，无独立详情页,
CD0264|成都海思智诚自动化设备有限公司|机器人调试工程师|页面未说明（职位表「工作地区」栏为空）,CD0264,466,成都海思智诚自动化设备有限公司,是,A,智能制造与装备,机器人调试工程师,页面未说明,页面未说明,四川省,成都市,锦江区,成都市,not_available,生产,社会招聘,页面未说明,页面未说明（原文仅写「面议」，未标注具体薪资区间）,页面未说明,大专及以上,10名,10名,负责工业机器人及相关设备的现场安装调试。,有较强的专业知识学习能力；能够胜任长期出差，适应工厂的工作环境；有良好的沟通能力，愿意长期海外出差者优先。,页面未说明,listing_page,否,not_available,,http://www.hszcauto.com/About.aspx?ClassID=32,是,true,A类·企业官方,2026-09-27,2026-09-27,公开招聘中,是,2026-09-27,职位表「工作地区」栏原文为空，故工作地记为页面未说明；截止时间 2026-3-31。；职位表「工作地区」栏为空；该职位仅有列表页来源，无独立详情页,
CD0267|成都烽炊网络|Unity主程序|成都（天府新区保利天寰广场）,CD0267,467,成都烽炊网络,是,A,游戏,Unity主程序,成都（天府新区保利天寰广场）,成都（天府新区保利天寰广场）,四川省,成都市,天府新区,成都市,confirmed,研发,社会招聘,页面未说明,页面未说明,5年以上Unity开发经验,页面未说明,页面未说明,页面未说明,5年以上Unity开发经验，具备大型项目架构与性能优化能力。（官网『加入我们』板块原文）,页面未说明,页面未说明,listing_page,否,not_available,http://www.firewogames.com/,http://www.firewogames.com/,是,true,A类·企业官方,2026-09-27,2026-09-27,公开招聘中,是,2026-09-27,原文照抄自官网首页『加入我们』板块。,
CD0267|成都烽炊网络|资深3D美术|成都（天府新区保利天寰广场）,CD0267,468,成都烽炊网络,是,A,游戏,资深3D美术,成都（天府新区保利天寰广场）,成都（天府新区保利天寰广场）,四川省,成都市,天府新区,成都市,confirmed,设计,社会招聘,页面未说明,页面未说明,页面未说明,页面未说明,页面未说明,页面未说明,擅长中国风角色/场景建模，熟练使用主流DCC工具。（官网『加入我们』板块原文）,页面未说明,页面未说明,listing_page,否,not_available,http://www.firewogames.com/,http://www.firewogames.com/,是,true,A类·企业官方,2026-09-27,2026-09-27,公开招聘中,是,2026-09-27,原文照抄自官网首页『加入我们』板块。官网页脚地址：四川省成都市天府新区保利天寰广场。,
CD0267|成都烽炊网络|高级游戏策划|成都（天府新区保利天寰广场）,CD0267,469,成都烽炊网络,是,A,游戏,高级游戏策划,成都（天府新区保利天寰广场）,成都（天府新区保利天寰广场）,四川省,成都市,天府新区,成都市,confirmed,研发,社会招聘,页面未说明,页面未说明,3年以上RPG策划经验,页面未说明,页面未说明,页面未说明,负责核心玩法设计与数值平衡，3年以上RPG策划经验。（官网『加入我们』板块原文）,页面未说明,页面未说明,listing_page,否,not_available,http://www.firewogames.com/,http://www.firewogames.com/,是,true,A类·企业官方,2026-09-27,2026-09-27,公开招聘中,是,2026-09-27,原文照抄自官网首页『加入我们 Join Our Team』板块。官网无职位详情页，job_url 填官网首页（企业官方域名）。,
CD0268|成都环境投资集团有限公司|检测技术岗（山南兴蓉环境有限责任公司）|西藏自治区山南市乃东区,CD0268,470,成都环境投资集团有限公司,是,A,环保,检测技术岗（山南兴蓉环境有限责任公司）,西藏自治区山南市乃东区,西藏自治区山南市乃东区,四川省,成都市,,成都市,confirmed,技术,社会招聘,2026-09-17,10-12万元/年,1年及以上污水污泥土壤检测、监测质量管理、样品采集相关工作经验可放宽专业限制,大学本科及以上（环境科学与工程、化学、化工与制药类相关专业，或大专及以上相关工作经验放宽）,1名,1名,负责各水质检测工作，严格执行标准规程，填写原始记录并及时处理数据；负责实验室检测仪器设备运行管理；定期统计报表、数据归档与物资核对。,本科及以上（或大专+经验放宽），环境/化学/化工专业；年龄不超过40周岁；熟练使用监测仪器；可适应高海拔工作环境。,页面未说明,listing_page,否,not_available,https://www.cdenvironment.com/show/1164-90548.html,https://www.cdenvironment.com/category/253/1.html,是,true,A类·企业官方,2026-09-27,2026-09-27,公开招聘中,是,2026-09-27,数据取自公告附件1 PDF原文；工作地为西藏山南市，非成都。,
CD0268|成都环境投资集团有限公司|综合部财务管理岗（西安兴蓉环境发展有限责任公司）|陕西省西安市雁塔区、莲湖区,CD0268,471,成都环境投资集团有限公司,是,A,环保,综合部财务管理岗（西安兴蓉环境发展有限责任公司）,陕西省西安市雁塔区、莲湖区,陕西省西安市雁塔区、莲湖区,四川省,成都市,,成都市,confirmed,职能,社会招聘,2026-09-17,8-10万元/年,具有3年及以上会计、财务管理相关工作经验,大学本科及以上，会计、会计学、财务管理专业,1名,1名,统筹全面预算编制执行与资金统筹调度；负责全盘账务核算、凭证处理、结账与财务报表编制；开展税务管理与筹划；对接银行信贷结算业务，参与投融资项目财务测算。,本科及以上会计/财务管理专业；年龄不超过45周岁；3年及以上财会经验；中级及以上会计师职称或注会/税务师/ACCA之一。,页面未说明,listing_page,否,not_available,https://www.cdenvironment.com/show/1164-90548.html,https://www.cdenvironment.com/category/253/1.html,是,true,A类·企业官方,2026-09-27,2026-09-27,公开招聘中,是,2026-09-27,数据取自公告附件1 PDF原文；工作地为陕西西安，非成都。,
CD0268|成都环境投资集团有限公司|设备技术岗（山南兴蓉环境有限责任公司）|西藏自治区山南市乃东区,CD0268,472,成都环境投资集团有限公司,是,A,环保,设备技术岗（山南兴蓉环境有限责任公司）,西藏自治区山南市乃东区,西藏自治区山南市乃东区,四川省,成都市,,成都市,confirmed,技术,社会招聘,2026-09-17,10-12万元/年,1年及以上机械设备、电气、自控管理、仪器仪表运维相关工作经验可放宽专业限制；2年及以上可进一步放宽；年龄不超过40周岁（截至报名截止时间）,大学本科及以上（机械类、电气类、自动化类等专业，或大专及以上相关工作经验放宽）；需熟练掌握CAD,1名,1名,负责设备、电气、自控管理；组织设备设施维护、大修和更新改造；负责备品备件管理，确保设备设施完好率达标；完成领导交办的其他工作。,本科及以上（或大专+经验放宽），相关工科专业；年龄不超过40周岁；熟练CAD；可适应高海拔工作环境。,页面未说明,listing_page,否,not_available,https://www.cdenvironment.com/show/1164-90548.html,https://www.cdenvironment.com/category/253/1.html,是,true,A类·企业官方,2026-09-27,2026-09-27,公开招聘中,是,2026-09-27,岗位、人数、薪酬、任职资格均取自公告附件1 PDF《成都环境投资集团有限公司下属子公司关于2026年招聘设备技术岗等岗位职责与任职资格条件.pdf》；公告发布时间2026-09-17，报名2026年9月18日至9月30日。岗位工作地为西藏山南市，非成都。,
CD0271|成都益格网络科技有限公司|动作师|成都,CD0271,473,成都益格网络科技有限公司,是,A,游戏,动作师,成都,成都,四川省,成都市,,成都市,inferred,美术,社会招聘,2014-04-29,页面未说明（原文仅写「面谈」，未标注具体薪资区间）,1-3年,大专,3-5人,3-5人,官网招聘列表原文：工作城市成都，薪资待遇面谈，工作性质全职。,官网未给出岗位细节要求。,页面未说明,listing_page,否,not_available,http://www.cdegwl.com/hrlist.aspx,http://www.cdegwl.com/hrlist.aspx,是,true,A类·企业官方,2026-09-27,2026-09-27,公开招聘中,是,2026-09-27,职位名与全部字段取自官网 http://www.cdegwl.com/hrlist.aspx 服务端渲染的职位表原文。数据时效性风险：官网该页显示发布日期为 2014 年、页脚为 2015-2022，职位可能早已失效，请下游使用时复核。,
CD0271|成都益格网络科技有限公司|原画师|成都,CD0271,474,成都益格网络科技有限公司,是,A,游戏,原画师,成都,成都,四川省,成都市,,成都市,inferred,美术,社会招聘,2014-04-28,页面未说明（原文仅写「面谈」，未标注具体薪资区间）,1年以下,大专,1-3人,1-3人,官网招聘列表原文：工作城市成都，薪资待遇面谈，工作性质全职。,官网未给出岗位细节要求。,页面未说明,listing_page,否,not_available,http://www.cdegwl.com/hrlist.aspx,http://www.cdegwl.com/hrlist.aspx,是,true,A类·企业官方,2026-09-27,2026-09-27,公开招聘中,是,2026-09-27,职位名与全部字段取自官网 http://www.cdegwl.com/hrlist.aspx 服务端渲染的职位表原文。数据时效性风险：官网该页显示发布日期为 2014 年、页脚为 2015-2022，职位可能早已失效，请下游使用时复核。,
CD0271|成都益格网络科技有限公司|模型师|成都,CD0271,475,成都益格网络科技有限公司,是,A,游戏,模型师,成都,成都,四川省,成都市,,成都市,inferred,美术,社会招聘,2014-04-29,页面未说明（原文仅写「面谈」，未标注具体薪资区间）,1年以下,大专,5-10人,5-10人,官网招聘列表原文：工作城市成都，薪资待遇面谈，工作性质全职。,官网未给出岗位细节要求。,页面未说明,listing_page,否,not_available,http://www.cdegwl.com/hrlist.aspx,http://www.cdegwl.com/hrlist.aspx,是,true,A类·企业官方,2026-09-27,2026-09-27,公开招聘中,是,2026-09-27,职位名与全部字段取自官网 http://www.cdegwl.com/hrlist.aspx 服务端渲染的职位表原文。数据时效性风险：官网该页显示发布日期为 2014 年、页脚为 2015-2022，职位可能早已失效，请下游使用时复核。,
CD0276|成都能通科技股份有限公司|FPGA工程师|页面未说明（招聘页未标注工作地点）,CD0276,476,成都能通科技股份有限公司,是,A,通信与网络设备,FPGA工程师,页面未说明,页面未说明,四川省,成都市,武侯区,成都市,not_available,研发,社会招聘,页面未说明,页面未说明,页面未说明,应届/往届硕士研究生及以上学历（招聘对象原文）,页面未说明,页面未说明,页面未说明,页面未说明,页面未说明,listing_page,否,not_available,https://www.cdlandtop.com/index.php?cid=16&v=listing,https://www.cdlandtop.com/index.php?cid=16&v=listing,是,true,A类·企业官方,2026-09-27,2026-09-27,公开招聘中,是,2026-09-27,属招聘页『技术研发类』岗位之一。；招聘页未标注工作地点,
CD0276|成都能通科技股份有限公司|嵌入式硬件工程师|页面未说明（招聘页未标注工作地点）,CD0276,477,成都能通科技股份有限公司,是,A,通信与网络设备,嵌入式硬件工程师,页面未说明,页面未说明,四川省,成都市,武侯区,成都市,not_available,研发,社会招聘,页面未说明,页面未说明,页面未说明,应届/往届硕士研究生及以上学历（招聘对象原文）,页面未说明,页面未说明,页面未说明,页面未说明,页面未说明,listing_page,否,not_available,https://www.cdlandtop.com/index.php?cid=16&v=listing,https://www.cdlandtop.com/index.php?cid=16&v=listing,是,true,A类·企业官方,2026-09-27,2026-09-27,公开招聘中,是,2026-09-27,属招聘页『技术研发类』岗位之一。；招聘页未标注工作地点,
CD0276|成都能通科技股份有限公司|嵌入式软件工程师|页面未说明（招聘页未标注工作地点）,CD0276,478,成都能通科技股份有限公司,是,A,通信与网络设备,嵌入式软件工程师,页面未说明,页面未说明,四川省,成都市,武侯区,成都市,not_available,研发,社会招聘,页面未说明,页面未说明,页面未说明,应届/往届硕士研究生及以上学历（招聘对象原文）,页面未说明,页面未说明,页面未说明,页面未说明,页面未说明,listing_page,否,not_available,https://www.cdlandtop.com/index.php?cid=16&v=listing,https://www.cdlandtop.com/index.php?cid=16&v=listing,是,true,A类·企业官方,2026-09-27,2026-09-27,公开招聘中,是,2026-09-27,属招聘页『技术研发类』岗位之一。；招聘页未标注工作地点,
CD0276|成都能通科技股份有限公司|算法工程师(电子干扰/电子侦察方向)|页面未说明（招聘页未标注工作地点）,CD0276,479,成都能通科技股份有限公司,是,A,通信与网络设备,算法工程师(电子干扰/电子侦察方向),页面未说明,页面未说明,四川省,成都市,武侯区,成都市,not_available,研发,社会招聘,页面未说明,页面未说明,页面未说明,应届/往届硕士研究生及以上学历（招聘对象原文）,页面未说明,页面未说明,页面未说明,专业方向：信息与通信工程、通信抗干扰、材料与能源、电子科学与工程、自动化工程、数学科学、信息与软件工程、计算机科学与工程、航天航空、机械与电气工程、物理等相关院系专业（专业方向原文）,能通科技坚持以人为本、共同成长的用人原则，建立开放式的人才机制，吸纳顶尖人才（人才理念原文）,listing_page,否,not_available,https://www.cdlandtop.com/index.php?cid=16&v=listing,https://www.cdlandtop.com/index.php?cid=16&v=listing,是,true,A类·企业官方,2026-09-27,2026-09-27,公开招聘中,是,2026-09-27,招聘页原文：招聘岗位——系统研发类：算法工程师(电子干扰/电子侦察方向)；技术研发类：FPGA工程师、嵌入式软件工程师、嵌入式硬件工程师、软件工程师。；招聘页未标注工作地点,
CD0276|成都能通科技股份有限公司|软件工程师|页面未说明（招聘页未标注工作地点）,CD0276,480,成都能通科技股份有限公司,是,A,通信与网络设备,软件工程师,页面未说明,页面未说明,四川省,成都市,武侯区,成都市,not_available,研发,社会招聘,页面未说明,页面未说明,页面未说明,应届/往届硕士研究生及以上学历（招聘对象原文）,页面未说明,页面未说明,页面未说明,专业方向：信息与通信工程、通信抗干扰、电子科学与工程、自动化工程、数学科学、信息与软件工程、计算机科学与工程、航天航空、机械与电气工程、物理等相关院系专业（专业方向原文）,页面未说明,listing_page,否,not_available,https://www.cdlandtop.com/index.php?cid=16&v=listing,https://www.cdlandtop.com/index.php?cid=16&v=listing,是,true,A类·企业官方,2026-09-27,2026-09-27,公开招聘中,是,2026-09-27,属招聘页『技术研发类』岗位之一。；招聘页未标注工作地点,
CD0278|成都蓉城康养集团有限公司|运营管理部养老院储备院长岗|页面未说明,CD0278,481,成都蓉城康养集团有限公司,是,A,其他,运营管理部养老院储备院长岗,页面未说明,页面未说明,四川省,成都市,,成都市,inferred,运营管理部,社会招聘,页面未说明,14-24万元/年,页面未说明,页面未说明,页面未说明,页面未说明,养老院储备院长岗相关运营管理工作，具体要求详见公告附件1,页面未说明,页面未说明,listing_page,否,not_available,,https://www.cdxctz.com/giftedinfo.aspx?t=52&ContentId=339,是,true,A类·企业官方,2026-09-27,2026-09-27,公开招聘中,是,2026-09-27,岗位名称与年薪区间照抄母公司官网招聘公告原文（报名截止2026年7月8日）；公告正文未列具体职责与学历经验要求，详见附件1，故 job_desc/requirement 填页面未说明。；该职位仅有列表页来源，无独立详情页,
CD0278|成都蓉城康养集团有限公司|运营管理部养老院医护部主任岗|页面未说明,CD0278,482,成都蓉城康养集团有限公司,是,A,其他,运营管理部养老院医护部主任岗,页面未说明,页面未说明,四川省,成都市,,成都市,inferred,运营管理部,社会招聘,页面未说明,10-18万元/年,页面未说明,页面未说明,页面未说明,页面未说明,养老院医护部主任岗位相关管理工作，具体要求详见公告附件1,页面未说明,页面未说明,listing_page,否,not_available,,https://www.cdxctz.com/giftedinfo.aspx?t=52&ContentId=339,是,true,A类·企业官方,2026-09-27,2026-09-27,公开招聘中,是,2026-09-27,岗位名称与年薪区间照抄母公司官网招聘公告原文（报名截止2026年7月8日）；公告正文未列具体职责与学历经验要求，详见附件1，故 job_desc/requirement 填页面未说明。；该职位仅有列表页来源，无独立详情页,
CD0278|成都蓉城康养集团有限公司|运营管理部养老院院务部主任岗|页面未说明,CD0278,483,成都蓉城康养集团有限公司,是,A,其他,运营管理部养老院院务部主任岗,页面未说明,页面未说明,四川省,成都市,,成都市,inferred,运营管理部,社会招聘,页面未说明,10-18万元/年,页面未说明,页面未说明,页面未说明,页面未说明,养老院院务部主任岗位相关管理工作，具体要求详见公告附件1,页面未说明,页面未说明,listing_page,否,not_available,,https://www.cdxctz.com/giftedinfo.aspx?t=52&ContentId=339,是,true,A类·企业官方,2026-09-27,2026-09-27,公开招聘中,是,2026-09-27,岗位名称与年薪区间照抄母公司官网招聘公告原文（报名截止2026年7月8日）；公告正文未列具体职责与学历经验要求，详见附件1，故 job_desc/requirement 填页面未说明。；该职位仅有列表页来源，无独立详情页,
CD0280|成都蜀大侠餐饮管理有限公司|产品经理|页面未说明,CD0280,484,成都蜀大侠餐饮管理有限公司,是,A,餐饮连锁,产品经理,页面未说明,页面未说明,四川省,成都市,锦江区,成都市,inferred,产品,社会招聘,页面未说明,页面未说明,页面未说明,页面未说明,页面未说明,页面未说明,页面未说明,页面未说明,页面未说明,listing_page,否,not_available,,https://www.cd-sdx.com/about,是,true,A类·企业官方,2026-09-27,2026-09-27,待人工复核,待人工复核,2026-09-27,职位名原文出现在官网 /about 页“加入我们”板块的社会招聘栏（“如您是：招商经理 运营督导 产品经理”），页面未给出岗位职责、薪资、学历、经验要求；该板块“查看更多职位”按钮跳转第三方平台（BOSS直聘、猎聘），按规范不作为官方来源，故 job_url 填官网页面本身。；该职位仅有列表页来源，无独立详情页；2026-09-28 复测：页面可访问但列表未含该职位名，状态仍不明确,
CD0280|成都蜀大侠餐饮管理有限公司|招商经理|页面未说明,CD0280,485,成都蜀大侠餐饮管理有限公司,是,A,餐饮连锁,招商经理,页面未说明,页面未说明,四川省,成都市,锦江区,成都市,inferred,招商,社会招聘,页面未说明,页面未说明,页面未说明,页面未说明,页面未说明,页面未说明,页面未说明,页面未说明,页面未说明,listing_page,否,not_available,,https://www.cd-sdx.com/about,是,true,A类·企业官方,2026-09-27,2026-09-27,待人工复核,待人工复核,2026-09-27,职位名原文出现在官网 /about 页“加入我们”板块的社会招聘栏（“如您是：招商经理 运营督导 产品经理”），页面未给出岗位职责、薪资、学历、经验要求；该板块“查看更多职位”按钮跳转第三方平台（BOSS直聘、猎聘），按规范不作为官方来源，故 job_url 填官网页面本身。；该职位仅有列表页来源，无独立详情页；2026-09-28 复测：页面可访问但列表未含该职位名，状态仍不明确,
CD0280|成都蜀大侠餐饮管理有限公司|运营督导|页面未说明,CD0280,486,成都蜀大侠餐饮管理有限公司,是,A,餐饮连锁,运营督导,页面未说明,页面未说明,四川省,成都市,锦江区,成都市,inferred,运营,社会招聘,页面未说明,页面未说明,页面未说明,页面未说明,页面未说明,页面未说明,页面未说明,页面未说明,页面未说明,listing_page,否,not_available,,https://www.cd-sdx.com/about,是,true,A类·企业官方,2026-09-27,2026-09-27,待人工复核,待人工复核,2026-09-27,职位名原文出现在官网 /about 页“加入我们”板块的社会招聘栏（“如您是：招商经理 运营督导 产品经理”），页面未给出岗位职责、薪资、学历、经验要求；该板块“查看更多职位”按钮跳转第三方平台（BOSS直聘、猎聘），按规范不作为官方来源，故 job_url 填官网页面本身。；该职位仅有列表页来源，无独立详情页；2026-09-28 复测：页面可访问但列表未含该职位名，状态仍不明确,
CD0280|成都蜀大侠餐饮管理有限公司|门店储备干部/管培生|页面未说明,CD0280,487,成都蜀大侠餐饮管理有限公司,是,A,餐饮连锁,门店储备干部/管培生,页面未说明,页面未说明,四川省,成都市,锦江区,成都市,inferred,管理,社会招聘,页面未说明,页面未说明,页面未说明,页面未说明,页面未说明,页面未说明,页面未说明,页面未说明,页面未说明,listing_page,否,not_available,,https://www.cd-sdx.com/about,是,true,A类·企业官方,2026-09-27,2026-09-27,待人工复核,待人工复核,2026-09-27,职位名原文出现在官网 /about 页“加入我们”板块的校园招聘栏（“门店储备干部/管培生”），属于校园招聘栏；页面未给出岗位职责、薪资、学历、经验要求，“查看更多职位”按钮跳转第三方平台（BOSS直聘、猎聘），未采用。；该职位仅有列表页来源，无独立详情页；2026-09-28 复测：页面可访问但列表未含该职位名，状态仍不明确,
CD0282|成都西蒙博格科技有限公司|3D Modeler|成都(Chengdu),CD0282,488,成都西蒙博格科技有限公司,是,A,人工智能与大数据,3D Modeler,成都 (Chengdu),成都 (Chengdu),四川省,成都市,高新区,成都市,inferred,设计,社会招聘,页面未说明,页面未说明,1-3 yrs,页面未标注明确学历（列表仅标 Bachelor's+ 门槛）,页面未说明,页面未说明,Full-time。官网标注『Updated』更新时间 2026-03-31。,官网原文：熟悉 Blender / 3ds Max / Maya；有工业 / 建筑 / 场景建模经验优先。,页面未说明,listing_page,否,not_available,https://www.simbog.com/join,https://www.simbog.com/join,是,true,A类·企业官方,2026-09-27,2026-09-27,公开招聘中,是,2026-09-27,职位名与年限/学历/技能要求均取自 https://www.simbog.com/join 页面 Open Positions 列表原文（页面为中英双语，岗位名使用英文原文）。页面未标注薪资与福利，记页面未说明。官网无独立职位详情页，job_url 填官方招聘入口。,
CD0282|成都西蒙博格科技有限公司|3D 建模师|成都,CD0282,489,成都西蒙博格科技有限公司,是,A,人工智能与大数据,3D 建模师,成都,成都,四川省,成都市,高新区,成都市,inferred,设计,社会招聘,2026-03-31,页面未说明,1-3年,页面未说明,页面未说明,页面未说明,页面未说明,熟悉 Blender / 3ds Max / Maya，有工业 / 建筑 / 场景建模经验优先（页面要求原文）,页面未说明,listing_page,否,not_available,https://www.simbog.com/join,https://www.simbog.com/join,是,true,A类·企业官方,2026-09-27,2026-09-27,公开招聘中,是,2026-09-27,岗位卡原文标注『更新于 2026-03-31』。,
CD0282|成都西蒙博格科技有限公司|AI Algorithm Engineer|成都(Chengdu),CD0282,490,成都西蒙博格科技有限公司,是,A,人工智能与大数据,AI Algorithm Engineer,成都 (Chengdu),成都 (Chengdu),四川省,成都市,高新区,成都市,inferred,研发,社会招聘,页面未说明,页面未说明,3-5 yrs,Bachelor's+（本科及以上）,页面未说明,页面未说明,Full-time。官网 Open Positions 列表标注：全职、地点 Chengdu、3-5 yrs。,官网原文方向：CV / 时序建模（computer vision 与 time-series modeling）。,页面未说明,listing_page,否,not_available,https://www.simbog.com/join,https://www.simbog.com/join,是,true,A类·企业官方,2026-09-27,2026-09-27,公开招聘中,是,2026-09-27,职位名与年限/学历/技能要求均取自 https://www.simbog.com/join 页面 Open Positions 列表原文（页面为中英双语，岗位名使用英文原文）。页面未标注薪资与福利，记页面未说明。官网无独立职位详情页，job_url 填官方招聘入口。,
CD0282|成都西蒙博格科技有限公司|AI 算法工程师|成都,CD0282,491,成都西蒙博格科技有限公司,是,A,人工智能与大数据,AI 算法工程师,成都,成都,四川省,成都市,高新区,成都市,inferred,研发,社会招聘,页面未说明,页面未说明,3-5年,页面未说明,页面未说明,页面未说明,页面未说明,CV / 时序建模方向（页面要求原文）,页面未说明,listing_page,否,not_available,https://www.simbog.com/join,https://www.simbog.com/join,是,true,A类·企业官方,2026-09-27,2026-09-27,公开招聘中,是,2026-09-27,岗位卡标注全职。,
CD0282|成都西蒙博格科技有限公司|Blender + Unity 3D Animation Intern|成都(Chengdu),CD0282,492,成都西蒙博格科技有限公司,是,A,人工智能与大数据,Blender + Unity 3D Animation Intern,成都 (Chengdu),成都 (Chengdu),四川省,成都市,高新区,成都市,inferred,设计,社会招聘,页面未说明,页面未说明,在校生 / 应届（Intern 岗位，官网未标年限）,页面未说明,页面未说明,页面未说明,Intern。官网原文要求每周到岗 ≥ 3 天。,官网原文：熟悉 Blender 建模与 Unity 动画。,页面未说明,listing_page,否,not_available,https://www.simbog.com/join,https://www.simbog.com/join,是,true,A类·企业官方,2026-09-27,2026-09-27,公开招聘中,是,2026-09-27,职位名与年限/学历/技能要求均取自 https://www.simbog.com/join 页面 Open Positions 列表原文（页面为中英双语，岗位名使用英文原文）。页面未标注薪资与福利，记页面未说明。官网无独立职位详情页，job_url 填官方招聘入口。,
CD0282|成都西蒙博格科技有限公司|Blender + Unity 3D 动画开发实习生|成都,CD0282,493,成都西蒙博格科技有限公司,是,A,人工智能与大数据,Blender + Unity 3D 动画开发实习生,成都,成都,四川省,成都市,高新区,成都市,inferred,设计,社会招聘,页面未说明,页面未说明,在校生 / 应届,页面未说明,页面未说明,页面未说明,页面未说明,熟悉 Blender 建模与 Unity 动画；每周到岗 ≥ 3 天（页面要求原文）,页面未说明,listing_page,否,not_available,https://www.simbog.com/join,https://www.simbog.com/join,是,true,A类·企业官方,2026-09-27,2026-09-27,公开招聘中,是,2026-09-27,岗位类型为实习。,
CD0282|成都西蒙博格科技有限公司|Frontend / Visualization Engineer|成都(Chengdu),CD0282,494,成都西蒙博格科技有限公司,是,A,人工智能与大数据,Frontend / Visualization Engineer,成都 (Chengdu),成都 (Chengdu),四川省,成都市,高新区,成都市,inferred,研发,社会招聘,页面未说明,页面未说明,2-5 yrs,Bachelor's+（本科及以上）,页面未说明,页面未说明,Full-time。官网 Open Positions 列表标注：全职、地点 Chengdu、2-5 yrs。,官网原文技能偏好：Vue / Three.js 优先。,页面未说明,listing_page,否,not_available,https://www.simbog.com/join,https://www.simbog.com/join,是,true,A类·企业官方,2026-09-27,2026-09-27,公开招聘中,是,2026-09-27,职位名与年限/学历/技能要求均取自 https://www.simbog.com/join 页面 Open Positions 列表原文（页面为中英双语，岗位名使用英文原文）。页面未标注薪资与福利，记页面未说明。官网无独立职位详情页，job_url 填官方招聘入口。,
CD0282|成都西蒙博格科技有限公司|IoT / Embedded Engineer|成都(Chengdu),CD0282,495,成都西蒙博格科技有限公司,是,A,人工智能与大数据,IoT / Embedded Engineer,成都 (Chengdu),成都 (Chengdu),四川省,成都市,高新区,成都市,inferred,研发,社会招聘,页面未说明,页面未说明,2-5 yrs,Bachelor's+（本科及以上）,页面未说明,页面未说明,Full-time。官网 Open Positions 列表标注：全职、地点 Chengdu、2-5 yrs。,官网原文：熟悉 Modbus / MQTT / OPC UA；了解 Radxa / RK3588 / Ascend 平台。,页面未说明,listing_page,否,not_available,https://www.simbog.com/join,https://www.simbog.com/join,是,true,A类·企业官方,2026-09-27,2026-09-27,公开招聘中,是,2026-09-27,职位名与年限/学历/技能要求均取自 https://www.simbog.com/join 页面 Open Positions 列表原文（页面为中英双语，岗位名使用英文原文）。页面未标注薪资与福利，记页面未说明。官网无独立职位详情页，job_url 填官方招聘入口。,
CD0282|成都西蒙博格科技有限公司|Project Delivery / Implementation Engineer|成都(Chengdu),CD0282,496,成都西蒙博格科技有限公司,是,A,人工智能与大数据,Project Delivery / Implementation Engineer,成都 (Chengdu),成都 (Chengdu),四川省,成都市,高新区,成都市,inferred,职能,社会招聘,页面未说明,页面未说明,2+ yrs,页面未说明,页面未说明,页面未说明,Full-time。官网 Open Positions 列表标注：全职、地点 Chengdu、2+ yrs。,官网原文要求：可接受短期出差。,页面未说明,listing_page,否,not_available,https://www.simbog.com/join,https://www.simbog.com/join,是,true,A类·企业官方,2026-09-27,2026-09-27,公开招聘中,是,2026-09-27,职位名与年限/学历/技能要求均取自 https://www.simbog.com/join 页面 Open Positions 列表原文（页面为中英双语，岗位名使用英文原文）。页面未标注薪资与福利，记页面未说明。官网无独立职位详情页，job_url 填官方招聘入口。,
CD0282|成都西蒙博格科技有限公司|Senior Backend Engineer|成都(Chengdu),CD0282,497,成都西蒙博格科技有限公司,是,A,人工智能与大数据,Senior Backend Engineer,成都 (Chengdu),成都 (Chengdu),四川省,成都市,高新区,成都市,inferred,研发,社会招聘,页面未说明,页面未说明,3-5 yrs,Bachelor's+（本科及以上）,页面未说明,页面未说明,Full-time。官网 Open Positions 列表标注：全职、地点 Chengdu、3-5 yrs、Bachelor's+。,官网该岗位未列出更细的技术栈要求，仅给出上述年限与学历要求。,页面未说明,listing_page,否,not_available,https://www.simbog.com/join,https://www.simbog.com/join,是,true,A类·企业官方,2026-09-27,2026-09-27,公开招聘中,是,2026-09-27,职位名与年限/学历/技能要求均取自 https://www.simbog.com/join 页面 Open Positions 列表原文（页面为中英双语，岗位名使用英文原文）。页面未标注薪资与福利，记页面未说明。官网无独立职位详情页，job_url 填官方招聘入口。,
CD0282|成都西蒙博格科技有限公司|Software Engineer (Intern / Junior)|成都(Chengdu),CD0282,498,成都西蒙博格科技有限公司,是,A,人工智能与大数据,Software Engineer (Intern / Junior),成都 (Chengdu),成都 (Chengdu),四川省,成都市,高新区,成都市,inferred,研发,社会招聘,页面未说明,页面未说明,1-3 yrs / new grad ok,Bachelor's+（本科及以上）,页面未说明,页面未说明,Full-time。官网 Open Positions 列表标注：全职、地点 Chengdu、1-3 yrs / new grad ok、Bachelor's+、『One backend language』。,熟悉至少一门后端语言；官网对全体岗位的基本要求为 Strong learning ability / Proactive / High ownership（学习能力强、主动、责任心强）。,页面未说明,listing_page,否,not_available,https://www.simbog.com/join,https://www.simbog.com/join,是,true,A类·企业官方,2026-09-27,2026-09-27,公开招聘中,是,2026-09-27,职位名与年限/学历/技能要求均取自 https://www.simbog.com/join 页面 Open Positions 列表原文（页面为中英双语，岗位名使用英文原文）。页面未标注薪资与福利，记页面未说明。官网无独立职位详情页，job_url 填官方招聘入口。,
CD0282|成都西蒙博格科技有限公司|前端 / 可视化工程师|成都,CD0282,499,成都西蒙博格科技有限公司,是,A,人工智能与大数据,前端 / 可视化工程师,成都,成都,四川省,成都市,高新区,成都市,inferred,研发,社会招聘,页面未说明,页面未说明,2-5年,页面未说明,页面未说明,页面未说明,页面未说明,Vue / Three.js 优先（页面要求原文）,页面未说明,listing_page,否,not_available,https://www.simbog.com/join,https://www.simbog.com/join,是,true,A类·企业官方,2026-09-27,2026-09-27,公开招聘中,是,2026-09-27,岗位卡标注全职。,
CD0282|成都西蒙博格科技有限公司|物联网 / 嵌入式工程师|成都,CD0282,500,成都西蒙博格科技有限公司,是,A,人工智能与大数据,物联网 / 嵌入式工程师,成都,成都,四川省,成都市,高新区,成都市,inferred,研发,社会招聘,页面未说明,页面未说明,2-5年,页面未说明,页面未说明,页面未说明,页面未说明,熟悉 Modbus / MQTT / OPC UA（页面要求原文）,页面未说明,listing_page,否,not_available,https://www.simbog.com/join,https://www.simbog.com/join,是,true,A类·企业官方,2026-09-27,2026-09-27,公开招聘中,是,2026-09-27,岗位卡标注全职。,
CD0282|成都西蒙博格科技有限公司|行政专员 / 助理|成都,CD0282,501,成都西蒙博格科技有限公司,是,A,人工智能与大数据,行政专员 / 助理,成都,成都,四川省,成都市,高新区,成都市,inferred,职能,社会招聘,页面未说明,页面未说明,经验不限 / 1-2 年优先,页面未说明,页面未说明,页面未说明,页面未说明,文职 / 行政管理相关专业优先；细致耐心、沟通顺畅（页面要求原文）,页面未说明,listing_page,否,not_available,https://www.simbog.com/join,https://www.simbog.com/join,是,true,A类·企业官方,2026-09-27,2026-09-27,公开招聘中,是,2026-09-27,岗位卡标注全职。,
CD0282|成都西蒙博格科技有限公司|软件研发工程师 - 实习|成都,CD0282,502,成都西蒙博格科技有限公司,是,A,人工智能与大数据,软件研发工程师 - 实习,成都,成都,四川省,成都市,高新区,成都市,inferred,研发,社会招聘,页面未说明,页面未说明,1-3年 / 应届可投,本科及以上,页面未说明,页面未说明,页面未说明,熟悉至少一门后端语言（页面要求原文）,页面未说明,listing_page,否,not_available,https://www.simbog.com/join,https://www.simbog.com/join,是,true,A类·企业官方,2026-09-27,2026-09-27,公开招聘中,是,2026-09-27,岗位卡标注 HOT、全职。,
CD0282|成都西蒙博格科技有限公司|项目交付 / 实施工程师|成都,CD0282,503,成都西蒙博格科技有限公司,是,A,人工智能与大数据,项目交付 / 实施工程师,成都,成都,四川省,成都市,高新区,成都市,inferred,职能,社会招聘,页面未说明,页面未说明,2年以上,页面未说明,页面未说明,页面未说明,页面未说明,可短期出差（页面要求原文）,页面未说明,listing_page,否,not_available,https://www.simbog.com/join,https://www.simbog.com/join,是,true,A类·企业官方,2026-09-27,2026-09-27,公开招聘中,是,2026-09-27,岗位卡标注全职。,
CD0282|成都西蒙博格科技有限公司|高级后端工程师|成都,CD0282,504,成都西蒙博格科技有限公司,是,A,人工智能与大数据,高级后端工程师,成都,成都,四川省,成都市,高新区,成都市,inferred,研发,社会招聘,页面未说明,页面未说明,3-5年,本科及以上,页面未说明,页面未说明,页面未说明,页面未说明,页面未说明,listing_page,否,not_available,https://www.simbog.com/join,https://www.simbog.com/join,是,true,A类·企业官方,2026-09-27,2026-09-27,公开招聘中,是,2026-09-27,岗位卡标注全职。,
CD0283|成都设计咨询集团有限公司|人事综合岗（所属规划设计公司）|成都市高新区,CD0283,505,成都设计咨询集团有限公司,是,A,设计服务,人事综合岗（所属规划设计公司）,成都市高新区,成都市高新区,四川省,成都市,高新区,成都市,confirmed,职能,社会招聘,2026-05-21,12-20万元/年,具有2年及以上国有企业人力资源相关工作经验；年龄45周岁以下（截至公告发布当日），须为中共党员,硕士研究生及以上学历，并取得相应学位，人力资源管理、劳动与社会保障、劳动关系、行政管理、工商管理、公共管理、心理学专业,1名,1名,制定并实施干部管理制度，负责人力资源规划、岗位体系设计与人才发展体系；设计优化薪酬福利与绩效制度，办理招聘、入职、调动、离职及劳动关系等全流程事务。,硕士研究生及以上，人力资源类相关专业；中共党员；2年及以上国企人力资源工作经验。,页面未说明,listing_page,否,not_available,http://cdadri.com/jobview.aspx?contentid=48&t=55,http://cdadri.com/jobview.aspx?contentid=48&t=55,是,true,A类·企业官方,2026-09-27,2026-09-27,公开招聘中,是,2026-09-27,数据取自官网招聘公告及其附件《岗位需求表（5月）.pdf》原文。,
CD0283|成都设计咨询集团有限公司|党群人事部党群管理岗（所属市人防院）|成都市青羊区,CD0283,506,成都设计咨询集团有限公司,是,A,设计服务,党群人事部党群管理岗（所属市人防院）,成都市青羊区,成都市青羊区,四川省,成都市,高新区,成都市,confirmed,职能,社会招聘,2026-05-21,8-14万元/年,页面未说明,页面未说明,1名,1名,页面未说明,页面未说明,页面未说明,listing_page,否,not_available,http://cdadri.com/jobview.aspx?contentid=48&t=55,http://cdadri.com/jobview.aspx?contentid=48&t=55,是,true,A类·企业官方,2026-09-27,2026-09-27,公开招聘中,是,2026-09-27,该岗位信息仅见于附件《岗位需求表（5月）.pdf》序号14行（成都市青羊区、1人、8-14万元/年），表内未填写职责与任职资格，不作推断。,
CD0283|成都设计咨询集团有限公司|工程师（建筑）（所属市建科院）|成都市成华区,CD0283,507,成都设计咨询集团有限公司,是,A,设计服务,工程师（建筑）（所属市建科院）,成都市成华区,成都市成华区,四川省,成都市,高新区,成都市,confirmed,设计,社会招聘,2026-05-21,12-25万元/年,具有10年及以上工作经验；年龄45周岁以下（截至公告发布当日）；应具有高级及以上职称、一级注册建筑师,大学本科及以上学历，并取得相应学位，建筑学、历史建筑保护工程、智慧建筑与建造专业,2名,2名,负责建筑专业项目总体规划与设计，制定并监督实施方案；组织各设计阶段方案比选、优化与成果评审；管理施工图阶段进度、质量、变更，审查并签章设计图纸。,大学本科及以上，建筑学等相关专业；年龄45周岁以下；10年及以上工作经验；高级及以上职称、一级注册建筑师。,页面未说明,listing_page,否,not_available,http://cdadri.com/jobview.aspx?contentid=48&t=55,http://cdadri.com/jobview.aspx?contentid=48&t=55,是,true,A类·企业官方,2026-09-27,2026-09-27,公开招聘中,是,2026-09-27,数据取自官网招聘公告及其附件《岗位需求表（5月）.pdf》原文。,
CD0283|成都设计咨询集团有限公司|工程师（建造）（所属市建科院）|成都市成华区,CD0283,508,成都设计咨询集团有限公司,是,A,设计服务,工程师（建造）（所属市建科院）,成都市成华区,成都市成华区,四川省,成都市,高新区,成都市,confirmed,设计,社会招聘,2026-05-21,12-25万元/年,具有8年及以上工作经验；年龄45周岁以下（截至公告发布当日）；应具有中级及以上职称、一级注册建造师,大学本科及以上学历，并取得相应学位，土木工程、工程管理、工程造价专业,1名,1名,编制工程概算、预算，审核工程结算并整理归档；开展工程费用经济分析与成本管控；负责建设工程决算资料复核、编录及已完加固工程后期整改费用审核与决算经济指标分析。,大学本科及以上，土木工程/工程管理/工程造价专业；年龄45周岁以下；8年及以上工作经验；中级及以上职称、一级注册建造师。,页面未说明,listing_page,否,not_available,http://cdadri.com/jobview.aspx?contentid=48&t=55,http://cdadri.com/jobview.aspx?contentid=48&t=55,是,true,A类·企业官方,2026-09-27,2026-09-27,公开招聘中,是,2026-09-27,数据取自官网招聘公告《成都设计咨询集团有限公司关于2026年5月招聘工程师（建造）等岗位的公告》（发布时间2026/05/21）及其附件《岗位需求表（5月）.pdf》；报名时间2026年5月21日至6月5日。岗位明细表为附件，工作地、人数、薪酬均表原文照录。,
CD0283|成都设计咨询集团有限公司|工程师（消防）（所属市建科院）|成都市成华区,CD0283,509,成都设计咨询集团有限公司,是,A,设计服务,工程师（消防）（所属市建科院）,成都市成华区,成都市成华区,四川省,成都市,高新区,成都市,confirmed,设计,社会招聘,2026-05-21,12-25万元/年,具有3年及以上工作经验；年龄45周岁以下（截至公告发布当日）；应具有一级注册消防工程师,大学本科及以上学历，并取得相应学位，土木类、公安技术类相关专业,1名,1名,负责消防安全评估相关工作；编制、审核相关质量文件；配合申报消防资质；参与公司质量管理体系建设。,大学本科及以上，土木类/公安技术类相关专业；年龄45周岁以下；3年及以上工作经验；一级注册消防工程师。,页面未说明,listing_page,否,not_available,http://cdadri.com/jobview.aspx?contentid=48&t=55,http://cdadri.com/jobview.aspx?contentid=48&t=55,是,true,A类·企业官方,2026-09-27,2026-09-27,公开招聘中,是,2026-09-27,数据取自官网招聘公告及其附件《岗位需求表（5月）.pdf》原文。,
CD0283|成都设计咨询集团有限公司|工程师（电气）（所属市建科院）|成都市成华区,CD0283,510,成都设计咨询集团有限公司,是,A,设计服务,工程师（电气）（所属市建科院）,成都市成华区,成都市成华区,四川省,成都市,高新区,成都市,confirmed,设计,社会招聘,2026-05-21,12-25万元/年,具有5年及以上工作经验；年龄45周岁以下（截至公告发布当日）；应具有中级及以上职称、注册电气工程师,大学本科及以上学历，并取得相应学位，电气工程及其自动化、电气工程与智能控制、建筑电气与智能化专业,1名,1名,负责电气设计与图纸审查签章；编制电气专业技术方案并对设计进度与质量负责；优化设计方案；负责电气供电设备安装、调试、检修维护与试验，制定本专业检修维护计划。,大学本科及以上，电气类专业；年龄45周岁以下；5年及以上工作经验；中级及以上职称、注册电气工程师。,页面未说明,listing_page,否,not_available,http://cdadri.com/jobview.aspx?contentid=48&t=55,http://cdadri.com/jobview.aspx?contentid=48&t=55,是,true,A类·企业官方,2026-09-27,2026-09-27,公开招聘中,是,2026-09-27,数据取自官网招聘公告及其附件《岗位需求表（5月）.pdf》原文。（job_desc 中 managing 为原文英文夹杂措辞，已按原文语义整理）,
CD0283|成都设计咨询集团有限公司|工程师（结构）（所属市建科院）|成都市成华区,CD0283,511,成都设计咨询集团有限公司,是,A,设计服务,工程师（结构）（所属市建科院）,成都市成华区,成都市成华区,四川省,成都市,高新区,成都市,confirmed,设计,社会招聘,2026-05-21,12-25万元/年,具有5年及以上工作经验；年龄45周岁以下（截至公告发布当日）；具有高级及以上职称或国家一级（或相当）执（职）业资格,硕士研究生及以上学历，并取得相应学位，土木类、测绘类、建筑类、公安技术类、地质类相关专业,1名,1名,负责工程现场检测；编制鉴定报告；完成结构建模计算与数据整理；完成公司交办的其他工作。,硕士研究生及以上，土木/测绘/建筑等相关专业；年龄45周岁以下；5年及以上工作经验；高级及以上职称或一级执业资格（学历可放宽至本科）。,页面未说明,listing_page,否,not_available,http://cdadri.com/jobview.aspx?contentid=48&t=55,http://cdadri.com/jobview.aspx?contentid=48&t=55,是,true,A类·企业官方,2026-09-27,2026-09-27,公开招聘中,是,2026-09-27,数据取自官网招聘公告及其附件《岗位需求表（5月）.pdf》原文。,
CD0283|成都设计咨询集团有限公司|工程师（给排水）（所属市建科院）|成都市成华区,CD0283,512,成都设计咨询集团有限公司,是,A,设计服务,工程师（给排水）（所属市建科院）,成都市成华区,成都市成华区,四川省,成都市,高新区,成都市,confirmed,设计,社会招聘,2026-05-21,12-25万元/年,具有5年及以上工作经验；年龄45周岁以下（截至公告发布当日）；应具有中级及以上职称、注册公共设备工程师（给排水）,大学本科及以上学历，并取得相应学位，给排水科学与工程、城市水系统工程、建筑环境与能源应用工程、市政工程专业,1名,1名,负责给排水设计与图纸审查签章；编制给排水专业技术方案并对设计进度与质量负责；优化设计方案；摸排管网设计、质量、安全问题并提供解决方案。,大学本科及以上，给排水/市政工程专业；年龄45周岁以下；5年及以上工作经验；中级及以上职称、注册公共设备工程师（给排水）。,页面未说明,listing_page,否,not_available,http://cdadri.com/jobview.aspx?contentid=48&t=55,http://cdadri.com/jobview.aspx?contentid=48&t=55,是,true,A类·企业官方,2026-09-27,2026-09-27,公开招聘中,是,2026-09-27,数据取自官网招聘公告及其附件《岗位需求表（5月）.pdf》原文。,
CD0283|成都设计咨询集团有限公司|智能化设计岗（所属市建筑院）|成都市高新区,CD0283,513,成都设计咨询集团有限公司,是,A,设计服务,智能化设计岗（所属市建筑院）,成都市高新区,成都市高新区,四川省,成都市,高新区,成都市,confirmed,设计,社会招聘,2026-05-21,10-25万元/年,页面未说明,页面未说明,2名,2名,页面未说明,页面未说明,页面未说明,listing_page,否,not_available,http://cdadri.com/jobview.aspx?contentid=48&t=55,http://cdadri.com/jobview.aspx?contentid=48&t=55,是,true,A类·企业官方,2026-09-27,2026-09-27,公开招聘中,是,2026-09-27,该岗位信息仅见于附件《岗位需求表（5月）.pdf》序号18行（成都市高新区、2人、10-25万元/年）。公告正文明确电气设计岗和智能化设计岗为紧缺急需岗位，笔试开考比例为不低于1:3。,
CD0283|成都设计咨询集团有限公司|检测师（人防工程）（所属市建科院）|成都市成华区、双流区,CD0283,514,成都设计咨询集团有限公司,是,A,设计服务,检测师（人防工程）（所属市建科院）,成都市成华区、双流区,成都市成华区、双流区,四川省,成都市,高新区,成都市,confirmed,技术,社会招聘,2026-05-21,10-25万元/年,具有3年及以上工作经验；年龄45周岁以下（截至公告发布当日）；应具有中级及以上职称,硕士研究生及以上学历，并取得相应学位，力学类相关专业,1名,1名,负责人防工程检测资质申报及准备工作；开展人防工程项目对接、方案编制、项目实施、出具报告与款项回收；协助内部培训与鉴定工作。,硕士研究生及以上，力学类专业；年龄45周岁以下；3年及以上工作经验；中级及以上职称。,页面未说明,listing_page,否,not_available,http://cdadri.com/jobview.aspx?contentid=48&t=55,http://cdadri.com/jobview.aspx?contentid=48&t=55,是,true,A类·企业官方,2026-09-27,2026-09-27,公开招聘中,是,2026-09-27,数据取自官网招聘公告及其附件《岗位需求表（5月）.pdf》原文。,
CD0283|成都设计咨询集团有限公司|检测师（市政道路工程及材料）（所属市建科院）|成都市成华区、双流区,CD0283,515,成都设计咨询集团有限公司,是,A,设计服务,检测师（市政道路工程及材料）（所属市建科院）,成都市成华区、双流区,成都市成华区、双流区,四川省,成都市,高新区,成都市,confirmed,技术,社会招聘,2026-05-21,10-25万元/年,具有3年及以上工作经验；年龄45周岁以下（截至公告发布当日）；应具有中级及以上职称、公路水运工程试验检测师（道路工程）,硕士研究生及以上学历，并取得相应学位，道路桥梁与渡河工程、材料科学与工程、市政工程专业,1名,1名,负责市政道路及材料工程相关资质申报与准备工作；开展项目对接、方案编制、项目实施、出具报告与款项回收；协助部门开展内部培训。,硕士研究生及以上，道路桥梁与渡河工程/材料/市政工程专业；年龄45周岁以下；3年及以上工作经验；中级职称+公路水运工程试验检测师。,页面未说明,listing_page,否,not_available,http://cdadri.com/jobview.aspx?contentid=48&t=55,http://cdadri.com/jobview.aspx?contentid=48&t=55,是,true,A类·企业官方,2026-09-27,2026-09-27,公开招聘中,是,2026-09-27,数据取自官网招聘公告及其附件《岗位需求表（5月）.pdf》原文。,
CD0283|成都设计咨询集团有限公司|检测师（电气工程）（所属市建科院）|成都市成华区、双流区,CD0283,516,成都设计咨询集团有限公司,是,A,设计服务,检测师（电气工程）（所属市建科院）,成都市成华区、双流区,成都市成华区、双流区,四川省,成都市,高新区,成都市,confirmed,技术,社会招聘,2026-05-21,10-25万元/年,具有3年及以上工作经验；年龄45周岁以下（截至公告发布当日）；应具有中级及以上职称,硕士研究生及以上学历，并取得相应学位，电气工程及其自动化、电气工程与智能控制、建筑电气与智能化专业,1名,1名,负责电气工程相关资质申报及准备工作；开展电气工程项目对接、方案编制、项目实施与款项回收；协助内部培训并开展电气工程设计与改造工作。,硕士研究生及以上，电气类专业；年龄45周岁以下；3年及以上工作经验；中级及以上职称。,页面未说明,listing_page,否,not_available,http://cdadri.com/jobview.aspx?contentid=48&t=55,http://cdadri.com/jobview.aspx?contentid=48&t=55,是,true,A类·企业官方,2026-09-27,2026-09-27,公开招聘中,是,2026-09-27,数据取自官网招聘公告及其附件《岗位需求表（5月）.pdf》原文。,
CD0283|成都设计咨询集团有限公司|经营管理部信息技术工程师（所属市人防院）|成都市青羊区,CD0283,517,成都设计咨询集团有限公司,是,A,设计服务,经营管理部信息技术工程师（所属市人防院）,成都市青羊区,成都市青羊区,四川省,成都市,高新区,成都市,confirmed,技术,社会招聘,2026-05-21,9-15万元/年,页面未说明,页面未说明,2名,2名,页面未说明,页面未说明,页面未说明,listing_page,否,not_available,http://cdadri.com/jobview.aspx?contentid=48&t=55,http://cdadri.com/jobview.aspx?contentid=48&t=55,是,true,A类·企业官方,2026-09-27,2026-09-27,公开招聘中,是,2026-09-27,该岗位信息仅见于附件《岗位需求表（5月）.pdf》的序号13行（成都市青羊区、2人、9-15万元/年），表内该行未填写岗位职责、任职资格与学历经验栏，故相关字段留“页面未说明”，不作推断。,
CD0283|成都设计咨询集团有限公司|绿色建筑设计岗（所属市建筑院）|成都市高新区,CD0283,518,成都设计咨询集团有限公司,是,A,设计服务,绿色建筑设计岗（所属市建筑院）,成都市高新区,成都市高新区,四川省,成都市,高新区,成都市,confirmed,设计,社会招聘,2026-05-21,15-40万元/年,页面未说明,页面未说明,1名,1名,页面未说明,页面未说明,页面未说明,listing_page,否,not_available,http://cdadri.com/jobview.aspx?contentid=48&t=55,http://cdadri.com/jobview.aspx?contentid=48&t=55,是,true,A类·企业官方,2026-09-27,2026-09-27,公开招聘中,是,2026-09-27,该岗位信息仅见于附件《岗位需求表（5月）.pdf》序号16行（成都市高新区、1人、15-40万元/年），表内未填写职责、学历与经验要求，不作推断。,
CD0283|成都设计咨询集团有限公司|规划与国防动员所生产技术岗（综合咨询研究方向）（所属市人防院）|成都市青羊区,CD0283,519,成都设计咨询集团有限公司,是,A,设计服务,规划与国防动员所生产技术岗（综合咨询研究方向）（所属市人防院）,成都市青羊区,成都市青羊区,四川省,成都市,高新区,成都市,confirmed,技术,社会招聘,2026-05-21,10-20万元/年,页面未说明,大学本科及以上学历，并取得相应学位，建筑类、公共管理类、工商管理类、经济学类、管理科学与工程类、土木类相关专业,2名,2名,负责人防（国防动员）项目全生命周期咨询，包括前期策划、可行性研究、项目建议书与资金申请报告撰写；参与人防专项规划及后评价，提供法规解读与政策咨询。,大学本科及以上，建筑类/公共管理类/经济学类等相关专业；年龄45周岁以下；其他条件见附件《岗位需求表（5月）.pdf》。,页面未说明,listing_page,否,not_available,http://cdadri.com/jobview.aspx?contentid=48&t=55,http://cdadri.com/jobview.aspx?contentid=48&t=55,是,true,A类·企业官方,2026-09-27,2026-09-27,公开招聘中,是,2026-09-27,岗位名称、地点、人数、薪酬取自附件《岗位需求表（5月）.pdf》，经验与专业栏按该表摘录。,
CD0284|成都轨道交通集团有限公司|信号技术管理|成都市,CD0284,520,成都轨道交通集团有限公司,是,A,轨道交通,信号技术管理,成都市,成都市,四川省,成都市,,成都市,confirmed,技术,社会招聘,2025-04-24,11-14万元/年,3 年及以上相关工作经验；年龄 35 周岁及以下,大学本科及以上学历，且取得相应学位。轨道交通信号与控制专业,3 人,3 人,负责信号设备技术管理、设备维护、故障处置等相关工作。,1. 学历及专业：大学本科及以上学历，且取得相应学位。轨道交通信号与控制专业。2. 工作经验：3 年及以上相关工作经验。3. 年龄：35 周岁及以下。4. 证书：有相关从业资格证书优先。5. 能力素质要求：熟悉轨道交通信号设备技术管理、设备维护、故障处置等知识；具备较强的沟通协调能力、计划执行能力、问题解决能力和文字写作能力；具备较好的服务意识、安全意识、责任意识和团队意识。,公告薪酬待遇栏为 11 万元-14 万元/年，未列其他福利条款,listing_page,否,not_available,https://www.chengdurail.com/info/2482/58852.htm,https://www.chengdurail.com/ygzp/shzp/zpgg.htm,是,true,A类·企业官方,2026-09-27,2026-09-27,公开招聘中,是,2026-09-27,岗位取自官网 2025年第二批次社会招聘公告正文岗位表，用人单位：成都地铁运营有限公司。,
CD0284|成都轨道交通集团有限公司|副总经理（资产运营管理方向）|成都市,CD0284,521,成都轨道交通集团有限公司,是,A,轨道交通,副总经理（资产运营管理方向）,成都市,成都市,四川省,成都市,,成都市,confirmed,管理,社会招聘,2026-03-19,30-35万元/年,具备 10 年及以上相关从业经历，曾担任知名物业管理企业或知名商业管理企业 3 年及以上区域/城市/片区公司负责人（如总经理、副总经理等职务）及以上层级职务；年龄 45 周岁及以下,大学本科及以上学历，且取得相应学位。物业管理、酒店管理、公共（事业）管理（学）、土木工程、建筑（学）、城乡规划（学）专业,1 人,1 人,负责 TOD 商业资产运营管理工作，负责存量资产盘活、业态优化、增值运营与物业经营等工作，健全资产及物业管理规章制度，促进 TOD 商业资产保值增值，负责对外关系协调及分管领域团队建设等相关工作。,1. 学历要求：大学本科及以上学历，且取得相应学位；2. 专业要求：物业管理、酒店管理、公共（事业）管理（学）、土木工程、建筑（学）、城乡规划（学）专业；国（境）外专业须与以上专业相同或相近；3. 年龄：45 周岁及以下，年龄计算截至公告结束当日；4. 能力素质要求：掌握熟悉商业资产经营与物业管理专业知识，全面掌握资产及物业经营的管理模式、经营逻辑和体系化运作流程；具有较强的系统思维、体系构建和沟通协调能力；具备较好的客户服务意识、责任意识和团队意识；5. 工作经验：具备 10 年及以上相关从业经历，曾担任知名物业管理企业（克尔瑞最近一次发布中国物业服务企业在管规模榜排名前 30 的物业管理企业、物业管理“五大行”）或知名商业管理企业（中国连锁经营协会（CCFA）最近一次发布中国购物中心企业排名前 30 的企业）3 年及以上区域/城市/片区公司负责人（如总经理、副总经理等职务）及以上层级职务。,公告薪酬待遇栏为 30-35 万元/年，未列其他福利条款,direct_detail,是,high,https://www.chengdurail.com/info/2482/121914.htm,https://www.chengdurail.com/ygzp/shzp/zpgg.htm,是,true,A类·企业官方,2026-09-27,2026-09-27,公开招聘中,是,2026-09-27,岗位取自官网 2026年第二批次市场化选聘管理人员公告正文岗位表，用人单位：成都轨道城市商业管理有限公司；报名走成都国企人才综合服务平台。,
CD0284|成都轨道交通集团有限公司|区域开发事业部副总经理|成都市,CD0284,522,成都轨道交通集团有限公司,是,A,轨道交通,区域开发事业部副总经理,成都市,成都市,四川省,成都市,,成都市,confirmed,管理,社会招聘,2025-04-24,30-50万元/年,具备 5 年及以上相关从业经历，曾担任 2 年及以上知名房地产企业区域/城市/片区公司工程部门负责人或多项目总及以上层级职务，且具有 30 万平方米及以上房建项目全周期管理经验；45 周岁及以下,硕士研究生及以上学历，且取得相应学位。土木工程、工程管理、房地产开发与管理、建筑学专业,1 人,1 人,牵头搭建所属区域 TOD 项目的相关制度体系，组织推进所属区域 TOD 项目方案设计、工程进度、质量安全、成本管控、应急维稳等工作，负责所属区域项目团队建设工作。,1. 学历及专业：硕士研究生及以上学历，且取得相应学位。土木工程、工程管理、房地产开发与管理、建筑学专业。2. 工作经验：具备 5 年及以上相关从业经历，曾担任 2 年及以上知名房地产企业（中指研究院最近一次发布全国销售金额或销售面积排名前 30 的房地产企业）区域/城市/片区公司工程部门负责人或多项目总及以上层级职务，且具有 30 万平方米及以上房建项目全周期管理经验。3. 年龄：45 周岁及以下。4. 能力素质要求：熟悉房地产项目工程管理全流程，精通工程设计、成本管控、施工管理等工作；具备较强的组织策划能力、沟通协调能力、决策把关能力、团队建设能力和应变抗压能力；具备良好的职业道德、敬业精神和团队意识。,公告薪酬待遇栏为 30 万元-50 万元/年，未列其他福利条款,listing_page,否,not_available,https://www.chengdurail.com/info/2482/58852.htm,https://www.chengdurail.com/ygzp/shzp/zpgg.htm,是,true,A类·企业官方,2026-09-27,2026-09-27,公开招聘中,是,2026-09-27,岗位取自官网公告《成都轨道交通集团有限公司2025年第二批次社会招聘公告》正文岗位信息表，用人单位：成都轨道城市投资集团有限公司。,
CD0284|成都轨道交通集团有限公司|工程项目经理|成都市,CD0284,523,成都轨道交通集团有限公司,是,A,轨道交通,工程项目经理,成都市,成都市,四川省,成都市,,成都市,confirmed,工程,社会招聘,2025-04-24,20-30万元/年,具备 5 年及以上相关从业经历，曾担任知名房地产企业工程项目经理及以上层级职务，且具有牵头单个开发面积 10 万平方米及以上房建项目全周期工程管理经验；45 周岁及以下,大学本科及以上学历，且取得相应学位。土木工程、工程管理、房地产开发与管理专业,1 人,1 人,负责 TOD 项目现场工程管理，包括质量安全、工程进度、工程造价、应急维稳、综合协调等工作，负责项目团队成员管理工作。,1. 学历及专业：大学本科及以上学历，且取得相应学位。土木工程、工程管理、房地产开发与管理专业。2. 工作经验：具备 5 年及以上相关从业经历，曾担任知名房地产企业（中指研究院最近一次发布全国销售金额或销售面积排名前 30 的房地产企业）工程项目经理及以上层级职务，且具有牵头单个开发面积 10 万平方米及以上房建项目全周期工程管理经验。3. 年龄：45 周岁及以下。4. 能力素质要求：熟悉房地产项目全周期工程管理工作要求；具有较强的组织策划能力、沟通协调能力和应急处突能力；具有良好的职业道德、敬业精神和团队意识。,公告薪酬待遇栏为 20 万元-30 万元/年，未列其他福利条款,listing_page,否,not_available,https://www.chengdurail.com/info/2482/58852.htm,https://www.chengdurail.com/ygzp/shzp/zpgg.htm,是,true,A类·企业官方,2026-09-27,2026-09-27,公开招聘中,是,2026-09-27,岗位取自官网 2025年第二批次社会招聘公告正文岗位表，用人单位：成都轨道城市投资集团有限公司。,
CD0284|成都轨道交通集团有限公司|成本管理|成都市,CD0284,524,成都轨道交通集团有限公司,是,A,轨道交通,成本管理,成都市,成都市,四川省,成都市,,成都市,confirmed,财务,社会招聘,2026-01-15,15-20万元/年,在知名房地产企业、党政机关（事业单位）或中央企业从事 3 年及以上工程造价、成本管理或合约管理等工作经验；年龄 40 周岁及以下,大学本科及以上学历，且取得相应学位。工程造价、工程管理、管理科学（与工程）、土木工程、建筑工程、房地产开发与管理专业,1 人,1 人,负责 TOD 项目全过程成本管理工作、负责编制及审核招标控制价和招标清单、参与招标和合同管理等工作。,1. 学历要求：大学本科及以上学历，且取得相应学位。2. 专业要求：工程造价、工程管理、管理科学（与工程）、土木工程、建筑工程、房地产开发与管理专业；国（境）外专业须与以上专业相同或相近。3. 年龄要求：40 周岁及以下，年龄计算截至公告结束当日。4. 能力素质要求：熟悉成本造价及招标采购等领域法规政策、专业知识和业务技能，具备良好的组织协调能力、沟通谈判和数据分析能力；具备良好的职业道德、敬业精神和团队意识。5. 工作经验：在知名房地产企业（中指研究院最近一次发布全国销售金额或销售面积排名前 30 的房地产企业）、党政机关（事业单位）或中央企业从事 3 年及以上工程造价、成本管理或合约管理等工作经验。,公告薪酬待遇栏为 15-20 万元/年，未列其他福利条款,listing_page,否,not_available,https://www.chengdurail.com/info/2482/117574.htm,https://www.chengdurail.com/ygzp/shzp/zpgg.htm,是,true,A类·企业官方,2026-09-27,2026-09-27,公开招聘中,是,2026-09-27,岗位取自官网 2026年第一批次社会招聘公告页内附件岗位信息表，用人单位：成都轨道城市投资集团有限公司。,
CD0284|成都轨道交通集团有限公司|接触网技术管理|成都市,CD0284,525,成都轨道交通集团有限公司,是,A,轨道交通,接触网技术管理,成都市,成都市,四川省,成都市,,成都市,confirmed,技术,社会招聘,2025-04-24,11-14万元/年,3 年及以上相关工作经验；年龄 35 周岁及以下,大学本科及以上学历，且取得相应学位。电气工程与智能控制、电气工程及其自动化专业,3 人,3 人,负责接触网设备技术管理、设备维护、故障处置等相关工作。,1. 学历及专业：大学本科及以上学历，且取得相应学位。电气工程与智能控制、电气工程及其自动化专业。2. 工作经验：3 年及以上相关工作经验。3. 年龄：35 周岁及以下。4. 证书：有相关从业资格证书优先。5. 能力素质要求：熟悉轨道交通接触网设备技术管理、设备维护、故障处置等知识；具备较强的沟通协调能力、计划执行能力、问题解决能力和文字写作能力；具备较好的服务意识、安全意识、责任意识和团队意识。,公告薪酬待遇栏为 11 万元-14 万元/年，未列其他福利条款,listing_page,否,not_available,https://www.chengdurail.com/info/2482/58852.htm,https://www.chengdurail.com/ygzp/shzp/zpgg.htm,是,true,A类·企业官方,2026-09-27,2026-09-27,公开招聘中,是,2026-09-27,岗位取自官网 2025年第二批次社会招聘公告正文岗位表，用人单位：成都地铁运营有限公司。,
CD0284|成都轨道交通集团有限公司|暖通及给排水工程（房建设计方向）|成都市,CD0284,526,成都轨道交通集团有限公司,是,A,轨道交通,暖通及给排水工程（房建设计方向）,成都市,成都市,四川省,成都市,,成都市,confirmed,工程,社会招聘,2026-03-17,15-20万元/年,具备 8 年及以上相关从业经历，具有知名房地产企业暖通及给排水专业设计工作经验；年龄 40 周岁及以下,大学本科及以上学历，且取得相应学位。给排水科学与工程、建筑环境与能源应用工程、供热、供燃气、通风及空调工程专业,1 人,1 人,负责编制 TOD 项目暖通及给排水专业的设计标准和工作计划，负责暖通及给排水专业的方案及施工图管理、设计进度、质量把控及对外关系协调等相关工作。,1. 学历要求：大学本科及以上学历，且取得相应学位。2. 专业要求：给排水科学与工程，建筑环境与能源应用工程，供热、供燃气、通风及空调工程专业；国（境）外专业须与以上专业相同或相近。3. 年龄要求：40 周岁及以下，年龄计算截至公告结束当日。4. 能力素质要求：熟悉房建项目暖通及给排水设计政策法规、专业知识、设计规范；具备方案到施工图阶段的全程管控能力；具备良好的暖通及给排水设计能力、沟通协调能力、创新思考能力和抗压能力；具备良好的职业道德、敬业精神和团队意识。5. 工作经验：具备 8 年及以上相关从业经历，具有知名房地产企业（中指研究院最近一次发布全国销售金额或销售面积排名前 30 的房地产企业）暖通及给排水专业设计工作经验。,公告薪酬待遇栏为 15-20 万元/年，未列其他福利条款,listing_page,否,not_available,https://www.chengdurail.com/info/2482/121634.htm,https://www.chengdurail.com/ygzp/shzp/zpgg.htm,是,true,A类·企业官方,2026-09-27,2026-09-27,公开招聘中,是,2026-09-27,岗位取自官网 2026年第二批次社会招聘公告页内附件岗位信息表，用人单位：成都轨道城市投资集团有限公司。,
CD0284|成都轨道交通集团有限公司|校招生（客运组织）|成都市,CD0284,527,成都轨道交通集团有限公司,是,A,轨道交通,校招生（客运组织）,成都市,成都市,四川省,成都市,,成都市,confirmed,运营,社会招聘,2026-03-17,8-10万元/年,2026 届高校应届毕业生（含 2 年择业期内未落实工作单位的高校毕业生）；大学本科不超过 25 周岁，硕士研究生不超过 30 周岁，博士研究生不超过 35 周岁,大学本科及以上学历并取得相应学位。交通运输、交通运输工程、交通运输规划与管理专业,20 人,20 人,根据所学专业和公司需要在站务专业安排业务见习，见习期满考核合格后在本专业负责客运组织、票务管理、安全管理等相关工作。,1. 学历要求：2026 届高校应届毕业生（含 2 年择业期内未落实工作单位的高校毕业生），大学本科及以上学历并取得相应学位；2. 专业要求：交通运输、交通运输工程、交通运输规划与管理，国（境）外专业须与以上专业相同或相近；3. 年龄要求：大学本科不超过 25 周岁，硕士研究生不超过 30 周岁，博士研究生不超过 35 周岁，年龄计算截至公告结束当日；4. 能力素质要求：熟悉轨道交通客运组织、票务管理、安全管理等知识；具备较强的沟通协调能力、计划执行能力、问题解决能力；具备较强的服务意识、安全意识、责任意识和团队意识等；5. 身体素质要求：因设备操作需要，要求男性净身高不低于 165 厘米，女性净身高不低于 158 厘米；辨色正常，无色盲、色弱和弱视，双眼裸眼视力不低于 0.8（4.9）或矫正视力不低于 1.0（5.0）。,公告薪酬待遇栏为 8-10 万元/年，未列其他福利条款,listing_page,否,not_available,https://www.chengdurail.com/info/2422/121604.htm,https://www.chengdurail.com/ygzp/shzp/zpgg.htm,是,true,A类·企业官方,2026-09-27,2026-09-27,公开招聘中,是,2026-09-27,岗位取自官网 2026年度第一批次校园招聘公告正文岗位表，用人单位：成都地铁运营有限公司。,
CD0284|成都轨道交通集团有限公司|校招生（思政类）|成都市双流区,CD0284,528,成都轨道交通集团有限公司,是,A,轨道交通,校招生（思政类）,成都市 双流区,成都市 双流区,四川省,成都市,,成都市,confirmed,职能,社会招聘,2026-05-21,10-12万元/年,2026 届高校应届毕业生（含 2 年择业期内未落实工作单位的高校毕业生）；硕士研究生不超过 30 周岁，博士研究生不超过 35 周岁,硕士研究生及以上学历并取得相应学位。政治学类专业,1 人,1 人,根据所学专业和公司需要安排业务见习，见习期满考核合格后确定工作岗位。,1. 学历要求：2026 届高校应届毕业生（含 2 年择业期内未落实工作单位的高校毕业生），硕士研究生及以上学历并取得相应学位；2. 专业要求：政治学类专业；3. 政治面貌：中共党员（含预备党员）；4. 年龄要求：硕士研究生不超过 30 周岁，博士研究生不超过 35 周岁（年龄计算截至公告结束当日）；5. 能力素质要求：政治理论功底扎实，具备较强的沟通协调能力、数据分析能力、逻辑思维能力、问题解决能力和文字写作能力；具备良好的职业道德、敬业精神和团队意识。,公告薪酬待遇栏为 10-12 万元/年，未列其他福利条款,listing_page,否,not_available,https://www.chengdurail.com/info/2422/127594.htm,https://www.chengdurail.com/ygzp/shzp/zpgg.htm,是,true,A类·企业官方,2026-09-27,2026-09-27,公开招聘中,是,2026-09-27,岗位取自官网 2026年度第二批次校园招聘公告正文岗位表，用人单位：成都轨道资源经营管理有限公司，工作地点原文“成都市 双流区”。,
CD0284|成都轨道交通集团有限公司|校招生（数据分析类）|成都市双流区,CD0284,529,成都轨道交通集团有限公司,是,A,轨道交通,校招生（数据分析类）,成都市 双流区,成都市 双流区,四川省,成都市,,成都市,confirmed,职能,社会招聘,2026-05-21,10-12万元/年,2026 届高校应届毕业生（含 2 年择业期内未落实工作单位的高校毕业生）；硕士研究生不超过 30 周岁，博士研究生不超过 35 周岁,硕士研究生及以上学历并取得相应学位,1 人,1 人,页面未逐条列出岗位职责，仅说明见习期满考核合格后确定工作岗位。,公告该岗位任职资格条件行未完整渲染到正文文本，仅能确认学历与岗位类别，故此处不作推断。,公告薪酬待遇栏为 10-12 万元/年，未列其他福利条款,listing_page,否,not_available,https://www.chengdurail.com/info/2422/127594.htm,https://www.chengdurail.com/ygzp/shzp/zpgg.htm,是,true,A类·企业官方,2026-09-27,2026-09-27,公开招聘中,是,2026-09-27,岗位名、人数、工作地点、薪酬取自官网 2026年度第二批次校园招聘公告正文岗位表第 2 行；用人单位栏与第 1 行同属成都轨道资源经营管理有限公司，任职资格行未在页面文本中呈现。,
CD0284|成都轨道交通集团有限公司|校招生（财务管理）|成都市,CD0284,530,成都轨道交通集团有限公司,是,A,轨道交通,校招生（财务管理）,成都市,成都市,四川省,成都市,,成都市,confirmed,财务,社会招聘,2026-03-17,8-10万元/年,2026 届高校应届毕业生（含 2 年择业期内未落实工作单位的高校毕业生）；硕士研究生不超过 30 周岁，博士研究生不超过 35 周岁,硕士研究生及以上学历并取得相应学位。财务管理、会计（学）、税务、金融（学）专业,5 人,5 人,根据所学专业和公司需要在财务专业安排业务见习，见习期满考核合格后在本专业负责会计核算、资金管理等相关工作。,1. 学历要求：2026 届高校应届毕业生（含 2 年择业期内未落实工作单位的高校毕业生），硕士研究生及以上学历并取得相应学位；2. 专业要求：财务管理、会计（学）、税务、金融（学），国（境）外专业须与以上专业相同或相近；3. 年龄要求：硕士研究生不超过 30 周岁，博士研究生不超过 35 周岁，年龄计算截至公告结束当日；4. 能力素质要求：熟悉财务知识、政策法规等；具备较强的沟通协调能力、计划执行能力、问题解决能力；具备良好的职业道德、敬业精神、团队意识等。,公告薪酬待遇栏为 8-10 万元/年，未列其他福利条款,listing_page,否,not_available,https://www.chengdurail.com/info/2422/121604.htm,https://www.chengdurail.com/ygzp/shzp/zpgg.htm,是,true,A类·企业官方,2026-09-27,2026-09-27,公开招聘中,是,2026-09-27,岗位取自官网 2026年度第一批次校园招聘公告正文岗位表，用人单位：成都轨道交通集团有限公司下属二级公司。,
CD0284|成都轨道交通集团有限公司|校招生（财务管理）（所属成都地铁运营有限公司）|成都市,CD0284,531,成都轨道交通集团有限公司,是,A,轨道交通,校招生（财务管理）（所属成都地铁运营有限公司）,成都市,成都市,四川省,成都市,,成都市,confirmed,财务,社会招聘,2026-09-17,页面未说明,2027 届高校应届毕业生（含 2 年择业期内未落实工作单位的高校毕业生）；年龄上限见公告,硕士研究生及以上学历并取得相应学位,2 人,2 人,根据所学专业和公司需要在财务专业安排业务见习，见习期满考核合格后在本专业负责会计核算、资金管理等相关工作。,公告该岗位任职资格条件行未逐条列出，正文仅说明见习方向与用人单位（成都地铁运营有限公司）；年龄与学历条件与同一公告“集团公司管培生（财务管理类）”一致，未在此重复摘录。,公告薪酬待遇栏数值被页面表格截断，未能确认，页面未说明,listing_page,否,not_available,https://www.chengdurail.com/info/2422/136474.htm,https://www.chengdurail.com/ygzp/shzp/zpgg.htm,是,true,A类·企业官方,2026-09-27,2026-09-27,公开招聘中,是,2026-09-27,岗位名与人数取自官网 2026年度第三批次校园招聘公告正文岗位表第 2 行；薪酬栏原文残缺（渲染为“　-10 万元 / 年”），故按页面未说明处理。,
CD0284|成都轨道交通集团有限公司|校招生（通信技术）|成都市,CD0284,532,成都轨道交通集团有限公司,是,A,轨道交通,校招生（通信技术）,成都市,成都市,四川省,成都市,,成都市,confirmed,技术,社会招聘,2026-03-17,8-10万元/年,2026 届高校应届毕业生（含 2 年择业期内未落实工作单位的高校毕业生）；大学本科不超过 25 周岁，硕士研究生不超过 30 周岁，博士研究生不超过 35 周岁,大学本科及以上学历并取得相应学位。通信工程、信息工程、信息与通信工程、通信与信息系统专业,2 人,2 人,根据所学专业和公司需要在通信专业安排业务见习，见习期满考核合格后在本专业负责通信设备技术管理、设备维护、故障处置等相关工作。,1. 学历要求：2026 届高校应届毕业生（含 2 年择业期内未落实工作单位的高校毕业生），大学本科及以上学历并取得相应学位；2. 专业要求：通信工程、信息工程、信息与通信工程、通信与信息系统，国（境）外专业须与以上专业相同或相近；3. 年龄要求：大学本科不超过 25 周岁，硕士研究生不超过 30 周岁，博士研究生不超过 35 周岁，年龄计算截至公告结束当日；4. 能力素质要求：熟悉通信技术管理知识、安全管理知识等；具备较强的沟通协调能力、计划执行能力、问题解决能力；具备较强的服务意识、安全意识、责任意识和团队意识等；5. 身体素质要求：因设备操作及检修需要，要求辨色正常，无色盲、色弱和弱视。,公告薪酬待遇栏为 8-10 万元/年，未列其他福利条款,listing_page,否,not_available,https://www.chengdurail.com/info/2422/121604.htm,https://www.chengdurail.com/ygzp/shzp/zpgg.htm,是,true,A类·企业官方,2026-09-27,2026-09-27,公开招聘中,是,2026-09-27,岗位取自官网 2026年度第一批次校园招聘公告正文岗位表，用人单位：成都地铁运营有限公司。,
CD0284|成都轨道交通集团有限公司|电气工程（房建设计方向）|成都市,CD0284,533,成都轨道交通集团有限公司,是,A,轨道交通,电气工程（房建设计方向）,成都市,成都市,四川省,成都市,,成都市,confirmed,工程,社会招聘,2026-03-17,15-20万元/年,具备 8 年及以上相关从业经历，具有知名房地产企业电气设计工作经验；年龄 40 周岁及以下,大学本科及以上学历，且取得相应学位。电气工程（及其自动化）、电气工程与智能控制、建筑电气与智能化专业,1 人,1 人,负责编制 TOD 项目电气专业的设计标准和工作计划，负责电气专业的方案及施工图管理、设计进度、质量把控及对外关系协调等相关工作。,1. 学历要求：大学本科及以上学历，且取得相应学位。2. 专业要求：电气工程（及其自动化）、电气工程与智能控制、建筑电气与智能化专业；国（境）外专业须与以上专业相同或相近。3. 年龄要求：40 周岁及以下，年龄计算截至公告结束当日。4. 能力素质要求：熟悉房建项目电气设计政策法规、专业知识、设计规范；具备方案到施工图阶段的全程管控能力，具备良好的电气设计能力、沟通协调能力、创新思考能力和抗压能力；具备良好的职业道德、敬业精神和团队意识。5. 工作经验：具备 8 年及以上相关从业经历，具有知名房地产企业（中指研究院最近一次发布全国销售金额或销售面积排名前 30 的房地产企业）电气设计工作经验。,公告薪酬待遇栏为 15-20 万元/年，未列其他福利条款,listing_page,否,not_available,https://www.chengdurail.com/info/2482/121634.htm,https://www.chengdurail.com/ygzp/shzp/zpgg.htm,是,true,A类·企业官方,2026-09-27,2026-09-27,公开招聘中,是,2026-09-27,岗位取自官网 2026年第二批次社会招聘公告页内附件岗位信息表，用人单位：成都轨道城市投资集团有限公司。,
CD0284|成都轨道交通集团有限公司|站务员|成都市,CD0284,534,成都轨道交通集团有限公司,是,A,轨道交通,站务员,成都市,成都市,四川省,成都市,,成都市,confirmed,运营,社会招聘,2025-04-24,8-10万元/年,3 年及以上相关工作经验或 1 年及以上同岗位（含铁路、城市轨道交通运营及委外单位，轨道装备制造及设计单位等）工作经验；年龄 35 周岁及以下；男性净身高不低于 165 厘米，女性净身高不低于 158 厘米，辨色正常，无色盲、色弱和弱视,专科及以上，交通运输、交通工程、交通设备与控制工程、安全工程、城市轨道交通运营管理专业,10 人,10 人,负责客运组织、票务管理、安全管理等相关工作。,1. 学历及专业：专科及以上，交通运输、交通工程、交通设备与控制工程、安全工程、城市轨道交通运营管理专业。2. 工作经验：3 年及以上相关工作经验或 1 年及以上同岗位（含铁路、城市轨道交通运营及委外单位，轨道装备制造及设计单位等）工作经验。3. 年龄：35 周岁及以下。4. 证书：有相关从业资格证书优先。5. 能力素质要求：熟悉轨道交通客运组织、票务管理、安全管理等知识；具备较强的沟通协调能力、计划执行能力、问题解决能力；具备较好的服务意识、安全意识、责任意识和团队意识。6. 身体素质要求：男性净身高不低于 165 厘米，女性净身高不低于 158 厘米，辨色正常，无色盲、色弱和弱视。,公告薪酬待遇栏为 8 万元-10 万元/年，未列其他福利条款,listing_page,否,not_available,https://www.chengdurail.com/info/2482/58852.htm,https://www.chengdurail.com/ygzp/shzp/zpgg.htm,是,true,A类·企业官方,2026-09-27,2026-09-27,公开招聘中,是,2026-09-27,岗位取自官网 2025年第二批次社会招聘公告正文岗位表，用人单位：成都地铁运营有限公司。,
CD0284|成都轨道交通集团有限公司|精装设计|成都市,CD0284,535,成都轨道交通集团有限公司,是,A,轨道交通,精装设计,成都市,成都市,四川省,成都市,,成都市,confirmed,设计,社会招聘,2026-01-15,15-20万元/年,具备 8 年及以上相关从业经历，具有知名房地产企业精装设计工作经验；年龄 40 周岁及以下,大学本科及以上学历，且取得相应学位。环境设计、（艺术）设计学、建筑（学）专业,1 人,1 人,负责 TOD 项目精装设计专业各类文件编制、方案及施工图管理、精装设计进度及质量把控等工作。,1. 学历要求：大学本科及以上学历，且取得相应学位。2. 专业要求：环境设计、（艺术）设计学、建筑（学）专业；国（境）外专业须与以上专业相同或相近。3. 年龄要求：40 周岁及以下，年龄计算截至公告结束当日。4. 能力素质要求：熟悉房建项目精装设计政策法规、专业知识、设计规范；具备方案到施工图阶段的全程管控能力，具备良好的精装设计能力、沟通协调能力、创新思考能力和抗压能力；具备良好的职业道德、敬业精神和团队意识。5. 工作经验：具备 8 年及以上相关从业经历，具有知名房地产企业（中指研究院最近一次发布全国销售金额或销售面积排名前 30 的房地产企业）精装设计工作经验。,公告薪酬待遇栏为 15-20 万元/年，未列其他福利条款,listing_page,否,not_available,https://www.chengdurail.com/info/2482/117574.htm,https://www.chengdurail.com/ygzp/shzp/zpgg.htm,是,true,A类·企业官方,2026-09-27,2026-09-27,公开招聘中,是,2026-09-27,岗位取自官网 2026年第一批次社会招聘公告页内附件岗位信息表，用人单位：成都轨道城市投资集团有限公司。,
CD0284|成都轨道交通集团有限公司|维修专员（所属成都轨道资源经营管理有限公司）（一线岗位）|成都市,CD0284,536,成都轨道交通集团有限公司,是,A,轨道交通,维修专员（所属成都轨道资源经营管理有限公司）（一线岗位）,成都市,成都市,四川省,成都市,,成都市,confirmed,运维,社会招聘,2026-09-17,5-7万元/年,具备 1 年及以上设备维修、机械维修、电气、机电、工程维保等相关从业经历，工龄计算截至公告结束当日；不超过 35 周岁,大学专科及以上学历。机电设备类、自动化类、设备维修类、城市轨道交通类、道路运输类相关专业,2 人,2 人,主要负责轨道交通线网车站、场段、商业及物业空间设施设备管理、维修及养护、预防性巡检、隐患排查、应急抢修、故障处理、设备技术改造、节能优化、现场支持及协调等。,1. 学历要求：大学专科及以上学历；2. 专业要求：机电设备类、自动化类、设备维修类、城市轨道交通类、道路运输类相关专业；3. 年龄要求：不超过 35 周岁，年龄计算截至公告结束当日；4. 工作经验：具备 1 年及以上设备维修、机械维修、电气、机电、工程维保等相关从业经历；工龄计算截至公告结束当日；5. 专业技术职称或执（职）业资格：持有电工证（高压、低压、防爆）、或制冷与空调证（制冷与空调设备运行操作证、制冷与空调设备安装修理证）、或电梯工证；6. 能力素质要求：熟悉机电设备运维标准、操作规范及物业安全技术规范；具备较强的沟通协调能力、计划执行能力和问题解决能力；具备较好的服务意识、安全意识、责任意识和团队意识。,公告薪酬待遇栏为 5-7 万元/年，未列其他福利条款,direct_detail,是,high,https://www.chengdurail.com/info/2482/136374.htm,https://www.chengdurail.com/ygzp/shzp/zpgg.htm,是,true,A类·企业官方,2026-09-27,2026-09-27,公开招聘中,是,2026-09-27,岗位取自官网 2026年度第三批次社会招聘公告正文岗位表（公告标注“进行中”），报名网址 https://gq.cdrchr.cn/soe-job/portal/special?activeTab=2&bgep11=848749118744966。,
CD0284|成都轨道交通集团有限公司|财务管理岗|成都市,CD0284,537,成都轨道交通集团有限公司,是,A,轨道交通,财务管理岗,成都市,成都市,四川省,成都市,,成都市,confirmed,财务,社会招聘,2025-04-24,10-20万元/年,应届硕士研究生，公告未单独列出工作年限要求,应届硕士研究生及以上学历并取得相应学位。财务管理、会计（学）、税务专业,3 人,3 人,负责预算管理、财务分析、资金管理、税务筹划和会计核算相关工作，配合审计和财务检查等工作。,1. 学历：应届硕士研究生及以上学历并取得相应学位。2. 专业：财务管理、会计（学）、税务专业。3. 证书：具有相应的专业技术职称或职（执）业资格。4. 能力素质要求：熟悉预算管理、财务分析、资金管理、税务筹划和会计核算等相关知识，具备较强的沟通协调能力、数据分析能力、逻辑思维能力、问题解决能力和公文写作能力；具备良好的职业道德、敬业精神和团队意识。5. 在校期间获得校级及以上奖学金、具有学校社团工作或学生干部工作经历、发表核心期刊论文或持有发明专利的优先。,公告薪酬待遇栏为 10 万元-20 万元/年，未列其他福利条款,direct_detail,是,high,https://www.chengdurail.com/info/2422/58702.htm,https://www.chengdurail.com/ygzp/shzp/zpgg.htm,是,true,A类·企业官方,2026-09-27,2026-09-27,公开招聘中,是,2026-09-27,岗位取自官网 2025年第二批次校园招聘公告正文岗位表第 2 行，用人单位：成都轨道交通集团有限公司所属二级公司。,
CD0284|成都轨道交通集团有限公司|资产管理|成都市,CD0284,538,成都轨道交通集团有限公司,是,A,轨道交通,资产管理,成都市,成都市,四川省,成都市,,成都市,confirmed,财务,社会招聘,2025-04-24,11-14万元/年,3 年及以上相关工作经验；年龄 35 周岁及以下,大学本科及以上学历，且取得相应学位，财务管理、会计学专业,1 人,1 人,负责资产管理制度体系建设，组织开展资产配置、资产账务、资产评估、资产处置、资产经营等事项，配合上级及外部检查等相关工作。,1. 学历及专业：大学本科及以上学历，且取得相应学位，财务管理、会计学专业。2. 工作经验：3 年及以上相关工作经验。3. 年龄：35 周岁及以下。4. 证书：具有相应的专业技术职称或职（执）业资格。5. 能力素质要求：熟悉资产管理、资产经营、财务管理等相关知识，具备较强的沟通协调能力、计划执行能力、问题解决能力；具备良好的职业道德、敬业精神和团队意识。,公告薪酬待遇栏为 11 万元-14 万元/年，未列其他福利条款,listing_page,否,not_available,https://www.chengdurail.com/info/2482/58852.htm,https://www.chengdurail.com/ygzp/shzp/zpgg.htm,是,true,A类·企业官方,2026-09-27,2026-09-27,公开招聘中,是,2026-09-27,岗位取自官网 2025年第二批次社会招聘公告正文岗位表，用人单位：成都地铁运营有限公司。,
CD0284|成都轨道交通集团有限公司|通信技术管理|成都市,CD0284,539,成都轨道交通集团有限公司,是,A,轨道交通,通信技术管理,成都市,成都市,四川省,成都市,,成都市,confirmed,技术,社会招聘,2025-04-24,11-14万元/年,3 年及以上相关工作经验；年龄 35 周岁及以下,大学本科及以上学历，且取得相应学位。通信工程、电子信息工程、电子科学与技术专业,3 人,3 人,负责通信设备技术管理、设备维护、故障处置等相关工作。,1. 学历及专业：大学本科及以上学历，且取得相应学位。通信工程、电子信息工程、电子科学与技术专业。2. 工作经验：3 年及以上相关工作经验。3. 年龄：35 周岁及以下。4. 证书：有相关从业资格证书优先。5. 能力素质要求：熟悉轨道交通通信设备技术管理、设备维护、故障处置等知识；具备较强的沟通协调能力、计划执行能力、问题解决能力和文字写作能力；具备较好的服务意识、安全意识、责任意识和团队意识。,公告薪酬待遇栏为 11 万元-14 万元/年，未列其他福利条款,listing_page,否,not_available,https://www.chengdurail.com/info/2482/58852.htm,https://www.chengdurail.com/ygzp/shzp/zpgg.htm,是,true,A类·企业官方,2026-09-27,2026-09-27,公开招聘中,是,2026-09-27,岗位取自官网 2025年第二批次社会招聘公告正文岗位表，用人单位：成都地铁运营有限公司。,
CD0284|成都轨道交通集团有限公司|通信检修工|成都市,CD0284,540,成都轨道交通集团有限公司,是,A,轨道交通,通信检修工,成都市,成都市,四川省,成都市,,成都市,confirmed,技术,社会招聘,2025-04-24,8-10万元/年,3 年及以上相关工作经验或 1 年及以上同岗位（含铁路、城市轨道交通运营及委外单位，轨道装备制造及设计单位等）工作经验；年龄 35 周岁及以下,专科及以上，通信工程、电子信息工程、电子科学与技术、网络工程专业,10 人,10 人,负责通信设备的运行维护、故障处理等相关工作。,1. 学历及专业：专科及以上，通信工程、电子信息工程、电子科学与技术、网络工程专业。2. 工作经验：3 年及以上相关工作经验或 1 年及以上同岗位（含铁路、城市轨道交通运营及委外单位，轨道装备制造及设计单位等）工作经验。3. 年龄：35 周岁及以下。4. 证书：有相关从业资格证书优先。5. 能力素质要求：熟悉轨道交通通信设备的运行维护、故障处理等知识；具备较强的沟通协调能力、计划执行能力、问题解决能力；具备较好的服务意识、安全意识、责任意识和团队意识。,公告薪酬待遇栏为 8 万元-10 万元/年，未列其他福利条款,listing_page,否,not_available,https://www.chengdurail.com/info/2482/58852.htm,https://www.chengdurail.com/ygzp/shzp/zpgg.htm,是,true,A类·企业官方,2026-09-27,2026-09-27,公开招聘中,是,2026-09-27,岗位取自官网 2025年第二批次社会招聘公告正文岗位表，用人单位：成都地铁运营有限公司。,
CD0284|成都轨道交通集团有限公司|集团公司管培生|成都市,CD0284,541,成都轨道交通集团有限公司,是,A,轨道交通,集团公司管培生,成都市,成都市,四川省,成都市,,成都市,confirmed,管理,社会招聘,2026-03-17,15-25万元/年,2026 届高校应届毕业生（含 2 年择业期内未落实工作单位的高校毕业生）；硕士研究生不超过 30 岁，博士研究生不超过 35 岁,硕士研究生及以上学历并取得相应学位。人工智能、电子信息、智能科学与技术专业,2 人,2 人,进行为期 2-3 年的系统培养。在导师的指导下，全面参与日常业务、专项任务、重点项目、课题研究，积累实践经验，提高专业素养；适时参与送外锻炼、主题培训、专题辅导、轮岗交流、拓展思维视野，提升综合能力。培养期结束后根据现实表现在集团系统内进行定岗。,1. 学历要求：2026 届高校应届毕业生（含 2 年择业期内未落实工作单位的高校毕业生），硕士研究生及以上学历并取得相应学位；2. 专业要求：人工智能、电子信息、智能科学与技术；国（境）外专业须与以上专业相同或相近；本科专业与硕博专业须相同或相近；3. 年龄要求：硕士研究生不超过 30 岁，博士研究生不超过 35 岁，年龄计算截至公告结束当日；4. 能力素质要求：具备较强的沟通协调能力、数据分析能力、逻辑思维能力、问题解决能力和文字写作能力；具备良好的职业道德、敬业精神和团队意识。,公告薪酬待遇栏为 15-25 万元/年，未列其他福利条款,listing_page,否,not_available,https://www.chengdurail.com/info/2422/121604.htm,https://www.chengdurail.com/ygzp/shzp/zpgg.htm,是,true,A类·企业官方,2026-09-27,2026-09-27,公开招聘中,是,2026-09-27,岗位取自官网 2026年度第一批次校园招聘公告正文岗位表，用人单位：成都轨道交通集团有限公司。,
CD0284|成都轨道交通集团有限公司|集团公司管培生（财务管理类）|成都市,CD0284,542,成都轨道交通集团有限公司,是,A,轨道交通,集团公司管培生（财务管理类）,成都市,成都市,四川省,成都市,,成都市,confirmed,管理,社会招聘,2026-09-17,15-25万元/年,2027 届高校应届毕业生（含 2 年择业期内未落实工作单位的高校毕业生）；硕士研究生不超过 30 周岁，博士研究生不超过 35 周岁,硕士研究生及以上学历并取得相应学位。财务管理、会计（学）、税收（学）专业,2 人,2 人,进行为期 2-3 年的系统培养。在导师的指导下，全面参与日常业务、专项任务、重点项目、课题研究，积累实践经验，提高专业素养；适时参与送外锻炼、主题培训、专题辅导、轮岗交流、拓展思维视野，提升综合能力。培养期结束后根据现实表现在集团系统内进行定岗。,1. 学历要求：2027 届高校应届毕业生（含 2 年择业期内未落实工作单位的高校毕业生），硕士研究生及以上学历并取得相应学位；2. 专业要求：财务管理、会计（学）、税收（学）；国（境）外专业须与以上专业相同或相近；3. 年龄要求：硕士研究生不超过 30 周岁，博士研究生不超过 35 周岁，年龄计算截至公告结束当日；4. 能力素质要求：具备较强的沟通协调能力、数据分析能力、逻辑思维能力、问题解决能力和文字写作能力；具备良好的职业道德、敬业精神和团队意识。,公告薪酬待遇栏为 15-25 万元/年，未列其他福利条款,listing_page,否,not_available,https://www.chengdurail.com/info/2422/136474.htm,https://www.chengdurail.com/ygzp/shzp/zpgg.htm,是,true,A类·企业官方,2026-09-27,2026-09-27,公开招聘中,是,2026-09-27,岗位取自官网 2026年度第三批次校园招聘公告正文岗位表（公告标注“进行中”），用人单位：成都轨道交通集团有限公司。,
CD0284|成都轨道交通集团有限公司|项目集群副总经理|成都市,CD0284,543,成都轨道交通集团有限公司,是,A,轨道交通,项目集群副总经理,成都市,成都市,四川省,成都市,,成都市,confirmed,管理,社会招聘,2026-01-15,30-45万元/年,具备 8 年及以上相关从业经历，曾担任知名房地产企业 2 年及以上项目牵头负责人（如项目总经理、项目副总经理等职务）及以上层级职务或担任 5 年及以上专业负责人（如工程经理、设计经理等职务）及以上层级职务；45 周岁及以下,大学本科及以上学历，且取得相应学位。土木工程、工程管理、房地产开发与管理、建筑学专业,1 人,1 人,负责承接项目集群整体经营指标及任务，统筹推进 TOD 项目方案设计、工程进度、质量安全、成本管控、项目销售、应急维稳等工作。,1. 学历要求：大学本科及以上学历，且取得相应学位。2. 专业要求：土木工程、工程管理、房地产开发与管理、建筑学专业；国（境）外专业须与以上专业相同或相近。3. 年龄：45 周岁及以下，年龄计算截至公告结束当日。4. 能力素质要求：熟悉房地产项目工程管理全流程，精通工程设计、成本管控、施工管理等工作；具备较强的组织策划能力、沟通协调能力、决策把关能力、团队建设能力和应变抗压能力；具备良好的职业道德、敬业精神和团队意识。5. 工作经验：具备 8 年及以上相关从业经历，曾担任知名房地产企业（中指研究院最近一次发布全国销售金额或销售面积排名前 30 的房地产企业）2 年及以上项目牵头负责人（如项目总经理、项目副总经理等职务）及以上层级职务或担任 5 年及以上专业负责人（如工程经理、设计经理等职务）及以上层级职务。,公告薪酬待遇栏为 30-45 万元/年，未列其他福利条款,listing_page,否,not_available,https://www.chengdurail.com/info/2482/117574.htm,https://www.chengdurail.com/ygzp/shzp/zpgg.htm,是,true,A类·企业官方,2026-09-27,2026-09-27,公开招聘中,是,2026-09-27,岗位取自官网 2026年第一批次社会招聘公告页面附件岗位信息表（正文写“详见附件”，同一页面渲染出岗位文字表），用人单位：成都轨道城市投资集团有限公司。,
CD0285|成都迅翼卫通科技有限公司|AI应用工程师|页面未说明（招聘页未单独标注工作地点）,CD0285,544,成都迅翼卫通科技有限公司,是,A,通信与网络设备,AI应用工程师,页面未说明,页面未说明,四川省,成都市,高新区,成都市,not_available,研发,社会招聘,页面未说明,页面未说明,两年及以上AI应用落地、大模型应用开发、数字化转型相关工作经验,本科及以上,页面未说明,页面未说明,1.调研挖掘各部门业务需求，梳理现有工作流程，识别业务痛点与可通过AI优化的场景；2.调研、评测市面主流AI工具与大模型能力，筛选安全合规、高性价比的落地解决方案（岗位职责第1、2条摘要）,1.本科及以上学历，计算机、人工智能、软件工程、大数据等相关专业；2.两年及以上AI应用落地、大模型应用开发、数字化转型相关工作经验（任职要求第1、2条摘要）,页面未说明,listing_page,否,not_available,http://www.xuny-sat.com/index.php?a=lists&c=index&catid=28&m=content,http://www.xuny-sat.com/index.php?a=lists&c=index&catid=28&m=content,是,true,A类·企业官方,2026-09-27,2026-09-27,公开招聘中,是,2026-09-27,岗位职责第3条含 Prompt 设计、Workflow 编排等原文。；招聘页未单独标注工作地点,
CD0285|成都迅翼卫通科技有限公司|PQE工程师|页面未说明（招聘页未单独标注工作地点）,CD0285,545,成都迅翼卫通科技有限公司,是,A,通信与网络设备,PQE工程师,页面未说明,页面未说明,四川省,成都市,高新区,成都市,not_available,职能,社会招聘,页面未说明,页面未说明,两年以上岗位相关工作经验,大专及以上,页面未说明,页面未说明,2.主导生产、PQC、OQC发现的过程/产品缺陷的异常分析，主导内部异常投诉统计分类，使用 8D/鱼骨图/5Why 分析制程缺陷，推动团队实施永久对策（岗位职责第2条摘要）,1.大专及以上学历，两年以上岗位相关工作经验（任职要求摘要）,页面未说明,listing_page,否,not_available,http://www.xuny-sat.com/index.php?a=lists&c=index&catid=28&m=content,http://www.xuny-sat.com/index.php?a=lists&c=index&catid=28&m=content,是,true,A类·企业官方,2026-09-27,2026-09-27,公开招聘中,是,2026-09-27,该岗为质量工程岗，故职能类别。；招聘页未单独标注工作地点,
CD0285|成都迅翼卫通科技有限公司|应用软件开发工程师|页面未说明（招聘页未单独标注工作地点）,CD0285,546,成都迅翼卫通科技有限公司,是,A,通信与网络设备,应用软件开发工程师,页面未说明,页面未说明,四川省,成都市,高新区,成都市,not_available,研发,社会招聘,页面未说明,页面未说明,五年以上Linux平台应用开发经验,本科及以上,页面未说明,页面未说明,1.负责在Linux 系统环境下进行应用程序开发；2.负责整机软件架构的设计、实现、调试以及优化，确保软件系统的稳定性和可靠性（岗位职责第1、2条摘要）,1.计算机科学、电子工程或相关专业本科及以上学历；2.五年以上Linux平台应用开发经验，熟悉多进程/多线程、网络通信、系统调优（任职要求第1、2条摘要）,页面未说明,listing_page,否,not_available,http://www.xuny-sat.com/index.php?a=lists&c=index&catid=28&m=content,http://www.xuny-sat.com/index.php?a=lists&c=index&catid=28&m=content,是,true,A类·企业官方,2026-09-27,2026-09-27,公开招聘中,是,2026-09-27,岗位职责第6条涉及机器狗、相控阵语音交互系统的大模型语音对话与ASR/TTS集成。；招聘页未单独标注工作地点,
CD0285|成都迅翼卫通科技有限公司|机器人控制算法工程师|页面未说明（招聘页未单独标注工作地点）,CD0285,547,成都迅翼卫通科技有限公司,是,A,通信与网络设备,机器人控制算法工程师,页面未说明,页面未说明,四川省,成都市,高新区,成都市,not_available,研发,社会招聘,页面未说明,页面未说明,3年以上开发经验,本科及以上,页面未说明,页面未说明,1.负责机器人的运动控制算法的开发、调试和测试；2.构造编写机器人控制相关的SDK，给内部同事或客户使用（岗位职责第1、2条摘要）,1.本科及以上学历，3年以上开发经验，自动控制、机械电子工程专业优先（任职要求摘要）,页面未说明,listing_page,否,not_available,http://www.xuny-sat.com/index.php?a=lists&c=index&catid=28&m=content,http://www.xuny-sat.com/index.php?a=lists&c=index&catid=28&m=content,是,true,A类·企业官方,2026-09-27,2026-09-27,公开招聘中,是,2026-09-27,该岗部分职责与『应用软件开发工程师』岗位职责第6条（机器狗）交叉。；招聘页未单独标注工作地点,
CD0285|成都迅翼卫通科技有限公司|硬件工程师|页面未说明（招聘页未单独标注工作地点）,CD0285,548,成都迅翼卫通科技有限公司,是,A,通信与网络设备,硬件工程师,页面未说明,页面未说明,四川省,成都市,高新区,成都市,not_available,研发,社会招聘,页面未说明,页面未说明,3年及以上工作经验,本科及以上,页面未说明,页面未说明,2、负责地面卫星通信终端低频SCH、PCBA及整机的仿真、调试、测试、验证、联调（岗位职责第2条摘要）,1、本科及以上学历；通信工程、电子工程、应用电子等电路相关专业，3年及以上工作经验（任职要求摘要）,页面未说明,listing_page,否,not_available,http://www.xuny-sat.com/index.php?a=lists&c=index&catid=28&m=content,http://www.xuny-sat.com/index.php?a=lists&c=index&catid=28&m=content,是,true,A类·企业官方,2026-09-27,2026-09-27,公开招聘中,是,2026-09-27,岗位职责编号使用全角顿号，与其余岗位略有差异。；招聘页未单独标注工作地点,
CD0285|成都迅翼卫通科技有限公司|算法工程师|页面未说明（招聘页未单独标注工作地点）,CD0285,549,成都迅翼卫通科技有限公司,是,A,通信与网络设备,算法工程师,页面未说明,页面未说明,四川省,成都市,高新区,成都市,not_available,研发,社会招聘,页面未说明,页面未说明,三年及以上数字阵列、阵列信号处理算法开发工程经验,本科及以上,页面未说明,页面未说明,2.负责数字阵列 DBF、自适应调零等阵列信号处理算法设计、逻辑开发与代码实现；3.参与项目总体方案设计、技术评审，配合硬件、天线团队开展系统联调、外场联试与问题排查（岗位职责第2、3条摘要）,1.本科及以上学历，电子信息、通信工程、信息与通信工程、电磁场与微波技术等相关专业；2.三年及以上数字阵列、阵列信号处理算法开发工程经验（任职要求第1、2条摘要）,页面未说明,listing_page,否,not_available,http://www.xuny-sat.com/index.php?a=lists&c=index&catid=28&m=content,http://www.xuny-sat.com/index.php?a=lists&c=index&catid=28&m=content,是,true,A类·企业官方,2026-09-27,2026-09-27,公开招聘中,是,2026-09-27,任职要求第5条：熟练使用 Matlab 等仿真工具，有 FPGA 算法逻辑开发经验优先。；招聘页未单独标注工作地点,
CD0285|成都迅翼卫通科技有限公司|结构工程师|页面未说明（招聘页未单独标注工作地点）,CD0285,550,成都迅翼卫通科技有限公司,是,A,通信与网络设备,结构工程师,页面未说明,页面未说明,四川省,成都市,高新区,成都市,not_available,研发,社会招聘,页面未说明,页面未说明,页面未说明,本科及以上,页面未说明,页面未说明,2.负责产品由少量到批量化生产的迭代设计（岗位职责第2条摘要）,1.本科及以上学历，机械设计、车辆工程等结构设计类相关专业（任职要求摘要）,页面未说明,listing_page,否,not_available,http://www.xuny-sat.com/index.php?a=lists&c=index&catid=28&m=content,http://www.xuny-sat.com/index.php?a=lists&c=index&catid=28&m=content,是,true,A类·企业官方,2026-09-27,2026-09-27,公开招聘中,是,2026-09-27,岗位职责第1条涉及结构设计与工艺相关工程化工作。；招聘页未单独标注工作地点,
CD0285|成都迅翼卫通科技有限公司|结构装配员|页面未说明（招聘页未单独标注工作地点）,CD0285,551,成都迅翼卫通科技有限公司,是,A,通信与网络设备,结构装配员,页面未说明,页面未说明,四川省,成都市,高新区,成都市,not_available,生产,社会招聘,页面未说明,页面未说明,一年以上产品装配、调试经历,专科及以上,页面未说明,页面未说明,2.协助结构件临时改造与加工，满足设计需求（岗位职责第2条摘要）,1.专科及以上学历，有一年以上产品装配、调试经历（任职要求摘要）,页面未说明,listing_page,否,not_available,http://www.xuny-sat.com/index.php?a=lists&c=index&catid=28&m=content,http://www.xuny-sat.com/index.php?a=lists&c=index&catid=28&m=content,是,true,A类·企业官方,2026-09-27,2026-09-27,公开招聘中,是,2026-09-27,该岗为生产制造类岗位。；招聘页未单独标注工作地点,
CD0285|成都迅翼卫通科技有限公司|高级天线工程师|页面未说明（招聘页未单独标注工作地点，页面地址栏为成都总部）,CD0285,552,成都迅翼卫通科技有限公司,是,A,通信与网络设备,高级天线工程师,页面未说明,页面未说明,四川省,成都市,高新区,成都市,not_available,研发,社会招聘,页面未说明,页面未说明,五年以上相控阵天线设计经验,硕士及以上,页面未说明,页面未说明,1.负责相控阵天线方案设计与指标分解，独立推进阵元、子阵到整阵设计落地；2.负责阵列布局、馈电网络与极化方案设计，优化增益、旁瓣、扫描性能、隔离、轴比等关键指标（岗位职责第1、2条摘要）,1.硕士及以上学历，电磁场与微波、通信等相关专业，五年以上相控阵天线设计经验；3.精通相控阵核心设计方法，理解扫描、互耦、旁瓣、极化、宽带等关键机制（任职要求第1、3条摘要）,页面未说明,listing_page,否,not_available,http://www.xuny-sat.com/index.php?a=lists&c=index&catid=28&m=content,http://www.xuny-sat.com/index.php?a=lists&c=index&catid=28&m=content,是,true,A类·企业官方,2026-09-27,2026-09-27,公开招聘中,是,2026-09-27,招聘页服务端渲染，页面无独立职位详情页。；招聘页未单独标注工作地点，页面地址栏为成都总部,
CD0285|成都迅翼卫通科技有限公司|高级射频工程师|页面未说明（招聘页未单独标注工作地点，页面地址栏为成都总部）,CD0285,553,成都迅翼卫通科技有限公司,是,A,通信与网络设备,高级射频工程师,页面未说明,页面未说明,四川省,成都市,高新区,成都市,not_available,研发,社会招聘,页面未说明,页面未说明,五年以上射频电路或天线设计经验,硕士及以上,页面未说明,页面未说明,1.负责卫星通信、雷达系统等方向的射频电路与子系统开发，涵盖相控阵、变频器等模块；2.参与系统链路预算分析、射频指标分解及方案设计，设计并优化射频电路（LNA、PA、混频器、滤波器等）（岗位职责第1、2条摘要）,1.硕士及以上学历，电磁场与微波技术、通信工程、电子工程等相关专业；2.五年以上射频电路或天线设计经验，有雷达系统、卫星通信终端、相控阵天线等方向项目经验者优先（任职要求摘要）,页面未说明,listing_page,否,not_available,http://www.xuny-sat.com/index.php?a=lists&c=index&catid=28&m=content,http://www.xuny-sat.com/index.php?a=lists&c=index&catid=28&m=content,是,true,A类·企业官方,2026-09-27,2026-09-27,公开招聘中,是,2026-09-27,该岗任职要求另要求『熟练使用 ADS、HFSS、CST 等射频仿真工具』。；招聘页未单独标注工作地点，页面地址栏为成都总部,
CD0285|成都迅翼卫通科技有限公司|高级采购专员|页面未说明（招聘页未单独标注工作地点）,CD0285,554,成都迅翼卫通科技有限公司,是,A,通信与网络设备,高级采购专员,页面未说明,页面未说明,四川省,成都市,高新区,成都市,not_available,职能,社会招聘,页面未说明,页面未说明,页面未说明,大专及以上,页面未说明,页面未说明,2.负责与需求部门、供应商保持良好沟通及协调，保证物资或服务及时到位（岗位职责第2条摘要）,1.大专及以上学历，机电一体化，机械电子相关专业优先；有机械研发、机械结构加工、零件采购的相关经验及资源（任职要求摘要）,页面未说明,listing_page,否,not_available,http://www.xuny-sat.com/index.php?a=lists&c=index&catid=28&m=content,http://www.xuny-sat.com/index.php?a=lists&c=index&catid=28&m=content,是,true,A类·企业官方,2026-09-27,2026-09-27,公开招聘中,是,2026-09-27,岗位名原文为『高级采购专员』。；招聘页未单独标注工作地点,
CD0285|成都迅翼卫通科技有限公司|高级销售经理|页面未说明（另有『可任职西安子公司外贸销售经理』表述）,CD0285,555,成都迅翼卫通科技有限公司,是,A,通信与网络设备,高级销售经理,页面未说明,页面未说明,四川省,成都市,高新区,成都市,not_available,销售,社会招聘,页面未说明,页面未说明,五年以上卫星通信相关工作经验,本科及以上,页面未说明,页面未说明,1.负责公司卫星通信产品/解决方案的市场拓展、客户开发与渠道建设；2.执行公司销售策略，完成个人及团队业绩指标（销售额、回款率、毛利率、新客户数量等）（岗位职责第1、2条摘要）,1.本科及以上学历，通信、电子、计算机、市场营销、国际贸易等相关专业优先；2.五年以上卫星通信相关工作经验，了解卫星通信基本原理及相关操作（任职要求第1、2条摘要）,页面未说明,listing_page,否,not_available,http://www.xuny-sat.com/index.php?a=lists&c=index&catid=28&m=content,http://www.xuny-sat.com/index.php?a=lists&c=index&catid=28&m=content,是,true,A类·企业官方,2026-09-27,2026-09-27,公开招聘中,是,2026-09-27,任职要求第6条原文：具备良好英语能力者可任职西安子公司外贸销售经理。；另有『可任职西安子公司外贸销售经理』表述,
CD0287|成都高投生物医药产业发展有限公司|投资经理|页面未说明,CD0287,556,成都高投生物医药产业发展有限公司,是,A,生物医药,投资经理,页面未说明,页面未说明,四川省,成都市,高新区,成都市,inferred,职能,社会招聘,2026-07-23,页面未说明,页面未说明,页面未说明,页面未说明,页面未说明,页面未说明,页面未说明,页面未说明,listing_page,否,not_available,,https://www.tianfulifesciencepark.com/PartyBuilding/Detail?id=2898,是,true,A类·企业官方,2026-09-27,2026-09-27,公开招聘中,是,2026-09-27,公告原文：『现管理运营天府生命科技园、成都前沿医学中心等专业载体面积约83万㎡』，本次仅公开招聘投资经理岗位1个，报名截止2026年8月2日。；该职位仅有列表页来源，无独立详情页,
CD0288|成都黑鸦数码科技有限公司|3D 场景美术师|成都,CD0288,557,成都黑鸦数码科技有限公司,是,A,游戏,3D 场景美术师,成都,成都,四川省,成都市,金牛区,成都市,inferred,设计,社会招聘,页面未说明,页面未说明,页面未说明,页面未说明,页面未说明,页面未说明,页面未说明,页面未说明,页面未说明,listing_page,否,not_available,https://www.blackcrowcg.com/career/index.html,https://www.blackcrowcg.com/career/index.html,是,true,A类·企业官方,2026-09-27,2026-09-27,公开招聘中,是,2026-09-27,职位名取自查 https://www.blackcrowcg.com/career/index.html 页面内联 JS 中的 const JOBS 数组原文（zh 字段），分组=设计。同页正文未给出薪资、学历、经验年限、招聘人数与 JD 原文，全部记页面未说明；福利字段见企业记录。官网无独立职位详情页，job_url 填官方招聘入口。,
CD0288|成都黑鸦数码科技有限公司|3D 角色美术师|成都,CD0288,558,成都黑鸦数码科技有限公司,是,A,游戏,3D 角色美术师,成都,成都,四川省,成都市,金牛区,成都市,inferred,设计,社会招聘,页面未说明,页面未说明,页面未说明,页面未说明,页面未说明,页面未说明,页面未说明,页面未说明,页面未说明,listing_page,否,not_available,https://www.blackcrowcg.com/career/index.html,https://www.blackcrowcg.com/career/index.html,是,true,A类·企业官方,2026-09-27,2026-09-27,公开招聘中,是,2026-09-27,职位名取自查 https://www.blackcrowcg.com/career/index.html 页面内联 JS 中的 const JOBS 数组原文（zh 字段），分组=设计。同页正文未给出薪资、学历、经验年限、招聘人数与 JD 原文，全部记页面未说明；福利字段见企业记录。官网无独立职位详情页，job_url 填官方招聘入口。,
CD0288|成都黑鸦数码科技有限公司|UI 程序工程师|成都,CD0288,559,成都黑鸦数码科技有限公司,是,A,游戏,UI 程序工程师,成都,成都,四川省,成都市,金牛区,成都市,inferred,研发,社会招聘,页面未说明,页面未说明,页面未说明,页面未说明,页面未说明,页面未说明,页面未说明,页面未说明,页面未说明,listing_page,否,not_available,https://www.blackcrowcg.com/career/index.html,https://www.blackcrowcg.com/career/index.html,是,true,A类·企业官方,2026-09-27,2026-09-27,公开招聘中,是,2026-09-27,职位名取自查 https://www.blackcrowcg.com/career/index.html 页面内联 JS 中的 const JOBS 数组原文（zh 字段），分组=研发。同页正文未给出薪资、学历、经验年限、招聘人数与 JD 原文，全部记页面未说明；福利字段见企业记录。官网无独立职位详情页，job_url 填官方招聘入口。,
CD0288|成都黑鸦数码科技有限公司|人力资源专员|成都,CD0288,560,成都黑鸦数码科技有限公司,是,A,游戏,人力资源专员,成都,成都,四川省,成都市,金牛区,成都市,inferred,职能,社会招聘,页面未说明,页面未说明,页面未说明,页面未说明,页面未说明,页面未说明,页面未说明,页面未说明,页面未说明,listing_page,否,not_available,https://www.blackcrowcg.com/career/index.html,https://www.blackcrowcg.com/career/index.html,是,true,A类·企业官方,2026-09-27,2026-09-27,公开招聘中,是,2026-09-27,职位名取自查 https://www.blackcrowcg.com/career/index.html 页面内联 JS 中的 const JOBS 数组原文（zh 字段），分组=职能。同页正文未给出薪资、学历、经验年限、招聘人数与 JD 原文，全部记页面未说明；福利字段见企业记录。官网无独立职位详情页，job_url 填官方招聘入口。,
CD0288|成都黑鸦数码科技有限公司|动画技术工程师|成都,CD0288,561,成都黑鸦数码科技有限公司,是,A,游戏,动画技术工程师,成都,成都,四川省,成都市,金牛区,成都市,inferred,技术美术,社会招聘,页面未说明,页面未说明,页面未说明,页面未说明,页面未说明,页面未说明,页面未说明,页面未说明,页面未说明,listing_page,否,not_available,https://www.blackcrowcg.com/career/index.html,https://www.blackcrowcg.com/career/index.html,是,true,A类·企业官方,2026-09-27,2026-09-27,公开招聘中,是,2026-09-27,职位名取自查 https://www.blackcrowcg.com/career/index.html 页面内联 JS 中的 const JOBS 数组原文（zh 字段），分组=技术美术。同页正文未给出薪资、学历、经验年限、招聘人数与 JD 原文，全部记页面未说明；福利字段见企业记录。官网无独立职位详情页，job_url 填官方招聘入口。,
CD0288|成都黑鸦数码科技有限公司|场景原画师|成都,CD0288,562,成都黑鸦数码科技有限公司,是,A,游戏,场景原画师,成都,成都,四川省,成都市,金牛区,成都市,inferred,设计,社会招聘,页面未说明,页面未说明,页面未说明,页面未说明,页面未说明,页面未说明,页面未说明,页面未说明,页面未说明,listing_page,否,not_available,https://www.blackcrowcg.com/career/index.html,https://www.blackcrowcg.com/career/index.html,是,true,A类·企业官方,2026-09-27,2026-09-27,公开招聘中,是,2026-09-27,职位名取自查 https://www.blackcrowcg.com/career/index.html 页面内联 JS 中的 const JOBS 数组原文（zh 字段），分组=设计。同页正文未给出薪资、学历、经验年限、招聘人数与 JD 原文，全部记页面未说明；福利字段见企业记录。官网无独立职位详情页，job_url 填官方招聘入口。,
CD0288|成都黑鸦数码科技有限公司|客户端开发工程师|成都,CD0288,563,成都黑鸦数码科技有限公司,是,A,游戏,客户端开发工程师,成都,成都,四川省,成都市,金牛区,成都市,inferred,研发,社会招聘,页面未说明,页面未说明,页面未说明,页面未说明,页面未说明,页面未说明,页面未说明,页面未说明,页面未说明,listing_page,否,not_available,https://www.blackcrowcg.com/career/index.html,https://www.blackcrowcg.com/career/index.html,是,true,A类·企业官方,2026-09-27,2026-09-27,公开招聘中,是,2026-09-27,职位名取自查 https://www.blackcrowcg.com/career/index.html 页面内联 JS 中的 const JOBS 数组原文（zh 字段），分组=研发。同页正文未给出薪资、学历、经验年限、招聘人数与 JD 原文，全部记页面未说明；福利字段见企业记录。官网无独立职位详情页，job_url 填官方招聘入口。,
CD0288|成都黑鸦数码科技有限公司|工具链开发工程师|成都,CD0288,564,成都黑鸦数码科技有限公司,是,A,游戏,工具链开发工程师,成都,成都,四川省,成都市,金牛区,成都市,inferred,技术美术,社会招聘,页面未说明,页面未说明,页面未说明,页面未说明,页面未说明,页面未说明,页面未说明,页面未说明,页面未说明,listing_page,否,not_available,https://www.blackcrowcg.com/career/index.html,https://www.blackcrowcg.com/career/index.html,是,true,A类·企业官方,2026-09-27,2026-09-27,公开招聘中,是,2026-09-27,职位名取自查 https://www.blackcrowcg.com/career/index.html 页面内联 JS 中的 const JOBS 数组原文（zh 字段），分组=技术美术。同页正文未给出薪资、学历、经验年限、招聘人数与 JD 原文，全部记页面未说明；福利字段见企业记录。官网无独立职位详情页，job_url 填官方招聘入口。,
CD0288|成都黑鸦数码科技有限公司|引擎开发工程师|成都,CD0288,565,成都黑鸦数码科技有限公司,是,A,游戏,引擎开发工程师,成都,成都,四川省,成都市,金牛区,成都市,inferred,研发,社会招聘,页面未说明,页面未说明,页面未说明,页面未说明,页面未说明,页面未说明,页面未说明,页面未说明,页面未说明,listing_page,否,not_available,https://www.blackcrowcg.com/career/index.html,https://www.blackcrowcg.com/career/index.html,是,true,A类·企业官方,2026-09-27,2026-09-27,公开招聘中,是,2026-09-27,职位名取自查 https://www.blackcrowcg.com/career/index.html 页面内联 JS 中的 const JOBS 数组原文（zh 字段），分组=研发。同页正文未给出薪资、学历、经验年限、招聘人数与 JD 原文，全部记页面未说明；福利字段见企业记录。官网无独立职位详情页，job_url 填官方招聘入口。,
CD0288|成都黑鸦数码科技有限公司|技术美术|成都,CD0288,566,成都黑鸦数码科技有限公司,是,A,游戏,技术美术,成都,成都,四川省,成都市,金牛区,成都市,inferred,技术美术,社会招聘,页面未说明,页面未说明,页面未说明,页面未说明,页面未说明,页面未说明,页面未说明,页面未说明,页面未说明,listing_page,否,not_available,https://www.blackcrowcg.com/career/index.html,https://www.blackcrowcg.com/career/index.html,是,true,A类·企业官方,2026-09-27,2026-09-27,公开招聘中,是,2026-09-27,职位名取自查 https://www.blackcrowcg.com/career/index.html 页面内联 JS 中的 const JOBS 数组原文（zh 字段），分组=技术美术。同页正文未给出薪资、学历、经验年限、招聘人数与 JD 原文，全部记页面未说明；福利字段见企业记录。官网无独立职位详情页，job_url 填官方招聘入口。,
CD0288|成都黑鸦数码科技有限公司|招聘专员|成都,CD0288,567,成都黑鸦数码科技有限公司,是,A,游戏,招聘专员,成都,成都,四川省,成都市,金牛区,成都市,inferred,职能,社会招聘,页面未说明,页面未说明,页面未说明,页面未说明,页面未说明,页面未说明,页面未说明,页面未说明,页面未说明,listing_page,否,not_available,https://www.blackcrowcg.com/career/index.html,https://www.blackcrowcg.com/career/index.html,是,true,A类·企业官方,2026-09-27,2026-09-27,公开招聘中,是,2026-09-27,职位名取自查 https://www.blackcrowcg.com/career/index.html 页面内联 JS 中的 const JOBS 数组原文（zh 字段），分组=职能。同页正文未给出薪资、学历、经验年限、招聘人数与 JD 原文，全部记页面未说明；福利字段见企业记录。官网无独立职位详情页，job_url 填官方招聘入口。,
CD0288|成都黑鸦数码科技有限公司|服务端开发工程师|成都,CD0288,568,成都黑鸦数码科技有限公司,是,A,游戏,服务端开发工程师,成都,成都,四川省,成都市,金牛区,成都市,inferred,研发,社会招聘,页面未说明,页面未说明,页面未说明,页面未说明,页面未说明,页面未说明,页面未说明,页面未说明,页面未说明,listing_page,否,not_available,https://www.blackcrowcg.com/career/index.html,https://www.blackcrowcg.com/career/index.html,是,true,A类·企业官方,2026-09-27,2026-09-27,公开招聘中,是,2026-09-27,职位名取自查 https://www.blackcrowcg.com/career/index.html 页面内联 JS 中的 const JOBS 数组原文（zh 字段），分组=研发。同页正文未给出薪资、学历、经验年限、招聘人数与 JD 原文，全部记页面未说明；福利字段见企业记录。官网无独立职位详情页，job_url 填官方招聘入口。,
CD0288|成都黑鸦数码科技有限公司|渲染技术工程师|成都,CD0288,569,成都黑鸦数码科技有限公司,是,A,游戏,渲染技术工程师,成都,成都,四川省,成都市,金牛区,成都市,inferred,技术美术,社会招聘,页面未说明,页面未说明,页面未说明,页面未说明,页面未说明,页面未说明,页面未说明,页面未说明,页面未说明,listing_page,否,not_available,https://www.blackcrowcg.com/career/index.html,https://www.blackcrowcg.com/career/index.html,是,true,A类·企业官方,2026-09-27,2026-09-27,公开招聘中,是,2026-09-27,职位名取自查 https://www.blackcrowcg.com/career/index.html 页面内联 JS 中的 const JOBS 数组原文（zh 字段），分组=技术美术。同页正文未给出薪资、学历、经验年限、招聘人数与 JD 原文，全部记页面未说明；福利字段见企业记录。官网无独立职位详情页，job_url 填官方招聘入口。,
CD0288|成都黑鸦数码科技有限公司|行政专员|成都,CD0288,570,成都黑鸦数码科技有限公司,是,A,游戏,行政专员,成都,成都,四川省,成都市,金牛区,成都市,inferred,职能,社会招聘,页面未说明,页面未说明,页面未说明,页面未说明,页面未说明,页面未说明,页面未说明,页面未说明,页面未说明,listing_page,否,not_available,https://www.blackcrowcg.com/career/index.html,https://www.blackcrowcg.com/career/index.html,是,true,A类·企业官方,2026-09-27,2026-09-27,公开招聘中,是,2026-09-27,职位名取自查 https://www.blackcrowcg.com/career/index.html 页面内联 JS 中的 const JOBS 数组原文（zh 字段），分组=职能。同页正文未给出薪资、学历、经验年限、招聘人数与 JD 原文，全部记页面未说明；福利字段见企业记录。官网无独立职位详情页，job_url 填官方招聘入口。,
CD0288|成都黑鸦数码科技有限公司|角色原画师|成都,CD0288,571,成都黑鸦数码科技有限公司,是,A,游戏,角色原画师,成都,成都,四川省,成都市,金牛区,成都市,inferred,设计,社会招聘,页面未说明,页面未说明,页面未说明,页面未说明,页面未说明,页面未说明,页面未说明,页面未说明,页面未说明,listing_page,否,not_available,https://www.blackcrowcg.com/career/index.html,https://www.blackcrowcg.com/career/index.html,是,true,A类·企业官方,2026-09-27,2026-09-27,公开招聘中,是,2026-09-27,职位名取自查 https://www.blackcrowcg.com/career/index.html 页面内联 JS 中的 const JOBS 数组原文（zh 字段），分组=设计。同页正文未给出薪资、学历、经验年限、招聘人数与 JD 原文，全部记页面未说明；福利字段见企业记录。官网无独立职位详情页，job_url 填官方招聘入口。,
CD0288|成都黑鸦数码科技有限公司|项目运营助理|成都,CD0288,572,成都黑鸦数码科技有限公司,是,A,游戏,项目运营助理,成都,成都,四川省,成都市,金牛区,成都市,inferred,职能,社会招聘,页面未说明,页面未说明,页面未说明,页面未说明,页面未说明,页面未说明,页面未说明,页面未说明,页面未说明,listing_page,否,not_available,https://www.blackcrowcg.com/career/index.html,https://www.blackcrowcg.com/career/index.html,是,true,A类·企业官方,2026-09-27,2026-09-27,公开招聘中,是,2026-09-27,职位名取自查 https://www.blackcrowcg.com/career/index.html 页面内联 JS 中的 const JOBS 数组原文（zh 字段），分组=职能。同页正文未给出薪资、学历、经验年限、招聘人数与 JD 原文，全部记页面未说明；福利字段见企业记录。官网无独立职位详情页，job_url 填官方招聘入口。,
CD0289|携程（成都）|渠道销售经理（邮轮业务-华西区域）(MJ034902)|成都或重庆（接口cityName=Chengdu，职责正文写工作地点成都或重庆）,CD0289,573,携程（成都）,是,A,软件与互联网服务,渠道销售经理（邮轮业务-华西区域）(MJ034902),成都或重庆（接口 cityName=Chengdu，职责正文写工作地点成都或重庆）,成都或重庆（接口 cityName=Chengdu，职责正文写工作地点成都或重庆）,四川省,成都市,,成都市,inferred,销售,社会招聘,2026-09-02,页面未说明,3年以上营销运营或旅行社线下销售经验,本科及以上学历,页面未说明,页面未说明,渠道拓展与运营管理：负责区域线下实体旅游门店对接，制定并落地邮轮产品营销活动策略；销售目标驱动：挖掘商机推动邮轮业务增长；客户关系深耕：定期拜访区域重点门店；跨部门协同：协同供应链完成资源匹配。,本科及以上学历，3年以上营销运营或旅行社线下销售经验，熟悉B/C端营销打法，有邮轮行业经验优先；熟悉川渝区域旅游门店市场现状；执行力强、细致主动、能接受频繁出差。,页面未说明,listing_page,否,not_available,https://careers.ctrip.com/,https://careers.ctrip.com/,是,true,A类·企业官方,2026-09-27,2026-09-27,公开招聘中,是,2026-09-27,数据来自携程官方招聘站 POST 接口 careers.ctrip.com/api/hrrecruit/getJobAd（condition 条件 keyword=成都，retCode 201，共1条）。jobId=e67915c9-0b81-4719-96cd-4e01c538eb56，publishDate=2026-09-02，buName=Vacations。详情页为纯前端渲染、无稳定官方域名详情路由（/positions/<jobId> 等均回落为站点外壳），故 job_url 填集团官方招聘平台首页。,
CD0295|苏宁易购集团股份有限公司|仓管员|成都市,CD0295,574,苏宁易购集团股份有限公司,是,A,零售与消费,仓管员,成都市,成都市,四川省,成都市,,成都市,confirmed,物流,社会招聘,2026年08月19,3000-6000元/月,不限,页面未说明,页面未说明,页面未说明,负责公司小件仓库货物收、发、存、发票打印、拣配工作,高中及以上学历,专业培训 节日福利 岗位晋升 技能培训 500强 免费班车 五险一金,direct_detail,是,medium,http://careers.suning.cn/rps-web/position/position_info_new.htm?id=14263,http://careers.suning.cn/rps-web/position/show_position_new.htm?type=1,是,true,A类·企业官方,2026-09-27,2026-09-28,公开招聘中,待人工复核,2026-09-28,职位类别（页面原文）：物流类 >>仓储。取自苏宁官方招聘站职位详情页，详情页“学历要求”字段以下拉选项列表渲染（博士研究生/硕士/本科/大专…），无法判定该职位实际学历，故 education 记页面未说明；所属公司为页面原文“所属公司”栏的成都法人主体。；2026-09-28 复测页面命中职位名与招聘关键词，确认在招,
CD0295|苏宁易购集团股份有限公司|媒介部长|成都市,CD0295,575,苏宁易购集团股份有限公司,是,A,零售与消费,媒介部长,成都市,成都市,四川省,成都市,,成都市,confirmed,市场,社会招聘,2025年07月15,6000-7000元/月,1年及以上,页面未说明,页面未说明,页面未说明,负责制定公司整体媒介策略，结合市场目标和品牌定位，规划媒介投放方向、渠道组合及预算分配，确保媒介资源高效利用,学历与专业：本科及以上学历，市场营销、广告学、传播学等相关专业优先,节日福利 岗位晋升 定期体检 午餐补助 通讯津贴 五险一金 带薪年假,direct_detail,是,medium,http://careers.suning.cn/rps-web/position/position_info_new.htm?id=27851,http://careers.suning.cn/rps-web/position/show_position_new.htm?type=1,是,true,A类·企业官方,2026-09-27,2026-09-28,公开招聘中,待人工复核,2026-09-28,职位类别（页面原文）：策划类 >>市场推广。取自苏宁官方招聘站职位详情页，详情页“学历要求”字段以下拉选项列表渲染（博士研究生/硕士/本科/大专…），无法判定该职位实际学历，故 education 记页面未说明；所属公司为页面原文“所属公司”栏的成都法人主体。；2026-09-28 复测页面命中职位名与招聘关键词，确认在招,
CD0295|苏宁易购集团股份有限公司|客服主管|成都市,CD0295,576,苏宁易购集团股份有限公司,是,A,零售与消费,客服主管,成都市,成都市,四川省,成都市,,成都市,confirmed,客服,社会招聘,2026年02月11,3900-4500元/月,1年及以上,页面未说明,页面未说明,页面未说明,接受顾客咨询，记录顾客咨询、投诉内容，按照相应流程给予顾客反馈,18-25岁，大专以上学历,专业培训 节日福利 管理规范 公司规模大 午餐补助 五险一金 带薪年假,direct_detail,是,medium,http://careers.suning.cn/rps-web/position/position_info_new.htm?id=28044,http://careers.suning.cn/rps-web/position/show_position_new.htm?type=1,是,true,A类·企业官方,2026-09-27,2026-09-28,公开招聘中,待人工复核,2026-09-28,职位类别（页面原文）：客服类 >>客户关系。取自苏宁官方招聘站职位详情页，详情页“学历要求”字段以下拉选项列表渲染（博士研究生/硕士/本科/大专…），无法判定该职位实际学历，故 education 记页面未说明；所属公司为页面原文“所属公司”栏的成都法人主体。；2026-09-28 复测页面命中职位名与招聘关键词，确认在招,
CD0295|苏宁易购集团股份有限公司|招商运营经理|成都市,CD0295,577,苏宁易购集团股份有限公司,是,A,零售与消费,招商运营经理,成都市,成都市,四川省,成都市,,成都市,confirmed,招商,社会招聘,2026年08月19,6000-7000元/月,2年及以上,页面未说明,页面未说明,页面未说明,负责购物中心各项业务流程及操作规范的执行,学历要求：全日制统招本科及以上学历,节日福利 岗位晋升 定期体检 通讯津贴 五险一金 带薪年假 绩效奖金,direct_detail,是,medium,http://careers.suning.cn/rps-web/position/position_info_new.htm?id=26546,http://careers.suning.cn/rps-web/position/show_position_new.htm?type=1,是,true,A类·企业官方,2026-09-27,2026-09-28,公开招聘中,待人工复核,2026-09-28,职位类别（页面原文）：运营类 >>连锁店运营。取自苏宁官方招聘站职位详情页，详情页“学历要求”字段以下拉选项列表渲染（博士研究生/硕士/本科/大专…），无法判定该职位实际学历，故 education 记页面未说明；所属公司为页面原文“所属公司”栏的成都法人主体。；2026-09-28 复测页面命中职位名与招聘关键词，确认在招,
CD0295|苏宁易购集团股份有限公司|暖通主管|成都市,CD0295,578,苏宁易购集团股份有限公司,是,A,零售与消费,暖通主管,成都市,成都市,四川省,成都市,,成都市,confirmed,工程,社会招聘,2025年06月24,5000-6000元/月,1年及以上,页面未说明,页面未说明,页面未说明,负责工程部配电、电梯、暖通、维修班组的日常各项管理工作,本科 及以上学历，供配电或机电相关专业,节日福利 岗位晋升 午餐补助 五险一金 带薪年假,direct_detail,是,medium,http://careers.suning.cn/rps-web/position/position_info_new.htm?id=27827,http://careers.suning.cn/rps-web/position/show_position_new.htm?type=1,是,true,A类·企业官方,2026-09-27,2026-09-28,公开招聘中,待人工复核,2026-09-28,职位类别（页面原文）：工程类 >>工程管理。取自苏宁官方招聘站职位详情页，详情页“学历要求”字段以下拉选项列表渲染（博士研究生/硕士/本科/大专…），无法判定该职位实际学历，故 education 记页面未说明；所属公司为页面原文“所属公司”栏的成都法人主体。；2026-09-28 复测页面命中职位名与招聘关键词，确认在招,
CD0295|苏宁易购集团股份有限公司|法务部长|成都市,CD0295,579,苏宁易购集团股份有限公司,是,A,零售与消费,法务部长,成都市,成都市,四川省,成都市,,成都市,confirmed,法务,社会招聘,2026年09月15,10000-15000元/月,3年及以上,页面未说明,页面未说明,页面未说明,西区诉讼案件处理,工作经验3年左右,公司规模大 午餐补助,direct_detail,是,medium,http://careers.suning.cn/rps-web/position/position_info_new.htm?id=27858,http://careers.suning.cn/rps-web/position/show_position_new.htm?type=1,是,true,A类·企业官方,2026-09-27,2026-09-27,公开招聘中,是,2026-09-27,职位类别（页面原文）：监察与法务类 >>综合法务。取自苏宁官方招聘站职位详情页，详情页“学历要求”字段以下拉选项列表渲染（博士研究生/硕士/本科/大专…），无法判定该职位实际学历，故 education 记页面未说明；所属公司为页面原文“所属公司”栏的成都法人主体。,
CD0295|苏宁易购集团股份有限公司|百货课课长|成都市,CD0295,580,苏宁易购集团股份有限公司,是,A,零售与消费,百货课课长,成都市,成都市,四川省,成都市,,成都市,confirmed,运营,社会招聘,2026年08月19,3500-4000元/月,1年及以上,页面未说明,页面未说明,页面未说明,负责百货处日常营运管理工作,1年以上卖场相关工作经验,节日福利 发展空间大 公司规模大 500强 五险一金 带薪年假,direct_detail,是,medium,http://careers.suning.cn/rps-web/position/position_info_new.htm?id=24972,http://careers.suning.cn/rps-web/position/show_position_new.htm?type=1,是,true,A类·企业官方,2026-09-27,2026-09-28,公开招聘中,待人工复核,2026-09-28,职位类别（页面原文）：运营类 >>连锁店运营。取自苏宁官方招聘站职位详情页，详情页“学历要求”字段以下拉选项列表渲染（博士研究生/硕士/本科/大专…），无法判定该职位实际学历，故 education 记页面未说明；所属公司为页面原文“所属公司”栏的成都法人主体。；2026-09-28 复测页面命中职位名与招聘关键词，确认在招,
CD0295|苏宁易购集团股份有限公司|策划部长|成都市,CD0295,581,苏宁易购集团股份有限公司,是,A,零售与消费,策划部长,成都市,成都市,四川省,成都市,,成都市,confirmed,市场,社会招聘,2026年08月19,6000-7000元/月,不限,页面未说明,页面未说明,页面未说明,负责广场人气活动（PR）的策划、实施,全日制本科及以上学历，专业不限,专业培训 节日福利 岗位晋升 发展空间大 公司规模大 五险一金 带薪年假,direct_detail,是,medium,http://careers.suning.cn/rps-web/position/position_info_new.htm?id=24416,http://careers.suning.cn/rps-web/position/show_position_new.htm?type=1,是,true,A类·企业官方,2026-09-27,2026-09-28,公开招聘中,待人工复核,2026-09-28,职位类别（页面原文）：策划类 >>市场分析与策划。取自苏宁官方招聘站职位详情页，详情页“学历要求”字段以下拉选项列表渲染（博士研究生/硕士/本科/大专…），无法判定该职位实际学历，故 education 记页面未说明；所属公司为页面原文“所属公司”栏的成都法人主体。；2026-09-28 复测页面命中职位名与招聘关键词，确认在招,
CD0295|苏宁易购集团股份有限公司|营业员|成都市,CD0295,582,苏宁易购集团股份有限公司,是,A,零售与消费,营业员,成都市,成都市,四川省,成都市,,成都市,confirmed,运营,社会招聘,2026年08月19,3000-5000元/月,不限,页面未说明,页面未说明,页面未说明,负责每日店内外环境卫生清理和货架、冷柜、收银台的商品陈列及补货工作,高中及以上学历，有超市或便利店营业员工作经验者优先,节日福利 岗位晋升 发展空间大 午餐补助 五险一金,direct_detail,是,medium,http://careers.suning.cn/rps-web/position/position_info_new.htm?id=12285,http://careers.suning.cn/rps-web/position/show_position_new.htm?type=1,是,true,A类·企业官方,2026-09-27,2026-09-28,公开招聘中,待人工复核,2026-09-28,职位类别（页面原文）：销售类 >>店面销售。取自苏宁官方招聘站职位详情页，详情页“学历要求”字段以下拉选项列表渲染（博士研究生/硕士/本科/大专…），无法判定该职位实际学历，故 education 记页面未说明；所属公司为页面原文“所属公司”栏的成都法人主体。；2026-09-28 复测页面命中职位名与招聘关键词，确认在招,
CD0295|苏宁易购集团股份有限公司|高级招商运营经理|成都市,CD0295,583,苏宁易购集团股份有限公司,是,A,零售与消费,高级招商运营经理,成都市,成都市,四川省,成都市,,成都市,confirmed,招商,社会招聘,2026年07月01,10000-17000元/月,5年及以上,页面未说明,页面未说明,页面未说明,根据部门总体经营规划，制定所在楼层的经营计划及落实措施，以确保各项经营指标的达成,本科（含）以上学历，年龄28岁以上,节日福利 公司规模大 定期体检 午餐补助 通讯津贴 五险一金,direct_detail,是,medium,http://careers.suning.cn/rps-web/position/position_info_new.htm?id=28097,http://careers.suning.cn/rps-web/position/show_position_new.htm?type=1,是,true,A类·企业官方,2026-09-27,2026-09-28,公开招聘中,待人工复核,2026-09-28,职位类别（页面原文）：采购类 >>品牌招商。取自苏宁官方招聘站职位详情页，详情页“学历要求”字段以下拉选项列表渲染（博士研究生/硕士/本科/大专…），无法判定该职位实际学历，故 education 记页面未说明；所属公司为页面原文“所属公司”栏的成都法人主体。；2026-09-28 复测页面命中职位名与招聘关键词，确认在招,
CD0295|苏宁易购集团股份有限公司|（苏宁）便利店长|成都市,CD0295,584,苏宁易购集团股份有限公司,是,A,零售与消费,（苏宁）便利店长,成都市,成都市,四川省,成都市,,成都市,confirmed,运营,社会招聘,2026年08月19,4000-6000元/月,3年及以上,页面未说明,页面未说明,页面未说明,负责店内人员排班、出勤安排,注：本职位工作地址成都市，根据门店地址及个人居住地址就近安排工作位置,节日福利 发展空间大 500强 上市公司 午餐补助 通讯津贴 五险一金 带薪年假,direct_detail,是,medium,http://careers.suning.cn/rps-web/position/position_info_new.htm?id=13014,http://careers.suning.cn/rps-web/position/show_position_new.htm?type=1,是,true,A类·企业官方,2026-09-27,2026-09-28,公开招聘中,待人工复核,2026-09-28,职位类别（页面原文）：销售类 >>店面销售。取自苏宁官方招聘站职位详情页，详情页“学历要求”字段以下拉选项列表渲染（博士研究生/硕士/本科/大专…），无法判定该职位实际学历，故 education 记页面未说明；所属公司为页面原文“所属公司”栏的成都法人主体。；2026-09-28 复测页面命中职位名与招聘关键词，确认在招,
CD0297|西南交通大学|专职辅导员|四川省成都市高新西区西部园区（西南交通大学）,CD0297,585,西南交通大学,是,A,教育,专职辅导员,四川省成都市高新西区西部园区（西南交通大学）,四川省成都市高新西区西部园区（西南交通大学）,四川省,成都市,高新区,成都市,confirmed,职能,社会招聘,2026-03-16,页面未说明,页面未说明,页面未说明,页面未说明,页面未说明,页面未说明,页面未说明,页面未说明,direct_detail,是,high,https://rsc.swjtu.edu.cn/info/1026/9322.htm,https://rsc.swjtu.edu.cn/rszp.htm,是,true,A类·企业官方,2026-09-27,2026-09-27,公开招聘中,是,2026-09-27,公告页 https://rsc.swjtu.edu.cn/info/1026/9322.htm 实测200，标题《西南交通大学2026年春季学期面向社会公开招聘专职辅导员通告》，日期2026年03月16日 12:57，但正文区无内容，故字段留空；学校专属招聘网 cpyc.swjtu.edu.cn 实测不可访问。,
CD0357|成都精灵云科技有限公司|C++开发工程师-交付|成都,CD0357,586,成都精灵云科技有限公司,是,A,软件与互联网服务,C++开发工程师-交付,成都,四川省 / 成都市 / 武侯区,四川省,成都市,武侯区,成都,page_title,研发,社会招聘,页面未说明,页面未说明,页面未说明,页面未说明,页面未说明,页面未说明,页面未说明,页面未说明,完善的五险一金、补充商业保险、年度体检；具有市场竞争力的薪酬、年终奖金、股权激励（招聘页公司福利说明）,listing_page,false,not_available,https://www.ghostcloud.cn/careers/,https://www.ghostcloud.cn/careers/,是,true,A类·企业官方,2026-09-30,2026-09-30,公开招聘中,是,2026-09-30,招聘页无独立职位详情页，多条职位共用同一 URL，故 url_type 记为 listing_page,A
CD0357|成都精灵云科技有限公司|产品经理|成都,CD0357,587,成都精灵云科技有限公司,是,A,软件与互联网服务,产品经理,成都,四川省 / 成都市 / 武侯区,四川省,成都市,武侯区,成都,page_title,产品,社会招聘,页面未说明,页面未说明,页面未说明,页面未说明,页面未说明,页面未说明,页面未说明,页面未说明,完善的五险一金、补充商业保险、年度体检；具有市场竞争力的薪酬、年终奖金、股权激励（招聘页公司福利说明）,listing_page,false,not_available,https://www.ghostcloud.cn/careers/,https://www.ghostcloud.cn/careers/,是,true,A类·企业官方,2026-09-30,2026-09-30,页面存在但状态不明确,待人工复核,2026-09-30,页面职位状态标注为「已完成」，未写明关闭或截止，按要求记为状态不明确并进人工复核候选,A
CD0357|成都精灵云科技有限公司|高级测试工程师|成都,CD0357,588,成都精灵云科技有限公司,是,A,软件与互联网服务,高级测试工程师,成都,四川省 / 成都市 / 武侯区,四川省,成都市,武侯区,成都,page_title,测试,社会招聘,页面未说明,页面未说明,页面未说明,页面未说明,页面未说明,页面未说明,页面未说明,页面未说明,完善的五险一金、补充商业保险、年度体检；具有市场竞争力的薪酬、年终奖金、股权激励（招聘页公司福利说明）,listing_page,false,not_available,https://www.ghostcloud.cn/careers/,https://www.ghostcloud.cn/careers/,是,true,A类·企业官方,2026-09-30,2026-09-30,页面存在但状态不明确,待人工复核,2026-09-30,页面职位状态标注为「已完成」，未写明关闭或截止，记为状态不明确,A
CD0357|成都精灵云科技有限公司|嵌入式驱动工程师|成都,CD0357,589,成都精灵云科技有限公司,是,A,软件与互联网服务,嵌入式驱动工程师,成都,四川省 / 成都市 / 武侯区,四川省,成都市,武侯区,成都,page_title,研发,社会招聘,页面未说明,页面未说明,页面未说明,页面未说明,页面未说明,页面未说明,页面未说明,页面未说明,完善的五险一金、补充商业保险、年度体检；具有市场竞争力的薪酬、年终奖金、股权激励（招聘页公司福利说明）,listing_page,false,not_available,https://www.ghostcloud.cn/careers/,https://www.ghostcloud.cn/careers/,是,true,A类·企业官方,2026-09-30,2026-09-30,页面存在但状态不明确,待人工复核,2026-09-30,页面职位状态标注为「已完成」，未写明关闭或截止，记为状态不明确,A
CD0345|成都抉云软件有限公司|高级软件开发工程师|成都,CD0345,590,成都抉云软件有限公司,是,A,软件与互联网服务,高级软件开发工程师,成都,工作地点：成都、西安、上海,四川省,成都市,,成都,page_title,研发,社会招聘,页面未说明,页面未说明,页面未说明,页面未说明,10,高级软件开发工程师（10名）工作地点：成都、西安、上海,页面未说明,页面未说明,页面未说明,listing_page,false,not_available,https://www.imacrocloud.com/gyjy,https://www.imacrocloud.com/gyjy,是,true,A类·企业官方,2026-09-30,2026-09-30,页面存在但状态不明确,待人工复核,2026-09-30,官网人才招聘栏为列表形式，无独立职位详情页,A
CD0345|成都抉云软件有限公司|业务咨询顾问|成都,CD0345,591,成都抉云软件有限公司,是,A,软件与互联网服务,业务咨询顾问,成都,工作地点：成都、西安、上海,四川省,成都市,,成都,page_title,其他,社会招聘,页面未说明,页面未说明,页面未说明,页面未说明,5,业务咨询顾问（5名）工作地点：成都、西安、上海,页面未说明,页面未说明,页面未说明,listing_page,false,not_available,https://www.imacrocloud.com/gyjy,https://www.imacrocloud.com/gyjy,是,true,A类·企业官方,2026-09-30,2026-09-30,页面存在但状态不明确,待人工复核,2026-09-30,官网人才招聘栏为列表形式，无独立职位详情页,A
CD0345|成都抉云软件有限公司|项目经理|成都,CD0345,592,成都抉云软件有限公司,是,A,软件与互联网服务,项目经理,成都,工作地点：成都、西安、上海,四川省,成都市,,成都,page_title,管理,社会招聘,页面未说明,页面未说明,页面未说明,页面未说明,5,项目经理（5名）工作地点：成都、西安、上海,页面未说明,页面未说明,页面未说明,listing_page,false,not_available,https://www.imacrocloud.com/gyjy,https://www.imacrocloud.com/gyjy,是,true,A类·企业官方,2026-09-30,2026-09-30,页面存在但状态不明确,待人工复核,2026-09-30,官网人才招聘栏为列表形式，无独立职位详情页,A
CD0345|成都抉云软件有限公司|售前技术顾问|成都,CD0345,593,成都抉云软件有限公司,是,A,软件与互联网服务,售前技术顾问,成都,工作地点：成都、西安、上海,四川省,成都市,,成都,page_title,技术,社会招聘,页面未说明,页面未说明,页面未说明,页面未说明,3,售前技术顾问（3名）工作地点：成都、西安、上海,页面未说明,页面未说明,页面未说明,listing_page,false,not_available,https://www.imacrocloud.com/gyjy,https://www.imacrocloud.com/gyjy,是,true,A类·企业官方,2026-09-30,2026-09-30,页面存在但状态不明确,待人工复核,2026-09-30,官网人才招聘栏为列表形式，无独立职位详情页,A
CD0345|成都抉云软件有限公司|高级产品经理|成都,CD0345,594,成都抉云软件有限公司,是,A,软件与互联网服务,高级产品经理,成都,工作地点：成都,四川省,成都市,,成都,page_title,产品,社会招聘,页面未说明,页面未说明,页面未说明,页面未说明,4,高级产品经理（4名）工作地点：成都,页面未说明,页面未说明,页面未说明,listing_page,false,not_available,https://www.imacrocloud.com/gyjy,https://www.imacrocloud.com/gyjy,是,true,A类·企业官方,2026-09-30,2026-09-30,页面存在但状态不明确,待人工复核,2026-09-30,官网人才招聘栏为列表形式，无独立职位详情页,A
CD0345|成都抉云软件有限公司|测试工程师|成都,CD0345,595,成都抉云软件有限公司,是,A,软件与互联网服务,测试工程师,成都,工作地点：成都,四川省,成都市,,成都,page_title,测试,社会招聘,页面未说明,页面未说明,页面未说明,页面未说明,2,测试工程师（2名）工作地点：成都,页面未说明,页面未说明,页面未说明,listing_page,false,not_available,https://www.imacrocloud.com/gyjy,https://www.imacrocloud.com/gyjy,是,true,A类·企业官方,2026-09-30,2026-09-30,页面存在但状态不明确,待人工复核,2026-09-30,官网人才招聘栏为列表形式，无独立职位详情页,A
CD0318|四川省人工智能研究院|AIGC市场销售岗|成都,CD0318,596,四川省人工智能研究院,是,A,人工智能与大数据,AIGC市场销售岗,成都,四川省人工智能研究院,四川省,成都市,高新区,成都,page_title,市场,未知,页面未说明,页面未说明,页面未说明,页面未说明,2,招聘人数 2,页面未说明,页面未说明,页面未说明,listing_page,false,not_available,https://www.scairi.com.cn/about/49.html,https://www.scairi.com.cn/about/49.html,是,true,A类·企业官方,2026-09-30,2026-09-30,公开招聘中,是,2026-09-30,页面「工作地点」栏原文为「四川省人工智能研究院」，未逐条写明成都；成都依据为官网首页简介「在成都高新区管理委员会…共同推动建设」；职位详情「申请职位」跳转智联招聘，只录用官网列表页,A
CD0318|四川省人工智能研究院|Token销售岗|成都,CD0318,597,四川省人工智能研究院,是,A,人工智能与大数据,Token销售岗,成都,四川省人工智能研究院,四川省,成都市,高新区,成都,page_title,市场,未知,页面未说明,页面未说明,页面未说明,页面未说明,2,招聘人数 2,页面未说明,页面未说明,页面未说明,listing_page,false,not_available,https://www.scairi.com.cn/about/49.html,https://www.scairi.com.cn/about/49.html,是,true,A类·企业官方,2026-09-30,2026-09-30,公开招聘中,是,2026-09-30,页面「工作地点」栏原文为「四川省人工智能研究院」，成都依据为官网首页简介；详情跳转智联招聘，只录用官网列表页,A
CD0318|四川省人工智能研究院|人工智能产业专家（FDE负责人）|成都,CD0318,598,四川省人工智能研究院,是,A,人工智能与大数据,人工智能产业专家（FDE负责人）,成都,四川省人工智能研究院,四川省,成都市,高新区,成都,page_title,研发,未知,页面未说明,页面未说明,页面未说明,页面未说明,1,招聘人数 1,页面未说明,页面未说明,页面未说明,listing_page,false,not_available,https://www.scairi.com.cn/about/49.html,https://www.scairi.com.cn/about/49.html,是,true,A类·企业官方,2026-09-30,2026-09-30,公开招聘中,是,2026-09-30,页面「工作地点」栏原文为「四川省人工智能研究院」，成都依据为官网首页简介；详情跳转智联招聘，只录用官网列表页,A
CD0348|成都楷码科技股份有限公司|JAVA开发工程师|成都,CD0348,599,成都楷码科技股份有限公司,是,A,IT服务与外包,JAVA开发工程师,成都,工作地点：成都市锦江区百日红西路318号7栋17层,四川省,成都市,锦江区,成都,page_title,研发,社会招聘,页面未说明,页面未说明,5年以上JAVA/C#开发相关经验,页面未说明,页面未说明,页面未说明,岗位名称：JAVA开发工程师。岗位职责：软件系统的设计、实现及技术支持。,1、5年以上JAVA/C#开发相关经验，精通JAVA主流框架并能独立搭建项目框架；2、有丰富的前后端、数据库、框架、环境部署等技术储备；3、能独立进行技术调查和新技术攻坚，并具备技术文档做成能力和向下展开的能力；4、能看懂/能编写日语技术文档。,周末双休、五险一金、带薪年假、补充医疗保险、定期体检、节日福利、绩效奖金、工作氛围轻松,direct_detail,true,high,https://www.kaimadata.cn/zpcdgwjavakfgcs,https://www.kaimadata.cn/rczp,是,true,A类·企业官方,2026-09-30,2026-09-30,页面存在但状态不明确,待人工复核,2026-09-30,页面未标注在招/关闭状态,A
CD0348|成都楷码科技股份有限公司|项目经理|成都,CD0348,600,成都楷码科技股份有限公司,是,A,IT服务与外包,项目经理,成都,工作地点：成都市锦江区百日红西路318号7栋17层,四川省,成都市,锦江区,成都,page_title,管理,社会招聘,页面未说明,页面未说明,8年以上对日开发经验、5年以上对日设计经验、3年以上项目管理经验,页面未说明,页面未说明,页面未说明,岗位名称：项目经理。岗位职责：1、负责中大型规模项目管理（作业量/品质/进度/投入产出）；2、负责项目前期报价估算，整体方案策划以及制作提案书；3、根据项目情况，分析品质倾向，制定整体改善方针；4、负责管理控制项目风险；5、负责沟通并积极引导客户；6、负责项目组人员培育、配置。,1、8年以上对日开发经验、5年以上对日设计经验、3年以上项目管理经验；2、较强的沟通协调与项目管理能力；3、业务理解及商务谈判能力强；4、逻辑严谨思维敏捷，执行及抗压能力强；5、日语应用达JTEST-B，文档编写能力强；6、能够适应1-6月的短期赴日出差。,周末双休、五险一金、带薪年假、补充医疗保险、定期体检、节日福利、绩效奖金、工作氛围轻松,direct_detail,true,high,https://www.kaimadata.cn/zpcdgwdrxmjl,https://www.kaimadata.cn/rczp,是,true,A类·企业官方,2026-09-30,2026-09-30,页面存在但状态不明确,待人工复核,2026-09-30,页面未标注在招/关闭状态,A
CD0348|成都楷码科技股份有限公司|程序开发工程师|成都,CD0348,601,成都楷码科技股份有限公司,是,A,IT服务与外包,程序开发工程师,成都,工作地点：成都市锦江区百日红西路318号7栋17层,四川省,成都市,锦江区,成都,page_title,研发,校园招聘,页面未说明,页面未说明,页面未说明,本科及以上,页面未说明,页面未说明,岗位名称：程序开发工程师。岗位职责：软件系统的设计、实现及技术支持。,1、本科及以上学历，计算机相关专业；2、具备良好的系统开发与研发能力，技术基础扎实；3、在Java，C#，.Net中至少有一项可进行开发作业；4、拥有良好的学习能力，团队合作能力及敬业精神；5、愿意与团队及公司共同发展；6、Java工程师或有日语基础者优先。,周末双休、带薪年假、定期体检、节日福利、绩效奖金、员工培训、工作氛围轻松,direct_detail,true,high,http://www.kaimadata.com/xzcdgcxkfgcs,https://www.kaimadata.cn/rczp,是,true,A类·企业官方,2026-09-30,2026-09-30,页面存在但状态不明确,待人工复核,2026-09-30,页面标题含「校招成都岗」，招聘类型记为校园招聘,A
CD0364|成都飞逸计算机服务有限公司|AI Token销售实习生|成都,CD0364,602,成都飞逸计算机服务有限公司,是,A,IT服务与外包,AI Token销售实习生,成都,四川省成都市高新区,四川省,成都市,高新区,成都,page_title,市场,实习,页面未说明,4000~6000,页面未说明,本科及以上,不限,不限,页面未说明,页面未说明,页面未说明,listing_page,false,not_available,https://job.sicau.edu.cn/employment/zp_message/message_details/index.html?id=599099,https://job.sicau.edu.cn/employment/zp_message/message_details/index.html?id=599099,是,true,A类·企业官方,2026-09-30,2026-09-30,页面存在但状态不明确,待人工复核,2026-09-30,页面招聘时间区间为2026-09-14至2026-09-30，核验当日为区间最后一天，未写明已截止，记为状态不明确,C
CD0364|成都飞逸计算机服务有限公司|AI商务助理|成都,CD0364,603,成都飞逸计算机服务有限公司,是,A,IT服务与外包,AI商务助理,成都,四川省成都市高新区,四川省,成都市,高新区,成都,page_title,市场,社会招聘,页面未说明,4000~8000,页面未说明,本科及以上,不限,不限,页面未说明,页面未说明,页面未说明,listing_page,false,not_available,https://job.sicau.edu.cn/employment/zp_message/message_details/index.html?id=599099,https://job.sicau.edu.cn/employment/zp_message/message_details/index.html?id=599099,是,true,A类·企业官方,2026-09-30,2026-09-30,公开招聘中,是,2026-09-30,简历投递邮箱 hesiliang@flysinfo.com,C
CD0373|真术相成（成都）科技有限公司|大模型/Agent工程师|成都,CD0373,604,真术相成（成都）科技有限公司,是,A,人工智能与大数据,大模型/Agent工程师,成都,四川省成都市武侯区慧谷,四川省,成都市,高新区,成都,page_title,算法,社会招聘,页面未说明,10000-18000/月,不限,大学本科,3,招聘人数： 3人,1、负责相关项目的技术研发和实施，包括但不限于自然语言处理、计算机视觉、生成模型、模型微调等；2、深入研究和探索最新的人工智能技术，将其应用于企业生产，提高企业生产效率；3、与产品团队紧密合作，理解用户需求，持续优化和迭代产品功能；4、撰写技术文档和研究报告，为团队提供技术支持和指导；5、关注行业动态，评估新技术对项目的潜在影响，并提出创新方案。,页面未说明（该页仅列职位描述）,10000-18000元+五险一金+带薪年假+出差补助+加班费+生日津贴+生育津贴+结婚津贴,direct_detail,true,high,https://cd.sc91.org.cn/app/home/jobdetail/2947299.shtml?comptype=1&post_id=2021004,https://cd.sc91.org.cn/app/home/jobdetail/2947299.shtml?comptype=1&post_id=2021004,是,true,A类·企业官方,2026-09-30,2026-09-30,公开招聘中,是,2026-09-30,页面「工作地点」写武侯区慧谷、「地址」写成都高新区天府五街200号，行政区不一致，建议人工复核,C
CD0373|真术相成（成都）科技有限公司|算法工程师|成都,CD0373,605,真术相成（成都）科技有限公司,是,A,人工智能与大数据,算法工程师,成都,工作地点：成都市武侯区慧谷,四川省,成都市,高新区,成都,page_title,算法,社会招聘,页面未说明,10000-18000元/月,有相关AI项目研发经验,本科及以上,1,算法工程师：1名,页面未说明,1、本科及以上学历，有与该岗位相关专业背景；2、有相关AI项目研发经验；3、精通主流深度学习框架和模型，掌握经典算法与优化方法；4、熟悉Python或C++，熟悉Linux开发环境，有实际编程经验和模型部署实战经验；5、具备学习与创新能力，有良好的团队合作能力和沟通能力、较强的问题分析和解决能力。,五险一金+带薪年假+出差补助+生日津贴+生育津贴+结婚津贴,listing_page,false,not_available,https://www.jintang.gov.cn/jtxhn/jghnwgfuwpt/2026-06/03/content_f831eb87e4a0425a92d63adbe52f764c.shtml,https://www.jintang.gov.cn/jtxhn/jghnwgfuwpt/2026-06/03/content_f831eb87e4a0425a92d63adbe52f764c.shtml,是,true,A类·企业官方,2026-09-30,2026-09-30,页面存在但状态不明确,待人工复核,2026-09-30,来源为金堂县人民政府网转载的武侯区网络招聘会公告（2026-06-03发布），无独立职位详情页,C
CD0373|真术相成（成都）科技有限公司|AI工程师（成都蓉漂人才培养）|成都,CD0373,606,真术相成（成都）科技有限公司,是,A,人工智能与大数据,AI工程师（成都蓉漂人才培养）,成都,工作地点：成都市武侯区慧谷,四川省,成都市,高新区,成都,page_title,技术,未知,页面未说明,10000-18000元/月,页面未说明,本科及以上,2,AI工程师（成都蓉漂人才培养）：2名,页面未说明,1、本科及以上学历，有与该岗位相关专业背景者优先；2、具备编程基础（Python、C、C++等编程语言）；3、具备数学基础，对数据结构和算法设计有一定理解；4、了解Matlab、Numpy、pandas等数据处理工具；5、对深度学习框架PyTorch、TensorFlow有所了解；6、具有较强的逻辑思维及思考能力；7、对人工智能行业有浓厚兴趣。,五险一金+带薪年假+出差补助+生日津贴+生育津贴+结婚津贴,listing_page,false,not_available,https://www.jintang.gov.cn/jtxhn/jghnwgfuwpt/2026-06/03/content_f831eb87e4a0425a92d63adbe52f764c.shtml,https://www.jintang.gov.cn/jtxhn/jghnwgfuwpt/2026-06/03/content_f831eb87e4a0425a92d63adbe52f764c.shtml,是,true,A类·企业官方,2026-09-30,2026-09-30,页面存在但状态不明确,待人工复核,2026-09-30,岗位名含「人才培养」，页面未写明校招/社招，招聘类型记为未知,C
CD0340|成都小咖邦智能科技有限公司|数据标注（英语类）|成都,CD0340,607,成都小咖邦智能科技有限公司,是,C,人工智能与大数据,数据标注（英语类）,成都,工作地址：成都武侯区簇锦街道西部智谷A区2组团2栋一单元9楼,四川省,成都市,武侯区,成都,page_title,其他,未知,页面未说明,5500-7000元/月,1年以上英文字幕组核心成员经验优先，并能提供作品证明；1年以上专业音频转录/翻译经验者优先,页面未说明,80,数据标注（英语类）：80名,页面未说明,1、专业的听觉与辨音能力：熟悉美式英语的拼写、不同语速下的英文对话，熟悉英语连读、弱读、吞音等语音现象，并能准确转写；2、高度的文化敏感性与语境理解力：能通过语调、语速、音量的变化，准确推断说话人的情绪和意图；3、具有出色的耐心、细致与责任心、精准的规则应用与细节把控能力。,页面未说明,listing_page,false,not_available,https://www.jintang.gov.cn/jtxhn/jghnwgfuwpt/2026-06/03/content_f831eb87e4a0425a92d63adbe52f764c.shtml,https://www.jintang.gov.cn/jtxhn/jghnwgfuwpt/2026-06/03/content_f831eb87e4a0425a92d63adbe52f764c.shtml,是,true,A类·企业官方,2026-09-30,2026-09-30,页面存在但状态不明确,待人工复核,2026-09-30,政府渠道网络招聘会公告，无独立职位详情页,C
CD0340|成都小咖邦智能科技有限公司|语音标注|成都,CD0340,608,成都小咖邦智能科技有限公司,是,C,人工智能与大数据,语音标注,成都,工作地址：成都武侯区簇锦街道西部智谷A区2组团2栋一单元9楼,四川省,成都市,武侯区,成都,page_title,其他,未知,页面未说明,5500-7000元/月,可接受实习生,本科及以上,40,语音标注：40名,页面未说明,1、本科及以上学历，可接受实习生，汉语言文学、新闻学、语言学等相关文科类专业优先；2、须具备基础语言学知识（如韵律、声韵特征识别）；3、语音听辨敏锐：能精准处理中英/方言数据；4、细致与责任心：对语音数据敏感；5、学习与适应力：快速掌握新标注规则；6、问题导向：能主动提出标注流程改进建议。,页面未说明,listing_page,false,not_available,https://www.jintang.gov.cn/jtxhn/jghnwgfuwpt/2026-06/03/content_f831eb87e4a0425a92d63adbe52f764c.shtml,https://www.jintang.gov.cn/jtxhn/jghnwgfuwpt/2026-06/03/content_f831eb87e4a0425a92d63adbe52f764c.shtml,是,true,A类·企业官方,2026-09-30,2026-09-30,页面存在但状态不明确,待人工复核,2026-09-30,页面注明可接受实习生，招聘类型未在页面明确，记为未知,C
CD0340|成都小咖邦智能科技有限公司|AI模型影视标注|成都,CD0340,609,成都小咖邦智能科技有限公司,是,C,人工智能与大数据,AI模型影视标注,成都,工作地址：成都武侯区簇锦街道西部智谷A区2组团2栋一单元9楼,四川省,成都市,武侯区,成都,page_title,其他,未知,页面未说明,4500-5500元/月,页面未说明,页面未说明,50,AI模型影视标注：50名,页面未说明,1、基础门槛：了解影视/音频基础术语（景别、运镜、色调、画面风格等），具备基础美学认知即可；2、核心素养：做事认真细致、责任心强，能耐心完成多维度视频分析工作；3、岗位适配：对AI模型训练、影视/音频行业有兴趣；4、有视频标注、AI模型数据处理、视频剪辑/制作经验优先。,页面未说明,listing_page,false,not_available,https://www.jintang.gov.cn/jtxhn/jghnwgfuwpt/2026-06/03/content_f831eb87e4a0425a92d63adbe52f764c.shtml,https://www.jintang.gov.cn/jtxhn/jghnwgfuwpt/2026-06/03/content_f831eb87e4a0425a92d63adbe52f764c.shtml,是,true,A类·企业官方,2026-09-30,2026-09-30,页面存在但状态不明确,待人工复核,2026-09-30,政府渠道网络招聘会公告，无独立职位详情页,C
CD0340|成都小咖邦智能科技有限公司|AI模型音乐标注|成都,CD0340,610,成都小咖邦智能科技有限公司,是,C,人工智能与大数据,AI模型音乐标注,成都,工作地址：成都武侯区簇锦街道西部智谷A区2组团2栋一单元9楼,四川省,成都市,武侯区,成都,page_title,其他,未知,页面未说明,5000-5800元/月,页面未说明,本科及以上,50,AI模型音乐标注：50名,页面未说明,1、本科及以上学历，播音主持、录音艺术、音频制作、音频工程与技术、噪声控制与治理、声音设计与艺术等音频制作类专业；2、对音频内容敏感，能准确捕捉说话人特征、情绪及环境声音元素；3、工作细心，具有耐心，具备较强的文本校对与逻辑梳理能力；4、能适应重复性工作；5、具备良好的学习能力与团队协作意识；6、有语音数据处理、内容审核、标注相关工作经验者优先；7、普通话标准，掌握多种方言或外语者优先。,页面未说明,listing_page,false,not_available,https://www.jintang.gov.cn/jtxhn/jghnwgfuwpt/2026-06/03/content_f831eb87e4a0425a92d63adbe52f764c.shtml,https://www.jintang.gov.cn/jtxhn/jghnwgfuwpt/2026-06/03/content_f831eb87e4a0425a92d63adbe52f764c.shtml,是,true,A类·企业官方,2026-09-30,2026-09-30,页面存在但状态不明确,待人工复核,2026-09-30,政府渠道网络招聘会公告，无独立职位详情页,C
CD0315|四川数聚智造科技有限公司|AI全栈工程师|成都,CD0315,611,四川数聚智造科技有限公司,是,A,人工智能与大数据,AI全栈工程师,成都,四川省成都市,四川省,成都市,天府新区,成都,page_title,研发,未知,页面未说明,10k-15k,页面未说明,硕士研究生,1,1,页面未说明,页面未说明,页面未说明,listing_page,false,not_available,https://job.ustc.edu.cn/Jobinformation/info.aspx?itemid=387302,https://job.ustc.edu.cn/Jobinformation/info.aspx?itemid=387302,是,true,A类·企业官方,2026-09-30,2026-09-30,页面存在但状态不明确,待人工复核,2026-09-30,该页招聘职位表格在静态文本抽取时未完整渲染，岗位名/学历/薪资/地点依据页面招聘章程表格内容录入，建议人工复核；页面更新时间 2026-04-22,C
CD0315|四川数聚智造科技有限公司|算法工程师|成都,CD0315,612,四川数聚智造科技有限公司,是,A,人工智能与大数据,算法工程师,成都,四川省成都市,四川省,成都市,天府新区,成都,page_title,算法,未知,页面未说明,10k-15k,页面未说明,本科,1,1,页面未说明,页面未说明,页面未说明,listing_page,false,not_available,https://job.ustc.edu.cn/Jobinformation/info.aspx?itemid=387302,https://job.ustc.edu.cn/Jobinformation/info.aspx?itemid=387302,是,true,A类·企业官方,2026-09-30,2026-09-30,页面存在但状态不明确,待人工复核,2026-09-30,该页招聘职位表格在静态文本抽取时未完整渲染，建议人工复核；页面更新时间 2026-04-22,C
CD0315|四川数聚智造科技有限公司|golang工程师|成都,CD0315,613,四川数聚智造科技有限公司,是,A,人工智能与大数据,golang工程师,成都,四川省成都市,四川省,成都市,天府新区,成都,page_title,研发,未知,页面未说明,10k-15k,页面未说明,硕士研究生,1,1,页面未说明,页面未说明,页面未说明,listing_page,false,not_available,https://job.ustc.edu.cn/Jobinformation/info.aspx?itemid=387302,https://job.ustc.edu.cn/Jobinformation/info.aspx?itemid=387302,是,true,A类·企业官方,2026-09-30,2026-09-30,页面存在但状态不明确,待人工复核,2026-09-30,该页招聘职位表格在静态文本抽取时未完整渲染，建议人工复核；页面更新时间 2026-04-22,C
CD0315|四川数聚智造科技有限公司|C++工程师|成都,CD0315,614,四川数聚智造科技有限公司,是,A,人工智能与大数据,C++工程师,成都,四川省成都市,四川省,成都市,天府新区,成都,page_title,研发,未知,页面未说明,10k-15k,页面未说明,硕士研究生,1,1,页面未说明,页面未说明,页面未说明,listing_page,false,not_available,https://job.ustc.edu.cn/Jobinformation/info.aspx?itemid=387302,https://job.ustc.edu.cn/Jobinformation/info.aspx?itemid=387302,是,true,A类·企业官方,2026-09-30,2026-09-30,页面存在但状态不明确,待人工复核,2026-09-30,该页招聘职位表格在静态文本抽取时未完整渲染，建议人工复核；页面更新时间 2026-04-22,C
CD0315|四川数聚智造科技有限公司|算法运维工程师|成都,CD0315,615,四川数聚智造科技有限公司,是,A,人工智能与大数据,算法运维工程师,成都,四川省成都市,四川省,成都市,天府新区,成都,page_title,运维,未知,页面未说明,5k-8k,页面未说明,本科,1,1,页面未说明,页面未说明,页面未说明,listing_page,false,not_available,https://job.ustc.edu.cn/Jobinformation/info.aspx?itemid=387302,https://job.ustc.edu.cn/Jobinformation/info.aspx?itemid=387302,是,true,A类·企业官方,2026-09-30,2026-09-30,页面存在但状态不明确,待人工复核,2026-09-30,该页招聘职位表格在静态文本抽取时未完整渲染，建议人工复核；页面更新时间 2026-04-22,C
CD0369|智算云腾（成都）科技有限公司|大模型应用工程师|成都,CD0369,616,智算云腾（成都）科技有限公司,是,A,人工智能与大数据,大模型应用工程师,成都,高新区,四川省,成都市,高新区,成都,page_title,技术,社会招聘,页面未说明,12K-24K,3-5年,本科,1,1人,岗位职责：1、负责公司大模型项目的初步部署、微调工作；2、负责公司大模型项目技术分析、需求分析及方案输出；3、负责公司大模型项目的技术支撑。,1、本科及以上学历，计算机、通信相关专业，年龄35岁以内（优秀可适当放宽）；2、熟悉相关框架和工具能够整合智能体与大模型检索增强生成技术，有根据业务需求对大模型进行定制和优化的实际经验；3、技术实施与部署经验：熟悉人工智能系统架构的设计，具备系统架构设计和优化的经验；有大模型应用部署的实际经验，包括云端或本地环境的部署；4、方案输出能力：具备基于大模型应用输出相关解决方案能力。,页面未说明,direct_detail,true,high,https://wx.rc114.com/JobInfoFair.aspx?jobOrderId=926130,https://wx.rc114.com/JobInfoFair.aspx?jobOrderId=926130,是,true,A类·企业官方,2026-09-30,2026-09-30,页面存在但状态不明确,待人工复核,2026-09-30,成都人才网（公共就业人才服务渠道）职位页，页面未显示「正在招聘」状态标识,C
CD0328|工业云制造（四川）创新中心有限公司|软件工程师|成都,CD0328,617,工业云制造（四川）创新中心有限公司,是,A,软件与互联网服务,软件工程师,成都,单位地址：中国（四川）自由贸易试验区成都高新区益州大道中段599号13栋19层1908-1912号、20层2008-2012号；公司地址：四川省成都市高新区天府软件园D区,四川省,成都市,高新区,成都,page_title,研发,校园招聘,页面未说明,根据岗位和学历不同，月薪范围为6000-15000元,页面未说明,本科及以上,页面未说明,页面未说明,岗位职责：参与工业互联网平台的研发工作，包括系统设计、编码实现、测试验证等；负责相关技术文档的编写和维护；协助团队解决技术难题，优化系统性能。,本科及以上学历，计算机科学与技术、软件工程、自动化等相关专业；熟悉Java、Python、C++等编程语言，具备良好的编程能力；了解分布式系统、云计算、大数据等技术，有相关项目经验者优先；具备良好的团队合作精神和沟通能力。,五险一金；带薪年假、病假、法定节假日；提供免费工作餐和舒适的办公环境；定期团建活动和员工培训,listing_page,false,not_available,https://jy.tfswufe.edu.cn/home/index/employDetail/mcit/MDAwMDAwMDAwMJG6n3_Ed6imi4qQsMOen5iKk7aqyobRoslkzdGLeKKvjqaBh8WefduOpIyww6Bs1ZC6mdOzhtGnsnOeow.html,https://jy.tfswufe.edu.cn/home/index/employDetail/mcit/MDAwMDAwMDAwMJG6n3_Ed6imi4qQsMOen5iKk7aqyobRoslkzdGLeKKvjqaBh8WefduOpIyww6Bs1ZC6mdOzhtGnsnOeow.html,是,true,A类·企业官方,2026-09-30,2026-09-30,页面存在但状态不明确,待人工复核,2026-09-30,页面「招聘对象」为应届生，招聘类型记为校园招聘；页面未给出截止日期,C
CD0328|工业云制造（四川）创新中心有限公司|硬件工程师|成都,CD0328,618,工业云制造（四川）创新中心有限公司,是,A,软件与互联网服务,硬件工程师,成都,单位地址：中国（四川）自由贸易试验区成都高新区益州大道中段599号13栋19层1908-1912号、20层2008-2012号；公司地址：四川省成都市高新区天府软件园D区,四川省,成都市,高新区,成都,page_title,研发,校园招聘,页面未说明,根据岗位和学历不同，月薪范围为6000-15000元,页面未说明,本科及以上,页面未说明,页面未说明,岗位职责：负责工业设备的硬件设计与开发，包括电路设计、PCB布局、硬件调试等；参与硬件项目的方案制定和技术选型；协助完成硬件产品的测试和验证工作。,本科及以上学历，电子信息工程、自动化、通信工程等相关专业；熟悉硬件设计工具，如Altium Designer、Cadence等；具备电路设计、PCB布局、硬件调试等实际操作经验；具备良好的团队合作精神和沟通能力。,五险一金；带薪年假、病假、法定节假日；提供免费工作餐和舒适的办公环境；定期团建活动和员工培训,listing_page,false,not_available,https://jy.tfswufe.edu.cn/home/index/employDetail/mcit/MDAwMDAwMDAwMJG6n3_Ed6imi4qQsMOen5iKk7aqyobRoslkzdGLeKKvjqaBh8WefduOpIyww6Bs1ZC6mdOzhtGnsnOeow.html,https://jy.tfswufe.edu.cn/home/index/employDetail/mcit/MDAwMDAwMDAwMJG6n3_Ed6imi4qQsMOen5iKk7aqyobRoslkzdGLeKKvjqaBh8WefduOpIyww6Bs1ZC6mdOzhtGnsnOeow.html,是,true,A类·企业官方,2026-09-30,2026-09-30,页面存在但状态不明确,待人工复核,2026-09-30,页面「招聘对象」为应届生；页面未给出截止日期,C
CD0328|工业云制造（四川）创新中心有限公司|数据分析师|成都,CD0328,619,工业云制造（四川）创新中心有限公司,是,A,软件与互联网服务,数据分析师,成都,单位地址：中国（四川）自由贸易试验区成都高新区益州大道中段599号13栋19层1908-1912号、20层2008-2012号；公司地址：四川省成都市高新区天府软件园D区,四川省,成都市,高新区,成都,page_title,技术,校园招聘,页面未说明,根据岗位和学历不同，月薪范围为6000-15000元,页面未说明,本科及以上,页面未说明,页面未说明,岗位职责：负责工业大数据的收集、整理和分析，挖掘数据中的价值；构建数据分析模型，为业务决策提供数据支持；参与数据可视化工具的开发和优化。,本科及以上学历，数学、统计学、计算机科学等相关专业；熟悉数据分析工具，如Python、R、SQL等；了解数据挖掘、机器学习等算法，有相关项目经验者优先；具备良好的团队合作精神和沟通能力。,五险一金；带薪年假、病假、法定节假日；提供免费工作餐和舒适的办公环境；定期团建活动和员工培训,listing_page,false,not_available,https://jy.tfswufe.edu.cn/home/index/employDetail/mcit/MDAwMDAwMDAwMJG6n3_Ed6imi4qQsMOen5iKk7aqyobRoslkzdGLeKKvjqaBh8WefduOpIyww6Bs1ZC6mdOzhtGnsnOeow.html,https://jy.tfswufe.edu.cn/home/index/employDetail/mcit/MDAwMDAwMDAwMJG6n3_Ed6imi4qQsMOen5iKk7aqyobRoslkzdGLeKKvjqaBh8WefduOpIyww6Bs1ZC6mdOzhtGnsnOeow.html,是,true,A类·企业官方,2026-09-30,2026-09-30,页面存在但状态不明确,待人工复核,2026-09-30,页面「招聘对象」为应届生；页面未给出截止日期,C
CD0328|工业云制造（四川）创新中心有限公司|项目管理专员|成都,CD0328,620,工业云制造（四川）创新中心有限公司,是,A,软件与互联网服务,项目管理专员,成都,单位地址：中国（四川）自由贸易试验区成都高新区益州大道中段599号13栋19层1908-1912号、20层2008-2012号；公司地址：四川省成都市高新区天府软件园D区,四川省,成都市,高新区,成都,page_title,管理,校园招聘,页面未说明,根据岗位和学历不同，月薪范围为6000-15000元,页面未说明,本科及以上,页面未说明,页面未说明,岗位职责：协助项目经理进行项目的日常管理，包括项目计划制定、进度跟踪、资源协调等；负责项目文档的整理和归档，确保项目资料的完整性和准确性；协助组织项目会议，编写会议纪要和项目报告。,本科及以上学历，项目管理、工程管理、计算机科学等相关专业；了解项目管理的基本理论和方法，熟悉项目管理工具，如Microsoft Project等；具备良好的组织协调能力和沟通能力；具备良好的团队合作精神和责任心。,五险一金；带薪年假、病假、法定节假日；提供免费工作餐和舒适的办公环境；定期团建活动和员工培训,listing_page,false,not_available,https://jy.tfswufe.edu.cn/home/index/employDetail/mcit/MDAwMDAwMDAwMJG6n3_Ed6imi4qQsMOen5iKk7aqyobRoslkzdGLeKKvjqaBh8WefduOpIyww6Bs1ZC6mdOzhtGnsnOeow.html,https://jy.tfswufe.edu.cn/home/index/employDetail/mcit/MDAwMDAwMDAwMJG6n3_Ed6imi4qQsMOen5iKk7aqyobRoslkzdGLeKKvjqaBh8WefduOpIyww6Bs1ZC6mdOzhtGnsnOeow.html,是,true,A类·企业官方,2026-09-30,2026-09-30,页面存在但状态不明确,待人工复核,2026-09-30,页面「招聘对象」为应届生；页面未给出截止日期,C
CD0328|工业云制造（四川）创新中心有限公司|市场专员|成都,CD0328,621,工业云制造（四川）创新中心有限公司,是,A,软件与互联网服务,市场专员,成都,单位地址：中国（四川）自由贸易试验区成都高新区益州大道中段599号13栋19层1908-1912号、20层2008-2012号；公司地址：四川省成都市高新区天府软件园D区,四川省,成都市,高新区,成都,page_title,市场,校园招聘,页面未说明,根据岗位和学历不同，月薪范围为6000-15000元,有相关实习或工作经验者优先,本科及以上,页面未说明,页面未说明,岗位职责：负责公司产品的市场推广和销售支持，包括市场调研、客户关系维护等；协助制定市场推广计划，组织市场活动；收集市场信息，分析竞争对手动态，为市场决策提供依据。,本科及以上学历，市场营销、工商管理等相关专业；具备良好的市场分析能力和沟通能力；具备良好的团队合作精神和责任心；有相关实习或工作经验者优先。,五险一金；带薪年假、病假、法定节假日；提供免费工作餐和舒适的办公环境；定期团建活动和员工培训,listing_page,false,not_available,https://jy.tfswufe.edu.cn/home/index/employDetail/mcit/MDAwMDAwMDAwMJG6n3_Ed6imi4qQsMOen5iKk7aqyobRoslkzdGLeKKvjqaBh8WefduOpIyww6Bs1ZC6mdOzhtGnsnOeow.html,https://jy.tfswufe.edu.cn/home/index/employDetail/mcit/MDAwMDAwMDAwMJG6n3_Ed6imi4qQsMOen5iKk7aqyobRoslkzdGLeKKvjqaBh8WefduOpIyww6Bs1ZC6mdOzhtGnsnOeow.html,是,true,A类·企业官方,2026-09-30,2026-09-30,页面存在但状态不明确,待人工复核,2026-09-30,页面「招聘对象」为应届生；页面未给出截止日期,C
CD0330|成都亿佰特电子科技有限公司|硬件射频工程师|成都,CD0330,622,成都亿佰特电子科技有限公司,是,A,通信与网络设备,硬件射频工程师,成都,办公地址：成都市郫都区西区大道199号模具工业园B5栋2楼,四川省,成都市,郫都区,成都,page_title,研发,社会招聘,页面未说明,页面未说明,1-3年,本科或以上,1,1人硬件射频工程师,1、负责无线通讯新技术新方案、竞品产品的分析论证及研究。2、负责无线产品性能优化及新产品的开发。3、负责LoRa、蓝牙、WiFi、ZigBee、数传电台、NB、4G等无线产品的硬件开发。4、负责无线产品的方案设计，原理图设计、PCB设计、器件选型等。5、根据项目编写射频相关的设计规范、设计文档、测试文档，以及资料归档等 6、负责射频相关物料替换验证等,1、电磁场与微波技术、无线电技术等相关专业本科或以上学历，1～3年硬件工作经验；2、精通射频电路知识，熟悉电磁场及天线理论，如：PA、LNA、滤波器、混频器、锁相环等；3、熟练使用ADS或者HFSS、CST等仿真软件；4、熟练使用频谱分析仪、矢量网络分析仪、信号发生器等仪器；5、具有独立的原理图及PCB设计调试能力。6、具有数传通讯行业从业经验优先,工资+提成/奖金+年终奖金+五险一金；免费咖啡饮料零食；传统佳节购物卡礼品；年度出国旅游；员工购房无息贷款；地铁6号线红高路站,listing_page,false,not_available,https://www.ebyte.com/join.aspx,https://www.ebyte.com/join.aspx,是,true,A类·企业官方,2026-09-30,2026-09-30,公开招聘中,是,2026-09-30,,A
CD0330|成都亿佰特电子科技有限公司|外贸业务员|成都,CD0330,623,成都亿佰特电子科技有限公司,是,A,通信与网络设备,外贸业务员,成都,办公地址：成都市郫都区西区大道199号模具工业园B5栋2楼,四川省,成都市,郫都区,成都,page_title,市场,社会招聘,页面未说明,页面未说明,1-3年,本科及以上,1,1人外贸业务员,1、及时高效地维护公司现有的老客户，包括客户询盘，站内信，客户营销，报价，订单跟进等售前售后工作。2、通过站内外资源独立开发新客户，拓展客户渠道和资源，完成销售目标。3、会使用ERP等第三方客户管理工具优先。,1、本科及以上学历，电子等工科相关专业最佳 2、有1-3年外贸销售等相关经验，电子元器件，物联网通讯等行业优先。3、英语6级及以上优先 4、热爱外贸工作，有志在外贸行业长期发展,工资+提成/奖金+年终奖金+五险一金；免费咖啡饮料零食；传统佳节购物卡礼品；年度出国旅游；员工购房无息贷款；地铁6号线红高路站,listing_page,false,not_available,https://www.ebyte.com/join.aspx,https://www.ebyte.com/join.aspx,是,true,A类·企业官方,2026-09-30,2026-09-30,公开招聘中,是,2026-09-30,,A
CD0330|成都亿佰特电子科技有限公司|销售工程师（成都总部）|成都,CD0330,624,成都亿佰特电子科技有限公司,是,A,通信与网络设备,销售工程师（成都总部）,成都,办公地址：成都市郫都区西区大道199号模具工业园B5栋；页面标注「销售工程师（成都总部）」,四川省,成都市,郫都区,成都,page_title,市场,社会招聘,页面未说明,5000-10000/月,页面未说明,大专以上学历,5,5人销售工程师（成都总部）,"1. 负责区域内公司产品（电子芯片/模块）整体线上销售，对销售结果负责；2. 通过与客户进行有效沟通了解客户需求, 寻找销售机会，完成销售业绩；3. 负责搜集新客户的资料并进行沟通，开发新客户；4. 维护老客户的业务，挖掘客户的需求潜力；5. 能够独立拓展渠道，并与合作伙伴建立长期稳固的合作关系。",1. 大专以上学历，电子、通信相关专业优先考虑；2. 有良好的市场判断能力、开拓能力，有较强的客户沟通能力和较高的商务处理能力；3. 组织建立客户档案，定时拜访客户，与客户保持联系，维系客户关系；4. 性格乐观开朗，积极进取，团队合作能力强，抗压能力强；5. 有电子相关行业销售经验者优先考虑。,薪资5000-10000/月（上不封顶）+五险一金+月绩效+项目奖+年终奖金；节假日福利现金；每年出国旅游；地铁6号线红高路站B出口,listing_page,false,not_available,https://www.ebyte.com/join.aspx,https://www.ebyte.com/join.aspx,是,true,A类·企业官方,2026-09-30,2026-09-30,公开招聘中,是,2026-09-30,,A
CD0371|深圳格见半导体有限公司|数字前端验证工程师|成都,CD0371,625,深圳格见半导体有限公司,是,A,半导体与集成电路,数字前端验证工程师,成都,工作地点 : 成都,四川省,成都市,,成都,page_title,研发,社会招聘,页面未说明,页面未说明,不限,硕士,页面未说明,页面未说明,"1.根据项目要求，制定芯片设计及验证计划；2.基于verilog,systemverilog 的EDA验证环境开发；3.基于C、汇编等语言完成测试用例开发；4.基于UVM 方法学完成验证环境搭建及维护，完成IP/SOC的验证，及功能/代码覆盖率分析。","1.微电子、电子工程、自动控制、计算机等相关专业硕士，扎实的数字电路基础；2.熟悉ASIC 设计流程，对 UVM 验证方法学有较深的理解；3.熟悉verilog/systemverilog 等硬件描述语言；4.熟悉C,汇编等编程语言；5.了解IP/SOC 验证 flow 者优先；6.熟练使用 perl,python,tcl 等脚本语言 7.良好的英语听说读写能力，团队合作及创新精神。",页面未说明,listing_page,false,not_available,https://www.gejian-semi.com/about/careers.html,https://www.gejian-semi.com/about/careers.html,是,true,A类·企业官方,2026-09-30,2026-09-30,公开招聘中,是,2026-09-30,招聘页未标注招聘人数与薪资；投递方式为 hr@gejian-semi.com,A
CD0371|深圳格见半导体有限公司|嵌入式软件开发工程师|成都,CD0371,626,深圳格见半导体有限公司,是,A,半导体与集成电路,嵌入式软件开发工程师,成都,工作地点 : 深圳、上海、成都,四川省,成都市,,成都,page_title,研发,社会招聘,页面未说明,页面未说明,不限,本科,页面未说明,页面未说明,1.负责RTOS操作系统核心组件的设计和开发；2.负责Bootload的设计和开发；3.负责芯片及外设驱动的设计和开发；,1、计算机、通信电子、自动化等电子类相关专业本科及以上学历；2、有嵌入式软件相关开发经验；3、熟悉ARM Cortex-M系列CPU，或者DSP（TI）体系结构，对操作系统原理有深刻理解；4、精通C/C++编程，熟悉多种外设模块驱动开发，具有完整嵌入式系统项目经验佳；5、有AUTOSAR相关开发经验优先；,页面未说明,listing_page,false,not_available,https://www.gejian-semi.com/about/careers.html,https://www.gejian-semi.com/about/careers.html,是,true,A类·企业官方,2026-09-30,2026-09-30,公开招聘中,是,2026-09-30,该岗位工作地点含多地，本条按其中的成都收录,A
CD0308|仁新焊机机器人（成都）股份有限公司|机器人AI算法工程师|成都,CD0308,627,仁新焊机机器人（成都）股份有限公司,是,A,智能制造与装备,机器人AI算法工程师,成都,成都市、彭州市、杭州市,四川省,成都市,彭州市,成都,page_title,算法,社会招聘,页面未说明,页面未说明（原文仅写「具体薪资面议」）,页面未说明,本科及以上,5,机器人 AI 算法工程师（5名）,负责公司通用算法、图形算法的维护、实现、文档编写以及测试代码编写；根据产品的需求与使用场景，设计、优化算法，并能独立进行功能 demo 开发；研发视觉语言动作（VLA）具身智能模型，持续增强具身在空间感知与行动决策方面的能力。,本科及以上学历，计算机、软件工程、电子、机器人、人工智能等理工科相关专业；熟悉 C++、Python 等编程语言，掌握 pytorch/tensorflow 等主流深度学习框架；熟悉相机、激光雷达、IMU 等传感器的工作原理、硬件特性及内外参标定方法；至少在视觉-语言-动作模型、强化学习（特别是机器人相关）、世界模型与预测、行为预测与决策规划等一个或多个方向拥有深入的研究或领先的实践成果。,1、行业有竞争力的薪资水平，实行定额及项目承包分红制，上不封顶，优秀者可匹配期权和股权，具体薪资面议；2、入职购买社保、公积金，享受法定节假日及节日福利；3、提供免费三餐、茶歇、糕点，免费标间员工宿舍；4、定期团建及培训,listing_page,false,not_available,https://www.lerobotics.com/jiaruwomen/,https://www.lerobotics.com/jiaruwomen/,是,true,A类·企业官方,2026-09-30,2026-09-30,公开招聘中,是,2026-09-30,,A
CD0308|仁新焊机机器人（成都）股份有限公司|视觉算法工程师|成都,CD0308,628,仁新焊机机器人（成都）股份有限公司,是,A,智能制造与装备,视觉算法工程师,成都,成都市、彭州市、杭州市,四川省,成都市,彭州市,成都,page_title,算法,社会招聘,页面未说明,页面未说明（原文仅写「具体薪资面议」）,5年以上机器人视觉开发工作经验,硕士及以上,10,视觉算法工程师（10名）,开发机器视觉算法，实现焊缝精确识别与定位；设计智能路径规划系统；整合 SLAM、深度学习等技术，提升机器人环境感知与自主决策能力；开发焊接质量实时监测与反馈系统。,计算机科学、人工智能、机器人学等相关专业硕士及以上学位，5 年以上机器人视觉开发工作经验；熟悉计算机图像视觉、深度学习，了解 SLAM 技术；精通 C#、C++、Python，熟悉 ROS、OpenCV 等开发框架；有工业机器人或智能制造领域项目经验。,1、行业有竞争力的薪资水平，实行定额及项目承包分红制，上不封顶，优秀者可匹配期权和股权，具体薪资面议；2、入职购买社保、公积金，享受法定节假日及节日福利；3、提供免费三餐、茶歇、糕点，免费标间员工宿舍；4、定期团建及培训,listing_page,false,not_available,https://www.lerobotics.com/jiaruwomen/,https://www.lerobotics.com/jiaruwomen/,是,true,A类·企业官方,2026-09-30,2026-09-30,公开招聘中,是,2026-09-30,,A
CD0308|仁新焊机机器人（成都）股份有限公司|机械设计工程师|成都,CD0308,629,仁新焊机机器人（成都）股份有限公司,是,A,智能制造与装备,机械设计工程师,成都,成都市、彭州市、杭州市,四川省,成都市,彭州市,成都,page_title,研发,社会招聘,页面未说明,页面未说明（原文仅写「具体薪资面议」）,页面未说明,本科及以上,10,机械设计工程师（10 名）,协助完成设计任务及研发新产品，出工程图及物料 BOM 表；负责技术方案、技术文件编写；提交项目开发预算及成本控制；负责设备安装调试及操作人员技术指导。,本科及以上学历，机械自动化、机电一体化等相关专业；具备独立设计能力，熟悉机械原理、液压系统等；熟练掌握 AUTOCAD、SOLIDWORKS 等设计软件；有良好沟通协调能力及抗压能力。,1、行业有竞争力的薪资水平，实行定额及项目承包分红制，上不封顶，优秀者可匹配期权和股权，具体薪资面议；2、入职购买社保、公积金，享受法定节假日及节日福利；3、提供免费三餐、茶歇、糕点，免费标间员工宿舍；4、定期团建及培训,listing_page,false,not_available,https://www.lerobotics.com/jiaruwomen/,https://www.lerobotics.com/jiaruwomen/,是,true,A类·企业官方,2026-09-30,2026-09-30,公开招聘中,是,2026-09-30,,A
CD0308|仁新焊机机器人（成都）股份有限公司|焊接工艺工程师|成都,CD0308,630,仁新焊机机器人（成都）股份有限公司,是,A,智能制造与装备,焊接工艺工程师,成都,成都市、彭州市、杭州市,四川省,成都市,彭州市,成都,page_title,生产制造,社会招聘,页面未说明,页面未说明（原文仅写「具体薪资面议」）,10 年以上相关焊接工作经验,大专及以上,2,焊接工艺工程师（2 名）,制定及优化产品焊接方案；编制焊接工艺、评审及搭建焊接工艺库；负责焊接设备参数测试及工艺验证；解决焊接技术及品质问题。,大专及以上学历，焊接相关专业；10 年以上相关焊接工作经验，有压力容器焊接经验，持有焊接专业证书；有发那科、新松等一线焊接机器人品牌使用经验；熟练掌握焊接设备操作与维护。,1、行业有竞争力的薪资水平，实行定额及项目承包分红制，上不封顶，优秀者可匹配期权和股权，具体薪资面议；2、入职购买社保、公积金，享受法定节假日及节日福利；3、提供免费三餐、茶歇、糕点，免费标间员工宿舍；4、定期团建及培训,listing_page,false,not_available,https://www.lerobotics.com/jiaruwomen/,https://www.lerobotics.com/jiaruwomen/,是,true,A类·企业官方,2026-09-30,2026-09-30,公开招聘中,是,2026-09-30,,A
CD0308|仁新焊机机器人（成都）股份有限公司|机械工艺工程师|成都,CD0308,631,仁新焊机机器人（成都）股份有限公司,是,A,智能制造与装备,机械工艺工程师,成都,成都市、彭州市、杭州市,四川省,成都市,彭州市,成都,page_title,生产制造,社会招聘,页面未说明,页面未说明（原文仅写「具体薪资面议」）,五年以上工艺经验,大专以上,20,机械工艺工程师（20 名）,分析生产制造工艺过程，编制生产工艺；完成工艺方案、工时定额、专用工艺装备设计等；监督指导生产工艺规范化操作；优化生产工艺，攻克工艺难题。,工艺类或机械制造大专以上学历；有机加、钣金、焊接、装配等五年以上工艺经验；熟悉加工材料、设备性能等；能识别加工环节关键管控项目，熟练操作办公及绘图软件。,1、行业有竞争力的薪资水平，实行定额及项目承包分红制，上不封顶，优秀者可匹配期权和股权，具体薪资面议；2、入职购买社保、公积金，享受法定节假日及节日福利；3、提供免费三餐、茶歇、糕点，免费标间员工宿舍；4、定期团建及培训,listing_page,false,not_available,https://www.lerobotics.com/jiaruwomen/,https://www.lerobotics.com/jiaruwomen/,是,true,A类·企业官方,2026-09-30,2026-09-30,公开招聘中,是,2026-09-30,,A
CD0308|仁新焊机机器人（成都）股份有限公司|产品总监/经理|成都,CD0308,632,仁新焊机机器人（成都）股份有限公司,是,A,智能制造与装备,产品总监/经理,成都,成都市、彭州市、杭州市,四川省,成都市,彭州市,成都,page_title,产品,社会招聘,页面未说明,页面未说明（原文仅写「具体薪资面议」）,5 年 + 机器人行业产品管理经验,本科及以上,2,产品总监 / 经理（2 名）,制定具身智能焊接机器人产品线战略与路线图；建立需求管理体系，全流程管理产品生命周期；协调跨部门资源，参与客户技术交流与方案制定；推动「见缝就焊」「边走边焊」技术产业化。,本科及以上学历，机械工程、自动化、机器人等相关专业，5 年 + 机器人行业产品管理经验，有 0-1 产品开发经历者优先；熟悉机器人系统架构、控制原理等，了解焊接工艺、SLAM、3D 视觉等技术；具备优秀跨部门协作与团队领导能力，中英双语沟通与演讲能力佳。,1、行业有竞争力的薪资水平，实行定额及项目承包分红制，上不封顶，优秀者可匹配期权和股权，具体薪资面议；2、入职购买社保、公积金，享受法定节假日及节日福利；3、提供免费三餐、茶歇、糕点，免费标间员工宿舍；4、定期团建及培训,listing_page,false,not_available,https://www.lerobotics.com/jiaruwomen/,https://www.lerobotics.com/jiaruwomen/,是,true,A类·企业官方,2026-09-30,2026-09-30,公开招聘中,是,2026-09-30,,A
CD0350|成都正西智能装备集团股份有限公司|自动化电气工程师|成都,CD0350,633,成都正西智能装备集团股份有限公司,是,A,智能制造与装备,自动化电气工程师,成都,工作地点 ：成都,四川省,成都市,青白江区,成都,page_title,研发,社会招聘,页面未说明,页面未说明,3年以上,本科及以上,页面未说明,页面未说明,1．自动化设备的电气系统设计、自动化控制系统的开发、运动模拟；2．完成所负责项目的PLC程序、人机界面及自动化生产线的设计开发及调试工作；3．配合机械工程师完成生产线的电控设计调试，配合供应商完成其他设备的联机实现全自动化工作；4．预研与创新开发，做好与机械工程师的设计协调工作，完成产品迭代升级工作；5．自动化设备的选型及现场调试、产品培训等工作；,1. 本科及以上学历，电气自动化、自动化控制、机电一体化等相关专业；2. 3年以上电气工程师岗位工作经验，熟悉自动化产线工作原理；3．熟悉电气设计的基本原理，可熟练运用电气制图软件（电气图、控制流程图）；4．熟悉PLC编程、运动控制系统、机器人控制、各设备间的联机通讯等；5．具有良好的人际沟通能力，能接受短期国外出差；6．有非标自动化、机器视觉等项目研发设计经验者优先,页面未说明,direct_detail,true,high,https://www.cdzhengxi.com/about/joininfo/10.html,https://www.cdzhengxi.com/about/join.html,是,true,A类·企业官方,2026-09-30,2026-09-30,公开招聘中,是,2026-09-30,,A
CD0350|成都正西智能装备集团股份有限公司|自动化机械工程师|成都,CD0350,634,成都正西智能装备集团股份有限公司,是,A,智能制造与装备,自动化机械工程师,成都,工作地点 ：成都,四川省,成都市,青白江区,成都,page_title,研发,社会招聘,页面未说明,页面未说明,1年以上,本科学历,页面未说明,页面未说明,1. 负责非标自动化设备、自动化线体、机器人集成系统等的机械设计；2. 完成相关图纸绘制、设计数据的输出；机械相关零部件的选型、采购清单的编制与输出；3. 负责设备装配和调试过程的技术服务工作；4. 负责配合项目组的方案与效果图绘制工作；5. 非标产品设计开发和现有设备及产品的改进设计；6. 熟练使用SOLIDWORKS，AUTO CAD等相关设计软件,1. 熟练使用SOLIDWORKS，AUTO CAD等相关设计软件；熟悉电气、气动元件，能对电机、气缸、阀类、导轨滑台丝杆等元器件独立并熟练的应用及选型；2.动手能力强，有较强的团队意识。3.本科学历，35岁以内，有自动化非标设备设计经验1年以上。,页面未说明,direct_detail,true,high,https://www.cdzhengxi.com/about/joininfo/5.html,https://www.cdzhengxi.com/about/join.html,是,true,A类·企业官方,2026-09-30,2026-09-30,公开招聘中,是,2026-09-30,,A
CD0350|成都正西智能装备集团股份有限公司|自动化项目经理|成都,CD0350,635,成都正西智能装备集团股份有限公司,是,A,智能制造与装备,自动化项目经理,成都,工作地点 ：成都,四川省,成都市,青白江区,成都,page_title,管理,社会招聘,页面未说明,页面未说明,3年以上自动化项目管理经验,本科及以上,页面未说明,页面未说明,1、与销售或客户对接需求，整理技术方案与成本核算，配合完成招投标与计划对接。2、负责新产品研发和订单项目管理，对项目的进度，质量，成本及交付结果负责。3、负责与项目组及相关干系人进行沟通，主动协调解决项目实施过程中遇到的风险、管理、协作等问题。4、及时识别、处理或上报项目风险。5、对跨部门、跨地域、跨企业项目团队的建设及管理负责。6、供应商交付管理，实现预算和进度的承诺。7、跟进各阶段试产物料齐套结果。8、协助项目管理部建设和优化项目管理流程和模板。,1、3年以上自动化项目管理经验，本科及以上学历，智能车间建设、自动化产线等相关专业，有PMP证书优先，智能车间建设行业经验优先。2、具有项目开发流程管理经验，了解模压或锻造相关工艺优先。3、熟悉项目管理知识体系，项目管理相关工具和模板。4、有责任心和内驱力，执行力强。5、具备良好计划、沟通、协调、逻辑分析和解决问题能力。6、英语4级及以上。,页面未说明,direct_detail,true,high,https://www.cdzhengxi.com/about/joininfo/4.html,https://www.cdzhengxi.com/about/join.html,是,true,A类·企业官方,2026-09-30,2026-09-30,公开招聘中,是,2026-09-30,,A
CD0350|成都正西智能装备集团股份有限公司|工艺工程师|成都,CD0350,636,成都正西智能装备集团股份有限公司,是,A,智能制造与装备,工艺工程师,成都,工作地点 ：成都,四川省,成都市,青白江区,成都,page_title,生产制造,社会招聘,页面未说明,页面未说明,五年以上该岗位工作经验,大专及以上,页面未说明,页面未说明,1、制定产品生产工艺，进行产品工艺导入；2、运用工业工程知识进行工艺分析，培训及生产过程中的问题改善；3、针对复杂工艺问题，能够利用相关工具或资源分析产生原因，并制定的合理解决方案；4、分析客户质量问题，并制定改进措施及执行；5、根据要求修改工艺条件和质量控制方法；6、编制产品工艺文件，制定材料消耗工艺定额；7、了解业内新技术、新设备动向、创新；,1、年龄28-45岁，大专及以上学历，机械设计、机械设计制造及自动化、材料、自动化等相关专业毕业；2、五年以上该岗位工作经验；3、熟练掌握机械加工的基础知识和熟练掌握Solidworks或CAD等机械制图软件；4、具备一定的设备或者产品工装设计工作经验；5、具有丰富液压机生产制造管理经验和实践经验优先；,页面未说明,direct_detail,true,high,https://www.cdzhengxi.com/about/joininfo/3.html,https://www.cdzhengxi.com/about/join.html,是,true,A类·企业官方,2026-09-30,2026-09-30,公开招聘中,是,2026-09-30,,A
CD0350|成都正西智能装备集团股份有限公司|外贸业务员|成都,CD0350,637,成都正西智能装备集团股份有限公司,是,A,智能制造与装备,外贸业务员,成都,工作地点 ：成都,四川省,成都市,青白江区,成都,page_title,市场,社会招聘,页面未说明,页面未说明,三年以上机械设备外贸销售工作经历,大专及以上,页面未说明,页面未说明,1、负责开拓国际市场，通过网络营销方式及各种社交软件进行业务推广，增加产品曝光率，获取业务机会；2、外贸订单的洽谈、签约及跟踪管理，目标客户资料的整理，定期分析、反馈和妥善沟通；3、负责跟进公司出货安排，及时处理日常客户往来英文邮件，做好产品信息编辑或报价；4、开发新客户，维护老客户；5、外贸业务相关资料的整理和归档；,1、35岁以下，大专及以上学历，市场营销、国际贸易、商务英语类相关专业；2、熟悉国际贸易相关知识，能熟练使用各种跨境电商平台，有三年以上机械设备外贸销售工作经历；3、英语四级以上，熟练的外语听说读写能力，能与国外客户无障碍交流；4、具备较好的沟通、协调、执行能力，工作踏实认真，应对快捷敏锐，责任心强；,页面未说明,direct_detail,true,high,https://www.cdzhengxi.com/about/joininfo/11.html,https://www.cdzhengxi.com/about/join.html,是,true,A类·企业官方,2026-09-30,2026-09-30,公开招聘中,是,2026-09-30,,A
CD0350|成都正西智能装备集团股份有限公司|网站运营|成都,CD0350,638,成都正西智能装备集团股份有限公司,是,A,智能制造与装备,网站运营,成都,工作地点 ：成都,四川省,成都市,青白江区,成都,page_title,市场,社会招聘,页面未说明,页面未说明,页面未说明,大专及以上,页面未说明,页面未说明,1．网站运营：负责集团相关网站的维护和管理，确保网站排名，信息流推广。2．市场推广：负责网站的推广和营销工作，包括SEO优化、SEM广告投放、社交媒体营销等。3．数据分析：负责对网站数据进行监控、分析和挖掘，提供数据支持和决策参考。4．品牌推广：制定品牌推广策略，提升品牌知名度和影响力。5．技术支持：负责网站的技术代码开发、维护和更新。6．竞争情报：关注竞争对手的动态，分析市场趋势，制定应对策略。,1．大专及以上学历，新闻、编辑、中文等相关专业背景优先；2．熟悉多种网络推广手段，具备在点评网站、问答平台等营销产品的经验；3．了解网站运行和维护知识，熟练使用展业制作软件和搜索引擎。,页面未说明,direct_detail,true,high,https://www.cdzhengxi.com/about/joininfo/12.html,https://www.cdzhengxi.com/about/join.html,是,true,A类·企业官方,2026-09-30,2026-09-30,公开招聘中,是,2026-09-30,,A
CD0350|成都正西智能装备集团股份有限公司|俄语翻译|成都,CD0350,639,成都正西智能装备集团股份有限公司,是,A,智能制造与装备,俄语翻译,成都,工作地点 ：成都,四川省,成都市,青白江区,成都,page_title,职能支持,社会招聘,页面未说明,页面未说明,页面未说明,页面未说明,页面未说明,页面未说明,1.负责相关产品资料的文件翻译，协助公司的产品销售，市场拓展等；2.维护客户关系；3.参加商务、技术类的会议，口译（中俄）；4.参与对内对外联络协调工作，口译（中俄）、记录；5. 随项目现场工程师巡查、口译（中俄）；6.负责完成部门下达的工作任务，定期参加小组及公司的专业培训。,1.俄语专业；并且具有销售能力和销售经验；2.通过专业等级八级考试，口语卓越者可放宽；3.有机械类翻译经验者优先，熟悉液压机械等各专业的专业词汇；4.沟通协调能力及组织能力良好；5.了解俄罗斯文化，熟悉俄罗斯风俗礼仪。,页面未说明,direct_detail,true,high,https://www.cdzhengxi.com/about/joininfo/14.html,https://www.cdzhengxi.com/about/join.html,是,true,A类·企业官方,2026-09-30,2026-09-30,公开招聘中,是,2026-09-30,,A
CD0350|成都正西智能装备集团股份有限公司|管道工|成都,CD0350,640,成都正西智能装备集团股份有限公司,是,A,智能制造与装备,管道工,成都,工作地点 ：成都,四川省,成都市,青白江区,成都,page_title,生产,社会招聘,页面未说明,页面未说明,一年以上高压油管制作经验,页面未说明,页面未说明,页面未说明,1、操作设备，按要求制作管路；2、对制作的管路在回装和试机时自检，保证外观美观，无泄露；3、充分利用原材料，增加材料利用率；4、对设备定期保养，维护；5、管理原材料，保证原材料整齐规范；6、保证材料无呆滞，清楚原料使用情况，原料不足提前上报。,1、服从车间工作安排，有一年以上高压油管制作经验，熟练操作折弯管机、扩口机，预紧机，压管机；2、具备管路制作中弯曲长度计算能力；3、遵守公司的规章制度，认真履行工作职责，服从上级领导安排；4、安全意识强，有较强沟通、协调能力；5、定期对设备保养维护，确保设备正常运行。,页面未说明,direct_detail,true,high,https://www.cdzhengxi.com/about/joininfo/13.html,https://www.cdzhengxi.com/about/join.html,是,true,A类·企业官方,2026-09-30,2026-09-30,公开招聘中,是,2026-09-30,,A
CD0358|成都英思嘉半导体技术有限公司|模拟设计工程师|成都,CD0358,641,成都英思嘉半导体技术有限公司,是,A,半导体与集成电路,模拟设计工程师,成都,工作地点 成都,四川省,成都市,高新区,成都,page_title,研发,社会招聘,页面未说明,10-15k（页面同时标注「薪资面议」）,3年以上,研究生或以上,页面未说明,页面未说明,1. 参与产品定义，以及产品可行性评估，必要时访问客户以确保产品定义的准确性；2. 按时高质量完成产品设计，协调其他设计或版图工程师，参与关键电路的版图工作；3. 负责协助产品的调试和测试验证工作，必要时负责产品debug和改版工作；4. 负责撰写产品设计过程中的相关技术文档，总结技术专题与同事分享，对技术创新申请专利等工作,1. 微电子与半导体，集成电路相关专业研究生或以上学历；2. 有模拟芯片设计或模拟电路模块经验，高频（PLL方向或者射频模拟方向）优先；3. 有团队合作精神，具有良好的沟通能力；4. 接受应届毕业生，有经验者优先,页面未说明,listing_page,false,not_available,http://insiga.com/a/zhaopinzhongxin/,http://insiga.com/a/zhaopinzhongxin/,是,true,A类·企业官方,2026-09-30,2026-09-30,公开招聘中,是,2026-09-30,,A
CD0362|成都频岢微电子有限公司|射频芯片研发工程师|成都,CD0362,642,成都频岢微电子有限公司,是,A,半导体与集成电路,射频芯片研发工程师,成都,工作地点： 成都,四川省,成都市,郫都区,成都,page_title,研发,社会招聘,页面未说明,页面未说明（原文仅写「面谈」）,1-3年,本科,1-3,招聘人数：1-3人,1、射频电路（RFIC）模块的设计开发，包含并不限于以下电路：a、Switch、LNA等射频电路及模块；b、基于IPD工艺的Filter、Duplexer和封装等电磁场仿真设计；2、负责射频电路及模块的测试验证及实验室调试；3、负责RF器件和电路版图设计及后仿真和封装仿真验证；4、负责射频模块的可靠性测试及分析；5、参与RF器件的建模及材料设计。,1、具有扎实的集成电路设计理论基础，熟悉IC设计流程；2、熟练使用ADS、HFSS、Cadence等电磁和电路仿真设计工具；3、具有成功量产，或者成功流片经验者优先考虑；4、较强的版图设计经验和电路测试分析能力；5、突出的动手和主动学习能力，半导体物理、电路与系统、微电子、电磁场与微波技术等相关专业本科及以上学历，一年及以上工作经验；6、良好的沟通/团队协作能力；7、能够使用常用测试仪器进行电路的测试；8、英语听说读写良好，CET-6及以上；9、掌握RFCMOS、RFSOI及GaAs HBT/pHEMT的设计及调试方法。,页面未说明,direct_detail,true,high,http://www.pinnaclemicrowave.com/job/jobshow.aspx?id=10,http://www.pinnaclemicrowave.com/job/job.aspx,是,true,A类·企业官方,2026-09-30,2026-09-30,公开招聘中,是,2026-09-30,,A
CD0362|成都频岢微电子有限公司|滤波器研发工程师|成都,CD0362,643,成都频岢微电子有限公司,是,A,半导体与集成电路,滤波器研发工程师,成都,工作地点： 成都,四川省,成都市,郫都区,成都,page_title,研发,社会招聘,页面未说明,页面未说明（原文仅写「面谈」）,1-3年,本科,1-3,招聘人数：1-3人,页面列出该岗位为「滤波器研发工程师」，工作城市成都，工作年限1-3年，学历要求本科，招聘人数1-3人，薪资面谈；岗位职责与任职资格在详情页展开（页面「+ 岗位职责」折叠块内）。,页面「+ 岗位职责」折叠块内，静态抓取仅可见岗位名称与「工作城市：成都 薪资待遇：面谈 学历要求：本科 工作年限：1-3年 招聘人数：1-3人 发布日期：2023-01-03」。,页面未说明,direct_detail,true,high,http://www.pinnaclemicrowave.com/job/jobshow.aspx?id=12,http://www.pinnaclemicrowave.com/job/job.aspx,是,true,A类·企业官方,2026-09-30,2026-09-30,页面存在但状态不明确,待人工复核,2026-09-30,详情页职责/要求为折叠块，静态不可见全文；发布日期为2023-01-03，未标关闭，状态按不明确处理,A
CD0362|成都频岢微电子有限公司|版图工程师|成都,CD0362,644,成都频岢微电子有限公司,是,A,半导体与集成电路,版图工程师,成都,工作地点： 成都,四川省,成都市,郫都区,成都,page_title,研发,社会招聘,页面未说明,页面未说明（原文仅写「面谈」）,1-3年,本科,1-3,招聘人数：1-3人,1.协同设计人员完成芯片级版图设计与绘制；2.熟悉版图规则，对晶圆级版图进行各项检查；3.文档总结编写及归档；4.与流片厂进行沟通。,1.本科及以上学历；2.熟练使用ADS、Cadence等版图绘制软件；3.1年以上版图绘绘制经验；,页面未说明,direct_detail,true,high,http://www.pinnaclemicrowave.com/job/jobshow.aspx?id=9,http://www.pinnaclemicrowave.com/job/job.aspx,是,true,A类·企业官方,2026-09-30,2026-09-30,公开招聘中,是,2026-09-30,,A
CD0362|成都频岢微电子有限公司|项目经理|成都,CD0362,645,成都频岢微电子有限公司,是,A,半导体与集成电路,项目经理,成都,工作地点： 成都,四川省,成都市,郫都区,成都,page_title,管理,社会招聘,页面未说明,页面未说明（原文仅写「面谈」）,1-3年,本科,1-3,招聘人数：1-3人,1、根据公司战略、市场需求、工艺可行性等，进行项目立项；2、根据IPD流程，对项目进行分解，制订项目计划；3、组织销售、供应链、中试、研发等多部门通力合作，对项目的质量、成本、计划进行管控；4、负责项目生命周期中九大领域的工作；5、跟踪研发阶段、小批量阶段及头三批量产阶段的进度，有风险及时上报；6、制订科学合理的设计开发流程及项目管理规范；7、对项目成败负责；,1、本科及以上学历，微电子类/电子工程相关专业，年龄30-40岁；2、有5年以上半导体企业研发项目管理经验；3、英文听说读写良好；4、对半导体行业及市场较为敏感且有商业意识；5、有较强的多任务并行工作能力；6、对项目管理方法，工具和系统有深刻的理解；7、出色的沟通，协作和人际交往能力；8、好奇心、毅力和自信，清晰和独立思考能力，执行力强。,页面未说明,direct_detail,true,high,http://www.pinnaclemicrowave.com/job/jobshow.aspx?id=11,http://www.pinnaclemicrowave.com/job/job.aspx,是,true,A类·企业官方,2026-09-30,2026-09-30,公开招聘中,是,2026-09-30,,A
CD0367|成都鼎桥通信技术有限公司|2026-客户经理-西部|成都,CD0367,646,成都鼎桥通信技术有限公司,是,A,通信与网络设备,2026-客户经理-西部,成都,四川省·成都市,四川省,成都市,,成都,page_title,市场,社会招聘,页面未说明,页面未说明（原文写「面议」）,3年以上相关行业销售经验,本科及以上,3,在招3人,1､负责行业无线､物联网､行业定制终端等产品解决方案在政府行业的商务､销售工作 2､积极拓展客户，深度挖掘需求，拓展销售业务 3､实时关注市场动态，熟悉市场及行业现状 4､定期拜访目标客户，识别客户需求，为客户提供匹配的解决方案及销售服务 5､配合完成相关市场宣传，协助市场活动，建立行业口碑 6､识别项目､合同风险，确保合规，按照要求完成收入目标,"1､本科及以上学历,3年以上相关行业销售经验,有中大型项目操盘经验；2､具备较好的行业洞察能力及行业资源,具备丰富行业销售经验,对行业采购流程､项目审批节点､客户决策组织结构有清晰认识。",页面未说明,listing_page,false,not_available,https://td-tech.zhiye.com/jobs,https://td-tech.zhiye.com/jobs,是,true,A类·企业官方,2026-09-30,2026-09-30,公开招聘中,是,2026-09-30,,A
CD0367|成都鼎桥通信技术有限公司|2026-渠道经理|成都,CD0367,647,成都鼎桥通信技术有限公司,是,A,通信与网络设备,2026-渠道经理,成都,四川省·成都市,四川省,成都市,,成都,page_title,市场,社会招聘,页面未说明,页面未说明（原文写「面议」）,页面未说明,页面未说明,1,在招1人,"理解公司战略目标和销售策略,主导区域或行业生态洞察,制定合作伙伴地图,业务规划设计。负责区域/代表处头部合作伙伴关系拓展,能独立拓展销售伙伴,执行日常拓展支持。主导区域能力规划,制定伙伴能力地图,组织伙伴赋能工作。负责区域/代表处伙伴政策适配､执行,及运营管理工作。合作伙伴氛围建设和业务合规管理。","1､熟练掌握合作伙伴(渠道)销售核心职能模块内容及具备实操经验；2､具有良好的客户沟通能力,能够识别与伙伴成功合作的关键要素；3､通信行业B端项目运作经验：懂项目运作,理解客户需求,有能力进行伙伴价值评估；4､参与洞察行业趋势和技术发展,提出本行业或相关产品领域销售策略(含渠道政策)建议。",页面未说明,listing_page,false,not_available,https://td-tech.zhiye.com/jobs,https://td-tech.zhiye.com/jobs,是,true,A类·企业官方,2026-09-30,2026-09-30,公开招聘中,是,2026-09-30,,A
CD0367|成都鼎桥通信技术有限公司|2026-信创专家|成都,CD0367,648,成都鼎桥通信技术有限公司,是,A,通信与网络设备,2026-信创专家,成都,"四川省·成都市,上海市",四川省,成都市,,成都,page_title,技术,社会招聘,页面未说明,页面未说明（原文写「面议」）,5年以上IT架构或迁移经验，3年以上信创项目实操经验,本科及以上,1,在招1人,"负责客户信创体系顶层规划与政策落地,支撑政企､金融､央国企等客户的信创替代项目可研､初设与方案编制。主导信创全栈技术选型与适配迁移,涵盖国产CPU(鲲鹏/飞腾/海光/龙芯)､OS(麒麟/统信UOS)､数据库等核心组件。负责应用系统迁移改造,包括代码适配､SQL优化､数据迁移与兼容性调试。统筹信创项目全生命周期管理。","本科及以上学历,计算机､软件工程､信息安全､电子信息等相关专业;5年以上IT架构或迁移经验,3年以上信创项目实操经验,有大型信创替代项目完整落地经历。精通国产化全栈生态。",页面未说明,listing_page,false,not_available,https://td-tech.zhiye.com/jobs,https://td-tech.zhiye.com/jobs,是,true,A类·企业官方,2026-09-30,2026-09-30,公开招聘中,是,2026-09-30,该岗位工作地同时含上海，本条按其中的成都收录,A
CD0367|成都鼎桥通信技术有限公司|2026-行业代表(GTM)-模组|成都,CD0367,649,成都鼎桥通信技术有限公司,是,A,通信与网络设备,2026-行业代表(GTM)-模组,成都,"四川省·成都市,北京市·朝阳区",四川省,成都市,,成都,page_title,市场,社会招聘,页面未说明,页面未说明（原文写「面议」）,6年以上的模组市场经验,页面未说明,1,在招1人,"1､行业产品策略输出：面向持续经营,对产业的扩展负责；2､重点项目支撑：参与重大标杆项目,指导项目作战；3､战略新机会孵化：具备较高敏感性,能抓住商业机会,实现0-1机会孵化；4､战场复盘知识收割；5､细分行业的成功的第一责任人,具备与对应领域CXO的对话能力；","1､6年以上的模组市场经验,熟悉模组市场并且拥有有丰富的销售经验,能独立开拓市场并且有千万级以上的成功经验；2､对电力､消费MBB､IPC等行业有深入理解；3､具备丰富的行业资源,能与关键领域的CXO对话；4､具备较好的写作能力及逻辑化思维能力；",页面未说明,listing_page,false,not_available,https://td-tech.zhiye.com/jobs,https://td-tech.zhiye.com/jobs,是,true,A类·企业官方,2026-09-30,2026-09-30,公开招聘中,是,2026-09-30,该岗位工作地同时含北京，本条按其中的成都收录,A
CD0367|成都鼎桥通信技术有限公司|2026-海外指挥中心解决方案专家|成都,CD0367,650,成都鼎桥通信技术有限公司,是,A,通信与网络设备,2026-海外指挥中心解决方案专家,成都,"四川省·成都市,香港特别行政区,北京市,上海市",四川省,成都市,,成都,page_title,技术,社会招聘,页面未说明,页面未说明（原文写「面议」）,10年以上,研究生及以上,1,在招1人,"1､负责海外指挥中心解决方案的整体规划､创新和产品管理工作；2､负责海外公共安全行业的战略客户沟通引导,顶层规划,支撑与客户的联合创新,业务变革的规划设计与落地；3､负责在重要论坛､展会作为首席专家构建产业生态,发表演讲,与生态伙伴共同发布解决方案。","1､研究生及以上学历,计算机或者软件相关专业；2､在公安行业/政府行业甲方或乙方具备10年以上的工作经验,熟悉公安/政府的业务场景､业务流程､组织设置､管理要求､法律法规､安全和业务架构；3､有与客户VP/Director层级人员的对话､交流方案､引导方案的经验和能力；4､积极跟进AI发展；5､独立承担或作为核心专家参与过至少2个中大型公共安全指挥中心的整体项目方案引导。",页面未说明,listing_page,false,not_available,https://td-tech.zhiye.com/jobs,https://td-tech.zhiye.com/jobs,是,true,A类·企业官方,2026-09-30,2026-09-30,公开招聘中,是,2026-09-30,该岗位工作地含多地，本条按其中的成都收录,A
CD0367|成都鼎桥通信技术有限公司|【2026春招】相控阵算法工程师|成都,CD0367,651,成都鼎桥通信技术有限公司,是,A,通信与网络设备,【2026春招】相控阵算法工程师,成都,四川省·成都市,四川省,成都市,,成都,page_title,算法,校园招聘,页面未说明,页面未说明（原文写「面议」）,页面未说明,博士,若干,若干,"1､根据项目需求､公司的相关规范,完成所负责模块的设计､开发工作；2､分析并解决软件开发､测试､部署､使用过程中的问题；3､参与撰写产品需求､总体设计､概要设计､详细设计等相关技术文档。",无线通信､电子､天线､计算机等相关专业博士学历；精通无线通信原理､相控阵天线､卫星通信､数字信号处理基础理论､信息论与编码等相关理论知识；掌握用MATLAB､C/C++或其他编程语言实现算法设计和仿真等工作；熟悉无线通信相关的技术､协议和行业应用；有良好沟通技巧和团队合作心态。,页面未说明,listing_page,false,not_available,https://td-tech.zhiye.com/jobs,https://td-tech.zhiye.com/jobs,是,true,A类·企业官方,2026-09-30,2026-09-30,公开招聘中,是,2026-09-30,,A
CD0367|成都鼎桥通信技术有限公司|【27届暑期实习】测试实习生|成都,CD0367,652,成都鼎桥通信技术有限公司,是,A,通信与网络设备,【27届暑期实习】测试实习生,成都,四川省·成都市,四川省,成都市,,成都,page_title,测试,实习,页面未说明,页面未说明（原文写「面议」）,页面未说明,本科及以上,若干,若干,"1.参与通信终端的功能､接口､稳定性､兼容性测试；2.执行测试用例,复现问题,提交并跟踪 BUG,推动问题闭环；3.协助测试环境搭建､日志抓取､问题定位与简单数据分析；4.配合完成版本验证､回归测试､测试报告整理与输出；5.参与终端设备与通信协议､网络､系统联调测试；","1.2027 届本科及以上学历,计算机 / 电子信息 / 通信工程 / 自动化等相关专业；2.了解软件测试基础流程,会写测试用例､提交缺陷报告；3.对终端设备､嵌入式系统､鸿蒙 / Linux､通信网络有学习兴趣；4.细心严谨,逻辑清晰,具备良好问题意识,可稳定实习3个月以上。",页面未说明,listing_page,false,not_available,https://td-tech.zhiye.com/jobs,https://td-tech.zhiye.com/jobs,是,true,A类·企业官方,2026-09-30,2026-09-30,公开招聘中,是,2026-09-30,,A
CD0355|成都环龙智能机器人有限公司|电气工程师|成都,CD0355,653,成都环龙智能机器人有限公司,是,A,智能制造与装备,电气工程师,成都,四川省成都市龙泉驿区,四川省,成都市,龙泉驿区,成都,page_title,研发,社会招聘,页面未说明,页面未说明,页面未说明,页面未说明,2,页面未说明,官网人才招聘页列出「电气工程师」，发布单位标注为成都环龙智能机器人有限公司，地点四川省成都市龙泉驿区；岗位职责与任职要求未在列表页展开。,页面未说明（列表页仅显示职位名称与地点）,页面未说明,listing_page,false,not_available,https://www.cdhljqr.com/p-recruit.html,https://www.cdhljqr.com/p-recruit.html,是,true,A类·企业官方,2026-09-30,2026-09-30,页面存在但状态不明确,待人工复核,2026-09-30,,A
CD0355|成都环龙智能机器人有限公司|机械工程师|成都,CD0355,654,成都环龙智能机器人有限公司,是,A,智能制造与装备,机械工程师,成都,四川省成都市龙泉驿区,四川省,成都市,龙泉驿区,成都,page_title,研发,社会招聘,页面未说明,页面未说明,页面未说明,页面未说明,页面未说明,页面未说明,官网人才招聘页列出「机械工程师」，地点四川省成都市龙泉驿区；岗位职责与任职要求未在列表页展开。,页面未说明（列表页仅显示职位名称与地点）,页面未说明,listing_page,false,not_available,https://www.cdhljqr.com/p-recruit.html,https://www.cdhljqr.com/p-recruit.html,是,true,A类·企业官方,2026-09-30,2026-09-30,页面存在但状态不明确,待人工复核,2026-09-30,,A
CD0355|成都环龙智能机器人有限公司|系统规划工程师|成都,CD0355,655,成都环龙智能机器人有限公司,是,A,智能制造与装备,系统规划工程师,成都,四川省成都市龙泉驿区,四川省,成都市,龙泉驿区,成都,page_title,研发,社会招聘,页面未说明,页面未说明,页面未说明,页面未说明,页面未说明,页面未说明,官网人才招聘页列出「系统规划工程师」，地点四川省成都市龙泉驿区；岗位职责与任职要求未在列表页展开。,页面未说明（列表页仅显示职位名称与地点）,页面未说明,listing_page,false,not_available,https://www.cdhljqr.com/p-recruit.html,https://www.cdhljqr.com/p-recruit.html,是,true,A类·企业官方,2026-09-30,2026-09-30,页面存在但状态不明确,待人工复核,2026-09-30,,A
CD0355|成都环龙智能机器人有限公司|调试工程师|成都,CD0355,656,成都环龙智能机器人有限公司,是,A,智能制造与装备,调试工程师,成都,四川省成都市邛崃市（详情页原文：上班时间：邛崃市新中泰硅元智能制造产业基地）,四川省,成都市,龙泉驿区,成都,page_title,技术,社会招聘,页面未说明,6000元-10000元,页面未说明,页面未说明,2,招聘人数： 2名,"1.负责工业机器人系统的安装及调试工作。2.负责相关应用程序的参数,联动调试完整系统。3.负责客户现场工业机器人日常故障的排除技术支持。4､熟悉了解机器人搬运､点焊､弧焊､螺柱焊､滚边､涂胶等机器人应用工艺。",页面未说明,早九晚五，周末双休,listing_page,false,not_available,https://www.cdhljqr.com/p-recruit.html,https://www.cdhljqr.com/p-recruit.html,是,true,A类·企业官方,2026-09-30,2026-09-30,公开招聘中,是,2026-09-30,,A
CD0355|成都环龙智能机器人有限公司|电工|成都,CD0355,657,成都环龙智能机器人有限公司,是,A,智能制造与装备,电工,成都,四川省成都市邛崃市,四川省,成都市,龙泉驿区,成都,page_title,生产,社会招聘,页面未说明,页面未说明,页面未说明,页面未说明,页面未说明,页面未说明,官网人才招聘页列出「电工」，地点四川省成都市邛崃市；岗位职责与任职要求未在列表页展开。,页面未说明（列表页仅显示职位名称与地点）,页面未说明,listing_page,false,not_available,https://www.cdhljqr.com/p-recruit.html,https://www.cdhljqr.com/p-recruit.html,是,true,A类·企业官方,2026-09-30,2026-09-30,页面存在但状态不明确,待人工复核,2026-09-30,,A
CD0355|成都环龙智能机器人有限公司|钳工|成都,CD0355,658,成都环龙智能机器人有限公司,是,A,智能制造与装备,钳工,成都,四川省成都市邛崃市,四川省,成都市,龙泉驿区,成都,page_title,生产,社会招聘,页面未说明,页面未说明,页面未说明,页面未说明,页面未说明,页面未说明,官网人才招聘页列出「钳工」，地点四川省成都市邛崃市；岗位职责与任职要求未在列表页展开。,页面未说明（列表页仅显示职位名称与地点）,页面未说明,listing_page,false,not_available,https://www.cdhljqr.com/p-recruit.html,https://www.cdhljqr.com/p-recruit.html,是,true,A类·企业官方,2026-09-30,2026-09-30,页面存在但状态不明确,待人工复核,2026-09-30,,A
CD0355|成都环龙智能机器人有限公司|项目管理|成都,CD0355,659,成都环龙智能机器人有限公司,是,A,智能制造与装备,项目管理,成都,四川省成都市邛崃市,四川省,成都市,龙泉驿区,成都,page_title,管理,社会招聘,页面未说明,页面未说明,页面未说明,页面未说明,页面未说明,页面未说明,官网人才招聘页列出「项目管理」，地点四川省成都市邛崃市；岗位职责与任职要求未在列表页展开。,页面未说明（列表页仅显示职位名称与地点）,页面未说明,listing_page,false,not_available,https://www.cdhljqr.com/p-recruit.html,https://www.cdhljqr.com/p-recruit.html,是,true,A类·企业官方,2026-09-30,2026-09-30,页面存在但状态不明确,待人工复核,2026-09-30,,A
CD0354|成都泰格微波技术股份有限公司|FPGA工程师|成都,CD0354,660,成都泰格微波技术股份有限公司,是,A,电子信息制造,FPGA工程师,成都,"公司地址：成都市, 郫都区, 新文路18号",四川省,成都市,郫都区,成都,page_title,研发,社会招聘,页面未说明,页面未说明,页面未说明,页面未说明,2,2名 FPGA工程师,官网人才招聘页「FPGA工程师」条目的岗位说明未展开，页面直接列出任职要求要点：熟练掌握verilog、VHDL硬件开发语言；熟练掌握ISE、VIVADO等开发环境；熟练应用ISE、VIVADO环境下的chipscope；具有较强的动手能力，有一定的硬件开发能力；熟悉DXP、cadence中某款开发软件；为人和善、责任心强、团队合作意识强。,1、熟练掌握verilog、VHDL硬件开发语言；2、熟练掌握ISE、VIVADO等开发环境；3、熟练应用ISE、VIVADO环境下的chipscope；4、具有较强的动手能力，有一定的硬件开发能力；5、熟悉DXP、cadence中某款开发软件；6、为人和善、责任心强、团队合作意识强。,页面未说明,listing_page,false,not_available,http://www.tiger-mw.com/cn/contact/15.html,http://www.tiger-mw.com/cn/contact/15.html,是,true,A类·企业官方,2026-09-30,2026-09-30,公开招聘中,是,2026-09-30,,A
CD0354|成都泰格微波技术股份有限公司|射频微波工程师|成都,CD0354,661,成都泰格微波技术股份有限公司,是,A,电子信息制造,射频微波工程师,成都,"公司地址：成都市, 郫都区, 新文路18号",四川省,成都市,郫都区,成都,page_title,研发,社会招聘,页面未说明,页面未说明,页面未说明,本科以上,10,10名 射频微波工程师,1. 负责微波有源器件、组件、功放等新产品开发设计和产品技术改良；2. 负责所承担科研项目资料的规范化编写和归档；3. 负责解决销售合同履行过程中和售后维护中的技术问题；4. 负责组织产品开发难点分析；5. 协助工艺部门完善产品制造工艺，实现新产品转入生产。,1. 电磁场与微波、微电子、电子工程类本科以上学历；2. 有接收机、频率源、PIN控制器件、移相器、TR组件等产品项目经验；3. 熟悉微波设计仿真软件、电路设计软件与结构设计软件，英语四级以上；4. 良好的团队合作精神及技术学习和攻关能力。,页面未说明,listing_page,false,not_available,http://www.tiger-mw.com/cn/contact/15.html,http://www.tiger-mw.com/cn/contact/15.html,是,true,A类·企业官方,2026-09-30,2026-09-30,公开招聘中,是,2026-09-30,,A
CD0354|成都泰格微波技术股份有限公司|无源射频工程师|成都,CD0354,662,成都泰格微波技术股份有限公司,是,A,电子信息制造,无源射频工程师,成都,"公司地址：成都市, 郫都区, 新文路18号",四川省,成都市,郫都区,成都,page_title,研发,社会招聘,页面未说明,页面未说明,页面未说明,本科及以上,10,10名 无源射频工程师,1、负责微波无源新产品开发设计和产品技术改良；2、负责所承担科研项目资料的规范化编写和归档；3、负责解决销售合同履行过程中和售后维护中的技术问题；4、负责组织产品开发难点分析；5、协助工艺部门完善产品制造工艺，实现新产品转入生产。,1、电磁场与无线技术、电子信息工程、电波传播与天线、电子科学与技术、微电子学、电子工程类本科及以上学历；2、有功分器、耦合器等器件或组件等项目经验优先；3、熟练微波设计仿真软件、电路设计软件，英语四级以上；4、良好的团队合作精神及技术学习和攻关能力。,页面未说明,listing_page,false,not_available,http://www.tiger-mw.com/cn/contact/15.html,http://www.tiger-mw.com/cn/contact/15.html,是,true,A类·企业官方,2026-09-30,2026-09-30,公开招聘中,是,2026-09-30,,A
CD0354|成都泰格微波技术股份有限公司|信号处理工程师(含无线通信)|成都,CD0354,663,成都泰格微波技术股份有限公司,是,A,电子信息制造,信号处理工程师(含无线通信),成都,"公司地址：成都市, 郫都区, 新文路18号",四川省,成都市,郫都区,成都,page_title,算法,社会招聘,页面未说明,页面未说明,页面未说明,页面未说明,10,10名 信号处理工程师(含无线通信),1.参与雷达总体方案设计，负责雷达数字信号处理算法仿真；2.与硬件工程师协调，负责算法的嵌入式实现，并参与系统调试；3.撰写相应的算法原理和软件设计文档。,1.熟悉雷达信息处理算法：脉冲压缩、动目标检测、测距、测角、测速等；2.掌握MATLAB和C语言等仿真测试工具，熟悉雷达信号的数学模型及算法仿真；3.熟悉DSP/FPGA程序的设计与试。,页面未说明,listing_page,false,not_available,http://www.tiger-mw.com/cn/contact/15.html,http://www.tiger-mw.com/cn/contact/15.html,是,true,A类·企业官方,2026-09-30,2026-09-30,公开招聘中,是,2026-09-30,,A
CD0354|成都泰格微波技术股份有限公司|工艺工程师|成都,CD0354,664,成都泰格微波技术股份有限公司,是,A,电子信息制造,工艺工程师,成都,"公司地址：成都市, 郫都区, 新文路18号",四川省,成都市,郫都区,成都,page_title,生产制造,社会招聘,页面未说明,页面未说明,三年以上相关工作经验,大学专科以上,10,10名 工艺工程师,1、参与设计试制工作，提供新产品可生产性建议；2、编制产品的工艺文件（工艺流程、作业指导书、质量控制点、工艺记录卡等）及设计简单的工装夹具，监督小批量生产试制；3、对通用或专用工艺文件进行维护与优化，针对生产中出现的新问题进行分析，及时修订或发布工艺规程；4、对员工进行工艺操作培训；5、学习及引进新材料与新工艺；6、制定及检查工艺纪律。,1、大学专科以上学历，电子、机械相关专业，三年以上相关工作经验；2、能熟练运用AutoCAD、Protel等软件；3、熟悉手工焊接、微封装工艺。,页面未说明,listing_page,false,not_available,http://www.tiger-mw.com/cn/contact/15.html,http://www.tiger-mw.com/cn/contact/15.html,是,true,A类·企业官方,2026-09-30,2026-09-30,公开招聘中,是,2026-09-30,,A
CD0354|成都泰格微波技术股份有限公司|客户经理|成都,CD0354,665,成都泰格微波技术股份有限公司,是,A,电子信息制造,客户经理,成都,"公司地址：成都市, 郫都区, 新文路18号",四川省,成都市,郫都区,成都,page_title,市场,社会招聘,页面未说明,页面未说明,页面未说明,页面未说明,3,3名 客户经理,1、负责收集军品客户市场信息以及市场开拓、维系和管理；定期拜访客户，挖掘客户需求；2、负责客户相关的招投标、产品交付等事项的统筹协调跟踪；3、有较强的学习能力，对于公司的市场策略和技术部门的产品方案能自主学习并落实执行；4、有对于新项目新产品的市场推广能力，并能完成相关的市场调研；5、定期、准确向上级提交公司要求的市场相关数据和信息。,1、电子类相关专业；2、形象气质佳，良好的计划、执行、协调和人际沟通能力，具备团队意识；3、有丰富的军工行业销售经验，能够承受工作压力，接受出差；4、取得驾照并能熟练驾驶。,页面未说明,listing_page,false,not_available,http://www.tiger-mw.com/cn/contact/15.html,http://www.tiger-mw.com/cn/contact/15.html,是,true,A类·企业官方,2026-09-30,2026-09-30,公开招聘中,是,2026-09-30,,A
CD0342|成都市汉桐集成技术股份有限公司|芯片研发工程师|成都,CD0342,666,成都市汉桐集成技术股份有限公司,是,A,半导体与集成电路,芯片研发工程师,成都,工作地点 成都,四川省,成都市,高新区,成都,page_title,研发,社会招聘,页面未说明,15K-30K,1-3年,211、985本科及以上学历,10,招聘人数 10,1、根据项目要求完成模拟芯片的开发设计工作 2、参与晶圆流片、芯片测试验证等相关技术工作 3、拟制芯片各类归档文件、测试报告及分析报告；4、协助解决生产过程中，设计芯片出现的相关质量问题,1、基本资格：211、985本科及以上学历，微电子技术、集成电路与半导体等相关专业，1-3年以上相关工作经验 2、具备扎实的微电子及半导体物理理论基础 3、熟悉模拟芯片的设计开发流程，能独立完成芯片设计开发 4、具备芯片故障分析能力 5、具备良好的沟通能力，团队合作精神,1､行业领先的薪资待遇，能力优异者待遇从优 2､五险一金及补充商业保险，带薪年假 3､年度员工福利体检,direct_detail,true,high,https://www.chinarint.com/jobs/show?job_id=7,https://www.chinarint.com/jobs/,是,true,A类·企业官方,2026-09-30,2026-09-30,公开招聘中,是,2026-09-30,,A
CD0342|成都市汉桐集成技术股份有限公司|机械工程师|成都,CD0342,667,成都市汉桐集成技术股份有限公司,是,A,半导体与集成电路,机械工程师,成都,工作地点 成都,四川省,成都市,高新区,成都,page_title,研发,社会招聘,页面未说明,1万-2万·14薪,页面未说明,本科,8,招聘人数 8,页面职位详情列出「机械工程师」，所属部门生产部，工作地点成都，职位待遇1万-2万·14薪，招聘人数8；详细岗位职责在详情页「详细要求」栏内。,页面「详细要求」栏内（静态抓取未完整返回该岗位的详细要求全文）,1､行业领先的薪资待遇，能力优异者待遇从优 2､五险一金及补充商业保险，带薪年假 3､年度员工福利体检,direct_detail,true,high,https://www.chinarint.com/jobs/show?job_id=6,https://www.chinarint.com/jobs/,是,true,A类·企业官方,2026-09-30,2026-09-30,页面存在但状态不明确,待人工复核,2026-09-30,详情页「详细要求」正文静态抓取未完整返回，故职责/要求摘录不完整,A
CD0342|成都市汉桐集成技术股份有限公司|电子元器件销售工程师|成都,CD0342,668,成都市汉桐集成技术股份有限公司,是,A,半导体与集成电路,电子元器件销售工程师,成都,工作地点 成都，西安等能接受外派,四川省,成都市,高新区,成都,page_title,市场,社会招聘,页面未说明,8K-16K,1-3年,大专以上学历,5,招聘人数 5,1.负责公司产品的销售推广工作，开拓新市场，发展新客户，扩大产品销售范围。2.根据市场营销计划，完成销售指标。3.负责市场信息的收集及竞争对手的分析。4.管理维护客户关系，培养并建立长期战略合作伙伴，推进电子元器件全国产化事业。,1.22-35岁，大专以上学历。2.具备较强的学习能力和优秀的沟通能力。3.热爱生活，有较强上进心和挑战精神。4.反应敏捷､具备一定的分析及判断能力，良好的客户服务意识､具有亲和力。5.有军工单位相关销售工作经验者､电子类专业优先。,1､行业领先的薪资待遇，能力优异者待遇从优 2､五险一金及补充商业保险，带薪年假 3､年度员工福利体检,direct_detail,true,high,https://www.chinarint.com/jobs/show?job_id=5,https://www.chinarint.com/jobs/,是,true,A类·企业官方,2026-09-30,2026-09-30,公开招聘中,是,2026-09-30,,A
CD0342|成都市汉桐集成技术股份有限公司|工艺技术主管工程师（半导体封装）|成都,CD0342,669,成都市汉桐集成技术股份有限公司,是,A,半导体与集成电路,工艺技术主管工程师（半导体封装）,成都,工作地点 成都,四川省,成都市,高新区,成都,page_title,技术,社会招聘,页面未说明,2万-2.5万·15薪,5-10年,本科及以上,2,招聘人数 2,1、负责组织技术人员开展封装工艺技术开发及产线Die bond，wire bond工序的工艺技术改进工作；2、负责工艺技术管理及技术团队建设工作，组织产线工艺技术人员解决产线工艺及质量问题，维持生产工艺稳定，提升良品率；3、负责组织开展新产品工艺导入、调试优化工艺参数和设备参数，验证新工艺，实施工艺过程控制；4、处理客户投诉，进行质量问题的分析解决，提供8D调查报告相关技术方面内容；指导培训操作人员。,1、本科以上学历，8年以上在半导体封装行业工作的经验；2、担任过半导体封装工艺工程师职务，熟悉封装前道工序wirebond，die bond工艺，熟悉K&S（ICONN）、ASM等全自动wirebond，die bond设备；3、参加过质量问题分析工作，工艺提升工作，良品率提升工作，能够解决产线异常，提出工艺优化及质量问题解决方案，落实改进措施。,1､行业领先的薪资待遇，能力优异者待遇从优 2､五险一金及补充商业保险，带薪年假 3､年度员工福利体检,direct_detail,true,high,https://www.chinarint.com/jobs/show?job_id=4,https://www.chinarint.com/jobs/,是,true,A类·企业官方,2026-09-30,2026-09-30,公开招聘中,是,2026-09-30,,A
CD0324|四川锦欣西囡妇女儿童医院|耳鼻喉科医生|成都,CD0324,670,四川锦欣西囡妇女儿童医院,是,A,其他,耳鼻喉科医生,成都,成都市锦江区静秀路66号（医院官网「医院简介」页原文：四川锦欣西囡妇女儿童医院静秀院区座落于成都市锦江区静秀路66号）,四川省,成都市,锦江区,成都,page_title,医疗,社会招聘,页面未说明,页面未说明（原文仅写「基本工资+绩效+福利+年休假+五险一金」）,页面未说明,本科及以上,5,招聘人数 5人,页面未说明（详情页仅列任职资格与岗位待遇）,1、学历要求：本科及以上 ; 职称：初级及以上; 2、专业要求：临床医学相关专业; 3、基本条件：具有良好的政治素质和道德品行，遵守国家法律、法规，具有良好的医德医风，品行端正;具有履行岗位职责所需的身体素质和工作能力; 4、熟悉耳鼻喉科手术、小儿耳鼻喉科优先考虑;,基本工资+绩效+福利+年休假+五险一金,direct_detail,true,high,https://www.cdjjfy.com/zhaopin/zhiwei/20230724/270.html,https://www.cdjjfy.com/zhaopin/,是,true,A类·企业官方,2026-09-30,2026-09-30,页面存在但状态不明确,待人工复核,2026-09-30,详情页未写明工作城市，工作地依据同域名官网医院简介所列办公地址,A
CD0324|四川锦欣西囡妇女儿童医院|儿科门诊医生（神经、消化）|成都,CD0324,671,四川锦欣西囡妇女儿童医院,是,A,其他,儿科门诊医生（神经、消化）,成都,成都市锦江区静秀路66号（医院官网「医院简介」页原文）,四川省,成都市,锦江区,成都,page_title,医疗,社会招聘,页面未说明,页面未说明,页面未说明,页面未说明,1,[诚聘] 儿科门诊医生（神经、消化） 招聘人数：1人,页面未说明（仅列表页可见职位名与人数，未逐条打开详情页）,页面未说明,页面未说明,listing_page,false,not_available,https://www.cdjjfy.com/zhaopin/,https://www.cdjjfy.com/zhaopin/,是,true,A类·企业官方,2026-09-30,2026-09-30,页面存在但状态不明确,待人工复核,2026-09-30,详情页未逐条打开核验，故按列表页信息填报，url_type 记为 listing_page,A
CD0324|四川锦欣西囡妇女儿童医院|眼科学科带头人|成都,CD0324,672,四川锦欣西囡妇女儿童医院,是,A,其他,眼科学科带头人,成都,成都市锦江区静秀路66号（医院官网「医院简介」页原文）,四川省,成都市,锦江区,成都,page_title,医疗,社会招聘,页面未说明,页面未说明,页面未说明,页面未说明,1,[诚聘] 眼科学科带头人 招聘人数：1人,页面未说明（仅列表页可见职位名与人数，未逐条打开详情页）,页面未说明,页面未说明,listing_page,false,not_available,https://www.cdjjfy.com/zhaopin/,https://www.cdjjfy.com/zhaopin/,是,true,A类·企业官方,2026-09-30,2026-09-30,页面存在但状态不明确,待人工复核,2026-09-30,详情页未逐条打开核验，url_type 记为 listing_page,A
CD0324|四川锦欣西囡妇女儿童医院|儿科学科带头人|成都,CD0324,673,四川锦欣西囡妇女儿童医院,是,A,其他,儿科学科带头人,成都,成都市锦江区静秀路66号（医院官网「医院简介」页原文）,四川省,成都市,锦江区,成都,page_title,医疗,社会招聘,页面未说明,页面未说明,页面未说明,页面未说明,1,[诚聘] 儿科学科带头人 招聘人数：1人,页面未说明,页面未说明,页面未说明,listing_page,false,not_available,https://www.cdjjfy.com/zhaopin/,https://www.cdjjfy.com/zhaopin/,是,true,A类·企业官方,2026-09-30,2026-09-30,页面存在但状态不明确,待人工复核,2026-09-30,详情页未逐条打开核验，url_type 记为 listing_page,A
CD0324|四川锦欣西囡妇女儿童医院|超声科医生|成都,CD0324,674,四川锦欣西囡妇女儿童医院,是,A,其他,超声科医生,成都,成都市锦江区静秀路66号（医院官网「医院简介」页原文）,四川省,成都市,锦江区,成都,page_title,医疗,社会招聘,页面未说明,页面未说明,页面未说明,页面未说明,1,[诚聘] 超声科医生 招聘人数：1人,页面未说明,页面未说明,页面未说明,listing_page,false,not_available,https://www.cdjjfy.com/zhaopin/,https://www.cdjjfy.com/zhaopin/,是,true,A类·企业官方,2026-09-30,2026-09-30,页面存在但状态不明确,待人工复核,2026-09-30,详情页未逐条打开核验，url_type 记为 listing_page,A
CD0324|四川锦欣西囡妇女儿童医院|产科住院医生|成都,CD0324,675,四川锦欣西囡妇女儿童医院,是,A,其他,产科住院医生,成都,成都市锦江区静秀路66号（医院官网「医院简介」页原文）,四川省,成都市,锦江区,成都,page_title,医疗,社会招聘,页面未说明,页面未说明,页面未说明,页面未说明,2,[诚聘] 产科住院医生 招聘人数：2人,页面未说明,页面未说明,页面未说明,listing_page,false,not_available,https://www.cdjjfy.com/zhaopin/,https://www.cdjjfy.com/zhaopin/,是,true,A类·企业官方,2026-09-30,2026-09-30,页面存在但状态不明确,待人工复核,2026-09-30,详情页未逐条打开核验，url_type 记为 listing_page,A
CD0324|四川锦欣西囡妇女儿童医院|皮肤科医生|成都,CD0324,676,四川锦欣西囡妇女儿童医院,是,A,其他,皮肤科医生,成都,成都市锦江区静秀路66号（医院官网「医院简介」页原文）,四川省,成都市,锦江区,成都,page_title,医疗,社会招聘,页面未说明,页面未说明,页面未说明,页面未说明,1,[诚聘] 皮肤科医生 招聘人数：1人,页面未说明,页面未说明,页面未说明,listing_page,false,not_available,https://www.cdjjfy.com/zhaopin/,https://www.cdjjfy.com/zhaopin/,是,true,A类·企业官方,2026-09-30,2026-09-30,页面存在但状态不明确,待人工复核,2026-09-30,详情页未逐条打开核验，url_type 记为 listing_page,A
CD0324|四川锦欣西囡妇女儿童医院|放射科技师（中级）|成都,CD0324,677,四川锦欣西囡妇女儿童医院,是,A,其他,放射科技师（中级）,成都,成都市锦江区静秀路66号（医院官网「医院简介」页原文）,四川省,成都市,锦江区,成都,page_title,医疗,社会招聘,页面未说明,页面未说明,页面未说明,页面未说明,1,[诚聘] 放射科技师（中级） 招聘人数：1人,页面未说明,页面未说明,页面未说明,listing_page,false,not_available,https://www.cdjjfy.com/zhaopin/,https://www.cdjjfy.com/zhaopin/,是,true,A类·企业官方,2026-09-30,2026-09-30,页面存在但状态不明确,待人工复核,2026-09-30,详情页未逐条打开核验，url_type 记为 listing_page,A
CD0313|四川大学华西医院|医师（病理科）|页面未说明,CD0313,678,四川大学华西医院,是,A,其他,医师（病理科）,页面未说明,页面未说明（招聘启事原文仅写「所属部门/科室：病理科」「与四川大学华西医院签订劳动合同」，未写明城市）,,,,页面未说明,not_available,医疗,社会招聘,页面未说明,页面未说明,须有三级甲等综合性医院工作经验,硕士研究生及以上,2,现面向社会公开招聘工作人员2名,（二）全职满负荷从事病理科/病理教研室医疗、教学、科研工作；（三）承担科室安排的管理工作，如科室的住院总、医疗秘书、教学秘书等工作；（五）服从科室及医院的工作安排和调度（包括各个分院区和托管医院派驻）,（一）硕士研究生及以上学历，须取得住院医师规范化培训证书和病理医师中级及以上职称；（二）年龄40岁以下；（三）须有三级甲等综合性医院工作经验；（四）可独立签发大体标本及活检标本病理报告,页面未说明,direct_detail,true,high,https://www.wchscu.cn/public/notice/recruit/98906.html,https://hxhr.cd120.com/recruit/index.html,是,true,A类·企业官方,2026-09-30,2026-09-30,页面存在但状态不明确,待人工复核,2026-09-30,招聘平台该职位标注为「本院」，与华西厦门医院等外院岗位区分；启事原文未出现「成都」二字，故工作地按页面未说明处理,A
CD0313|四川大学华西医院|护理岗|成都,CD0313,679,四川大学华西医院,是,A,其他,护理岗,成都,四川省成都市国学巷37号（公告「联系方式」栏原文：通讯地址：四川省成都市国学巷37号）,四川省,成都市,,成都,page_title,医疗,社会招聘,页面未说明,页面未说明,妇产儿专业优先、有三级甲等医院临床护理工作经验者优先,护理专业（含助产）本科及以上,若干,招聘平台职位列表原文：护理岗 护理部 招聘人数：若干人,（一）遵守医院、科室各项规章制度，开展临床护理工作，保障护理安全；（二）落实责任制整体护理，执行给药治疗、病情观察、生活护理、健康教育、沟通交流、康复指导及专科护理；（三）规范完成护理文书、电子病历记录；（七）服从医院科室调配，培训后可胜任调配科室（如手术室）工作及应急任务,（一）持有教育行政主管部门认可的护理专业（含助产）本科及以上学历；（二）年龄不超过35岁，即1991年1月1日及以后出生；（三）已取得护士执业资格证书或护士执业资格考试成绩合格证明（截止至2026年7月1日）；（四）妇产儿专业优先、有三级甲等医院临床护理工作经验者优先,页面未说明,direct_detail,true,high,https://yjs.cd120.com/contents/428/8076.html,https://hxhr.cd120.com/recruit/index.html,是,true,A类·企业官方,2026-09-30,2026-09-30,页面存在但状态不明确,待人工复核,2026-09-30,公告报名截止2026年9月30日18:00（核验日为2026-09-30），页面未见「已关闭/已截止」字样，故状态记为页面存在但状态不明确,A
CD0346|成都新希望金融科技有限公司|业务增长岗(J10130)|页面未说明,CD0346,680,成都新希望金融科技有限公司,是,A,金融科技,业务增长岗(J10130),页面未说明,页面未说明（ATS 列表页未展示工作地点字段）,,,,页面未说明,not_available,市场,社会招聘,页面未说明,页面未说明,页面未说明,页面未说明,页面未说明,页面未说明,页面未说明（列表页仅展示职位名与发布日期，未展开详情）,页面未说明,页面未说明,listing_page,false,not_available,https://xwfintech.zhiye.com/social/jobs,https://xwfintech.zhiye.com/social/jobs,是,true,A类·企业官方,2026-09-30,2026-09-30,页面存在但状态不明确,待人工复核,2026-09-30,企业专属ATS，列表页未展示工作地点/薪资/人数，均按页面未说明处理,A
CD0346|成都新希望金融科技有限公司|Java开发工程师(J10098)|页面未说明,CD0346,681,成都新希望金融科技有限公司,是,A,金融科技,Java开发工程师(J10098),页面未说明,页面未说明（ATS 列表页未展示工作地点字段）,,,,页面未说明,not_available,技术,社会招聘,页面未说明,页面未说明,页面未说明,页面未说明,页面未说明,页面未说明,页面未说明,页面未说明,页面未说明,listing_page,false,not_available,https://xwfintech.zhiye.com/social/jobs,https://xwfintech.zhiye.com/social/jobs,是,true,A类·企业官方,2026-09-30,2026-09-30,页面存在但状态不明确,待人工复核,2026-09-30,企业专属ATS，列表页未展示工作地点/薪资/人数,A
CD0346|成都新希望金融科技有限公司|产品经理(J10104)|页面未说明,CD0346,682,成都新希望金融科技有限公司,是,A,金融科技,产品经理(J10104),页面未说明,页面未说明（ATS 列表页未展示工作地点字段）,,,,页面未说明,not_available,产品,社会招聘,页面未说明,页面未说明,页面未说明,页面未说明,页面未说明,页面未说明,页面未说明,页面未说明,页面未说明,listing_page,false,not_available,https://xwfintech.zhiye.com/social/jobs,https://xwfintech.zhiye.com/social/jobs,是,true,A类·企业官方,2026-09-30,2026-09-30,页面存在但状态不明确,待人工复核,2026-09-30,企业专属ATS，列表页未展示工作地点/薪资/人数,A
CD0346|成都新希望金融科技有限公司|高级Java开发（财富方向）(J10115)|页面未说明,CD0346,683,成都新希望金融科技有限公司,是,A,金融科技,高级Java开发（财富方向）(J10115),页面未说明,页面未说明（ATS 列表页未展示工作地点字段）,,,,页面未说明,not_available,技术,社会招聘,页面未说明,页面未说明,页面未说明,页面未说明,页面未说明,页面未说明,页面未说明,页面未说明,页面未说明,listing_page,false,not_available,https://xwfintech.zhiye.com/social/jobs,https://xwfintech.zhiye.com/social/jobs,是,true,A类·企业官方,2026-09-30,2026-09-30,页面存在但状态不明确,待人工复核,2026-09-30,企业专属ATS，列表页未展示工作地点/薪资/人数,A
CD0346|成都新希望金融科技有限公司|测试工程师(J10112)|页面未说明,CD0346,684,成都新希望金融科技有限公司,是,A,金融科技,测试工程师(J10112),页面未说明,页面未说明（ATS 列表页未展示工作地点字段）,,,,页面未说明,not_available,测试,社会招聘,页面未说明,页面未说明,页面未说明,页面未说明,页面未说明,页面未说明,页面未说明,页面未说明,页面未说明,listing_page,false,not_available,https://xwfintech.zhiye.com/social/jobs,https://xwfintech.zhiye.com/social/jobs,是,true,A类·企业官方,2026-09-30,2026-09-30,页面存在但状态不明确,待人工复核,2026-09-30,企业专属ATS，列表页未展示工作地点/薪资/人数,A
CD0349|成都欣捷高新技术开发股份有限公司|质量研究员|成都,CD0349,685,成都欣捷高新技术开发股份有限公司,是,A,生物医药,质量研究员,成都,工作地点：高新区,四川省,成都市,高新区,成都,page_title,研发,社会招聘,页面未说明,8000-12000,3年以上,本科,2,招聘人数：2,1.负责承担项目的样品质量检测工作；2.负责所承担研究项目的原始记录填写；3.负责承担项目的稳定性研究工作；7.负责承担项目的分析方法开发、验证和质量标准的起草工作,1. 药学及药物分析相关专业，本科学历及以上学历。2. 从事药品质量研究3年以上相关工作经验；3. 能熟练操作HPLC色谱仪、溶出仪、渗透压摩尔浓度测定仪等常用仪器,五险一金、加班补助、带薪年假、补充医疗保险、定期体检、员工旅游、节日福利、周末双休,listing_page,false,not_available,https://www.tianfulifesciencepark.com/News/Detail?id=2680,https://www.tianfulifesciencepark.com/News/Detail?id=2680,是,true,A类·企业官方,2026-09-30,2026-09-30,页面存在但状态不明确,待人工复核,2026-09-30,来源为天府生命科技园官网发布的园区企业招聘信息；招聘推文发布日期2024-07-15，页面未见关闭字样,C
CD0349|成都欣捷高新技术开发股份有限公司|药物警戒|成都,CD0349,686,成都欣捷高新技术开发股份有限公司,是,A,生物医药,药物警戒,成都,工作地点：高新区,四川省,成都市,高新区,成都,page_title,其他,社会招聘,页面未说明,7000-12000,3年以上,本科,1,招聘人数：1,1.负责各种来源的药品不良反应的复核、规整与上报；2.及时接收、审查和处理上市前后来药物安全性报告；5.负责药品安全信息的检索，确保递交流程符合现行法规,1.本科以上学历，药学、医学、临床药学、流行病学、生物统计学等相关专业; 2.3年以上工作经验，中级职称优先；3.药品不良反应监测或药物警戒工作经验者优先,五险一金、加班补助、带薪年假、补充医疗保险、定期体检、员工旅游、节日福利、周末双休,listing_page,false,not_available,https://www.tianfulifesciencepark.com/News/Detail?id=2680,https://www.tianfulifesciencepark.com/News/Detail?id=2680,是,true,A类·企业官方,2026-09-30,2026-09-30,页面存在但状态不明确,待人工复核,2026-09-30,同页面统一标注的职位福利,C
CD0349|成都欣捷高新技术开发股份有限公司|上市QA|成都,CD0349,687,成都欣捷高新技术开发股份有限公司,是,A,生物医药,上市QA,成都,工作地点：高新区,四川省,成都市,高新区,成都,page_title,其他,社会招聘,页面未说明,5000-8000,2年以上,大专,1,招聘人数：1,1.负责上市MAH产品在受托生产企业生产时的现场监控及记录审核；2.负责受托生产企业MAH上市产品相关的公用系统及设备验证进行确认；5.参与MAH上市产品的退货审核及放行审核,1.具有药学或药学相关专业专科以上学历（或中级专业技术职称或执业药师资格）；2.从事药品生产或质量管理3年以上工作经验，至少1年药厂生产管理经验；3.熟悉注射剂生产工艺及各工序关键质量控制点,五险一金、加班补助、带薪年假、补充医疗保险、定期体检、员工旅游、节日福利、周末双休,listing_page,false,not_available,https://www.tianfulifesciencepark.com/News/Detail?id=2680,https://www.tianfulifesciencepark.com/News/Detail?id=2680,是,true,A类·企业官方,2026-09-30,2026-09-30,页面存在但状态不明确,待人工复核,2026-09-30,同页面统一标注的职位福利,C
CD0349|成都欣捷高新技术开发股份有限公司|QC|成都,CD0349,688,成都欣捷高新技术开发股份有限公司,是,A,生物医药,QC,成都,工作地点：高新区,四川省,成都市,高新区,成都,page_title,其他,社会招聘,页面未说明,6000-7000,2年以上,大专,2,招聘人数：2,1.负责上市产品稳定性考察样品检验；2.负责CRO公司检验方法的转移；3.负责协助药检所老师进行上市前的标准复核；5.参与产品相关偏差、OOS/OOT的调查,1.具有药学或药学相关专业专科以上学历；2.至少1年实验室操作经验，具有注射剂和固体制剂检验经验；3.有能够熟练操作检验相关的实验仪器（液相、溶出仪等）,五险一金、加班补助、带薪年假、补充医疗保险、定期体检、员工旅游、节日福利、周末双休,listing_page,false,not_available,https://www.tianfulifesciencepark.com/News/Detail?id=2680,https://www.tianfulifesciencepark.com/News/Detail?id=2680,是,true,A类·企业官方,2026-09-30,2026-09-30,页面存在但状态不明确,待人工复核,2026-09-30,同页面统一标注的职位福利,C
CD0349|成都欣捷高新技术开发股份有限公司|生产技术员|成都,CD0349,689,成都欣捷高新技术开发股份有限公司,是,A,生物医药,生产技术员,成都,工作地点：高新区,四川省,成都市,高新区,成都,page_title,生产,社会招聘,页面未说明,5000-8000,3年以上,本科,1,招聘人数：1,1.负责上市产品生产计划协调和生产组织；2.负责上市产品信息传递和沟通；3.负责上市产品原辅料采购计划的制定和实施；4.负责上市产品批记录的审核和现场监控,1. 药学相关专业，本科以上学历；2.制药行业3年以上生产或质量管理经验，至少有1年生产现场管理或现场QA经验,五险一金、加班补助、带薪年假、补充医疗保险、定期体检、员工旅游、节日福利、周末双休,listing_page,false,not_available,https://www.tianfulifesciencepark.com/News/Detail?id=2680,https://www.tianfulifesciencepark.com/News/Detail?id=2680,是,true,A类·企业官方,2026-09-30,2026-09-30,页面存在但状态不明确,待人工复核,2026-09-30,同页面统一标注的职位福利,C
CD0349|成都欣捷高新技术开发股份有限公司|工艺技术员|成都,CD0349,690,成都欣捷高新技术开发股份有限公司,是,A,生物医药,工艺技术员,成都,工作地点：高新区,四川省,成都市,高新区,成都,page_title,生产,社会招聘,页面未说明,5000-10000,3年以上,本科,2,招聘人数：2,1.负责研发品种产前沟通，工艺交流；2.负责研发品种物料计划及准备；3.负责研发品种计划跟进和推进；4.负责研发现场的管理和监控；7.负责协调受托企业生产计划并实施,1. 本科学历以上，药学相关专业；2. 3年及以上药品生产企业工作经验，至少1年生产现场管理和验证经验；3. 熟悉生产现场管理及GMP；4. 熟悉新产品技术转移,五险一金、加班补助、带薪年假、补充医疗保险、定期体检、员工旅游、节日福利、周末双休,listing_page,false,not_available,https://www.tianfulifesciencepark.com/News/Detail?id=2680,https://www.tianfulifesciencepark.com/News/Detail?id=2680,是,true,A类·企业官方,2026-09-30,2026-09-30,页面存在但状态不明确,待人工复核,2026-09-30,同页面统一标注的职位福利,C
CD0333|成都分迪科技有限公司|猎药人|页面未说明,CD0333,691,成都分迪科技有限公司,是,A,生物医药,猎药人,页面未说明,页面未说明（园区招聘专栏未写明该企业岗位的上班地点）,,,,页面未说明,not_available,研发,社会招聘,页面未说明,页面未说明,药物化学、计算化学相关领域的博士学位并有1年以上工作经验，或硕士及5年以上计算化学工作经验,博士（或硕士+5年以上经验）,页面未说明,页面未说明,1.将前沿科技分子建模等计算化学技术应用于药物发现，独立完成项目调研并整合资源主导项目推进；2.与合作企业药物化学家、计算化学家等紧密合作，提供前沿技术、药物发现、设计解决方案支持,1.药物化学、计算化学相关领域的博士学位并有1年以上工作经验，或硕士及5年以上计算化学工作经验；2.熟练使用分子建模软件等计算化学方法；10.拥有药化项目，发现确定项目先导化合物、优化和筛选出临床前候选化合物（PCC）的成功经验者优先,页面未说明,listing_page,false,not_available,https://www.tianfulifesciencepark.com/News/Detail?id=2716,https://www.tianfulifesciencepark.com/News/Detail?id=2716,是,true,A类·企业官方,2026-09-30,2026-09-30,页面存在但状态不明确,待人工复核,2026-09-30,报名方式为扫码添加微信，无独立职位详情页；页面未写明上班地点与薪资,C
CD0372|特科罗生物科技（成都）有限公司|生物技术研究员|页面未说明,CD0372,692,特科罗生物科技（成都）有限公司,是,A,生物医药,生物技术研究员,页面未说明,页面未说明（园区招聘专栏未写明该岗位上班地点）,,,,页面未说明,not_available,研发,社会招聘,页面未说明,6K-8K/月，14薪，有能力者薪资可议,有新药研发领域工作经历者优先，但不是必需的,页面未说明,2-3,生物技术研究员（2-3人）,1、生命科学相关专业毕业，具备扎实的细胞和分子生物学知识；2、熟悉基础的细胞和分子生物学技术，具备动物模型经验者优先考虑；4、具备建立具备一定通量的生化和细胞学测试的能力,专业要求：生命科学相关专业；职位类型：实习/社招/校招；能够独立工作，具备良好的沟通能力，善于与团队合作,页面未说明,listing_page,false,not_available,https://www.cdbtgroup.com/newsinfo/833659172342988800.html,https://www.cdbtgroup.com/newsinfo/833659172342988800.html,是,true,A类·企业官方,2026-09-30,2026-09-30,页面存在但状态不明确,待人工复核,2026-09-30,招聘推文发布日期2024-04-17，页面未见关闭字样；联系方式为邮箱 yuanyuan.guo@tkskin.com,C
CD0327|展鸢生物科技（成都）有限公司|科研助理|页面未说明,CD0327,693,展鸢生物科技（成都）有限公司,是,A,生物医药,科研助理,页面未说明,页面未说明,,,,页面未说明,not_available,研发,社会招聘,页面未说明,7K-10K/月,页面未说明,硕士及以上,2,科研助理(2名）,页面未说明（页面仅列任职要求）,1、具有动物医学、基础医学、临床医学、细胞生物、分子生物学、生物化学等生物、医学、药学、生物统计相关专业硕士及以上学历；2、熟悉医学文献的检索工作，具有写作及发表生物医学类相关中文/SCI论文经验或独立撰写科研项目申报项目书经验的优先,五险一金、学历津贴、绩效奖金、带薪年假、定期体检、节日福利、周末双休,listing_page,false,not_available,https://www.cdbtgroup.com/newsinfo/833659172342988800.html,https://www.cdbtgroup.com/newsinfo/833659172342988800.html,是,true,A类·企业官方,2026-09-30,2026-09-30,页面存在但状态不明确,待人工复核,2026-09-30,页面职位类型标注「实习/社招/校招」；未写明上班地点,C
CD0327|展鸢生物科技（成都）有限公司|动物实验员|页面未说明,CD0327,694,展鸢生物科技（成都）有限公司,是,A,生物医药,动物实验员,页面未说明,页面未说明,,,,页面未说明,not_available,研发,社会招聘,页面未说明,6K-9K/月,页面未说明,本科及以上,10,动物实验员（10名）,页面未说明,1、学历和专业：动物医学相关专业本科及以上学历；2、专业知识和培训：大小鼠动物实验动物学习及实操经验者优先；3、身体健康，有责任心、学习能力强,五险一金、绩效奖金、带薪年假、定期体检、节日福利、周末双休,listing_page,false,not_available,https://www.cdbtgroup.com/newsinfo/833659172342988800.html,https://www.cdbtgroup.com/newsinfo/833659172342988800.html,是,true,A类·企业官方,2026-09-30,2026-09-30,页面存在但状态不明确,待人工复核,2026-09-30,未写明上班地点,C
CD0327|展鸢生物科技（成都）有限公司|设施设备工程师|页面未说明,CD0327,695,展鸢生物科技（成都）有限公司,是,A,生物医药,设施设备工程师,页面未说明,页面未说明,,,,页面未说明,not_available,技术,社会招聘,页面未说明,5K-9K/月,有设备项目管理、维修维护相关工作经验5年以上者可放宽至大专,本科及以上,2,设施设备工程师（2名）,页面未说明,1、本科及以上学历，机械、机电、自动化等相关专业；2、暖通系统、强弱电系统、自动化控制、纯蒸汽系统，具备二级机电建造师证优先；3、熟悉洁净工程项目中所涉及的强弱电、暖通及生物实验设备等维护保养工作经验,五险一金、绩效奖金、带薪年假、定期体检、节日福利、周末双休,listing_page,false,not_available,https://www.cdbtgroup.com/newsinfo/833659172342988800.html,https://www.cdbtgroup.com/newsinfo/833659172342988800.html,是,true,A类·企业官方,2026-09-30,2026-09-30,页面存在但状态不明确,待人工复核,2026-09-30,未写明上班地点,C
CD0327|展鸢生物科技（成都）有限公司|行政前台|页面未说明,CD0327,696,展鸢生物科技（成都）有限公司,是,A,生物医药,行政前台,页面未说明,页面未说明,,,,页面未说明,not_available,职能,社会招聘,页面未说明,4K-7K/月,页面未说明,页面未说明,1,行政前台（1名）,页面未说明,1、行政管理、酒店管理、汉语言文学专业，身高165cm以上，综合素养高；2、熟悉行政办公流程以及办公软件，有较好的文字撰写能力；4、懂基础的商务礼仪，办公室文化，卫生防疫知识及常识,五险一金、绩效奖金、带薪年假、定期体检、节日福利、周末双休,listing_page,false,not_available,https://www.cdbtgroup.com/newsinfo/833659172342988800.html,https://www.cdbtgroup.com/newsinfo/833659172342988800.html,是,true,A类·企业官方,2026-09-30,2026-09-30,页面存在但状态不明确,待人工复核,2026-09-30,未写明上班地点,C
CD0378|西点科创（成都）生物科技有限公司|实验负责人|页面未说明,CD0378,697,西点科创（成都）生物科技有限公司,是,A,医疗器械,实验负责人,页面未说明,页面未说明,,,,页面未说明,not_available,研发,社会招聘,页面未说明,8K-15K/月,页面未说明,页面未说明,2,实验负责人（2名）,1、在机构负责人领导下，全面负责本公司的动物实验管理工作；2、批准有关技术文件及实验计划，批准操作规程、作业指导书；5、召集实验技术工作会议，及时解决实验中的技术问题,专业要求：动物医学等相关专业,页面未说明,listing_page,false,not_available,https://www.cdbtgroup.com/newsinfo/833659172342988800.html,https://www.cdbtgroup.com/newsinfo/833659172342988800.html,是,true,A类·企业官方,2026-09-30,2026-09-30,页面存在但状态不明确,待人工复核,2026-09-30,未写明上班地点与福利,C
CD0378|西点科创（成都）生物科技有限公司|兽医|页面未说明,CD0378,698,西点科创（成都）生物科技有限公司,是,A,医疗器械,兽医,页面未说明,页面未说明,,,,页面未说明,not_available,医疗,社会招聘,页面未说明,5K-10K/月,页面未说明,页面未说明,2,兽医（2名）,1、建立制定动物福利、护理和管理相关的制度和医护操作规程；3、负责所有实验动物和兽医护理、检验检疫、日常诊疗工作；6、开展麻醉、术前和术后护理；预防、控制和治疗动物疾病,专业要求：动物医学等相关专业,页面未说明,listing_page,false,not_available,https://www.cdbtgroup.com/newsinfo/833659172342988800.html,https://www.cdbtgroup.com/newsinfo/833659172342988800.html,是,true,A类·企业官方,2026-09-30,2026-09-30,页面存在但状态不明确,待人工复核,2026-09-30,未写明上班地点与福利,C
CD0378|西点科创（成都）生物科技有限公司|技术员|页面未说明,CD0378,699,西点科创（成都）生物科技有限公司,是,A,医疗器械,技术员,页面未说明,页面未说明,,,,页面未说明,not_available,研发,社会招聘,页面未说明,5K-10K/月,页面未说明,页面未说明,2,技术员（2名）,1、负责与客户协调沟通实验方案及实验执行，严格按照批准的实验方案执行实验；3、进行周末节假日值班，完成动物护理；4、准确记录并核验所有实验数据，为临床前研究提供支持,专业要求：动物医学等相关专业,页面未说明,listing_page,false,not_available,https://www.cdbtgroup.com/newsinfo/833659172342988800.html,https://www.cdbtgroup.com/newsinfo/833659172342988800.html,是,true,A类·企业官方,2026-09-30,2026-09-30,页面存在但状态不明确,待人工复核,2026-09-30,未写明上班地点与福利,C
CD0359|成都药宜立康医药科技有限公司|质量分析研究员|页面未说明,CD0359,700,成都药宜立康医药科技有限公司,是,A,生物医药,质量分析研究员,页面未说明,页面未说明,,,,页面未说明,not_available,研发,社会招聘,页面未说明,7K-12K/月,具有1年以上药企质量分析方面经验,本科及以上,5,质量分析研究员（5名）,1、负责完成样品质量分析工作；2、负责完整的实验记录的撰写；3、负责分析仪器的日常维护；4、协助质量研究文件起草,1、药物分析、分析化学、药学等相关专业，本科及本科以上学历；2、熟悉掌握各种分析仪器原理及操作、维护，包括HPLC、UV、GC；4、至少参与或者主导过1个完整的原料药或者制剂项目的质量研究工作,项目奖金、五险一金、周末双休、年终奖、员工宿舍、生日、节日礼金礼品,listing_page,false,not_available,https://www.cdbtgroup.com/newsinfo/833659172342988800.html,https://www.cdbtgroup.com/newsinfo/833659172342988800.html,是,true,A类·企业官方,2026-09-30,2026-09-30,页面存在但状态不明确,待人工复核,2026-09-30,未写明上班地点,C
CD0359|成都药宜立康医药科技有限公司|质量项目负责人/项目经理|页面未说明,CD0359,701,成都药宜立康医药科技有限公司,是,A,生物医药,质量项目负责人/项目经理,页面未说明,页面未说明,,,,页面未说明,not_available,研发,社会招聘,页面未说明,13K-18K/月,具有5年以上药企质量分析方面经验,本科及以上,2,质量项目负责人/项目经理（2名）,3、负责质量研究计划/方案制订；4、负责质量研究文件起草及审核；6、负责申报资料撰写及审核；8、负责质量平台、实验室建设及管理；9、负责项目质量板块的对外沟通,4、至少主导过2个完整的原料药或者制剂项目的质量研究工作，并主导过申报资料（质量板块）的撰写；7、具有质量团队管理经验,项目奖金、五险一金、周末双休、年终奖、员工宿舍、生日、节日礼金礼品,listing_page,false,not_available,https://www.cdbtgroup.com/newsinfo/833659172342988800.html,https://www.cdbtgroup.com/newsinfo/833659172342988800.html,是,true,A类·企业官方,2026-09-30,2026-09-30,页面存在但状态不明确,待人工复核,2026-09-30,未写明上班地点,C
CD0359|成都药宜立康医药科技有限公司|制剂研究员|页面未说明,CD0359,702,成都药宜立康医药科技有限公司,是,A,生物医药,制剂研究员,页面未说明,页面未说明,,,,页面未说明,not_available,研发,社会招聘,页面未说明,7K-12K/月,具有研发制剂研究员工作经历者优先,本科及以上,3,制剂研究员（3名）,1、进行处方筛选，工艺研究和优化，中试生产和产品验证；2、撰写实验记录，检测制剂常规项目，如硬度、脆碎度、溶出度、ph等；3、撰写工艺规程及SOP相关文件,1、本科及以上学历，药物分析、分析化学等相关专业；2、熟练使用制粒机、压片机、包衣机、流化床、硬度仪、崩解仪、PH计、冻干机等相关仪器,项目奖金、五险一金、周末双休、年终奖、员工宿舍、生日、节日礼金礼品,listing_page,false,not_available,https://www.cdbtgroup.com/newsinfo/833659172342988800.html,https://www.cdbtgroup.com/newsinfo/833659172342988800.html,是,true,A类·企业官方,2026-09-30,2026-09-30,页面存在但状态不明确,待人工复核,2026-09-30,未写明上班地点,C
CD0379|通用电气医疗系统（成都）有限公司|生产线技术员|页面未说明,CD0379,703,通用电气医疗系统（成都）有限公司,是,A,医疗器械,生产线技术员,页面未说明,页面未说明（园区招聘专栏未写明该岗位上班地点）,,,,页面未说明,not_available,生产,社会招聘,页面未说明,综合月薪5K-8K,2年以上技术工作经验,生产、工程或与技术相关本科学历,1,生产线技术员（1名）,1、检测生产装配和子装配过程，确保正确操作，符合操作规定；2、与其他相关部门协调，确保材料和信息流程的有序性；9、遵守 EHS 法规和方针。参加必需的培训计划,1、2年以上技术工作经验; 生产、工程或与技术相关本科学历；2、熟悉总系统和子系统的故障检修，掌握故障排除技术；5、能够在有限的指导下出色完成任务,各类补贴、商业医疗保险、带薪年假、五险一金、长期服务奖、年度体检、人才公寓名额,listing_page,false,not_available,https://www.cdbtgroup.com/newsinfo/833659172342988800.html,https://www.cdbtgroup.com/newsinfo/833659172342988800.html,是,true,A类·企业官方,2026-09-30,2026-09-30,页面存在但状态不明确,待人工复核,2026-09-30,页面联系方式为外包服务商邮箱，非岗位详情页；未写明上班地点,C
CD0360|成都迈科康生物科技股份有限公司|纯化主管|页面未说明,CD0360,704,成都迈科康生物科技股份有限公司,是,A,生物医药,纯化主管,页面未说明,页面未说明（该岗位页面未写明工作地）,,,,页面未说明,not_available,研发,社会招聘,页面未说明,15K-25K/月,3年以上制药企业研发经验,本科及以上,页面未说明,页面未说明,1、作为部门内单独项目纯化方面的责任人，制定项目开发策略及计划；3、完成工作总结及汇报，完成工艺开发过程中的各方案制定、撰写及执行；5、能独立负责原核、真核等产品的纯化工艺开发及放大,1、生物/药学相关专业本科及以上学历，3年以上制药企业研发经验，有人用疫苗产品或重组生物制品研发经验优先；4、熟悉各种纯化相关设备，如全自动层析系统、超滤、纳滤、膜过滤等,五险一金、餐饮补贴、专业培训、绩效奖金、年终奖金、定期体检、周末双休,listing_page,false,not_available,https://www.cdbtgroup.com/newsinfo/879377927207124992.html,https://www.cdbtgroup.com/newsinfo/879377927207124992.html,是,true,A类·企业官方,2026-09-30,2026-09-30,页面存在但状态不明确,待人工复核,2026-09-30,招聘推文发布日期2024-08-16；该岗位未写明工作地,C
CD0360|成都迈科康生物科技股份有限公司|医学撰写高级专员|页面未说明,CD0360,705,成都迈科康生物科技股份有限公司,是,A,生物医药,医学撰写高级专员,页面未说明,页面未说明,,,,页面未说明,not_available,医疗,社会招聘,页面未说明,13K-24K/月,5年以上医学撰写工作经验（NDA）,本科及以上,页面未说明,页面未说明,2、负责临床试验方案、研究者手册、临床试验计划、临床总结报告撰写、审核和QC；7、负责作为责任MW与机构及现场研究者沟通方案设计；10、收集、整理、编写医学培训资料,1、临床医学、预防医学、药学等医学类专业本科及以上学历，5年以上医学撰写工作经验（NDA），疫苗临床项目经验优先；3、英语4级，可熟练运用英语，参与英文相关会议并撰写英文临床资料,五险一金、餐饮补贴、专业培训、绩效奖金、年终奖金、定期体检、周末双休,listing_page,false,not_available,https://www.cdbtgroup.com/newsinfo/879377927207124992.html,https://www.cdbtgroup.com/newsinfo/879377927207124992.html,是,true,A类·企业官方,2026-09-30,2026-09-30,页面存在但状态不明确,待人工复核,2026-09-30,该岗位未写明工作地,C
CD0360|成都迈科康生物科技股份有限公司|临床运营专员|页面未说明,CD0360,706,成都迈科康生物科技股份有限公司,是,A,生物医药,临床运营专员,页面未说明,页面未说明,,,,页面未说明,not_available,医疗,社会招聘,页面未说明,9K-15K/月,临床试验监查、临床试验项目管理2年以上工作经验,本科及以上,页面未说明,页面未说明,1、负责公司临床研究项目的临床运营，协助部门质量管理体系的运行及持续改进；5、组织I、II、III、Ⅳ期临床试验研究中心、研究现场、CRO、统计方等的考察筛选工作；7、协助临床试验阶段各类文件资料和报告的审核,1、临床医学、预防医学、药学、生物等医学类专业本科及以上学历；临床试验监查、临床试验项目管理2年以上工作经验；5、能适应长期出差,五险一金、餐饮补贴、专业培训、绩效奖金、年终奖金、定期体检、周末双休,listing_page,false,not_available,https://www.cdbtgroup.com/newsinfo/879377927207124992.html,https://www.cdbtgroup.com/newsinfo/879377927207124992.html,是,true,A类·企业官方,2026-09-30,2026-09-30,页面存在但状态不明确,待人工复核,2026-09-30,该岗位未写明工作地，且任职要求写明「能适应长期出差」,C
CD0360|成都迈科康生物科技股份有限公司|产品主管/专员|成都,CD0360,707,成都迈科康生物科技股份有限公司,是,A,生物医药,产品主管/专员,成都,工作地：成都、上海,四川省,成都市,,成都,page_title,市场,社会招聘,页面未说明,10K-25K/月,1年以上医药企业产品经理或其他市场相关工作经验,全日制本科及以上,页面未说明,页面未说明,1、岗位描述：在公司整体战略和市场战略的指导下，负责产品策略、市场策略和营销推广规划；3、产品策略：明确市场定位、目标客户，进行产品规划、卖点提炼和产品迭代；7、团队赋能：组织营销培训，提升团队产品知识,1、全日制本科及以上学历，生物学及其他生物制药相关专业；4、有良好的组织协调能力和沟通能力，能承受一定的工作压力，适应出差；6、工作地：成都、上海,五险一金、餐饮补贴、专业培训、绩效奖金、年终奖金、定期体检、周末双休,listing_page,false,not_available,https://www.cdbtgroup.com/newsinfo/879377927207124992.html,https://www.cdbtgroup.com/newsinfo/879377927207124992.html,是,true,A类·企业官方,2026-09-30,2026-09-30,页面存在但状态不明确,待人工复核,2026-09-30,本条是本企业4个岗位中唯一在页面写明「工作地：成都、上海」的一条,C
CD0325|复星安特金（成都）制药有限公司|LIMS管理员|页面未说明,CD0325,708,复星安特金（成都）制药有限公司,是,A,生物医药,LIMS管理员,页面未说明,页面未说明,,,,页面未说明,not_available,技术,社会招聘,页面未说明,6k-10k,有LIMS系统建设经验优先，有QC工作经验优先,本科及以上,页面未说明,页面未说明,1.了解LIMS系统，有LIMS系统建设经验优先。2.熟悉QC相关的技能和仪器设备操作，有QC工作经验优先。3.熟悉药典的相关规定，掌握新版GMP基本原则，有GMP检查经验者优先,1.生物、药学、分析化学等相关专业；2.本科及以上学历,五险一金，带薪年假，免费班车，餐费补贴，交通补贴，住宿补贴，周末双休，定期福利体检,listing_page,false,not_available,https://www.cdbtgroup.com/newsinfo/879377927207124992.html,https://www.cdbtgroup.com/newsinfo/879377927207124992.html,是,true,A类·企业官方,2026-09-30,2026-09-30,页面存在但状态不明确,待人工复核,2026-09-30,未写明上班地点,C
CD0325|复星安特金（成都）制药有限公司|QC高级工程师|页面未说明,CD0325,709,复星安特金（成都）制药有限公司,是,A,生物医药,QC高级工程师,页面未说明,页面未说明,,,,页面未说明,not_available,其他,社会招聘,页面未说明,10-15k,页面未说明,本科及以上,页面未说明,页面未说明,1.熟悉GMP相关法规，有较强的GMP意识。2.熟练掌握多种类检测方法，具备较高的检测技能。3.具有生物新药检测经验者优先,1.本科及以上学历，生物医药相关专业,五险一金，带薪年假，免费班车，餐费补贴，交通补贴，住宿补贴，周末双休，定期福利体检,listing_page,false,not_available,https://www.cdbtgroup.com/newsinfo/879377927207124992.html,https://www.cdbtgroup.com/newsinfo/879377927207124992.html,是,true,A类·企业官方,2026-09-30,2026-09-30,页面存在但状态不明确,待人工复核,2026-09-30,未写明上班地点,C
CD0325|复星安特金（成都）制药有限公司|工艺设备工程师|页面未说明,CD0325,710,复星安特金（成都）制药有限公司,是,A,生物医药,工艺设备工程师,页面未说明,页面未说明,,,,页面未说明,not_available,技术,社会招聘,页面未说明,9-15k,5年以上生物制药行业相关工作经验,本科及以上,页面未说明,页面未说明,1.5年以上生物制药行业相关工作经验。2.熟悉生物制药生产工艺设备，具备一定的设备维修使用经验。3.GMP规范，熟悉生物制药相关的法规和标准,1.生物工程、生物技术、制药工程等相关专业；2.本科及以上学历,五险一金，带薪年假，免费班车，餐费补贴，交通补贴，住宿补贴，周末双休，定期福利体检,listing_page,false,not_available,https://www.cdbtgroup.com/newsinfo/879377927207124992.html,https://www.cdbtgroup.com/newsinfo/879377927207124992.html,是,true,A类·企业官方,2026-09-30,2026-09-30,页面存在但状态不明确,待人工复核,2026-09-30,未写明上班地点,C
CD0325|复星安特金（成都）制药有限公司|弱电工程师|页面未说明,CD0325,711,复星安特金（成都）制药有限公司,是,A,生物医药,弱电工程师,页面未说明,页面未说明,,,,页面未说明,not_available,技术,社会招聘,页面未说明,9-15k,5年以上相关岗位工作经验,本科及以上,页面未说明,页面未说明,1.5年以上相关岗位工作经验，有建筑电气设计经验或弱电系统设计经验。2.有生物医药行业工程经验优先，了解洁净室的设计规范及具体做法。3.有高低压操作证,1.工业供用电、电气仪表、机电一体化或相关专业毕业。2.本科及以上学历,五险一金，带薪年假，免费班车，餐费补贴，交通补贴，住宿补贴，周末双休，定期福利体检,listing_page,false,not_available,https://www.cdbtgroup.com/newsinfo/879377927207124992.html,https://www.cdbtgroup.com/newsinfo/879377927207124992.html,是,true,A类·企业官方,2026-09-30,2026-09-30,页面存在但状态不明确,待人工复核,2026-09-30,未写明上班地点,C
CD0325|复星安特金（成都）制药有限公司|设备管理员|页面未说明,CD0325,712,复星安特金（成都）制药有限公司,是,A,生物医药,设备管理员,页面未说明,页面未说明,,,,页面未说明,not_available,技术,社会招聘,页面未说明,7-13k,5年以上生物制药行业相关工作经验,本科及以上,页面未说明,页面未说明,1.5年以上生物制药行业相关工作经验。2.熟悉生物制药生产工艺设备，具备一定的设备维修使用经验。3.GMP规范，熟悉生物制药相关的法规和标准,1.生物工程、生物技术、制药工程等相关专业。2.本科及以上学历,五险一金，带薪年假，免费班车，餐费补贴，交通补贴，住宿补贴，周末双休，定期福利体检,listing_page,false,not_available,https://www.cdbtgroup.com/newsinfo/879377927207124992.html,https://www.cdbtgroup.com/newsinfo/879377927207124992.html,是,true,A类·企业官方,2026-09-30,2026-09-30,页面存在但状态不明确,待人工复核,2026-09-30,未写明上班地点,C
CD0325|复星安特金（成都）制药有限公司|自控工程师|页面未说明,CD0325,713,复星安特金（成都）制药有限公司,是,A,生物医药,自控工程师,页面未说明,页面未说明,,,,页面未说明,not_available,技术,社会招聘,页面未说明,9-15k,5年以上自控相关工作经验,本科及以上,页面未说明,页面未说明,2.5年以上自控相关工作经验，具有电气系统预防性维修工作和故障分析经验。3.能熟练使用西门子编程软件、熟练使用CAD，熟悉BMS，EMS。熟悉疫苗企业数据管理要求的优先,1.机电、自动化等相关专业等相关专业；2.本科及以上学历,五险一金，带薪年假，免费班车，餐费补贴，交通补贴，住宿补贴，周末双休，定期福利体检,listing_page,false,not_available,https://www.cdbtgroup.com/newsinfo/879377927207124992.html,https://www.cdbtgroup.com/newsinfo/879377927207124992.html,是,true,A类·企业官方,2026-09-30,2026-09-30,页面存在但状态不明确,待人工复核,2026-09-30,未写明上班地点,C
CD0351|成都永新医疗设备有限公司|采购工程师|页面未说明,CD0351,714,成都永新医疗设备有限公司,是,A,医疗器械,采购工程师,页面未说明,页面未说明,,,,页面未说明,not_available,供应链,社会招聘,页面未说明,页面未说明（原文仅写「岗位薪资：面议」）,5年以上加工类或电子物料等采购经验,大专及以上,页面未说明,页面未说明,1.供应商的开发、引入、评价和管理；2.产品成本、采购成本的管控；3.负责物料的询价、比价、议价，与供应商签订采购合同，并跟踪订单生产进度、交货期及合同付款事宜,1.电子、机械等工科专业，大专及以上学历；2.5年以上加工类或电子物料等采购经验，具有医疗器械行业采购经验优先；3.有成本控制意识和数据统计能力,页面未说明,listing_page,false,not_available,https://www.cdbtgroup.com/newsinfo/879377927207124992.html,https://www.cdbtgroup.com/newsinfo/879377927207124992.html,是,true,A类·企业官方,2026-09-30,2026-09-30,页面存在但状态不明确,待人工复核,2026-09-30,未写明上班地点与福利；联系方式邮箱 hr@novelmedical.cn,C
CD0351|成都永新医疗设备有限公司|产品经理（核安保产品）|页面未说明,CD0351,715,成都永新医疗设备有限公司,是,A,医疗器械,产品经理（核安保产品）,页面未说明,页面未说明,,,,页面未说明,not_available,产品,社会招聘,页面未说明,页面未说明（原文仅写「岗位薪资：面议」）,5年以上设备研发项目管理经验,本科及以上,页面未说明,页面未说明,1.负责市场调研及用户需求分析；2.根据市场需求制定产品的市场策略，规划未来产品，达成产品经营目标；3.挖掘和分析用户的需求，编制用户需求规格书,1.物理、光学、电子、计算机、自动化相关专业本科及以上学历，核技术相关专业尤佳；2.5年以上设备研发项目管理经验；3.熟悉辐射监测类设备设计及产品规划,页面未说明,listing_page,false,not_available,https://www.cdbtgroup.com/newsinfo/879377927207124992.html,https://www.cdbtgroup.com/newsinfo/879377927207124992.html,是,true,A类·企业官方,2026-09-30,2026-09-30,页面存在但状态不明确,待人工复核,2026-09-30,未写明上班地点与福利,C
CD0351|成都永新医疗设备有限公司|市场部经理|页面未说明,CD0351,716,成都永新医疗设备有限公司,是,A,医疗器械,市场部经理,页面未说明,页面未说明,,,,页面未说明,not_available,管理,社会招聘,页面未说明,页面未说明（原文仅写「岗位薪资：面议」）,8年以上相关工作经验,本科及以上,页面未说明,页面未说明,1.根据公司战略目标，研究制定市场营销规划和策略，并带领团队实施；2.负责市场调研分析，掌握竞品情况；4.与销售团队紧密合作，提供市场支持，配合完成销售目标,1.医学、理工科本科及以上学历，8年以上相关工作经验；2.熟悉医学影像领域，具有大型医学影像设备行业经验；3.具有出色的市场策划和推广能力,页面未说明,listing_page,false,not_available,https://www.cdbtgroup.com/newsinfo/879377927207124992.html,https://www.cdbtgroup.com/newsinfo/879377927207124992.html,是,true,A类·企业官方,2026-09-30,2026-09-30,页面存在但状态不明确,待人工复核,2026-09-30,未写明上班地点与福利,C
CD0351|成都永新医疗设备有限公司|产品市场主管|页面未说明,CD0351,717,成都永新医疗设备有限公司,是,A,医疗器械,产品市场主管,页面未说明,页面未说明,,,,页面未说明,not_available,市场,社会招聘,页面未说明,页面未说明（原文仅写「岗位薪资：面议」）,5年以上工作经验,本科以上,页面未说明,页面未说明,1.负责产品市场销售工具的开发和维护；2.负责产品竞品信息的搜集对比，以及合格供方的开发；3.负责产品的售前技术支持，协助项目成单,1.本科以上学历，5年以上工作经验，核医学、医学影像、放射医学、生物医学工程等专业优先；2.有医疗影像行业工作经验，熟悉科室建设流程,页面未说明,listing_page,false,not_available,https://www.cdbtgroup.com/newsinfo/879377927207124992.html,https://www.cdbtgroup.com/newsinfo/879377927207124992.html,是,true,A类·企业官方,2026-09-30,2026-09-30,页面存在但状态不明确,待人工复核,2026-09-30,未写明上班地点与福利,C
CD0351|成都永新医疗设备有限公司|技术服务部经理（核医学产品）|页面未说明,CD0351,718,成都永新医疗设备有限公司,是,A,医疗器械,技术服务部经理（核医学产品）,页面未说明,页面未说明,,,,页面未说明,not_available,管理,社会招聘,页面未说明,页面未说明（原文仅写「岗位薪资：面议」）,10年以上相关工作经验,本科及以上,页面未说明,页面未说明,1.负责制定售后部门的工作任务目标及计划，并推进落实；2.建设和完善售后服务体系、流程、手册等；4.负责对本部门工程师进行技术培训和指导,1.机械、电气、电气等相关专业本科及以上学历，10年以上相关工作经验；2.熟悉大型医学影像设备的售后服务流程；3.具备大型医学影像设备的安装、调试、培训、维修能力,页面未说明,listing_page,false,not_available,https://www.cdbtgroup.com/newsinfo/879377927207124992.html,https://www.cdbtgroup.com/newsinfo/879377927207124992.html,是,true,A类·企业官方,2026-09-30,2026-09-30,页面存在但状态不明确,待人工复核,2026-09-30,未写明上班地点与福利,C
CD0351|成都永新医疗设备有限公司|软件开发工程师|页面未说明,CD0351,719,成都永新医疗设备有限公司,是,A,医疗器械,软件开发工程师,页面未说明,页面未说明,,,,页面未说明,not_available,技术,社会招聘,页面未说明,页面未说明（原文仅写「岗位薪资：面议」）,5年以上相关工作经验,本科及以上,页面未说明,页面未说明,1.负责需求调研、整理和分析，并形成软件子系统的设计需求和软件需求规格说明文档；2.负责软件设计方案的研发；3.负责与软/硬件接口方案沟通、确定、设计、开发和调试,1.计算机相关专业本科及以上学历，5年以上相关工作经验；2.熟悉C#、C/C++开发语言，有Windows开发经验；3.具有医疗软件、图形图像、三维重建相关开发经验者优先,页面未说明,listing_page,false,not_available,https://www.cdbtgroup.com/newsinfo/879377927207124992.html,https://www.cdbtgroup.com/newsinfo/879377927207124992.html,是,true,A类·企业官方,2026-09-30,2026-09-30,页面存在但状态不明确,待人工复核,2026-09-30,未写明上班地点与福利,C
CD0351|成都永新医疗设备有限公司|机械工程师|页面未说明,CD0351,720,成都永新医疗设备有限公司,是,A,医疗器械,机械工程师,页面未说明,页面未说明,,,,页面未说明,not_available,技术,社会招聘,页面未说明,页面未说明（原文仅写「岗位薪资：面议」）,10年以上相关工作经验,页面未说明,页面未说明,页面未说明,1.负责相关产品总体设计，包括传动设计选型、整体布局、模块划分；2.负责产品机械结构设计、传动机构设计、执行机构设计、零部件选型等；3.负责动力学分析、强度分析，满足法规标准需求,1.10年以上相关工作经验，具有医疗设备行业经验、大型精密自动化设备开发经验者优先；2.熟悉各类机械设计标准，精通机械原理及各种机械传动设计,页面未说明,listing_page,false,not_available,https://www.cdbtgroup.com/newsinfo/879377927207124992.html,https://www.cdbtgroup.com/newsinfo/879377927207124992.html,是,true,A类·企业官方,2026-09-30,2026-09-30,页面存在但状态不明确,待人工复核,2026-09-30,未写明上班地点、学历与福利,C
CD0351|成都永新医疗设备有限公司|算法工程师（图像重建方向）|页面未说明,CD0351,721,成都永新医疗设备有限公司,是,A,医疗器械,算法工程师（图像重建方向）,页面未说明,页面未说明,,,,页面未说明,not_available,算法,社会招聘,页面未说明,页面未说明（原文仅写「岗位薪资：面议」）,页面未说明（任职要求标注「社/校招」）,硕士及以上,页面未说明,页面未说明,1.负责跟踪核医学分子影像领域算法相关的前沿技术；2.负责产品影像链的物理设计及数值模拟；3.负责产品物理校正、几何校正、图像重建及图像后处理算法的开发及验证,（社/校招）1.粒子物理、高能物理、数学、计算科学、生物医学工程等相关专业，硕士及以上学历；2.熟悉NVIDA GPU硬件架构，精通CUDA C/C++编程；3.具备SPECT/PET相关的图像重建算法开发经验者优先,页面未说明,listing_page,false,not_available,https://www.cdbtgroup.com/newsinfo/879377927207124992.html,https://www.cdbtgroup.com/newsinfo/879377927207124992.html,是,true,A类·企业官方,2026-09-30,2026-09-30,页面存在但状态不明确,待人工复核,2026-09-30,未写明上班地点与福利,C
CD0352|成都汇标检测技术有限公司|无机工程师|页面未说明,CD0352,722,成都汇标检测技术有限公司,是,A,其他,无机工程师,页面未说明,页面未说明,,,,页面未说明,not_available,其他,社会招聘,页面未说明,4k-6k,具有检测相关工作经历1年以上,专科及以上,2,无机工程师（2人）,1.具有检测相关工作经历1年以上，熟悉第三方检测实验室工作流程和质量控制要求者优先；2.熟悉食品/环境相关法律法规，熟练掌握ICP/OES，ICP/MS，原子吸收、原子荧光的使用原理及使用和维护,1.食品、环境、化学、生物等相关专业专科及以上学历,页面未说明,listing_page,false,not_available,https://www.cdbtgroup.com/newsinfo/879377927207124992.html,https://www.cdbtgroup.com/newsinfo/879377927207124992.html,是,true,A类·企业官方,2026-09-30,2026-09-30,页面存在但状态不明确,待人工复核,2026-09-30,未写明上班地点与福利,C
CD0352|成都汇标检测技术有限公司|理化工程师|页面未说明,CD0352,723,成都汇标检测技术有限公司,是,A,其他,理化工程师,页面未说明,页面未说明,,,,页面未说明,not_available,其他,社会招聘,页面未说明,5K-7k,具有检测相关工作经历2年以上,本科及以上（优秀者可放宽至大专）,2,理化工程师（2人）,1.具有检测相关工作经历2年以上；2.熟悉食品/医药/环境相关法律法规，熟练使用及维护各类理化仪器，如凯氏定氮仪、蒸馏仪、阿贝折光仪、紫外分光光度计等,1.食品、环境、化学、生物、药学等相关专业本科及以上学历，优秀者可放宽至大专,页面未说明,listing_page,false,not_available,https://www.cdbtgroup.com/newsinfo/879377927207124992.html,https://www.cdbtgroup.com/newsinfo/879377927207124992.html,是,true,A类·企业官方,2026-09-30,2026-09-30,页面存在但状态不明确,待人工复核,2026-09-30,未写明上班地点与福利,C
CD0352|成都汇标检测技术有限公司|有机工程师|页面未说明,CD0352,724,成都汇标检测技术有限公司,是,A,其他,有机工程师,页面未说明,页面未说明,,,,页面未说明,not_available,其他,社会招聘,页面未说明,5-6k,具有检测相关工作经历2年以上,本科及以上（优秀者可放宽至大专）,2,有机工程师（2人）,1.具有检测相关工作经历2年以上；2.熟悉食品/医药相关法律法规，了解有机组检测相关的产品标准、检测标准；3.熟练掌握GC/GC-MS、LC/LC-MS的使用原理及使用和维护,1.食品、环境、化学、生物、药学等相关专业本科及以上学历，优秀者可放宽至大专,页面未说明,listing_page,false,not_available,https://www.cdbtgroup.com/newsinfo/879377927207124992.html,https://www.cdbtgroup.com/newsinfo/879377927207124992.html,是,true,A类·企业官方,2026-09-30,2026-09-30,页面存在但状态不明确,待人工复核,2026-09-30,未写明上班地点与福利,C
CD0352|成都汇标检测技术有限公司|抽样采样工程师|页面未说明,CD0352,725,成都汇标检测技术有限公司,是,A,其他,抽样采样工程师,页面未说明,页面未说明,,,,页面未说明,not_available,其他,社会招聘,页面未说明,4-6k,有外出采样经验优先，有第三方采样经验优先，有驾照优先,大专及以上（本科优先录取）,2,抽样采样工程师（2人）,1.熟悉相关标准及工作流程，熟练操作采样仪器；2.能吃苦耐劳，接受长期出差; 3.具备较强的责任心和细心的工作态度,1.食品、化学、微生物等相关专业大专及以上学历，本科优先录取,页面未说明,listing_page,false,not_available,https://www.cdbtgroup.com/newsinfo/879377927207124992.html,https://www.cdbtgroup.com/newsinfo/879377927207124992.html,是,true,A类·企业官方,2026-09-30,2026-09-30,页面存在但状态不明确,待人工复核,2026-09-30,未写明上班地点与福利；岗位要求「接受长期出差」,C
CD0352|成都汇标检测技术有限公司|检测实习生|页面未说明,CD0352,726,成都汇标检测技术有限公司,是,A,其他,检测实习生,页面未说明,页面未说明,,,,页面未说明,not_available,其他,实习,页面未说明,2-4k,可保证的连续实习时间最低3个月,大专及以上,8,检测实习生（8人）,1.扎实的食品、环境、化学分析理论和实操功底。2.可保证的连续实习时间最低3个月。3.良好的沟通表达能力和团队协作能力；抗压能力强、能适应出差,1.食品、环境、化学、生物专业毕业。2.大专及以上学历,页面未说明,listing_page,false,not_available,https://www.cdbtgroup.com/newsinfo/879377927207124992.html,https://www.cdbtgroup.com/newsinfo/879377927207124992.html,是,true,A类·企业官方,2026-09-30,2026-09-30,页面存在但状态不明确,待人工复核,2026-09-30,未写明上班地点与福利,C
CD0380|锐德泰智能医疗设备（成都）有限公司|营销经理（社招）|成都,CD0380,727,锐德泰智能医疗设备（成都）有限公司,是,A,医疗器械,营销经理（社招）,成都,常驻工作地点：成都,四川省,成都市,,成都,page_title,市场,社会招聘,页面未说明,页面未说明（原文仅写「薪资面议」，并写明提供股权激励）,5年以上医疗器械营销经验，3年以上团队管理经验,本科及以上,页面未说明,页面未说明,负责公司产品的全面营销工作，带领团队深入挖掘市场需求，制定并执行销售策略，确保销售目标的达成；2.负责组建和管理销售团队，进行销售目标的分解与跟进；6.常驻工作地点：成都,1.本科及以上学历，医学、市场营销、生物工程或相关专业背景，5年以上医疗器械营销经验，3年以上团队管理经验；2.热爱医疗器械行业，对市场营销有浓厚兴趣,页面未说明（原文仅写「根据候选人的经验和能力，提供具有竞争力的薪资方案，包括股权激励」）,listing_page,false,not_available,https://www.cdbtgroup.com/newsinfo/879377927207124992.html,https://www.cdbtgroup.com/newsinfo/879377927207124992.html,是,true,A类·企业官方,2026-09-30,2026-09-30,页面存在但状态不明确,待人工复核,2026-09-30,本条工作地依据为页面任职要求第6条原文「常驻工作地点：成都」，并可与企业官网「总部位于成都天府国际生物城」互证,C
CD0319|四川福思达生物技术开发有限责任公司|科研信息高级专员|成都,CD0319,728,四川福思达生物技术开发有限责任公司,是,C,其他,科研信息高级专员,成都,温江区柳台大道西段515号（公告「企业地址」栏原文）,四川省,成都市,温江区,成都,page_title,其他,社会招聘,页面未说明,页面未说明（原文仅写「薪资面议」）,1年以上科研管理工作经验,化学相关专业硕士研究生以上（条件优秀者可放宽至本科）,2,需求人数：2名,1.了解和跟踪与公司产业及产品相关的行业动态及政策法规，搜集相关情报信息；2.协作进行各类科技项目管理、成果管理、资质管理等；3.根据公司需要，开展各项产品或项目的调研工作，并形成调研报告,1.1年以上科研管理工作经验。2.有较强的文字编辑及语言表达能力。3.有较好的逻辑思维能力及沟通能力。4.通过英语4级，有较好的文献/专利调研能力,页面未说明,listing_page,false,not_available,https://wenjiang.gov.cn/wjqrmzf/c177671/2026-08/11/content_6105568fb97c469fba62847c86a29bc1.shtml,https://wenjiang.gov.cn/wjqrmzf/c177671/2026-08/11/content_6105568fb97c469fba62847c86a29bc1.shtml,是,true,A类·企业官方,2026-09-30,2026-09-30,页面存在但状态不明确,待人工复核,2026-09-30,来源为温江区人民政府网（温江融媒）2026-08-11发布的名企优岗招聘公告；工作时间：周一至周五（08:30-17:30）,C
CD0319|四川福思达生物技术开发有限责任公司|化学合成研究员|成都,CD0319,729,四川福思达生物技术开发有限责任公司,是,C,其他,化学合成研究员,成都,温江区柳台大道西段515号（公告「企业地址」栏原文）,四川省,成都市,温江区,成都,page_title,研发,社会招聘,页面未说明,页面未说明（原文仅写「薪资面议」）,页面未说明,硕士研究生及以上,2,需求人数：2名,1.科研项目工艺路线筛选、合成工艺的打通并完成工艺优化。2.对公司相关业务领域的前瞻性技术路线进行调研、判定及实践。4.完成相关项目的数据记录、结题，参与专利撰写及工艺包的编制,1.具备良好的有机化学专业基础，有较好的实验室有机合成工作基础。2.具有良好的英文读写能力和专业文献查阅能力及图谱解析能力。3.热爱合成及工艺技术研发工作,页面未说明,listing_page,false,not_available,https://wenjiang.gov.cn/wjqrmzf/c177671/2026-08/11/content_6105568fb97c469fba62847c86a29bc1.shtml,https://wenjiang.gov.cn/wjqrmzf/c177671/2026-08/11/content_6105568fb97c469fba62847c86a29bc1.shtml,是,true,A类·企业官方,2026-09-30,2026-09-30,页面存在但状态不明确,待人工复核,2026-09-30,工作时间：周一至周五（08:30-17:30）,C
CD0319|四川福思达生物技术开发有限责任公司|化学工艺技术员|成都,CD0319,730,四川福思达生物技术开发有限责任公司,是,C,其他,化学工艺技术员,成都,温江区柳台大道西段515号（公告「企业地址」栏原文）,四川省,成都市,温江区,成都,page_title,技术,社会招聘,页面未说明,页面未说明（原文仅写「薪资面议」）,页面未说明,硕士及以上,2,需求人数：2名,1.负责公司产业链下新产品、新方法、新工艺的小试、中试及工程化实验论证。2.协助生产车间解决生产中出现的各种技术问题，提出解决方案。3.优化现有产品生产工艺，并进行验证工作,1.具备良好的有机化学专业基础及实验基础。2.热爱合成及工艺技术研发工作，具有良好的动手操作能力、沟通能力、计划与执行能力,页面未说明,listing_page,false,not_available,https://wenjiang.gov.cn/wjqrmzf/c177671/2026-08/11/content_6105568fb97c469fba62847c86a29bc1.shtml,https://wenjiang.gov.cn/wjqrmzf/c177671/2026-08/11/content_6105568fb97c469fba62847c86a29bc1.shtml,是,true,A类·企业官方,2026-09-30,2026-09-30,页面存在但状态不明确,待人工复核,2026-09-30,工作时间：周一至周五（08:30-17:30）,C
CD0329|成都乐狗科技有限公司|叙事策划|成都,CD0329,731,成都乐狗科技有限公司,是,A,游戏,叙事策划,成都,列表页「工作地点」栏为空（显示「-」）；成都依据为官网页脚「联系地址：成都市高新区」,四川省,成都市,高新区,成都,page_title,其他,未知,页面未说明,页面未说明,页面未说明,页面未说明,页面未说明,列表页招聘人数栏为空（显示「-」）,官网招聘页职位列表条目：「叙事策划」，发布时间 2026-08-25，条目右侧为「申请职位」。页面未展开职责与要求原文。,页面未说明,页面未说明,listing_page,false,not_available,https://www.legougames.com/job,https://www.legougames.com/job,是,true,A类·企业官方,2026-09-30,2026-09-30,公开招聘中,是,2026-09-30,页面同时设社会招聘与校园招聘入口，列表页未标注该岗位所属类别；单条详情链接（/job/m-campus-id-*.html）在静态抓取下重定向，未能取到详情页原文,A
CD0329|成都乐狗科技有限公司|游戏客户端|成都,CD0329,732,成都乐狗科技有限公司,是,A,游戏,游戏客户端,成都,列表页「工作地点」栏为空（显示「-」）；成都依据为官网页脚「联系地址：成都市高新区」,四川省,成都市,高新区,成都,page_title,研发,未知,页面未说明,页面未说明,页面未说明,页面未说明,页面未说明,列表页招聘人数栏为空（显示「-」）,官网招聘页职位列表条目：「游戏客户端」，发布时间 2026-08-11，条目右侧为「申请职位」。页面未展开职责与要求原文。,页面未说明,页面未说明,listing_page,false,not_available,https://www.legougames.com/job,https://www.legougames.com/job,是,true,A类·企业官方,2026-09-30,2026-09-30,公开招聘中,是,2026-09-30,页面同时设社会招聘与校园招聘入口，列表页未标注该岗位所属类别,A
CD0329|成都乐狗科技有限公司|音频设计师|成都,CD0329,733,成都乐狗科技有限公司,是,A,游戏,音频设计师,成都,列表页「工作地点」栏为空（显示「-」）；成都依据为官网页脚「联系地址：成都市高新区」,四川省,成都市,高新区,成都,page_title,其他,未知,页面未说明,页面未说明,页面未说明,页面未说明,页面未说明,列表页招聘人数栏为空（显示「-」）,官网招聘页职位列表条目：「音频设计师」，发布时间 2026-08-09，条目右侧为「申请职位」。页面未展开职责与要求原文。,页面未说明,页面未说明,listing_page,false,not_available,https://www.legougames.com/job,https://www.legougames.com/job,是,true,A类·企业官方,2026-09-30,2026-09-30,公开招聘中,是,2026-09-30,页面职位类别筛选项含「音频类」，该岗位归入音频类；列表页未标注该岗位所属社招/校招,A
CD0329|成都乐狗科技有限公司|游戏运维|成都,CD0329,734,成都乐狗科技有限公司,是,A,游戏,游戏运维,成都,列表页「工作地点」栏为空（显示「-」）；成都依据为官网页脚「联系地址：成都市高新区」,四川省,成都市,高新区,成都,page_title,运维,未知,页面未说明,页面未说明,页面未说明,页面未说明,页面未说明,列表页招聘人数栏为空（显示「-」）,官网招聘页职位列表条目：「游戏运维」，发布时间 2026-08-09，条目右侧为「申请职位」。页面未展开职责与要求原文。,页面未说明,页面未说明,listing_page,false,not_available,https://www.legougames.com/job,https://www.legougames.com/job,是,true,A类·企业官方,2026-09-30,2026-09-30,公开招聘中,是,2026-09-30,列表页未标注该岗位所属社招/校招,A
CD0329|成都乐狗科技有限公司|游戏项目管理|成都,CD0329,735,成都乐狗科技有限公司,是,A,游戏,游戏项目管理,成都,列表页「工作地点」栏为空（显示「-」）；成都依据为官网页脚「联系地址：成都市高新区」,四川省,成都市,高新区,成都,page_title,管理,未知,页面未说明,页面未说明,页面未说明,页面未说明,页面未说明,列表页招聘人数栏为空（显示「-」）,官网招聘页职位列表条目：「游戏项目管理」，发布时间 2026-08-09，条目右侧为「申请职位」。页面未展开职责与要求原文。,页面未说明,页面未说明,listing_page,false,not_available,https://www.legougames.com/job,https://www.legougames.com/job,是,true,A类·企业官方,2026-09-30,2026-09-30,公开招聘中,是,2026-09-30,列表页未标注该岗位所属社招/校招,A
CD0329|成都乐狗科技有限公司|算法工程师（游戏理解方向）|成都,CD0329,736,成都乐狗科技有限公司,是,A,游戏,算法工程师（游戏理解方向）,成都,列表页「工作地点」栏为空（显示「-」）；成都依据为官网页脚「联系地址：成都市高新区」,四川省,成都市,高新区,成都,page_title,算法,未知,页面未说明,页面未说明,页面未说明,页面未说明,页面未说明,列表页招聘人数栏为空（显示「-」）,官网招聘页职位列表条目：「算法工程师（游戏理解方向）」，发布时间 2026-08-09，条目右侧为「申请职位」。页面未展开职责与要求原文。,页面未说明,页面未说明,listing_page,false,not_available,https://www.legougames.com/job,https://www.legougames.com/job,是,true,A类·企业官方,2026-09-30,2026-09-30,公开招聘中,是,2026-09-30,列表页未标注该岗位所属社招/校招,A
CD0329|成都乐狗科技有限公司|用户研究|成都,CD0329,737,成都乐狗科技有限公司,是,A,游戏,用户研究,成都,列表页「工作地点」栏为空（显示「-」）；成都依据为官网页脚「联系地址：成都市高新区」,四川省,成都市,高新区,成都,page_title,其他,未知,页面未说明,页面未说明,页面未说明,页面未说明,页面未说明,列表页招聘人数栏为空（显示「-」）,官网招聘页职位列表条目：「用户研究」，发布时间 2026-07-27，条目右侧为「申请职位」。页面未展开职责与要求原文。,页面未说明,页面未说明,listing_page,false,not_available,https://www.legougames.com/job,https://www.legougames.com/job,是,true,A类·企业官方,2026-09-30,2026-09-30,公开招聘中,是,2026-09-30,列表页未标注该岗位所属社招/校招,A
CD0370|汉家松鼠游戏工作室|U3D地编（中级）|成都,CD0370,738,汉家松鼠游戏工作室,是,A,游戏,U3D地编（中级）,成都,工作地点：成都市双流区成德中心,四川省,成都市,双流区,成都,page_title,美术,社会招聘,页面未说明,8K-10K,3年以上相关工作经验,专科以上学历,页面未说明,页面未说明,岗位职责：1、参与PC/主机 游戏开发；2、根据策划需求，使用 Unity引擎完成游戏内场景的白盒搭建、地形编辑、模型摆放；3、整理并维护场景编辑规范与资源命名规则，协助管理项目内的场景资源库；4、根据测试反馈调整场景布局，修复穿模、浮空、光影错误等常见问题。,"岗位需求：1、3年以上相关工作经验，专科以上学历；2、参与2个项目以上，了解中国风建筑、美学；3、熟练使用Unity游戏引擎，熟悉次世代制作流程；4、能熟练使用3Dmax,ps软件进行场景资源的制作修改、整合、替换与优化。",五险一金；丰厚的项目奖金，内部立项机会（招聘页「我们提供」原文）,direct_detail,true,high,https://home.hanjiasongshu.com/job14.html,https://home.hanjiasongshu.com/jobs.html,是,true,A类·企业官方,2026-09-30,2026-09-30,公开招聘中,是,2026-09-30,列表页标注「在招岗位（全职岗位一年14薪）」，工作地取自列表页「工作地点：成都市双流区成德中心」,A
CD0370|汉家松鼠游戏工作室|3D场景美术（中级）|成都,CD0370,739,汉家松鼠游戏工作室,是,A,游戏,3D场景美术（中级）,成都,工作地点：成都市双流区成德中心,四川省,成都市,双流区,成都,page_title,美术,社会招聘,页面未说明,8K-10K,3年以上相关工作经验,专科以上学历,页面未说明,页面未说明,岗位职责：1、参与PC、主机游戏开发；2、负责游戏中的场景、道具3D模型与制作纹理材质和贴图。,"岗位需求：1、美术相关专业毕业，3年以上相关工作经验，专科以上学历；2、参与2个项目以上，了解中国风建筑、美学；3、熟悉次世代制作流程，能熟练使用3Dmax,Zbursh,Substance 3D Painter,ps等软件进行场景资产的制作、修改、整合、替换与优化；4、熟悉AI 3D资产制作流程，有使用或修改AI 3D资产的经验；5、热爱游戏行业，有良好的沟通能力，责任感。",五险一金；丰厚的项目奖金，内部立项机会（招聘页「我们提供」原文）,direct_detail,true,high,https://home.hanjiasongshu.com/job11.html,https://home.hanjiasongshu.com/jobs.html,是,true,A类·企业官方,2026-09-30,2026-09-30,公开招聘中,是,2026-09-30,列表页标注该岗位为「NEW」；工作地取自列表页「工作地点：成都市双流区成德中心」,A
CD0370|汉家松鼠游戏工作室|初级游戏策划（任务/执行方向）|成都,CD0370,740,汉家松鼠游戏工作室,是,A,游戏,初级游戏策划（任务/执行方向）,成都,工作地点：成都市双流区成德中心,四川省,成都市,双流区,成都,page_title,其他,社会招聘,页面未说明,7K-10K,1年以上游戏策划经验，1年以上任务相关制作经验,页面未说明,页面未说明,页面未说明,岗位职责：1、规划与制作游戏内的剧情任务；1）规划与制作游戏任务大纲；2）与剧情策划、导演协作，在游戏内装配落地任务流程和涉及到的剧情演出；3）全面的为最终玩家可以玩到的任务剧情内容负责；2、提升游戏任务体验：1）结合游戏中各系统，与剧情策划共同讨论产出符合项目特色，趣味性强的剧情内容；2）钻研任务交互形式，独立制作满足任务线需求的交互玩法；3）根据玩家反馈迭代调优，提升剧情表现力。,岗位要求：1、熟练使用Unity引擎，能熟练编写Lua脚本；2、熟悉任务设计流程，有丰富RPG剧情、开放世界体验经历；3、1年以上游戏策划经验，1年以上任务相关制作经验；4、沟通协调能力强，主动学习意愿强，有一定规划统筹能力。,五险一金；丰厚的项目奖金，内部立项机会（招聘页「我们提供」原文）,direct_detail,true,high,https://home.hanjiasongshu.com/job13.html,https://home.hanjiasongshu.com/jobs.html,是,true,A类·企业官方,2026-09-30,2026-09-30,公开招聘中,是,2026-09-30,该岗位详情页未列于 jobs.html 首页列表，由官网 job13.html 直接取得；工作地取自列表页「工作地点：成都市双流区成德中心」,A
CD0370|汉家松鼠游戏工作室|游戏策划实习生（关卡、任务方向）|成都,CD0370,741,汉家松鼠游戏工作室,是,A,游戏,游戏策划实习生（关卡、任务方向）,成都,工作地点：成都市双流区成德中心,四川省,成都市,双流区,成都,page_title,其他,实习,页面未说明,3k-4k,全日制在读本科或硕士,本科（在读）,页面未说明,页面未说明,岗位职责：1、参与3D topdown开放世界武侠单机游戏制作，负责游戏内任务线、剧情部分开发制作；2、搭建场景白模、搭建RPG故事任务线、装配剧情相关战斗；3、细化剧情演出。,岗位要求：1、全日制在读本科或硕士；2、熟悉Unity引擎，具有基础的脚本编程能力；3、熟练使用AI编程agent工具（claude code/codex），了解基本的AI工程化概念；4、表达能力和逻辑能力佳；5、自身需要是RPG游戏资深玩家；6、每周全职实习5天，能实习6个月或以上。,五险一金；丰厚的项目奖金，内部立项机会（招聘页「我们提供」原文）,direct_detail,true,high,https://home.hanjiasongshu.com/job10.html,https://home.hanjiasongshu.com/jobs.html,是,true,A类·企业官方,2026-09-30,2026-09-30,公开招聘中,是,2026-09-30,该岗位详情页未列于 jobs.html 首页列表，由官网 job10.html 直接取得；工作地取自列表页「工作地点：成都市双流区成德中心」,A
CD0334|成都吉天映画动漫设计有限公司|前期美术|成都,CD0334,742,成都吉天映画动漫设计有限公司,是,A,数字内容,前期美术,成都,页面未写明办公地址；成都依据为页面标题「动画招聘｜成都吉天映画动漫」与官网版权主体「成都吉天映画动漫设计有限公司」,四川省,成都市,,成都,page_title,美术,未知,页面未说明,页面未说明（原文仅写「薪资面谈」）,对动画全流程或游戏制作有一定了解或经验,页面未说明,页面未说明,页面未说明,工作职责：辅助主美完成项目的角色绘制和场景概念设计。,任职要求：对动画全流程或游戏制作有一定了解或经验；美术基础扎实，能把握不同美术风格；能独立完成任务，沟通顺畅，责任心强。,页面未说明,listing_page,false,not_available,http://jitianyinghua.com/jobs,http://jitianyinghua.com/jobs,是,true,A类·企业官方,2026-09-30,2026-09-30,公开招聘中,是,2026-09-30,页面写「长期招募动画与美术岗位，主职/兼职均可，支持远程办公」，未标注社招/校招；投递邮箱 jitain@jitianyinghua.com,A
CD0334|成都吉天映画动漫设计有限公司|中期美术（场景/背景）|成都,CD0334,743,成都吉天映画动漫设计有限公司,是,A,数字内容,中期美术（场景/背景）,成都,页面未写明办公地址；成都依据为页面标题「动画招聘｜成都吉天映画动漫」与官网版权主体「成都吉天映画动漫设计有限公司」,四川省,成都市,,成都,page_title,美术,未知,页面未说明,页面未说明（原文仅写「薪资面谈」）,1-2年左右场景绘制经验,页面未说明,页面未说明,页面未说明,工作职责：根据分镜与设计稿绘制项目所需美术背景。,任职要求：动画/游戏/艺术相关专业优先；1-2年左右场景绘制经验；熟悉中期背景绘制流程与制作规范；学习能力、沟通与团队协作能力良好。,页面未说明,listing_page,false,not_available,http://jitianyinghua.com/jobs,http://jitianyinghua.com/jobs,是,true,A类·企业官方,2026-09-30,2026-09-30,公开招聘中,是,2026-09-30,页面写「长期招募动画与美术岗位，主职/兼职均可，支持远程办公」；投递邮箱 jitain@jitianyinghua.com,A
CD0334|成都吉天映画动漫设计有限公司|原画师|成都,CD0334,744,成都吉天映画动漫设计有限公司,是,A,数字内容,原画师,成都,页面未写明办公地址；成都依据为页面标题「动画招聘｜成都吉天映画动漫」与官网版权主体「成都吉天映画动漫设计有限公司」,四川省,成都市,,成都,page_title,美术,未知,页面未说明,页面未说明（原文仅写「薪资面谈」）,1-3年原动画经验,页面未说明,页面未说明,页面未说明,工作职责：根据分镜完成原动画绘制（角色、特效等）；角色POSE修型；部分项目兼任分镜绘制。,任职要求：1-3年原动画经验，动画/数媒相关专业优先；透视造型与运动规律扎实，熟悉原动画流程；熟练使用 Flash / CSP / TVP 等动画软件；沟通理解好，认真负责，热爱创作。,页面未说明,listing_page,false,not_available,http://jitianyinghua.com/jobs,http://jitianyinghua.com/jobs,是,true,A类·企业官方,2026-09-30,2026-09-30,公开招聘中,是,2026-09-30,页面写「长期招募动画与美术岗位，主职/兼职均可，支持远程办公」；投递邮箱 jitain@jitianyinghua.com,A
CD0334|成都吉天映画动漫设计有限公司|动画执行导演/演出|成都,CD0334,745,成都吉天映画动漫设计有限公司,是,A,数字内容,动画执行导演/演出,成都,页面未写明办公地址；成都依据为页面标题「动画招聘｜成都吉天映画动漫」与官网版权主体「成都吉天映画动漫设计有限公司」,四川省,成都市,,成都,page_title,其他,未知,页面未说明,页面未说明（原文仅写「薪资面谈」）,熟悉二维动画流程，具备分镜/设计稿/原动画等多环节经验,页面未说明,页面未说明,页面未说明,工作职责：带片把控各环节审核与最终视听效果；参与剧本/分镜/美术讨论并给出明确指导；可独立绘制分镜，带领团队完成二维动画全流程；发现流程问题并总结，制定流程与制作规范。,任职要求：视听语言与审美能力强，整体把控能力强；熟悉二维动画流程，具备分镜/设计稿/原动画等多环节经验；统筹能力强，效率高，责任心强，善沟通。,页面未说明,listing_page,false,not_available,http://jitianyinghua.com/jobs,http://jitianyinghua.com/jobs,是,true,A类·企业官方,2026-09-30,2026-09-30,公开招聘中,是,2026-09-30,页面写「长期招募动画与美术岗位，主职/兼职均可，支持远程办公」；投递邮箱 jitain@jitianyinghua.com,A
CD0336|成都声玩文化传播有限公司|音乐推广|成都,CD0336,746,成都声玩文化传播有限公司,是,A,文化传媒与影视,音乐推广,成都,四川省成都市武侯区（高校就业网职位地址栏）,四川省,成都市,高新区,成都,page_title,市场,社会招聘,页面未说明,5-7K,接受应届生,统招本科及以上,页面未说明,页面未说明,岗位职责：1、负责公司歌曲推广方案的策划，并在各大音乐平台（QQ音乐、网易云音乐、酷狗、酷我）进行宣传推广，音乐垂类kol监测和挖掘；2、负责各渠道的推广过程当中的数据整理，数据分析和反馈及优化调整等，和各平台的费用结算；3、日常监测竞品平台歌曲推广动态；4、积极开拓各类歌单、中介渠道，与各大歌单主保持密切联系和良好互动，建立资源库；5、协助部门和领导的其他日常工作开展。,任职资格：1、统招本科及以上学历，接受应届生，音乐专业优先；2、有BD沟通能力，较强的数据分析能力，快速的执行能力；3、熟练掌握Excel、word、PPT等办公软件；4、热爱音乐、对热点内容敏感，紧跟互联网音乐潮流风向。,五险一金、试用期薪资不打折、全勤奖、各种节日福利、生日福利、加班车补餐补、开车油补、定期团建、公立医院福利体检、带薪病假、带薪年假、零食下午茶、司龄礼物、周年庆礼品、年终奖等,listing_page,false,not_available,https://cdutjy.cdut.edu.cn/index/index/jobfaircorporationinfo.html?data=MDAwMDAwMDAwMJG6n3_Ed6imi4qQtLh4iJaKk7KXxoi3i7igr7-BZHxnkLZ9i8WGpNOaaKLSxKCalom6mNs,https://cdutjy.cdut.edu.cn/index/index/jobfaircorporationinfo.html?data=MDAwMDAwMDAwMJG6n3_Ed6imi4qQtLh4iJaKk7KXxoi3i7igr7-BZHxnkLZ9i8WGpNOaaKLSxKCalom6mNs,是,true,A类·企业官方,2026-09-30,2026-09-30,页面存在但状态不明确,待人工复核,2026-09-30,官网「加入我们」页（https://www.51swsw.cn/join）招聘岗位区块由脚本加载，静态不可见职位，故职位原文取自成都理工大学学生就业指导中心企业招聘页；该岗位在页面未标注有效期，故状态记为「页面存在但状态不明确」,A
CD0336|成都声玩文化传播有限公司|版权拓展|成都,CD0336,747,成都声玩文化传播有限公司,是,A,文化传媒与影视,版权拓展,成都,四川省成都市武侯区（高校就业网职位地址栏）,四川省,成都市,高新区,成都,page_title,其他,社会招聘,页面未说明,5-7K,接受应届生,统招本科及以上,页面未说明,页面未说明,职位描述：1、负责在各大音乐平台挖掘优质词曲版权，音乐人；2、对合适的词曲版权进行商务谈判，签约版权；3、执行词曲版权签约的整个环节，协调公司与版权拥有者的所有相关事宜；4、了解行业最新动态，整理和包装收集行业相关资料，建立信息资料库。,任职要求：1、统招本科及以上学历，接受应届生；2、沟通能力表达能力要求极高，思维敏捷，条理清晰，有较强的谈判能力；3、喜欢挑战，有激情，热爱音乐行业；4、工作认真细致，具有主观能动性和自我约束力。,五险一金、试用期薪资不打折、全勤奖、各种节日福利、生日福利、加班车补餐补、开车油补、定期团建、公立医院福利体检、带薪病假、带薪年假、零食下午茶、司龄礼物、周年庆礼品、年终奖等,listing_page,false,not_available,https://cdutjy.cdut.edu.cn/index/index/jobfaircorporationinfo.html?data=MDAwMDAwMDAwMJG6n3_Ed6imi4qQtLh4iJaKk7KXxoi3i7igr7-BZHxnkLZ9i8WGpNOaaKLSxKCalom6mNs,https://cdutjy.cdut.edu.cn/index/index/jobfaircorporationinfo.html?data=MDAwMDAwMDAwMJG6n3_Ed6imi4qQtLh4iJaKk7KXxoi3i7igr7-BZHxnkLZ9i8WGpNOaaKLSxKCalom6mNs,是,true,A类·企业官方,2026-09-30,2026-09-30,页面存在但状态不明确,待人工复核,2026-09-30,职位原文取自成都理工大学学生就业指导中心企业招聘页；该岗位在页面未标注有效期，故状态记为「页面存在但状态不明确」,A
CD0336|成都声玩文化传播有限公司|短视频编导|成都,CD0336,748,成都声玩文化传播有限公司,是,A,文化传媒与影视,短视频编导,成都,四川省成都市武侯区（高校就业网职位地址栏）,四川省,成都市,高新区,成都,page_title,其他,未知,页面未说明,6000-7000,27届本科及以上，须立即到岗,本科,2,招聘人数：2（页面职位信息表「人数」栏）,【岗位职责】1.短视频脚本策划与撰写：为公司自有品牌的产品进行短视频内容创作，（主做儿童AI玩具：AI闹钟、拍学机、AI机器人等），根据账号定位与受众需求，完成选题策划、脚本撰写；2.视频拍摄与剪辑：根据创意脚本，进行选角、场景搭建，完成视频拍摄和剪辑工作；3.内容数据跟踪：跟进视频播放、点赞、评论、转发、销量等数据，根据数据表现不断优化视频内容。,【任职要求】1.27届本科及以上学历，须立即到岗；编导、戏剧、动画、数媒、新闻、网新、广告、传播、摄影、视传等相关专业优先；简历审核需提供过往作品；可以跨专业，但需要具备独立拍剪能力且有以往作品；2.对短视频内容创作有浓厚兴趣，有较强的网感，能够挖掘爆款选题，有创意、丰富的想象力和创新力，能够结合时下热点策划视频脚本和内容；3.具备较强的实操能力，能够独立完成短视频的创作、拍摄、剪辑、发布；4.对数据敏感，会看数据、会复盘；5.性格开朗，自驱力强，有韧性。,工作时间：9：00-18：00（午休12：00-14：00），单休周日，法定节假日正常休假（页面原文）,listing_page,false,not_available,https://cdutjy.cdut.edu.cn/index/index/jobfaircorporationinfo.html?data=MDAwMDAwMDAwMJG6n3_Ed6imi4qQtLh4iJaKk7KXxoi3i7igr7-BZHxnkLZ9i8WGpNOaaKLSxKCalom6mNs,https://cdutjy.cdut.edu.cn/index/index/jobfaircorporationinfo.html?data=MDAwMDAwMDAwMJG6n3_Ed6imi4qQtLh4iJaKk7KXxoi3i7igr7-BZHxnkLZ9i8WGpNOaaKLSxKCalom6mNs,是,true,A类·企业官方,2026-09-30,2026-09-30,页面存在但状态不明确,待人工复核,2026-09-30,页面「性质」栏标全职、面向27届，未明确社招/校招分类，故招聘类型记「未知」；职位原文取自成都理工大学学生就业指导中心企业招聘页,A
CD0336|成都声玩文化传播有限公司|短视频拍摄剪辑|成都,CD0336,749,成都声玩文化传播有限公司,是,A,文化传媒与影视,短视频拍摄剪辑,成都,四川省成都市武侯区（高校就业网职位地址栏）,四川省,成都市,高新区,成都,page_title,其他,未知,页面未说明,6000-7000,27届本科及以上，须立即到岗,本科,2,招聘人数：2（页面职位信息表「人数」栏）,岗位职责：1、负责公司短视频账号的视频制作，完成从现场拍摄、素材整理、初剪、精剪、成片发布的工作；2、对当下主流传媒平台视频流行趋势有了解，可针对不同平台的用户偏好，定制剪辑节奏与叙事结构，持续学习研究主流平台视频传播趋势；3、把握节奏、配乐、动画与品牌视觉风格，提升视频表现力和品牌形象。,任职要求：1、27届本科及以上学历，须立即到岗；编导、摄影、戏剧、动画、数媒、新闻、网新、广告、传播、视传等相关专业优先；简历审核需提供过往作品；可以跨专业，但需要具备独立拍剪能力且有以往作品；2、熟练使用 Premiere、After Effects、达芬奇、剪映等视频剪辑软件，能使用AI视频剪辑软件更好；4、具备熟练的摄影和摄像能力，能够独立完成视频拍摄；5、熟悉电商等主流社媒平台的运营规则和视频推广技巧优先。,工作时间：9：00-18：00（午休12：00-14：00），单休周日，法定节假日正常休假（页面原文）,listing_page,false,not_available,https://cdutjy.cdut.edu.cn/index/index/jobfaircorporationinfo.html?data=MDAwMDAwMDAwMJG6n3_Ed6imi4qQtLh4iJaKk7KXxoi3i7igr7-BZHxnkLZ9i8WGpNOaaKLSxKCalom6mNs,https://cdutjy.cdut.edu.cn/index/index/jobfaircorporationinfo.html?data=MDAwMDAwMDAwMJG6n3_Ed6imi4qQtLh4iJaKk7KXxoi3i7igr7-BZHxnkLZ9i8WGpNOaaKLSxKCalom6mNs,是,true,A类·企业官方,2026-09-30,2026-09-30,页面存在但状态不明确,待人工复核,2026-09-30,页面「性质」栏标全职、面向27届，未明确社招/校招分类，故招聘类型记「未知」；职位原文取自成都理工大学学生就业指导中心企业招聘页,A
CD0347|成都柒幺柒文化传媒有限公司|二维动画原画师|成都,CD0347,750,成都柒幺柒文化传媒有限公司,是,A,数字内容,二维动画原画师,成都,公司地址：四川省成都市锦江区红星路三十五号创意产业园1号楼,四川省,成都市,锦江区,成都,page_title,美术,社会招聘,页面未说明,6K—8K,有相关二维动画项目经验优先,页面未说明（动画相关专业优先）,3-4名,二维动画原画师（3-4名）,工作职责：根据分镜绘制原画表演。,岗位要求：1、美术基础扎实，造型能力强，可以完成Layout，空间透视准确；2、熟练掌握运动规律，有作画表演意识；3、熟悉二维动画制作流程，熟练使用TBH、CSP等动画软件；4、热爱动画创作，思维活跃，责任心强，有团队合作精神；5、动画相关专业优先；6、有相关二维动画项目经验优先。入职前有测试；简历请附近期个人作品，非独立完成请标注环节；岗位均以坐班优先。,五险一金、弹性工作制、带薪年假等,listing_page,false,not_available,https://www.scfai.edu.cn/xsc/info/1015/19072.htm,https://www.scfai.edu.cn/xsc/info/1015/19072.htm,是,true,A类·企业官方,2026-09-30,2026-09-30,页面存在但状态不明确,待人工复核,2026-09-30,来源为四川美术学院就业网转载企业招聘启事；页面未标注投递截止日期，故状态记为「页面存在但状态不明确」；投递邮箱 717.hr@717studio.cn,C
CD0347|成都柒幺柒文化传媒有限公司|二原画师|成都,CD0347,751,成都柒幺柒文化传媒有限公司,是,A,数字内容,二原画师,成都,公司地址：四川省成都市锦江区红星路三十五号创意产业园1号楼,四川省,成都市,锦江区,成都,page_title,美术,社会招聘,页面未说明,3K—6K,有相关二维动画项目经验优先,页面未说明（动画相关专业优先）,3-6名,二原画师（3-6名）,工作职责：根据分镜绘制原画表演。,岗位要求：1、美术基础扎实，造型能力强，空间透视准确；2、熟练掌握运动规律，有作画表演意识；3、熟悉二维动画制作流程，熟练使用TBH、CSP等动画软件；4、热爱动画创作，思维活跃，责任心强，有团队合作精神；5、动画相关专业优先；6、有相关二维动画项目经验优先。该岗位为项目制，后续可转为正式。,五险一金、弹性工作制、带薪年假等,listing_page,false,not_available,https://www.scfai.edu.cn/xsc/info/1015/19072.htm,https://www.scfai.edu.cn/xsc/info/1015/19072.htm,是,true,A类·企业官方,2026-09-30,2026-09-30,页面存在但状态不明确,待人工复核,2026-09-30,来源为四川美术学院就业网转载企业招聘启事；岗位为项目制、后续可转正式；投递邮箱 717.hr@717studio.cn,C
CD0363|成都风际网络科技股份有限公司|高级运维工程师|成都,CD0363,752,成都风际网络科技股份有限公司,是,A,游戏,高级运维工程师,成都,页面未单列工作地点栏；成都依据为官网正文与页脚公司全称「成都风际网络科技股份有限公司」,四川省,成都市,,成都,page_title,运维,社会招聘,页面未说明,页面未说明,3年以上互联网行业经验、2年以上海外游戏运维经验,本科以上学历,1,招聘人数：1人,工作职责：1.负责海外网络游戏业务的部署、发布、变更；2.负责新游戏的接入、架构评估、痛点挖掘与优化；3.负责mongodb的搭建、监控，保障db的高可用；4.编写、维护自动化运维工具及相应文档；5.负责业务相关工具的开发(Python)。,工作要求：1、本科以上学历，计算机类或相关专业；2、3年以上互联网行业经验、2年以上海外游戏运维经验；3、理解游戏运维并对游戏运维有一定认知；4、熟悉Linux系统管理维护，精通HTTP协议、TCP/IP网络协议；5、精通shell、Python开发语言，至少1年以上Python开发经验；6、熟悉MongoDB数据库，有过实际mongo项目运维经验；7、熟悉常用开源组件：mongodb、salt、Nginx、Jenkins、Git、Redis、Mysql等；8、有较强的抗压能力、沟通能力、推动能力和较好的服务意识；9、善于团队协作、项目管理、主动思考、自我驱动强；10、有大公司后端开发背景优先，游戏公司SDK平台架构搭建经验优先。,页面未说明,listing_page,false,not_available,http://www.windplay.cn/index/joinWp,http://www.windplay.cn/index/joinWp,是,true,A类·企业官方,2026-09-30,2026-09-30,公开招聘中,是,2026-09-30,官网招聘页未逐条标注工作地点，成都依据为公司全称；页面另有「申请职位」与在线表单投递,A
CD0363|成都风际网络科技股份有限公司|3D主美|成都,CD0363,753,成都风际网络科技股份有限公司,是,A,游戏,3D主美,成都,页面未单列工作地点栏；成都依据为官网正文与页脚公司全称「成都风际网络科技股份有限公司」,四川省,成都市,,成都,page_title,美术,社会招聘,页面未说明,页面未说明,有丰富的项目管理经验，带过团队,美术相关类专科以上毕业更佳,1,招聘人数：1人,工作内容：1、参与制定游戏美术风格，定制3d角色、场景、动作等3D设计制作规范，监督负责3D效果的品质和进度；2、能与原画和策划沟通配合，保证设计的可行性与风格的一致；3、负责内部与外包的3d美术相关制作的整体品质，保证项目进度按时按质完成；4、能研究新技术，了解行业美术新动向，给美术团队分享和培训，保持更新，建设团队培养美术成员的技术能力；5、具备手绘贴图能力，熟悉次时代制作管线PBR流程等。,任职要求：1、热爱游戏，关注游戏体验。具备良好的团队精神，有刻苦耐劳与积极务实的工作态度；2、深厚的传统美术功底，美术相关类专科以上毕业更佳；3、有丰富的项目管理经验，带过团队，独立负责过项目更佳，有较强的责任心，工作投入度高，配合团队完成目标；4、熟悉Unity3D引擎，有过Unity3D完整项目经验，了解美术资源优化思路，善于通过引擎提升画面品质；5、有多年制作3d模型的经验和技巧积累，有自己的专长，也能适应多样的风格，并能学习研究新技术，能培训和指导其他制作人员完成制作任务；6、有较强的综合分析能力，创新能力，善于沟通、准确理解项目思路定制设计与制作目标和流程。,页面未说明,listing_page,false,not_available,http://www.windplay.cn/index/joinWp,http://www.windplay.cn/index/joinWp,是,true,A类·企业官方,2026-09-30,2026-09-30,公开招聘中,是,2026-09-30,官网招聘页未逐条标注工作地点，成都依据为公司全称,A
CD0363|成都风际网络科技股份有限公司|3D动作设计|成都,CD0363,754,成都风际网络科技股份有限公司,是,A,游戏,3D动作设计,成都,页面未单列工作地点栏；成都依据为官网正文与页脚公司全称「成都风际网络科技股份有限公司」,四川省,成都市,,成都,page_title,美术,社会招聘,页面未说明,页面未说明,3年以上游戏动作制作工作经验,美术相关专业,1,招聘人数：1人,工作内容：1.负责手游角色动作设计；2.负责游戏中角色的骨骼架设和蒙皮，对人体以及动物结构有较好认知。,任职要求：1.对3DS MAX操作熟练，对于游戏动作制作链有较为深刻的认识（了解模型布线与蒙皮、动画的关系，能够熟练使用cs骨骼系统，对于游戏动作表演的表现有一定认识）；2.有良好的审美意识，和较强的设计和理解能力；3.制作过动作融合，调整过融合动画的动画师优先考虑；4.美术相关专业，3年以上游戏动作制作工作经验。,页面未说明,listing_page,false,not_available,http://www.windplay.cn/index/joinWp,http://www.windplay.cn/index/joinWp,是,true,A类·企业官方,2026-09-30,2026-09-30,公开招聘中,是,2026-09-30,官网招聘页未逐条标注工作地点，成都依据为公司全称,A
CD0356|成都电果创游科技有限公司|游戏特效设计|成都,CD0356,755,成都电果创游科技有限公司,是,A,数字内容,游戏特效设计,成都,工作地点：成都市高新区,四川省,成都市,高新区,成都,page_title,美术,校园招聘,页面未说明,3K-6K,页面未说明,大专以上,15,招聘人数：15,招聘启事原文：成都电果创游科技有限公司 2026校园招聘；岗位名称：游戏特效设计；需求专业：动漫、数媒；工作地点：成都市高新区。页面未展开该岗位职责与要求细则。,需求专业：动漫、数媒；学历要求：大专以上,页面未说明,listing_page,false,not_available,https://art.lzy.edu.cn/info/1032/2947.htm,https://art.lzy.edu.cn/info/1032/2947.htm,是,true,A类·企业官方,2026-09-30,2026-09-30,页面存在但状态不明确,待人工复核,2026-09-30,来源为高校二级学院就业信息页转载企业校招信息；页面未标注投递截止日期；联系方式：简历投递邮箱 627530754@qq.com，地址 成都市高新区天府五街紫光芯云中心A栋80,C
CD0309|仟之游软件科技(成都)有限公司|游戏测试|成都,CD0309,756,仟之游软件科技(成都)有限公司,是,A,游戏,游戏测试,成都,四川省成都市武侯区（展位页职位工作地栏）,四川省,成都市,高新区,成都,page_title,测试,未知,页面未说明,4500-5499,页面未说明,本科,页面未说明,页面未说明,展位页职位列表原文：01 游戏测试 4500-5499；四川省成都市武侯区；全职；本科；需求专业：外国语言文学类、电子信息类、自动化类、计算机类。页面未展开岗位职责细则。,学历：本科；需求专业：外国语言文学类、电子信息类、自动化类、计算机类,页面未说明,listing_page,false,not_available,https://www.91wllm.cn/jobfair91/stand/sid/545912,https://www.91wllm.cn/jobfair91/stand/sid/545912,是,true,A类·企业官方,2026-09-30,2026-09-30,页面存在但状态不明确,待人工复核,2026-09-30,来源为湖北省教育厅主办高校就业网络联盟招聘会展位页（2026-04-16 武汉科技大学2026届毕业生春季大型招聘会）；页面职位工作地栏写「四川省成都市武侯区」，与单位地址「成都高新区吉瑞二路188号」不一致，两者均在成都；页面未标注招聘类型与投递截止日期,C
CD0316|四川沃飞长空科技发展有限公司|气弹工程师|成都,CD0316,757,四川沃飞长空科技发展有限公司,是,A,航空航天,气弹工程师,成都,成都,四川省,成都市,,成都,page_title,研发,社会招聘,页面未说明,页面未说明,1-3年,本科,1,招聘人数：1,"1.	掌握航空飞行器静气弹/动气弹仿真分析方法，熟练使用相关软件工具；
2.	掌握航空飞行器气弹验证试验设计及工作流程（包括风洞试验、GVT、CT等）；
3.	熟悉航空飞行器动强度一般分析和试验方法；
4.	熟悉飞机结构强度设计相关标准及规范。","1.学历：本科及以上学历；
2.专业：飞行器设计、工程力学、流体力学、固体力学等相关专业 ；
3.经验：本科5年，硕士3年以上工作经验；
4.有通航飞机设计和适航经验者优先",页面未说明,listing_page,false,not_available,https://www.aerofugia.com/socialrecruit,https://www.aerofugia.com/socialrecruit,是,true,A类·企业官方,2026-09-30,2026-09-30,公开招聘中,是,2026-09-30,无独立职位详情页，点击后在本页展开；数据来自企业自有接口。,A
CD0316|四川沃飞长空科技发展有限公司|采购主管|成都,CD0316,758,四川沃飞长空科技发展有限公司,是,A,航空航天,采购主管,成都,成都,四川省,成都市,,成都,page_title,供应链,社会招聘,页面未说明,页面未说明,1-3年,本科,1,招聘人数：1,"""1.负责采购流程及制度文件的编制及优化，并监督落地；
2.参与公司采购策略的制定及执行；
3.负责公司年/季/月度采购计划的制定和执行；
4.负责采购需求审核，采购前期参与，分析可行性并给出解决方案；
5.根据公司的流程要求，负责采购项目的定点工作；
6.负责直接采购类合同的签订，并监督执行；
7.建立常用物料的供应商库，提升采购的反馈速度；
8.负责向供应商下发需求订单，合同的签订和结算；
9.根据项目开发进度，进行供应市场的调研，采购策略和计划的制定，供应商开发和管理等；
10.负责合格供应商关系的维护，不合格供应商的淘汰。""","""1.本科及以上学历，5年以上通航或民航领域的相关经验以及具有国际化采购经验
2.了解通航或民航的专业知识、熟悉产品开发过程以及丰富的供应商资源；
3.具备较强的商务谈判能力，可通过多种谈判方式完成重点采购任务；
4.具备较强的内部沟通协调能力，积极主动跟需求方沟通，和外部关系的建立及维护能力；
5.具备较高的风险防控意识，可通过方案制定及前期规划进行风险规避；
6.具备较高的主动学习能力，并帮助团队进行共同提升；
7.英文能作为工作语言者优先。""",页面未说明,listing_page,false,not_available,https://www.aerofugia.com/socialrecruit,https://www.aerofugia.com/socialrecruit,是,true,A类·企业官方,2026-09-30,2026-09-30,公开招聘中,是,2026-09-30,无独立职位详情页，点击后在本页展开；数据来自企业自有接口。,A
CD0316|四川沃飞长空科技发展有限公司|嵌入式软件工程师|成都,CD0316,759,四川沃飞长空科技发展有限公司,是,A,航空航天,嵌入式软件工程师,成都,成都,四川省,成都市,,成都,page_title,研发,社会招聘,页面未说明,页面未说明,1-3年,本科,1,招聘人数：1,"1、负责机载系统级的需求分析、指标分解(含全机各系统设计规范) 、软硬件架构设计、接口与信号分配设计； 
2、负责机载系统/成品工作运行逻辑、故障逻辑的分析；
3、以正向设计思路完成相应文档编写； 
4、使用 C/C++ 语言进行机载应用软件幵发； 5、为软件测试提供支持","1、航空相关专业，全日制本科及以上学历； 
2、熟悉航空/航天行业，熟悉嵌入式C/C++程序编写； 
3、能熟练阅读英文技术资料； 
4、良好的工作生活态度。",页面未说明,listing_page,false,not_available,https://www.aerofugia.com/socialrecruit,https://www.aerofugia.com/socialrecruit,是,true,A类·企业官方,2026-09-30,2026-09-30,公开招聘中,是,2026-09-30,无独立职位详情页，点击后在本页展开；数据来自企业自有接口。,A
CD0316|四川沃飞长空科技发展有限公司|飞行品质工程师|成都,CD0316,760,四川沃飞长空科技发展有限公司,是,A,航空航天,飞行品质工程师,成都,成都,四川省,成都市,,成都,page_title,研发,社会招聘,页面未说明,页面未说明,1-3年,本科,1,招聘人数：1,"1、完成无人机飞控品质标准与规范设计；
2、完成无人机适航标准分析、研究与设计；
3、完成无人机飞行仿真系统设计、集成和测试；
4、完成无人机飞控品质试验及试验数据分析；
5、完成无人机飞控品质相关技术编写与归档。","1、本科及以上学历，经验不限；
2、熟悉GJB、适航性、飞行品质标准与实施；
3、熟悉飞机控制律设计或具有飞行经验者优先；
4、熟悉编程语言者优先；
5、飞行力学、控制工程专业背景优先；
6、具有良好的英语阅读和沟通能力；
7、主动积极，善于沟通，具有团队合作精神。",页面未说明,listing_page,false,not_available,https://www.aerofugia.com/socialrecruit,https://www.aerofugia.com/socialrecruit,是,true,A类·企业官方,2026-09-30,2026-09-30,公开招聘中,是,2026-09-30,无独立职位详情页，点击后在本页展开；数据来自企业自有接口。,A
CD0316|四川沃飞长空科技发展有限公司|安全性分析工程师|成都,CD0316,761,四川沃飞长空科技发展有限公司,是,A,航空航天,安全性分析工程师,成都,成都,四川省,成都市,,成都,page_title,研发,社会招聘,页面未说明,页面未说明,1-3年,本科,1,招聘人数：1,"1. 负责策划飞机/系统级安全性及可靠性工作；
2. 负责开展飞机/系统级安全性评估，包括功能危害分析（FHA/SFHA）、初步安全性评估PASA/PSSA及安全性评估ASA/SSA、共因分析（CCA）、故障树分析（FTA）、故障模式与影响分析（FMEA）；
3. 负责开展飞机/系统级可靠性设计、计算与分析工作；
4. 配合适航开展安全性验证，向局方表明符合性。","1. 航空航天、系统工程、可靠性、适航工程等相关专业本科及以上，对民机或无人机系统有一定了解；
2. 精通ARP4761 系统安全性分析的方法和流程，熟悉ARP4754A 的民用飞机及系统研制过程；
3. 具备3年以上（优秀者可放宽年限限制）民用航空产品安全性分析与评估的工作经验，熟悉安全性/可靠性分析的工具和方法；
4. 熟悉民用航空相关法律法规及规章程序，熟悉FAA、 EASA、CAAC 相关适航要求及适航流程；
5. 具备良好的技术文档编写能力，及良好的英文听、说、读、 写能力；
6. 在民航局有相关资格认证（DER）或参与过适航审定型号经历的，优先考虑。",页面未说明,listing_page,false,not_available,https://www.aerofugia.com/socialrecruit,https://www.aerofugia.com/socialrecruit,是,true,A类·企业官方,2026-09-30,2026-09-30,公开招聘中,是,2026-09-30,无独立职位详情页，点击后在本页展开；数据来自企业自有接口。,A
CD0316|四川沃飞长空科技发展有限公司|销售经理|成都,CD0316,762,四川沃飞长空科技发展有限公司,是,A,航空航天,销售经理,成都,成都,四川省,成都市,,成都,page_title,市场,社会招聘,页面未说明,页面未说明,1-3年,本科,1,招聘人数：1,"1、负责无人机市场的客户开发、维护，挖掘无人机行业内客户需求，确保销售目标的达成；
2、负责客户关系开拓、合同签订、收款和客户维护，根据公司市场营销战略，扩大产品及服务在所负责区域或行业的销售业绩，提高产品的市场占有率；
3、提供市场趋势、需求变化、竞争对手和客户反馈方面的准确信息；
4、制定区域营销计划、分解销售目标；
5、配合渠道合作伙伴业务开展工作；","1、大专及以上学历；
2、有2年以上销售岗位工作经验且销售业绩优异； 
3、具有良好的沟通能力和独立工作能力；
4、正直诚信，能承受工作压力，具有高度热情和良好的团队合作意识，能适应出差；
5、有无人机、测绘、安防、电力、公安等行业销售工作经验优先。",页面未说明,listing_page,false,not_available,https://www.aerofugia.com/socialrecruit,https://www.aerofugia.com/socialrecruit,是,true,A类·企业官方,2026-09-30,2026-09-30,公开招聘中,是,2026-09-30,无独立职位详情页，点击后在本页展开；数据来自企业自有接口。,A
CD0316|四川沃飞长空科技发展有限公司|嵌入式软件工程师（BSP)|成都,CD0316,763,四川沃飞长空科技发展有限公司,是,A,航空航天,嵌入式软件工程师（BSP),成都,成都,四川省,成都市,,成都,page_title,研发,社会招聘,页面未说明,页面未说明,1-3年,本科,1,招聘人数：1,"	负责航电成品BSP需求以及开发方案文档编写；
	负责ARM/PowerPC方案BSP开发、集成与调试；
	负责常见外设模块驱动开发；
	负责解决成品系统性能问题、稳定性问题；
	负责分析和解决系统底层软硬件问题；","	电子、通信、自动化、计算机、软件等相关专业，本科以上学历；
	熟悉嵌入式软件开发流程，3年以上嵌入式BSP驱动开发经验；
	熟悉常见外设模块驱动开发和调试，测试流程；
	掌握嵌入式C/C++程序编写，具备航空航天设备工作经验优先；
	具备NXP/ST/全志,平台BSP开发经验者优先；
	熟练掌握Linux内核驱动模型，熟悉Linux内核调度机制者优先；
	工作态度积极主动，具备强烈的质量意识和团队协作能力，具有较强学习钻研与工作相关新知识与技术的能力。",页面未说明,listing_page,false,not_available,https://www.aerofugia.com/socialrecruit,https://www.aerofugia.com/socialrecruit,是,true,A类·企业官方,2026-09-30,2026-09-30,公开招聘中,是,2026-09-30,无独立职位详情页，点击后在本页展开；数据来自企业自有接口。,A
CD0316|四川沃飞长空科技发展有限公司|飞控算法工程师|成都,CD0316,764,四川沃飞长空科技发展有限公司,是,A,航空航天,飞控算法工程师,成都,成都,四川省,成都市,,成都,page_title,算法,社会招聘,页面未说明,页面未说明,1-3年,本科,1,招聘人数：1,"1、负责飞行控制任务需求分析；
2、负责飞行控制架构、控制模式/逻辑与算法设计；
3、负责飞行控制律架构、模式/逻辑与控制算法编码实现；
4、负责飞行控制算法集成与功能性能测试(仿真、试飞)；
5、负责飞行控制算法试验报告总结与归档。""","""1、985/211高校硕士及以上学历，导航、制导与控制等相关专业；
2、熟练掌握C/C++语言编程，熟悉相关仿真建模与测试工具；
3、工作或在校期间参与过无人机飞行控制系统设计相关课题；
4、具有研究院所工作背景优先；
5、具有良好的英文文献阅读能力和分析问题、解决问题能力；
6、具有良好的沟通理解和团队协作能力。""",页面未说明,listing_page,false,not_available,https://www.aerofugia.com/socialrecruit,https://www.aerofugia.com/socialrecruit,是,true,A类·企业官方,2026-09-30,2026-09-30,公开招聘中,是,2026-09-30,无独立职位详情页，点击后在本页展开；数据来自企业自有接口。,A
CD0316|四川沃飞长空科技发展有限公司|动力系统仿真工程师|成都,CD0316,765,四川沃飞长空科技发展有限公司,是,A,航空航天,动力系统仿真工程师,成都,成都,四川省,成都市,,成都,page_title,研发,社会招聘,页面未说明,页面未说明,1-3年,本科,1,招聘人数：1,"1、负责无人机/载人机动力系统仿真建模与计算；
2、负责建立发动机/电机与电调、螺旋桨、电池、燃油系统的整个系统建模；
3、负责建立多电机联合运行系统仿真模型；
4、负责设计和规划测试内容优化仿真模型；
5、负责螺旋桨的设计与气动流场分析；","1、大学本科及以上学历；
2、本科5年以上相关工作经验，硕士3年以上相关工作经验；
3、飞行器设计、航空工程、航空动力、电气及其自动化等相关专业；
4、熟练应用熟练运用3D绘图软件以及Ansys、Fluent、Matlab/Simulink等软件；
5、熟悉eVTOL或无人飞行器的系统组成和工作原理；",页面未说明,listing_page,false,not_available,https://www.aerofugia.com/socialrecruit,https://www.aerofugia.com/socialrecruit,是,true,A类·企业官方,2026-09-30,2026-09-30,公开招聘中,是,2026-09-30,无独立职位详情页，点击后在本页展开；数据来自企业自有接口。,A
CD0316|四川沃飞长空科技发展有限公司|电推进系统工程师|成都,CD0316,766,四川沃飞长空科技发展有限公司,是,A,航空航天,电推进系统工程师,成都,成都,四川省,成都市,,成都,page_title,研发,社会招聘,页面未说明,页面未说明,1-3年,本科,1,招聘人数：1,"1、负责电推进系统整个能源动力系统的控制方案设计；
2、负责能源动力系统控制策略的制定与实施；
3、负责电推进系统的测试验证方案的制定与验证；
4、负责电推进系统控制器的开发；","1、飞行器设计、航空工程、航空动力、电气及其自动化等相关专业等工科相关专业，本科及以上学历，5年以上相关行业经验；
2、电机控制器、VCU开发设计工作背景者优先；
3、熟悉eVTOL或无人飞行器的系统组成和工作原理；
4、能用英语进行沟通交流者优先。",页面未说明,listing_page,false,not_available,https://www.aerofugia.com/socialrecruit,https://www.aerofugia.com/socialrecruit,是,true,A类·企业官方,2026-09-30,2026-09-30,公开招聘中,是,2026-09-30,无独立职位详情页，点击后在本页展开；数据来自企业自有接口。,A
CD0316|四川沃飞长空科技发展有限公司|电池系统工程师|成都,CD0316,767,四川沃飞长空科技发展有限公司,是,A,航空航天,电池系统工程师,成都,成都,四川省,成都市,,成都,page_title,研发,社会招聘,页面未说明,页面未说明,1-3年,本科,1,招聘人数：1,"1、	负责项目动力电池的技术问题的跟踪和解决， 支持售前、售后的技术评估工作
2、	负责电池热流体建模仿真，并通过数据分析对结构设计进行优化改进；
3、	负责与供应商技术交流、文件发放，组织并参与动力电池的DVP验证；
4、	负责电池装配工艺中相关的工艺设计协助工作；
5、	负责电池方案的试验验证协助工作；
6、	负责制定电池相关的测试验证规范撰写；
7、	负责制定电池标准技术文档、规范和撰写专利；","1、	统招本科及以上学历，机械和电子等相关专业；
2、	具有3年以上动力电池相关技术工作经验；
3、	熟悉热管理原理以及各种材料的应用和特征，并有扎实的理论知识；
4、	能够适应经常出差工作。",页面未说明,listing_page,false,not_available,https://www.aerofugia.com/socialrecruit,https://www.aerofugia.com/socialrecruit,是,true,A类·企业官方,2026-09-30,2026-09-30,公开招聘中,是,2026-09-30,无独立职位详情页，点击后在本页展开；数据来自企业自有接口。,A
CD0316|四川沃飞长空科技发展有限公司|飞行器受力载荷工程师|成都,CD0316,768,四川沃飞长空科技发展有限公司,是,A,航空航天,飞行器受力载荷工程师,成都,成都,四川省,成都市,,成都,page_title,研发,社会招聘,页面未说明,页面未说明,1-3年,本科,1,招聘人数：1,"（1）筛选和载荷相关的适航审定基础；
（2）基于适航法规/审定基础梳理无人机结构强度符合性验证科目；
（3）结合无人机飞行包线识别典型飞行工况；
（4）针对所有飞行工况给出载荷计算条件，包括气动载荷计算条件、地面载荷计算条件等；
（5）针对所有飞行工况进行筛选，向结构强度部门输出用于结构强度校核的载荷（气动载荷、惯性载荷、集中载荷等）；
（6）配合制定无人机结构强度相关的适航审定基础，并制定相关的符合性验证方法；
（7）配合结构强度专业完成相关型号的强度试验；
（8）配合项目经理和型号总师完成项目的组织与管理。""","""（1）飞行器总体设计、飞行器结构力学、固体力学、空气动力学、气动弹性力学等相关专业，本科及以上学历，3年及以上飞行器设计经验，对特别优秀者可放宽限制；
（2）掌握载荷基本的分载方法，精通必要的插值计算方法；
（3）具有丰富的飞行器载荷从业经验；
（4）有航空航天等科研院所，或国内外著名无人机企业工作经历的候选人优先；
（5）熟悉通用的CFD气动仿真软件的基本操作，能够熟练使用通用的商业CAD软件，能够利用编程软件进行必要的工具开发；
（6）具备良好的文档编写能力；
（7）具有良好的沟通协调和组织管理能力。""",页面未说明,listing_page,false,not_available,https://www.aerofugia.com/socialrecruit,https://www.aerofugia.com/socialrecruit,是,true,A类·企业官方,2026-09-30,2026-09-30,公开招聘中,是,2026-09-30,无独立职位详情页，点击后在本页展开；数据来自企业自有接口。,A
CD0310|四川凌空天行科技有限公司|电气工程师（成都）|成都,CD0310,769,四川凌空天行科技有限公司,是,A,航空航天,电气工程师（成都）,成都,成都（所属部门：四川凌空）,四川省,成都市,,成都,page_title,研发,社会招聘,页面未说明,页面未说明,页面未说明,本科,2,人数：2人,负责火箭电气系统（控制、遥测）的论证及设计；负责电气系统单机设备选型以及设计；负责电气系统设备布置图、电路图、电缆网设计；负责嵌入式硬件系统总体方案设计；负责单机设备以及电气系统综合试验。,本科及以上；电气工程、电子信息、通信工程相关专业。,页面未说明,listing_page,false,not_available,https://www.spacetransportation.com.cn/join.html,https://www.spacetransportation.com.cn/join.html,是,true,A类·企业官方,2026-09-30,2026-09-30,公开招聘中,是,2026-09-30,职位在集团招聘页内动态加载，无独立详情页URL。,A
CD0310|四川凌空天行科技有限公司|结构设计工程师（成都）|成都,CD0310,770,四川凌空天行科技有限公司,是,A,航空航天,结构设计工程师（成都）,成都,成都（所属部门：四川凌空）,四川省,成都市,,成都,page_title,研发,社会招聘,页面未说明,页面未说明,页面未说明,本科,2,人数：2人,根据总体要求，开展结构布局设计；根据结构布局和总体参数要求，开展结构设计；跟踪结构产品生产，协调、配合解决生产中的技术问题和质量问题；跟踪结构产品总装，协调、配合解决装配过程中的技术问题和质量问题。,本科及以上学历；机械设计、飞行器设计等相关专业。,页面未说明,listing_page,false,not_available,https://www.spacetransportation.com.cn/join.html,https://www.spacetransportation.com.cn/join.html,是,true,A类·企业官方,2026-09-30,2026-09-30,公开招聘中,是,2026-09-30,职位在集团招聘页内动态加载，无独立详情页URL。,A
CD0310|四川凌空天行科技有限公司|防热设计工程师（成都）|成都,CD0310,771,四川凌空天行科技有限公司,是,A,航空航天,防热设计工程师（成都）,成都,成都（所属部门：四川凌空）,四川省,成都市,,成都,page_title,研发,社会招聘,页面未说明,页面未说明,页面未说明,本科,2,人数：2人,负责飞行器防隔热方案设计，并参与防隔热产品设计、出图及产品跟产；负责防隔热考核试验及仿真分析；参与防隔热专业建设。,硕士及以上学历；工程热物理、材料学、飞行器设计等相关专业。,页面未说明,listing_page,false,not_available,https://www.spacetransportation.com.cn/join.html,https://www.spacetransportation.com.cn/join.html,是,true,A类·企业官方,2026-09-30,2026-09-30,公开招聘中,是,2026-09-30,职位在集团招聘页内动态加载，无独立详情页URL。,A
CD0310|四川凌空天行科技有限公司|无人机系统开发工程师|成都,CD0310,772,四川凌空天行科技有限公司,是,A,航空航天,无人机系统开发工程师,成都,成都（所属部门：四川凌空）,四川省,成都市,,成都,page_title,研发,社会招聘,页面未说明,页面未说明,页面未说明,本科,1,人数：1人,开发无人机系统中的决策规划模块，研究和解决无人机避障规划、行为预测与决策以及轨迹规划等软件问题；负责无人机场景多目标的运动估算，行为预测和轨迹预测的设计与落地；负责无人机智能感知系统的软件开发与验证；了解ros，负责slam算法。,本科及以上学历；计算机科学与技术、软件工程、人工智能、自动化、控制科学与工程相关专业。,页面未说明,listing_page,false,not_available,https://www.spacetransportation.com.cn/join.html,https://www.spacetransportation.com.cn/join.html,是,true,A类·企业官方,2026-09-30,2026-09-30,公开招聘中,是,2026-09-30,职位在集团招聘页内动态加载，无独立详情页URL。,A
CD0310|四川凌空天行科技有限公司|QT软件开发工程师|成都,CD0310,773,四川凌空天行科技有限公司,是,A,航空航天,QT软件开发工程师,成都,成都（所属部门：四川凌空）,四川省,成都市,,成都,page_title,技术,社会招聘,页面未说明,页面未说明,页面未说明,本科,1,人数：1人,参与航空航天领域地面测控系统、综合显示系统、数据监控与仿真平台等高端装备软件的开发、测试与维护工作；负责实现软件与飞行器、传感器、模拟器等外部设备之间的高可靠、实时数据通信；基于QWidget开发高性能、高实时性的综合显示界面（如：仪表盘、地图航迹、参数表格、三维姿态显示等）；参与技术文档的编写，包括软件设计说明、接口控制文档等，满足行业质量体系要求。,本科及以上学历；计算机科学与技术、软件工程、人工智能相关专业。,页面未说明,listing_page,false,not_available,https://www.spacetransportation.com.cn/join.html,https://www.spacetransportation.com.cn/join.html,是,true,A类·企业官方,2026-09-30,2026-09-30,公开招聘中,是,2026-09-30,职位在集团招聘页内动态加载，无独立详情页URL。,A
CD0310|四川凌空天行科技有限公司|全栈开发工程师|成都,CD0310,774,四川凌空天行科技有限公司,是,A,航空航天,全栈开发工程师,成都,成都（所属部门：四川凌空）,四川省,成都市,,成都,page_title,技术,社会招聘,页面未说明,页面未说明,页面未说明,本科,1,人数：1人,负责系统服务代码的编写和开发工作；负责公司产品后台架构和产品研发；编写相关文档；完成所承担功能模块与其他模块的集成、部署、修改、重构与调优；维护和升级现有软件产品，快速定位并修复现有软件缺陷；完成信息化和DevOps相关工作。,本科及以上学历；计算机科学与技术、软件工程、大数据管理及应用系统开发相关专业。,页面未说明,listing_page,false,not_available,https://www.spacetransportation.com.cn/join.html,https://www.spacetransportation.com.cn/join.html,是,true,A类·企业官方,2026-09-30,2026-09-30,公开招聘中,是,2026-09-30,职位在集团招聘页内动态加载，无独立详情页URL。,A
CD0310|四川凌空天行科技有限公司|飞控算法工程师（成都）|成都,CD0310,775,四川凌空天行科技有限公司,是,A,航空航天,飞控算法工程师（成都）,成都,成都（所属部门：四川凌空）,四川省,成都市,,成都,page_title,算法,社会招聘,页面未说明,页面未说明,页面未说明,本科,2,人数：2人,负责火箭操纵性和稳定性分析、弹道设计；负责火箭制导和控制算法设计和优化；负责火箭数学仿真分析；负责飞行试验结果分析；负责导航制导控制理论领域前沿方法研究。,硕士及以上学历；飞行器设计、控制工程、制导与导航、自动化等相关专业。,页面未说明,listing_page,false,not_available,https://www.spacetransportation.com.cn/join.html,https://www.spacetransportation.com.cn/join.html,是,true,A类·企业官方,2026-09-30,2026-09-30,公开招聘中,是,2026-09-30,职位在集团招聘页内动态加载，无独立详情页URL。,A
CD0310|四川凌空天行科技有限公司|总装技师|成都,CD0310,776,四川凌空天行科技有限公司,是,A,航空航天,总装技师,成都,成都（所属部门：四川凌空）,四川省,成都市,,成都,page_title,生产,社会招聘,页面未说明,页面未说明,页面未说明,大专,5,人数：5人,依据工艺文件装配火箭产品，进行相关试验操作；按照要求记录装配过程数据及结果数据；对装配过程和装配结果进行检查核对；提出产品优化、流程优化、节能减耗等方面的建议；负责火箭装配区定制管理及6S管理工作；协助完成公司安排的其他工作。,大专以上学历；机械制造类专业；具有一定的钳工操作技能，可熟练使用工具对零件进行刮削、研磨、修型、钻孔等操作者优先；能够适应公司安排的短期出差工作。,页面未说明,listing_page,false,not_available,https://www.spacetransportation.com.cn/join.html,https://www.spacetransportation.com.cn/join.html,是,true,A类·企业官方,2026-09-30,2026-09-30,公开招聘中,是,2026-09-30,职位在集团招聘页内动态加载，无独立详情页URL。,A
CD0335|成都唐源电气股份有限公司|物控主管|页面未说明,CD0335,777,成都唐源电气股份有限公司,是,A,轨道交通,物控主管,页面未说明,页面未说明,,,,页面未说明,not_available,供应链,社会招聘,页面未说明,页面未说明,页面未说明,本科,1,招聘人数：1,1.制度建设（1）完善物控系统的运作流程及部门管理制度并监督实施；（2）物资追溯体系设计与执行及物资全程控制跟踪。2.物料管理（1）组织完善原材料安全库存，定型物料的请购计划和跟催工作；（2）负责按照交货计划要求制定物料需求计划、物料配备计划、订单完工统计；（3）负责对跟物料相关的异常情况的协调和处理。3.库存管理（1）根据生产计划制定重要物资的库存计划，并监督实施；（2）指导、监督仓库的规范化管理工作，组织仓库盘点并进行常规抽查工作；（3）对呆滞材料进行分析并跟踪处理。4.订单管理（1）根据订单情况制定合理的销售预测计划，准确的物料回货计划；（2）定期进行发货统计分析，保证发货需求的实现。,1.制造行业累计3年以上库房或物控管理相关工作经验；2.熟悉企业内部供应链的各个环节，熟悉生产计划、物料计划以及来料使用的过程和环节，逻辑数据观念强；3.对供应链领域作业系统熟悉；4.具有较强的判断和决策能力、人际沟通和协调能力、计划与执行能力，具有较强的团队协作能力，良好的口头及书面表达能力；良好的保密意识、服务意识，吃苦耐劳。,页面未说明,direct_detail,true,high,https://www.cdtye.com/contents/24/109.html,https://www.cdtye.com/channels/24.html,是,true,A类·企业官方,2026-09-30,2026-09-30,页面存在但状态不明确,待人工复核,2026-09-30,发布时间为2020-09-07，页面未写工作地点与截止日期。,A
CD0335|成都唐源电气股份有限公司|质控专员|页面未说明,CD0335,778,成都唐源电气股份有限公司,是,A,轨道交通,质控专员,页面未说明,页面未说明,,,,页面未说明,not_available,职能,社会招聘,页面未说明,页面未说明,页面未说明,本科,1,招聘人数：1,1.负责销售过程&产品策划过程的质量管理，跟进过程并对其中的数据进行深入统计分析，给出改进建议，促进销售环节问题和产品策划环节进行改进；2.负责审查产品投标、合同评审工作执行的情况；3.负责组织处理公司客户投诉事项；4.负责产品型号的检查及确认，并在ERP上提报产品编码；5.负责销售质控&产品质控职能小组的策划及建立，制定小组管理制度及工作流程；6.负责销售质控&产品质控职能小组的文件、资料的管理工作；7.负责销售质控&产品质控职能小组工作的改进及完善工作；8.负责销售质控&质控职能小组KPI考核目标的执行；9.完成上级领导交办的其它工作。,"1.具备一定沟通协调能力和项目管理能力；2.了解铁路行业相关标准及规定,对铁路行业的销售过程、投标过程和产品策划过程有一定的经验；3.具有质量管理意识，了解ISO/TS 22163或ISO 9001质量体系相关标准要求；4.熟练使用品质管理相关工具、数据统计分析工具（例如QC七大手法、8D报告等）；5.具备良好的文档撰写能力、较强的理解能力、沟通能力和组织协调能力；6.具有良好的团队合作精神。",页面未说明,direct_detail,true,high,https://www.cdtye.com/contents/24/108.html,https://www.cdtye.com/channels/24.html,是,true,A类·企业官方,2026-09-30,2026-09-30,页面存在但状态不明确,待人工复核,2026-09-30,发布时间为2020-09-07，页面未写工作地点与截止日期。,A
CD0335|成都唐源电气股份有限公司|现场应用工程师（车辆厂）|页面未说明,CD0335,779,成都唐源电气股份有限公司,是,A,轨道交通,现场应用工程师（车辆厂）,页面未说明,页面未说明,,,,页面未说明,not_available,技术,社会招聘,页面未说明,页面未说明,页面未说明,本科,1,招聘人数：1,1.负责制定车辆厂生产项目的产品安装调试日计划；2.负责产品安装调试进度的跟进、情况汇总和报告；3.负责产品安装过程中遭遇的设计问题和物料问题的收集和协调处理；4.负责带领组内人员做好自检、互检及过程质量的检查工作；5.负责对过程检验合格产品在ERP“提检申请”，协助品质部开展现场检验工作；6.负责督促组内人员做好安装记录，并对记录表的进行及时收集汇总；7.负责所管区域项目在车辆厂的对内和对外沟通协调工作；8.负责项目缺料反馈及发货进度跟踪；9.完成领导交代的其他临时工作。,1.电子信息工程、电气自动化、软件工程、计算机科学与技术、机械工程等相关专业；2.熟练使用office办公软件；3.具有分析问题、解决问题、文档编写的能力；4.具有5年以上带领团队的工作经验或项目实施管理经验5年以上；5.抗压能力强，适应出差及加班；6.沟通协调能力强，能够与用户进行良好沟通；7.团队意识强，能够与同事处理好工作协作关系；8.本科及以上学历；9.具有轨道交通行业经验者优先。,页面未说明,direct_detail,true,high,https://www.cdtye.com/contents/24/106.html,https://www.cdtye.com/channels/24.html,是,true,A类·企业官方,2026-09-30,2026-09-30,页面存在但状态不明确,待人工复核,2026-09-30,发布时间为2020-09-07，页面未写工作地点与截止日期。,A
CD0335|成都唐源电气股份有限公司|软件测试工程师|页面未说明,CD0335,780,成都唐源电气股份有限公司,是,A,轨道交通,软件测试工程师,页面未说明,页面未说明,,,,页面未说明,not_available,测试,社会招聘,页面未说明,页面未说明,页面未说明,本科,1,招聘人数：1,1.负责信息系统的测试工作；2.负责编写测试用例文档；3.负责执行测试用例，发现产品缺陷，提供缺陷跟踪信息，帮助开发人员解决问题并进行验证；4.完成上级交办的其他工作任务。,1.计算机、信息、测试等相关专业，1年以上软件测试工作经验，热爱测试工作；2.熟悉Windows/Linux操作系统，计算机、网络基础知识，熟练操作office办公软件；3.熟悉数据库及sql语句；4.为人踏实，工作认真细心，执行力强，喜欢测试工作，善于与人沟通；5.有轨道交通行业工作经验者优先。,页面未说明,direct_detail,true,high,https://www.cdtye.com/contents/24/104.html,https://www.cdtye.com/channels/24.html,是,true,A类·企业官方,2026-09-30,2026-09-30,页面存在但状态不明确,待人工复核,2026-09-30,发布时间为2020-09-07，页面未写工作地点与截止日期。,A
CD0335|成都唐源电气股份有限公司|助理研发经理|页面未说明,CD0335,781,成都唐源电气股份有限公司,是,A,轨道交通,助理研发经理,页面未说明,页面未说明,,,,页面未说明,not_available,管理,社会招聘,页面未说明,页面未说明,页面未说明,本科,1,招聘人数：1,1.承担产品技术负责人角色，负责研发经理指派的研发项目任务；2.负责研发项目前期方案论证、立项、过程组织、结题以及整个研发过程中的相关评审工作；3.负责研发项目总体设计方案、研发结题报告等文档的编写；4.负责项目的过程跟踪，须协调软件、硬件、结构、电气等设计人员开展相关工作，确保整个研发过程得到顺利开展；5.负责在研发过程中或结题后，对研发组内人员、项目部人员、品质部人员、生产部人员等的培训；6.承担实施项目技术负责人角色，负责实施项目设计方案的编写、相关职能组设计资料的审核，项目开展过程中相关问题的协调处理等工作；7.对产品技术状态进行持续跟踪，并根据技术发展状态不断进行版本迭代与升级；8.协助研发经理开展研发团队的日常管理工作。,1.有不低于1年的机器视觉类项目的研发经历；2.有不低于2年的项目管理经历；3.有过全程参与系统集成类项目（由前端传感装置、数据采集设计及后端数据处理软件组成的系统）并在其中担任软件设计或硬件设计等重要职责工作的经历；4.有软件或硬件开发经验，且在研发项目中承担主要工作；5.具备良好的文档撰写能力，有过研发项目总体设计类、过程设计类、专利类文档的编写经历；6.有轨道交通行业经历的优先考虑；7.工作认真、踏实、执行力强、刻苦、注重细节、能够根据项目需要主动加班开展工作；8.性格开朗，善于沟通（重要）。,页面未说明,direct_detail,true,high,https://www.cdtye.com/contents/24/103.html,https://www.cdtye.com/channels/24.html,是,true,A类·企业官方,2026-09-30,2026-09-30,页面存在但状态不明确,待人工复核,2026-09-30,发布时间为2020-09-07，页面未写工作地点与截止日期。,A
CD0335|成都唐源电气股份有限公司|销售工程师|页面未说明,CD0335,782,成都唐源电气股份有限公司,是,A,轨道交通,销售工程师,页面未说明,页面未说明,,,,页面未说明,not_available,市场,社会招聘,页面未说明,页面未说明,页面未说明,本科,5,招聘人数：5,1.负责产品的市场渠道开拓与销售工作，执行并完成公司产品年度销售计划；2.根据公司市场营销战略，控制成本，扩大产品在所负责区域的销售，扩大产品市场占有率；3.与客户保持良好沟通，实时把握客户需求；4.根据公司产品、价格及市场策略，进行产品报价、合同条款的协商及合同签订等事宜；5.维护和开拓新的销售渠道和新客户，自主开发及拓展用户；6.收集营销信息和用户意见，对公司营销策略、售后服务等提供参考意见。,1.理工科类全日制本科学历，若工作经验丰富可适当放宽学历要求；2.性格外向、反应敏捷、具有较强的沟通能力及交际技巧，具有亲和力；3.具有市场分析及判断能力，良好的客户服务意识；4.相关销售经验，并持有驾照者优先；5.能适应长期出差。,页面未说明,direct_detail,true,high,https://www.cdtye.com/contents/24/101.html,https://www.cdtye.com/channels/24.html,是,true,A类·企业官方,2026-09-30,2026-09-30,页面存在但状态不明确,待人工复核,2026-09-30,发布时间为2020-09-07，页面未写工作地点与截止日期。,A
CD0335|成都唐源电气股份有限公司|数据挖掘算法工程师|页面未说明,CD0335,783,成都唐源电气股份有限公司,是,A,轨道交通,数据挖掘算法工程师,页面未说明,页面未说明,,,,页面未说明,not_available,算法,社会招聘,页面未说明,页面未说明,页面未说明,硕士,1,招聘人数：1,1.负责小组现有产品项目的算法优化，包括算法模块的编写、相关实验和测试的组织实施；2.负责参与项目的新产品涉及算法模块的设计、编写、相关实验和测试的组织实施；3.参与项目的技术可行性分析，提出技术方案选择建议；4.负责根据小组需要向公司提请培训需求计划，并安排小组相关人员参加；5.参与项目开发维护过程中代码编写、调试及重大技术问题的解决；6.负责组织安排小组成员分析项目技术问题，负责必要的软件更改；7.负责协助技术经理审核小组成员的工作周计划及工作日报，以及小组成员的培训考核工作。,1.2年以上数据挖掘相关项目开发经验，3年以上python、spark等编码经验；2.熟悉常用机器学习和数据挖掘算法，包括但不限于决策树，线性回归，支持向量机，神经网络等；3.对于Spark/Hadoop/HBase/Hive等大数据处理平台具备一定了解，熟练使用Python等脚本语言；4.良好的英文阅读、理解能力。,页面未说明,direct_detail,true,high,https://www.cdtye.com/contents/24/98.html,https://www.cdtye.com/channels/24.html,是,true,A类·企业官方,2026-09-30,2026-09-30,页面存在但状态不明确,待人工复核,2026-09-30,发布时间为2020-09-07，页面未写工作地点与截止日期。,A
CD0335|成都唐源电气股份有限公司|数据分析工程师|页面未说明,CD0335,784,成都唐源电气股份有限公司,是,A,轨道交通,数据分析工程师,页面未说明,页面未说明,,,,页面未说明,not_available,研发,社会招聘,页面未说明,页面未说明,页面未说明,本科,1,招聘人数：1,1.与各产品总体及其他需要配合部门联系，进行各个产品的数据分析，提交缺陷报告/问题报告；2.每天汇总个人分析信息，对发现的缺陷问题进行初步分级，按次/月汇总给产品缺陷库整理人员，进行缺陷库的逐步完善；3.在分析过程中及时更新分析进度表及分析情况，按标准填写分析台帐；4.参加公司及部门组织的各类产品培训和数据分析培训，并通过相关考核；5.完成其他临时性分析任务。,1.电子、电子信息工程，数学等相关专业；2.熟练使用办公软件，尤其是EXCEL必须精通，熟悉函数，透视表和图表的展示等；3.文字表达能力较好，能独立撰写数据分析报告；4.工作积极主动，细心，并有一定耐心，有团队合作精神，服从领导工作安排；5.相关工作经验1年以上；6.能适应不定时加班，轮休的工作状态，能适应出差。,页面未说明,direct_detail,true,high,https://www.cdtye.com/contents/24/92.html,https://www.cdtye.com/channels/24.html,是,true,A类·企业官方,2026-09-30,2026-09-30,页面存在但状态不明确,待人工复核,2026-09-30,发布时间为2020-09-07，页面未写工作地点与截止日期。,A
CD0341|成都市新筑路桥机械股份有限公司|电气主管工程师（ISCS&BAS定向）|页面未说明,CD0341,785,成都市新筑路桥机械股份有限公司,是,A,轨道交通,电气主管工程师（ISCS&BAS定向）,页面未说明,页面未说明（列表「地点」栏为空）,,,新津区,页面未说明,not_available,技术,社会招聘,页面未说明,页面未说明（原文仅写「月薪：面议」）,页面未说明,本科及以上学历,页面未说明,页面未说明,1.负责公司城市轨道交通系统产品试验线、商业化线路的车站、车辆段机电设备集成方案的可行性研究、需求分析、方案设计、设计确认等工作；2.负责根据公司城市轨道交通系统产品试验线、商业化线路的车站、车辆段机电设备系统设计方案，编制相关技术规格书，开展设备选型，配合开展招投标等工作；,页面未说明,页面未说明,listing_page,false,not_available,https://www.xinzhu.com/hr/hrzl/hrsh/,https://www.xinzhu.com/hr/hrzl/hrsh/,是,true,A类·企业官方,2026-09-30,2026-09-30,页面存在但状态不明确,待人工复核,2026-09-30,职位在列表页内展开，无独立详情页URL；列表「地点」栏为空，未据公司位于成都推断工作地。,A
CD0341|成都市新筑路桥机械股份有限公司|电气主管工程师（FAS定向）|页面未说明,CD0341,786,成都市新筑路桥机械股份有限公司,是,A,轨道交通,电气主管工程师（FAS定向）,页面未说明,页面未说明（列表「地点」栏为空）,,,新津区,页面未说明,not_available,技术,社会招聘,页面未说明,页面未说明（原文仅写「月薪：面议」）,页面未说明,本科及以上学历,页面未说明,页面未说明,1.负责公司城市轨道交通系统产品试验线、商业化线路的车站、车辆段机电设备集成方案的可行性研究、需求分析、方案设计、设计确认等工作；2.负责根据公司城市轨道交通系统产品试验线、商业化线路的车站、车辆段机电设备系统设计方案，编制相关技术规格书，开展设备选型，配合开展招投标等工作；,页面未说明,页面未说明,listing_page,false,not_available,https://www.xinzhu.com/hr/hrzl/hrsh/,https://www.xinzhu.com/hr/hrzl/hrsh/,是,true,A类·企业官方,2026-09-30,2026-09-30,页面存在但状态不明确,待人工复核,2026-09-30,职位在列表页内展开，无独立详情页URL；列表「地点」栏为空，未据公司位于成都推断工作地。,A
CD0341|成都市新筑路桥机械股份有限公司|通信主管工程师|页面未说明,CD0341,787,成都市新筑路桥机械股份有限公司,是,A,轨道交通,通信主管工程师,页面未说明,页面未说明（列表「地点」栏为空）,,,新津区,页面未说明,not_available,技术,社会招聘,页面未说明,页面未说明（原文仅写「月薪：面议」）,页面未说明,本科及以上学历,页面未说明,页面未说明,1.负责公司城市轨道交通系统产品试验线、商业化线路的通信系统集成方案的可行性研究、需求分析、方案设计、设计确认等工作；2.负责根据公司城市轨道交通系统产品试验线、商业化线路的通信系统设计方案，编制相关技术规格书，开展设备选型，配合开展招投标等工作；,页面未说明,页面未说明,listing_page,false,not_available,https://www.xinzhu.com/hr/hrzl/hrsh/,https://www.xinzhu.com/hr/hrzl/hrsh/,是,true,A类·企业官方,2026-09-30,2026-09-30,页面存在但状态不明确,待人工复核,2026-09-30,职位在列表页内展开，无独立详情页URL；列表「地点」栏为空，未据公司位于成都推断工作地。,A
CD0341|成都市新筑路桥机械股份有限公司|信号主任工程师|页面未说明,CD0341,788,成都市新筑路桥机械股份有限公司,是,A,轨道交通,信号主任工程师,页面未说明,页面未说明（列表「地点」栏为空）,,,新津区,页面未说明,not_available,技术,社会招聘,页面未说明,页面未说明（原文仅写「月薪：面议」）,页面未说明,研究生及以上学历,页面未说明,页面未说明,1.负责公司城市轨道交通系统产品试验线、商业化线路的信号系统集成方案的可行性研究、需求分析、方案设计、设计确认等工作；2.负责公司城市轨道交通系统产品试验线、商业化线路的信号系统架构设计、接口分析，对接行业信号系统供应商开展信号系统设计研发；,页面未说明,页面未说明,listing_page,false,not_available,https://www.xinzhu.com/hr/hrzl/hrsh/,https://www.xinzhu.com/hr/hrzl/hrsh/,是,true,A类·企业官方,2026-09-30,2026-09-30,页面存在但状态不明确,待人工复核,2026-09-30,职位在列表页内展开，无独立详情页URL；列表「地点」栏为空，未据公司位于成都推断工作地。,A
CD0341|成都市新筑路桥机械股份有限公司|供电主任工程师|页面未说明,CD0341,789,成都市新筑路桥机械股份有限公司,是,A,轨道交通,供电主任工程师,页面未说明,页面未说明（列表「地点」栏为空）,,,新津区,页面未说明,not_available,技术,社会招聘,页面未说明,页面未说明（原文仅写「月薪：面议」）,页面未说明,本科及以上学历,页面未说明,页面未说明,1.负责公司城市轨道交通系统产品试验线、商业化线路的车站、车辆段机电设备集成方案的可行性研究、需求分析、方案设计、设计确认等工作；2.负责根据公司城市轨道交通系统产品试验线、商业化线路的车站、车辆段机电设备系统设计方案，编制相关技术规格书，开展设备选型，配合开展招投标等工作；,页面未说明,页面未说明,listing_page,false,not_available,https://www.xinzhu.com/hr/hrzl/hrsh/,https://www.xinzhu.com/hr/hrzl/hrsh/,是,true,A类·企业官方,2026-09-30,2026-09-30,待人工复核,待人工复核,2026-09-30,职位在列表页内展开，无独立详情页URL；列表「地点」栏为空，未据公司位于成都推断工作地。页面写明截止日期2019-12-26，已过期，按契约放入人工复核候选。,A
CD0323|四川钜能储能科技集团有限公司|销售经理|成都,CD0323,790,四川钜能储能科技集团有限公司,是,A,新能源,销售经理,成都,四川成都武侯区银泰中心2号楼32层3205,四川省,成都市,武侯区,成都,page_title,市场,社会招聘,页面未说明,8-15K（特别优秀者可面议）＋项目激励,3年以上,本科,页面未说明,页面未说明,1、协助总经理进行钠离子电池或磷酸铁锂电池、3S储能系统的市场开发工作；2、协助总经理搭建市场销售体系；3、收集、整理、汇集、分析市场最新信息，协助公司的品牌建设推广；4、链接客户需求与产品研发，优化非标配置，引导客户向标准配置或者简化配置靠拢，减少交付风险；5、结合客户需求，协助研发部及生产工艺部就技术和方案进行充分沟通，负责交付过程中的技术洽谈和实地踏勘等。,1、了解储能系统政策和行业背景，熟悉各类电池产品、3S储能系统；2、工商业储能、家庭储能等3年以上toB/toG经验；3、近三年销售订单金额不低于2000万；4、有优秀的客户跟进、合同管理能力，具有较强的市场敏感度，有招投标、销售全流程交付经验；5、认同公司企业文化，接受出差；6、本科及以上学历，年龄28~40岁之间，男女不限；特别说明：公司大股东有20多年电力工程建设经验，丰富的五大六小电力行业资源。公司有自行研发的电池产品、3S储能系统、总装厂，资金充足。,页面未说明（页面仅写工作时间：周一到周五9:00-18:00，周末双休，法定节假日）,listing_page,false,not_available,https://gpt-cn.com/zxns,https://gpt-cn.com/zxns,是,true,A类·企业官方,2026-09-30,2026-09-30,公开招聘中,是,2026-09-30,同一页面内多条职位共用该URL，无独立详情页。,A
CD0323|四川钜能储能科技集团有限公司|法务专员|成都,CD0323,791,四川钜能储能科技集团有限公司,是,A,新能源,法务专员,成都,四川成都武侯区银泰中心2号楼32层3205,四川省,成都市,武侯区,成都,page_title,法务,社会招聘,页面未说明,6.5-12k,3年以上,本科,页面未说明,页面未说明,页面未说明,一、经验要求：1、本科学历，3年以上企业法务或律所工作经验，熟悉合同审核、合规管理、诉讼仲裁流程；2、有新能源/制造业行业法务经验优先。二、技能要求：1、精通合同起草与风险审查；2、熟悉《个人信息保护法》《网络安全法》等数据合规要求；3、具备法律文书写作及诉讼策略制定能力。三、能力画像：风险预判力、行业适配性、沟通能力；加分项：持有法律职业资格证书（A证）。,页面未说明（页面仅写工作时间：周一到周五9:00-18:00，周末双休，法定节假日）,listing_page,false,not_available,https://gpt-cn.com/zxns,https://gpt-cn.com/zxns,是,true,A类·企业官方,2026-09-30,2026-09-30,公开招聘中,是,2026-09-30,同一页面内多条职位共用该URL，无独立详情页。,A
CD0323|四川钜能储能科技集团有限公司|行政专员|成都,CD0323,792,四川钜能储能科技集团有限公司,是,A,新能源,行政专员,成都,四川成都武侯区银泰中心2号楼32层3205,四川省,成都市,武侯区,成都,page_title,职能,社会招聘,页面未说明,3.5-6k,2年以上,本科,页面未说明,页面未说明,页面未说明,一、经验要求：1、本科学历，2年以上行政管理经验，熟悉办公自动化系统（OA/ERP）操作；2、有制造业/科技公司行政经验优先；3、3年以上独立驾驶车辆经验。二、技能要求：1、熟练使用Office办公软件；2、精通会议组织、档案管理、公文写作；3、熟悉固定资产管理及采购流程；4、获得c类以上车辆驾驶证。三、能力画像：执行力、细节把控、跨部门协作；加分项：有ISO质量管理体系或安全生产管理相关经验。,页面未说明（页面仅写工作时间：周一到周五9:00-18:00，周末双休，法定节假日）,listing_page,false,not_available,https://gpt-cn.com/zxns,https://gpt-cn.com/zxns,是,true,A类·企业官方,2026-09-30,2026-09-30,公开招聘中,是,2026-09-30,同一页面内多条职位共用该URL，无独立详情页。,A
CD0344|成都成航节能设备制造有限公司|检验人员|成都,CD0344,793,成都成航节能设备制造有限公司,是,A,环保,检验人员,成都,成都市郫都区现代工业港南片区德源镇荣港路21号（页面人才招聘栏目联系方式处地址）,四川省,成都市,郫都区,成都,page_title,测试,社会招聘,页面未说明,页面未说明,页面未说明,页面未说明,1,一、检验人员：1名 / 二、生产技术人员：1名 / 三、销售人员：1名（页面按序各1名）,根据公司产品特性，对产品进行相关动作实验、水压试验、气密试验及其它物理特性检验。检验人员需要细致严谨的精神，是保证产品质量的最后一道关口,页面未说明,页面未说明,listing_page,false,not_available,http://cdchenghang.com/a/service/,http://cdchenghang.com/a/service/,是,true,A类·企业官方,2026-09-30,2026-09-30,页面存在但状态不明确,待人工复核,2026-09-30,页面未写发布日期与截止日期，也未单列岗位工作地点（用页面公司地址作为依据）。,A
CD0344|成都成航节能设备制造有限公司|生产技术人员|成都,CD0344,794,成都成航节能设备制造有限公司,是,A,环保,生产技术人员,成都,成都市郫都区现代工业港南片区德源镇荣港路21号（页面人才招聘栏目联系方式处地址）,四川省,成都市,郫都区,成都,page_title,技术,社会招聘,页面未说明,页面未说明,页面未说明,页面未说明,1,一、检验人员：1名 / 二、生产技术人员：1名 / 三、销售人员：1名（页面按序各1名）,根据设计产品图纸，完成生产工艺编著，指导工人生产及装配。生产技术人员需要对产品图纸、加工工艺、生产设备及工人生产能力进行熟悉了解,页面未说明,页面未说明,listing_page,false,not_available,http://cdchenghang.com/a/service/,http://cdchenghang.com/a/service/,是,true,A类·企业官方,2026-09-30,2026-09-30,页面存在但状态不明确,待人工复核,2026-09-30,页面未写发布日期与截止日期，也未单列岗位工作地点（用页面公司地址作为依据）。,A
CD0344|成都成航节能设备制造有限公司|销售人员|成都,CD0344,795,成都成航节能设备制造有限公司,是,A,环保,销售人员,成都,成都市郫都区现代工业港南片区德源镇荣港路21号（页面人才招聘栏目联系方式处地址）,四川省,成都市,郫都区,成都,page_title,市场,社会招聘,页面未说明,页面未说明,页面未说明,页面未说明,1,一、检验人员：1名 / 二、生产技术人员：1名 / 三、销售人员：1名（页面按序各1名）,根据公司产品特性及市场方向，找到对我们公司的产品及技术有需求的客户，解决客户实际问题。销售人员需要性格外向开朗，具有吃苦耐劳锲而不舍的精神,页面未说明,页面未说明,listing_page,false,not_available,http://cdchenghang.com/a/service/,http://cdchenghang.com/a/service/,是,true,A类·企业官方,2026-09-30,2026-09-30,页面存在但状态不明确,待人工复核,2026-09-30,页面未写发布日期与截止日期，也未单列岗位工作地点（用页面公司地址作为依据）。,A
CD0366|成都鲁晨新材料科技有限公司|销售工程师|成都,CD0366,796,成都鲁晨新材料科技有限公司,是,A,新材料,销售工程师,成都,成都新津,四川省,成都市,新津区,成都,page_title,市场,社会招聘,页面未说明,5-8K/月+提成,页面未说明,本科,1,1名,1、根据公司战略目标，完成个人年度销售目标及回款目标。2、开拓新业务项目和维护既有业务项目，完成合同谈判和内部流程（评审、发货、开票、回款、售后等事宜）。3、协助对接技术要求，项目进度跟进等。,1、大学本科及以上学历，材料类、机械类、电子类相关专业。2、热爱销售工作，接受长期出差。3、性格开朗外向，沟通协调谈判能力较强。,页面未说明,listing_page,false,not_available,http://lu-chen-composite.cn/qyzp/,http://lu-chen-composite.cn/qyzp/,是,true,A类·企业官方,2026-09-30,2026-09-30,公开招聘中,是,2026-09-30,发布日期：2026-02-12,A
CD0366|成都鲁晨新材料科技有限公司|QA工程师|成都,CD0366,797,成都鲁晨新材料科技有限公司,是,A,新材料,QA工程师,成都,成都市新津区普兴街道龙溪河南路288号,四川省,成都市,新津区,成都,page_title,生产制造,社会招聘,页面未说明,7-10K/月,页面未说明,大专,2,2名,1、现场品质控制；2、制定品质控制点；3、分析处理异常和统计分析数据；4、执行质量管理体系相关事宜；5、完成领导交办的临时任务。,1、大专及以上学历，机械或材料、高分子等相关专业，两年以上相关工作经验；2、熟练掌握五大质量工具，能看懂2D图纸；3、熟悉质量管理体系，如AS9100D、GJB9001C等；4、会操作三坐标、厚度检测仪，有无损检测证书优先考虑；5、作死严谨务实，现场问题处置能力强，具备良好的跨部门沟通与问题闭环能力。,页面未说明,listing_page,false,not_available,http://lu-chen-composite.cn/qyzp/,http://lu-chen-composite.cn/qyzp/,是,true,A类·企业官方,2026-09-30,2026-09-30,公开招聘中,是,2026-09-30,发布日期：2026-07-03,A
CD0303|东方凯特瑞（成都）环保科技有限公司|设备工程师(2023年秋招)|成都,CD0303,798,东方凯特瑞（成都）环保科技有限公司,是,A,环保,设备工程师(2023年秋招),成都,成都,四川省,成都市,武侯区,成都,page_title,技术,校园招聘,页面未说明,页面未说明,页面未说明,页面未说明,2,招聘人数：2,页面未说明,页面未说明,页面未说明,direct_detail,true,high,https://cddkc.com/job_view.asp?id=14,https://cddkc.com/job.asp,是,true,A类·企业官方,2026-09-30,2026-09-30,待人工复核,待人工复核,2026-09-30,页面写明截止时间2024/4/30，已过期，按契约放入人工复核候选，未删除。,A
CD0303|东方凯特瑞（成都）环保科技有限公司|研发工程师(2023年秋招)|成都,CD0303,799,东方凯特瑞（成都）环保科技有限公司,是,A,环保,研发工程师(2023年秋招),成都,成都,四川省,成都市,武侯区,成都,page_title,研发,校园招聘,页面未说明,页面未说明,页面未说明,页面未说明,2,招聘人数：2,页面未说明,页面未说明,页面未说明,direct_detail,true,high,https://cddkc.com/job_view.asp?id=13,https://cddkc.com/job.asp,是,true,A类·企业官方,2026-09-30,2026-09-30,待人工复核,待人工复核,2026-09-30,页面写明截止时间2024/4/30，已过期，按契约放入人工复核候选，未删除。,A
CD0339|成都客车股份有限公司|销售业务员|成都,CD0339,800,成都客车股份有限公司,是,A,智能制造与装备,销售业务员,成都,页面未单列岗位工作地点；页脚公司地址：成都市郫都区红光街道高店路西段1098号,四川省,成都市,郫都区,成都,page_title,市场,社会招聘,页面未说明,页面未说明,页面未说明（原文：「有销售经验者优先」）,大专及以上,2-5,现拟面向社会招聘销售业务员2-5人,1、负责所在大区销售业务；2、负责应收账款催收；3、遵守公司销售政策与销售管理制度；4、上报市场动态、客户需求、竞争对手等信息资料，反馈产品信息。,1、大专及以上学历；2、擅长沟通交流，语言表达能力强；3、有销售经验者优先；4、有良好的思想道德素质、有吃苦耐劳的精神、有良好的心理承受能力、有开拓创新精神。,页面未说明,listing_page,false,not_available,https://www.shudubus.com/about/aboutjr/,https://www.shudubus.com/about/aboutjr/,是,true,A类·企业官方,2026-09-30,2026-09-30,待人工复核,待人工复核,2026-09-30,招聘信息有效期已过（2022-07-27），按契约放入人工复核候选。,A
CD0353|成都泰格尔航天航空科技股份有限公司|工艺员|成都,CD0353,801,成都泰格尔航天航空科技股份有限公司,是,A,航空航天,工艺员,成都,页面未单列岗位工作地点；页面办公地址：成都市温江区科创路西段688号（北区）、成都市温江区海科路西段588号（南区）,四川省,成都市,温江区,成都,page_title,技术,社会招聘,页面未说明,页面未说明,页面未说明,页面未说明,5,人数：5,页面未说明,页面未说明,页面未说明,listing_page,false,not_available,http://www.tiggf.com/AboutSt_rlzy.html,http://www.tiggf.com/AboutSt_rlzy.html,是,true,A类·企业官方,2026-09-30,2026-09-30,页面存在但状态不明确,待人工复核,2026-09-30,招聘时间2022-10-24，页面未写截止日期，未据公司在成都推断工作地。,A
CD0311|四川华西集团有限公司|华西产投（副总经理）|成都,CD0311,802,四川华西集团有限公司,是,A,建筑与工程,华西产投（副总经理）,成都,成都,四川省,成都市,,成都,page_title,管理,社会招聘,页面未说明,页面未说明,页面未说明,页面未说明,1,招聘人数：1（招聘单位：集团总部；招聘类别：社会招聘/内部招聘；结束日期：2026-09-30）,页面未说明（列表页仅显示职位名称、工作地点、招聘人数、招聘单位、结束日期，岗位职责需进入职位详情）,页面未说明,页面未说明,listing_page,false,not_available,https://hr.huashi.sc.cn:88/,https://hr.huashi.sc.cn:88/,是,true,A类·企业官方,2026-09-30,2026-09-30,公开招聘中,是,2026-09-30,结束日期为2026-09-30（核验日当天），页面未标注关闭；系统首页未给出独立职位详情URL，多条职位共用列表页，url_type记为listing_page。,A
CD0311|四川华西集团有限公司|四川城更（副总经理）|成都,CD0311,803,四川华西集团有限公司,是,A,建筑与工程,四川城更（副总经理）,成都,成都,四川省,成都市,,成都,page_title,管理,社会招聘,页面未说明,页面未说明,页面未说明,页面未说明,1,招聘人数：1（招聘单位：集团总部；招聘类别：社会招聘/内部招聘；结束日期：2026-09-30）,页面未说明,页面未说明,页面未说明,listing_page,false,not_available,https://hr.huashi.sc.cn:88/,https://hr.huashi.sc.cn:88/,是,true,A类·企业官方,2026-09-30,2026-09-30,公开招聘中,是,2026-09-30,结束日期为2026-09-30；url_type记为listing_page。,A
CD0311|四川华西集团有限公司|规划技术人员（国土整治）|成都,CD0311,804,四川华西集团有限公司,是,A,建筑与工程,规划技术人员（国土整治）,成都,成都,四川省,成都市,,成都,page_title,其他,社会招聘,页面未说明,页面未说明,页面未说明,页面未说明,1,招聘人数：1（招聘单位：省建院；招聘类别：社会招聘/内部招聘；结束日期：2026-09-30）,页面未说明,页面未说明,页面未说明,listing_page,false,not_available,https://hr.huashi.sc.cn:88/,https://hr.huashi.sc.cn:88/,是,true,A类·企业官方,2026-09-30,2026-09-30,公开招聘中,是,2026-09-30,url_type记为listing_page。,A
CD0311|四川华西集团有限公司|测绘技术人员（成都）|成都,CD0311,805,四川华西集团有限公司,是,A,建筑与工程,测绘技术人员（成都）,成都,成都,四川省,成都市,,成都,page_title,其他,社会招聘,页面未说明,页面未说明,页面未说明,页面未说明,2,招聘人数：2（招聘单位：省建院；招聘类别：社会招聘/内部招聘；结束日期：2026-09-30）,页面未说明,页面未说明,页面未说明,listing_page,false,not_available,https://hr.huashi.sc.cn:88/,https://hr.huashi.sc.cn:88/,是,true,A类·企业官方,2026-09-30,2026-09-30,公开招聘中,是,2026-09-30,url_type记为listing_page。,A
CD0311|四川华西集团有限公司|规划技术人员|成都,CD0311,806,四川华西集团有限公司,是,A,建筑与工程,规划技术人员,成都,成都,四川省,成都市,,成都,page_title,其他,社会招聘,页面未说明,页面未说明,页面未说明,页面未说明,1,招聘人数：1（招聘单位：省建院；招聘类别：社会招聘/内部招聘；结束日期：2026-09-30）,页面未说明,页面未说明,页面未说明,listing_page,false,not_available,https://hr.huashi.sc.cn:88/,https://hr.huashi.sc.cn:88/,是,true,A类·企业官方,2026-09-30,2026-09-30,公开招聘中,是,2026-09-30,url_type记为listing_page。,A
CD0311|四川华西集团有限公司|水利工程技术员|成都,CD0311,807,四川华西集团有限公司,是,A,建筑与工程,水利工程技术员,成都,成都,四川省,成都市,,成都,page_title,其他,社会招聘,页面未说明,页面未说明,页面未说明,页面未说明,2,招聘人数：2（招聘单位：省建院；招聘类别：社会招聘/内部招聘；结束日期：2026-09-30）,页面未说明,页面未说明,页面未说明,listing_page,false,not_available,https://hr.huashi.sc.cn:88/,https://hr.huashi.sc.cn:88/,是,true,A类·企业官方,2026-09-30,2026-09-30,公开招聘中,是,2026-09-30,url_type记为listing_page。,A
CD0368|新希望集团有限公司|2027届新希望集团总部全球管培生|成都,CD0368,808,新希望集团有限公司,是,A,零售与消费,2027届新希望集团总部全球管培生,成都,"成都市,北京市",四川省,成都市,,成都,page_title,管理,校园招聘,页面未说明,页面未说明（原文仅写「面议」）,页面未说明,硕士、博士应届毕业生及毕业2年以内的往届毕业生（国内外知名院校）,若干,招聘人数：若干；需求部门：集团总部；岗位类别：管培生；工作性质：全职,页面原文：我们为你提供：平台赋能…充分利用新希望多年累积的产业布局、企业资源及品牌效应…有机会深度参与集团各类大型专项项目；清晰规划…多元化培养方式——如高管导师一对一辅导、参与海内外重大项目等。,页面原文：国内外知名院校硕士、博士应届毕业生及毕业2年以内的往届毕业生，应届毕业生优先；原则上专业不限，国内外顶尖院校理工科或经营管理类专业硕士及以上学历优先；学习成绩优异，英语可作为办公语言；具备数字化思维，热爱AI与新技术；接受产业一线及跨地域项目轮岗历练。,页面未说明,listing_page,false,not_available,https://newhope.zhiye.com/jtxzzw,https://newhope.zhiye.com/jtxzzw,是,true,A类·企业官方,2026-09-30,2026-09-30,公开招聘中,是,2026-09-30,工作地含成都与北京两地，成都为其一；未取得单条职位详情URL，多条职位共用列表页，url_type记为listing_page。,A
CD0368|新希望集团有限公司|新晨生-美居工程管理岗（2027届）|成都,CD0368,809,新希望集团有限公司,是,A,零售与消费,新晨生-美居工程管理岗（2027届）,成都,成都市,四川省,成都市,,成都,page_title,设计,校园招聘,页面未说明,5000-6000元/月,页面未说明,2027届本科及以上（页面原文）,若干,招聘人数：若干；需求部门：新希望服务；岗位类别：设计类；工作性质：全职；发布时间2026-09-20,页面原文：设计：协助开展业主装修设计方案、效果图绘制与软装搭配；参与样板间、展厅的设计落地与陈设优化；跟进施工图审核、节点把控与现场交底。服务与客户洞察：负责业主装修咨询、需求深度挖掘与一对一方案沟通。通用：按培养计划完成多项目轮岗学习（设计、营销、施工配合等）。,页面原文：2027届本科及以上，室内装饰设计相关专业、建筑学、城市规划、风景园林等相关专业优先。,页面未说明,listing_page,false,not_available,https://newhope.zhiye.com/jtxzzw,https://newhope.zhiye.com/jtxzzw,是,true,A类·企业官方,2026-09-30,2026-09-30,公开招聘中,是,2026-09-30,url_type记为listing_page。,A
CD0368|新希望集团有限公司|新晨生-法务风控管理岗（2027届）|成都,CD0368,810,新希望集团有限公司,是,A,零售与消费,新晨生-法务风控管理岗（2027届）,成都,成都市,四川省,成都市,,成都,page_title,法务,校园招聘,页面未说明,5000-6000元/月,页面未说明,2027届统招本科及以上，须取得法学学位（页面原文）,若干,招聘人数：若干；需求部门：新希望服务；岗位类别：法务合规类；工作性质：全职；发布时间2026-09-16,页面原文：1、战区法律支持…对接各项目及业务板块，提供日常法律支持；2、合同法务管理：协助审核、修订各类业务合同，参与合同谈判；3、合规风控落地；4、应收账款法律支持；5、诉讼案件处理；6、合规宣导培训；7、管培成长历练。,页面原文：2027届统招本科及以上学历，须取得法学学位；已通过法律职业资格考试（A证）；逻辑严谨、细心审慎，具备良好的风险识别与研判能力；在校学业成绩优异者优先；特别优秀的TOP10物企管培生届别可放宽至2025/2026届。,页面未说明,listing_page,false,not_available,https://newhope.zhiye.com/jtxzzw,https://newhope.zhiye.com/jtxzzw,是,true,A类·企业官方,2026-09-30,2026-09-30,公开招聘中,是,2026-09-30,url_type记为listing_page。,A
CD0314|四川天味食品集团股份有限公司|品牌经理|成都,CD0314,811,四川天味食品集团股份有限公司,是,A,零售与消费,品牌经理,成都,成都,四川省,成都市,双流区,成都,page_title,市场,社会招聘,页面未说明,15-20k·12薪,三年以上互联网、新媒体品牌工作经验,本科及以上,若干,成都 | 若干 | 本科及以上 | 15-20k·12薪,页面原文：1、根据品牌营销战略制定品牌年度目标，制定传播策略、计划和实施方案。2、结合业务及产品特点，挖掘产品特色及买点，用于品牌运用。3、根据用户场景，把握用户触点，输出内容及策划公关活动或营销事件。4、组织实施媒介传播、活动落地、公关传播及自媒体的内容规划及输出。5、管理外协资源及协调内部资源。,页面原文：1、热爱品牌及公关事业，对工作有热情；2、本科以上学历，新闻、广告等相关专业，三年以上互联网、新媒体品牌工作经验，有社群内容营销及新媒体运营传播经验优先；3、品牌策划及文字能力强，具有独立策划及跟进实操经历；4、有连锁零售业、新零售、快消品行业经验者优先。,页面未说明,direct_detail,true,high,https://teway.cn/jobdetail.php?id=486,https://teway.cn/jobdetail.php?id=486,是,true,A类·企业官方,2026-09-30,2026-09-30,公开招聘中,是,2026-09-30,联系邮箱 rose@tewatfood.com（页面原文）。官网导航未设招聘栏目，页面位于官网自有域名下。,A
CD0314|四川天味食品集团股份有限公司|加盟总监|成都,CD0314,812,四川天味食品集团股份有限公司,是,A,零售与消费,加盟总监,成都,成都,四川省,成都市,双流区,成都,page_title,招商,社会招聘,页面未说明,15-25k·12薪,5年以上招商连锁加盟工作经验,大专及以上,若干,成都 | 若干 | 大专及以上 | 15-25k·12薪,页面原文：1、根据公司年度战略目标，制定加盟体系和策略，组织加盟工作开展；2、建立健全招商加盟体系基础建设；3、高效落实公司各项加盟政策；4、拟定招商规划、年度规划；5、积极与加盟店有效互动；6、积极处理加盟店在加盟前后遇到的各类问题；7、负责项目的市场调研。,页面原文：1、大专以上学历，年龄30-40岁；2、有过快速招商项目经验，5年以上招商连锁加盟工作经验；3、有丰富的餐饮、零售的各渠道招商加盟资源；有较强的领导能力和社交能力，互联网营销思维能力强。,页面未说明,direct_detail,true,high,https://teway.cn/jobdetail.php?id=482,https://teway.cn/jobdetail.php?id=486,是,true,A类·企业官方,2026-09-30,2026-09-30,公开招聘中,是,2026-09-30,同一职位另有英文站镜像页 https://teway.cn/en/display.php?id=482 （200）。,A
CD0314|四川天味食品集团股份有限公司|Logistics Manager|成都,CD0314,813,四川天味食品集团股份有限公司,是,A,零售与消费,Logistics Manager,成都,Chengdu,四川省,成都市,双流区,成都,page_title,物流,社会招聘,页面未说明,10-15k·12薪,5年以上物流相关工作经验、3年以上团队管理经验,本科及以上,若干,Chengdu | Multiple | 本科及以上 | 10-15k·12薪,页面原文：1、搭建物流培训体系及建立部门工作流程；2、负责配送中心订货、验收货、库存盘点、店铺配送等的监督管理；3、店铺与配送间的问题协调；4、新店的物流路线匹配；5、物流费用管控与结算；6、协助部门做好物流数据统计，大仓缺货率统计。,页面原文：1、有零售行业管理第三方公司相关经验者优先；2、具备5年以上物流相关工作经验，3年以上团队管理岗位经营；3、有团队协作精神；4、精通仓储物流管理流程；5、优秀的逻辑思维和综合分析能力，对零售行业的物流管理有深刻理解和把握。,页面未说明,direct_detail,true,high,https://www.teway.cn/en/jobdetail.php?id=484,https://teway.cn/jobdetail.php?id=486,是,true,A类·企业官方,2026-09-30,2026-09-30,公开招聘中,是,2026-09-30,该职位页面为官网英文站，职位名与工作地均为英文原文（Logistics Manager / Chengdu），未作翻译改写。,A
CD0312|四川发展（控股）有限责任公司|地理信息研发岗（四川省精细低空空间技术有限公司标准研发部）|成都,CD0312,814,四川发展（控股）有限责任公司,是,A,国企事业单位,地理信息研发岗（四川省精细低空空间技术有限公司标准研发部）,成都,四川省·成都市,四川省,成都市,,成都,page_title,研发,社会招聘,页面未说明,页面未说明,3年及以上遥感、GIS或空间数据开发相关经验,本科及以上,页面未说明,页面未说明,页面原文：运用遥感/GIS技术，开展低空飞行环境评估、空域三维建模、障碍物识别与分类、低空气象环境遥感反演等研发与工程化落地工作；参与GIS模块需求分析、方案设计和数据治理；基于 CesiumJS、WebGL、Mapbox、OpenLayers 等引擎参与二三维一体化可视化与分析功能开发。,页面原文：本科及以上学历，遥感、地理信息科学、测绘、计算机、软件工程等相关专业；3年及以上遥感、GIS或空间数据开发相关经验；熟悉遥感影像处理流程；掌握GIS基础理论、坐标系（CGCS2000等）。,页面未说明,listing_page,false,not_available,https://sdholding.zhiye.com/social/jobs,https://sdholding.zhiye.com/social/jobs,是,true,A类·企业官方,2026-09-30,2026-09-30,公开招聘中,是,2026-09-30,职位原文名称为「四川省精细低空空间技术有限公司标准研发部地理信息研发岗」，属四川发展下属企业岗位；列表页未给出独立详情URL，url_type记为listing_page。,A
CD0312|四川发展（控股）有限责任公司|项目管理岗（四川林业集团林产品开发有限公司项目发展部）|成都,CD0312,815,四川发展（控股）有限责任公司,是,A,国企事业单位,项目管理岗（四川林业集团林产品开发有限公司项目发展部）,成都,四川省·成都市,四川省,成都市,,成都,page_title,管理,社会招聘,页面未说明,页面未说明,10年及以上工作经验，其中5年及以上项目管理经验,本科及以上,页面未说明,页面未说明,页面原文：统筹林产品项目运营、供应链整合与市场销售全业务工作；负责林产品项目调研、申报落地及台账资料管理；开发甄选优质源头资源，对接维护代加工合作厂商，搭建稳定的产销供应链；负责政企集采及销售业务，开拓机关、企事业、商超等渠道。,页面原文：年龄45岁及以下；本科及以上，市场营销、经济管理、信息工程、国际贸易、林学、农学等相关专业；具备10年及以上工作经验，其中5年及以上项目管理经验；能适应长期出差。,页面未说明,listing_page,false,not_available,https://sdholding.zhiye.com/social/jobs,https://sdholding.zhiye.com/social/jobs,是,true,A类·企业官方,2026-09-30,2026-09-30,公开招聘中,是,2026-09-30,url_type记为listing_page。,A
CD0312|四川发展（控股）有限责任公司|消防中控室值守员（四川府河华益集团有限公司物业和安全管理部）|成都,CD0312,816,四川发展（控股）有限责任公司,是,A,国企事业单位,消防中控室值守员（四川府河华益集团有限公司物业和安全管理部）,成都,四川省·成都市,四川省,成都市,,成都,page_title,其他,社会招聘,页面未说明,页面未说明,3年及以上工作经验,本科及以上,页面未说明,页面未说明,页面原文：负责火情应急响应的全流程处置；熟练掌握并严格按照自动控制设备操作规程，负责对消防报警系统、图像监控设施等进行专业操作与监控；负责对监控中心所有设备的日常保养与维护。,页面原文：年龄35岁及以下；本科及以上，专业不限；持有建（构）筑物消防员证或消防设施操作员证（初级及以上）；能适应24小时轮班三班倒工作制。,页面未说明,listing_page,false,not_available,https://sdholding.zhiye.com/social/jobs,https://sdholding.zhiye.com/social/jobs,是,true,A类·企业官方,2026-09-30,2026-09-30,公开招聘中,是,2026-09-30,url_type记为listing_page。,A
CD0312|四川发展（控股）有限责任公司|业务经理（四川天府阳光招标代理有限公司采购业务部）|成都,CD0312,817,四川发展（控股）有限责任公司,是,A,国企事业单位,业务经理（四川天府阳光招标代理有限公司采购业务部）,成都,四川省·成都市,四川省,成都市,,成都,page_title,其他,社会招聘,页面未说明,页面未说明,三年以上工程招标、政府采购或企业采购实操经验,本科及以上,页面未说明,页面未说明,页面原文：收集整理客户需求，进行市场调研与政策分析，协助业主制订招采策略；负责招采项目全流程工作（采购文件编制、采购公告发布、澄清质疑答复、组织开评标、结果公示、发出中标通知书等）。,页面原文：本科及以上学历，工程造价、工程管理、采购管理等相关专业优先；持有建造师、监理工程师、造价工程师等职业资格证书者优先；具备三年以上工程招标、政府采购或企业采购实操经验。,页面未说明,listing_page,false,not_available,https://sdholding.zhiye.com/social/jobs,https://sdholding.zhiye.com/social/jobs,是,true,A类·企业官方,2026-09-30,2026-09-30,公开招聘中,是,2026-09-30,url_type记为listing_page。,A
CD0312|四川发展（控股）有限责任公司|费用会计（四川发展兴欣钒能源科技有限公司财务管理部）|成都,CD0312,818,四川发展（控股）有限责任公司,是,A,国企事业单位,费用会计（四川发展兴欣钒能源科技有限公司财务管理部）,成都,四川省·成都市,四川省,成都市,,成都,page_title,财务,社会招聘,页面未说明,页面未说明,2年及以上大中型生产企业财务工作或会计师事务所工作经验,本科及以上,页面未说明,页面未说明,页面原文：负责员工借支、各项期间费用的审核与核算；负责研发费用的专项核算与归集，并按要求整理相关备查资料及辅助台账；参与服务类采购合同的招采及合同评审；参与费用预算编制，监控执行情况并进行分析。,页面原文：本科及以上，会计及相关专业；年龄40岁及以下；2年及以上大中型生产企业财务工作或会计师事务所工作经验，需具备财务相关的初级及以上职称、职业资格。,页面未说明,listing_page,false,not_available,https://sdholding.zhiye.com/social/jobs,https://sdholding.zhiye.com/social/jobs,是,true,A类·企业官方,2026-09-30,2026-09-30,公开招聘中,是,2026-09-30,url_type记为listing_page。,A
CD0381|霸王茶姬|茶产研实习生-上海/成都|成都,CD0381,819,霸王茶姬,是,A,餐饮连锁,茶产研实习生-上海/成都,成都,成都、上海,四川省,成都市,,成都,page_title,研发,实习,页面未说明,页面未说明,页面未说明,茶学专业硕士及以上,页面未说明,页面未说明,页面原文：1、参与茶产业深化相关工作，包括茶叶产地寻源调研，实地考察全国主要茶树产区；2、协助分析霸王茶姬RTD（即饮茶饮）与现制茶饮的茶叶原料需求差异；3、开展茶叶工业运用与营养分析工作；4、对接高校、茶研所等科研机构，跟踪茶科研前沿技术。,页面原文：1、茶学专业硕士及以上学历，熟悉茶树产区分布、生长特性、育种技术等专业知识；2、具备扎实的科研分析能力；3、接受 base 成都或上海，具备良好的野外调研适应能力与沟通协调能力；4、对茶饮行业有热情。,页面未说明,direct_detail,true,high,https://jobs.chagee.com/campus/position/7623359449261361471/detail,https://jobs.chagee.com/,是,true,A类·企业官方,2026-09-30,2026-09-30,公开招聘中,是,2026-09-30,工作地含成都与上海，成都为其一（页面另写「接受 base 成都或上海」）。招聘站 jobs.chagee.com 为霸王茶姬自有域名下的招聘官网。,A
CD0332|成都兴城投资集团有限公司|集团管培生（投资发展方向）|成都,CD0332,820,成都兴城投资集团有限公司,是,A,国企事业单位,集团管培生（投资发展方向）,成都,公告正文未逐岗位标注工作地点；公司简介含「集团积极投身城市建设、开发和运营，建设了成都市东部新城和南部新区共56平方公里两个城市副中心」,四川省,成都市,,成都,page_title,管理,校园招聘,页面未说明,15-20万/年,页面未说明,页面未说明,页面未说明,页面未说明（招聘人数详见附件1《岗位信息》PDF，静态未提取）,页面未说明（岗位职责详见附件1《岗位信息》PDF，静态未提取）,页面未说明（任职资格详见附件1《岗位信息》PDF，静态未提取）,页面未说明,listing_page,false,not_available,https://www.cdxctz.com/giftedinfo.aspx?t=52&ContentId=431,https://www.cdxctz.com/giftedinfo.aspx?t=52&ContentId=431,是,true,A类·企业官方,2026-09-30,2026-09-30,公开招聘中,是,2026-09-30,同一公告URL承载8条岗位，url_type记为listing_page；报名截止2026年10月25日，核验日（2026-09-30）报名进行中；工作地未在公告逐岗标注，按集团本部成都填写，需人工复核。,A
CD0332|成都兴城投资集团有限公司|集团管培生（运营管理方向）|成都,CD0332,821,成都兴城投资集团有限公司,是,A,国企事业单位,集团管培生（运营管理方向）,成都,公告正文未逐岗位标注工作地点；公司简介含「建设了成都市东部新城和南部新区共56平方公里两个城市副中心」,四川省,成都市,,成都,page_title,管理,校园招聘,页面未说明,15-20万/年,页面未说明,页面未说明,页面未说明,页面未说明（招聘人数详见附件1《岗位信息》PDF，静态未提取）,页面未说明,页面未说明,页面未说明,listing_page,false,not_available,https://www.cdxctz.com/giftedinfo.aspx?t=52&ContentId=431,https://www.cdxctz.com/giftedinfo.aspx?t=52&ContentId=431,是,true,A类·企业官方,2026-09-30,2026-09-30,公开招聘中,是,2026-09-30,工作地未在公告逐岗标注，按集团本部成都填写，需人工复核。,A
CD0332|成都兴城投资集团有限公司|集团管培生（大数据方向）|成都,CD0332,822,成都兴城投资集团有限公司,是,A,国企事业单位,集团管培生（大数据方向）,成都,公告正文未逐岗位标注工作地点；公司简介含「建设了成都市东部新城和南部新区共56平方公里两个城市副中心」,四川省,成都市,,成都,page_title,技术,校园招聘,页面未说明,15-20万/年,页面未说明,页面未说明,页面未说明,页面未说明,页面未说明,页面未说明,页面未说明,listing_page,false,not_available,https://www.cdxctz.com/giftedinfo.aspx?t=52&ContentId=431,https://www.cdxctz.com/giftedinfo.aspx?t=52&ContentId=431,是,true,A类·企业官方,2026-09-30,2026-09-30,公开招聘中,是,2026-09-30,工作地未在公告逐岗标注，按集团本部成都填写，需人工复核。,A
CD0332|成都兴城投资集团有限公司|集团管培生（审计方向）|成都,CD0332,823,成都兴城投资集团有限公司,是,A,国企事业单位,集团管培生（审计方向）,成都,公告正文未逐岗位标注工作地点；公司简介含「建设了成都市东部新城和南部新区共56平方公里两个城市副中心」,四川省,成都市,,成都,page_title,财务,校园招聘,页面未说明,15-20万/年,页面未说明,页面未说明,页面未说明,页面未说明,页面未说明,页面未说明,页面未说明,listing_page,false,not_available,https://www.cdxctz.com/giftedinfo.aspx?t=52&ContentId=431,https://www.cdxctz.com/giftedinfo.aspx?t=52&ContentId=431,是,true,A类·企业官方,2026-09-30,2026-09-30,公开招聘中,是,2026-09-30,工作地未在公告逐岗标注，按集团本部成都填写，需人工复核。,A
CD0332|成都兴城投资集团有限公司|集团管培生（法务方向）|成都,CD0332,824,成都兴城投资集团有限公司,是,A,国企事业单位,集团管培生（法务方向）,成都,公告正文未逐岗位标注工作地点；公司简介含「建设了成都市东部新城和南部新区共56平方公里两个城市副中心」,四川省,成都市,,成都,page_title,法务,校园招聘,页面未说明,15-20万/年,页面未说明,页面未说明,页面未说明,页面未说明,页面未说明,页面未说明,页面未说明,listing_page,false,not_available,https://www.cdxctz.com/giftedinfo.aspx?t=52&ContentId=431,https://www.cdxctz.com/giftedinfo.aspx?t=52&ContentId=431,是,true,A类·企业官方,2026-09-30,2026-09-30,公开招聘中,是,2026-09-30,工作地未在公告逐岗标注，按集团本部成都填写，需人工复核。,A
CD0332|成都兴城投资集团有限公司|集团管培生（招标采购方向）|成都,CD0332,825,成都兴城投资集团有限公司,是,A,国企事业单位,集团管培生（招标采购方向）,成都,公告正文未逐岗位标注工作地点；公司简介含「建设了成都市东部新城和南部新区共56平方公里两个城市副中心」,四川省,成都市,,成都,page_title,供应链,校园招聘,页面未说明,15-20万/年,页面未说明,页面未说明,页面未说明,页面未说明,页面未说明,页面未说明,页面未说明,listing_page,false,not_available,https://www.cdxctz.com/giftedinfo.aspx?t=52&ContentId=431,https://www.cdxctz.com/giftedinfo.aspx?t=52&ContentId=431,是,true,A类·企业官方,2026-09-30,2026-09-30,公开招聘中,是,2026-09-30,工作地未在公告逐岗标注，按集团本部成都填写，需人工复核。,A
CD0332|成都兴城投资集团有限公司|投资发展部投资管理岗|成都,CD0332,826,成都兴城投资集团有限公司,是,A,国企事业单位,投资发展部投资管理岗,成都,公告正文未逐岗位标注工作地点；公司简介含「建设了成都市东部新城和南部新区共56平方公里两个城市副中心」,四川省,成都市,,成都,page_title,管理,校园招聘,页面未说明,14-18万/年,页面未说明,页面未说明,页面未说明,页面未说明,页面未说明,页面未说明,页面未说明,listing_page,false,not_available,https://www.cdxctz.com/giftedinfo.aspx?t=52&ContentId=431,https://www.cdxctz.com/giftedinfo.aspx?t=52&ContentId=431,是,true,A类·企业官方,2026-09-30,2026-09-30,公开招聘中,是,2026-09-30,工作地未在公告逐岗标注，按集团本部成都填写，需人工复核。,A
CD0332|成都兴城投资集团有限公司|财务部会计岗|成都,CD0332,827,成都兴城投资集团有限公司,是,A,国企事业单位,财务部会计岗,成都,公告正文未逐岗位标注工作地点；公司简介含「建设了成都市东部新城和南部新区共56平方公里两个城市副中心」,四川省,成都市,,成都,page_title,财务,校园招聘,页面未说明,14-18万/年,页面未说明,页面未说明,页面未说明,页面未说明,页面未说明,页面未说明,页面未说明,listing_page,false,not_available,https://www.cdxctz.com/giftedinfo.aspx?t=52&ContentId=431,https://www.cdxctz.com/giftedinfo.aspx?t=52&ContentId=431,是,true,A类·企业官方,2026-09-30,2026-09-30,公开招聘中,是,2026-09-30,工作地未在公告逐岗标注，按集团本部成都填写，需人工复核。,A
CD0332|成都兴城投资集团有限公司|销售管理部销售管理岗|成都,CD0332,828,成都兴城投资集团有限公司,是,A,地产,销售管理部销售管理岗,成都,公告正文未逐岗位标注工作地点；公司简介：兴城人居公司「累计在成都市21个区（市）县拿地7600余亩，开发商品房、政策房项目102个」,四川省,成都市,,成都,page_title,市场,社会招聘,页面未说明,13-16万元/年,页面未说明,页面未说明,页面未说明,页面未说明（详见附件1《岗位信息》）,页面未说明（详见附件1《岗位信息》）,公告统一要求：符合本公告招聘岗位所需资格条件，应聘者的有效毕业证、学位证所载学历学位和专业名称应与所应聘岗位资格条件要求相符,页面未说明,listing_page,false,not_available,https://www.cdxctz.com/giftedinfo.aspx?ContentId=429&t=52,https://www.cdxctz.com/giftedinfo.aspx?ContentId=429&t=52,是,true,A类·企业官方,2026-09-30,2026-09-30,公开招聘中,是,2026-09-30,用人单位为兴城人居公司，投递邮箱 www.renjuHR@xcrenju.com；核验日报名进行中。工作地未在公告逐岗标注，按公司所在地成都填写。,A
CD0332|成都兴城投资集团有限公司|市场策划部策划管理岗|成都,CD0332,829,成都兴城投资集团有限公司,是,A,地产,市场策划部策划管理岗,成都,公告正文未逐岗位标注工作地点；公司简介：兴城人居公司「累计在成都市21个区（市）县拿地7600余亩」,四川省,成都市,,成都,page_title,市场,社会招聘,页面未说明,13-16万元/年,页面未说明,页面未说明,页面未说明,页面未说明,页面未说明,公告统一要求：符合本公告招聘岗位所需资格条件，学历学位与专业名称应与岗位资格条件相符,页面未说明,listing_page,false,not_available,https://www.cdxctz.com/giftedinfo.aspx?ContentId=429&t=52,https://www.cdxctz.com/giftedinfo.aspx?ContentId=429&t=52,是,true,A类·企业官方,2026-09-30,2026-09-30,公开招聘中,是,2026-09-30,用人单位为兴城人居公司；工作地未在公告逐岗标注，按公司所在地成都填写。,A
CD0332|成都兴城投资集团有限公司|财务管理部会计管理岗（兴城人居公司）|成都,CD0332,830,成都兴城投资集团有限公司,是,A,地产,财务管理部会计管理岗（兴城人居公司）,成都,公告正文未逐岗位标注工作地点；公司简介：兴城人居公司「累计在成都市21个区（市）县拿地7600余亩」,四川省,成都市,,成都,page_title,财务,社会招聘,页面未说明,10-15万元/年,页面未说明,页面未说明,页面未说明,页面未说明,页面未说明,公告统一要求：符合本公告招聘岗位所需资格条件，学历学位与专业名称应与岗位资格条件相符,页面未说明,listing_page,false,not_available,https://www.cdxctz.com/giftedinfo.aspx?ContentId=429&t=52,https://www.cdxctz.com/giftedinfo.aspx?ContentId=429&t=52,是,true,A类·企业官方,2026-09-30,2026-09-30,公开招聘中,是,2026-09-30,职位名后括号内为公告所列用人单位，用于与兴怡公司同名岗位区分；岗位原文名称为「财务管理部会计管理岗」。,A
CD0332|成都兴城投资集团有限公司|财务管理部会计管理岗（兴怡公司）|成都,CD0332,831,成都兴城投资集团有限公司,是,A,地产,财务管理部会计管理岗（兴怡公司）,成都,公告正文：成都人居兴怡置业有限公司「位于四川省成都市双流区怡心街道和顺路一段216号（注册地址）」，负责双流区怡心街道两宗住宅用地开发建设,四川省,成都市,,成都,page_title,财务,社会招聘,页面未说明,10-15万元/年,页面未说明,页面未说明,页面未说明,页面未说明,页面未说明,公告统一要求：符合本公告招聘岗位所需资格条件，学历学位与专业名称应与岗位资格条件相符,页面未说明,listing_page,false,not_available,https://www.cdxctz.com/giftedinfo.aspx?ContentId=429&t=52,https://www.cdxctz.com/giftedinfo.aspx?ContentId=429&t=52,是,true,A类·企业官方,2026-09-30,2026-09-30,公开招聘中,是,2026-09-30,用人单位为成都人居兴怡置业有限公司，公告正文给出其成都双流区注册地址，工作地依据充分；职位原文名称为「财务管理部会计管理岗」。,A
CD0332|成都兴城投资集团有限公司|数据管理岗|成都,CD0332,832,成都兴城投资集团有限公司,是,A,建筑与工程,数据管理岗,成都,公告正文未逐岗位标注工作地点；用人单位为成都建工集团有限公司（成都）。公告正文另含「成都建工第八建筑工程有限公司…公司总部设于成都」等成都字样,四川省,成都市,,成都,page_title,其他,社会招聘,页面未说明,10-15万元/年,页面未说明,页面未说明,页面未说明,页面未说明（详见附件1《岗位信息》）,页面未说明（详见附件1《岗位信息》）,公告统一要求：政治素质好、职业素养高、业务能力强、作风品德正；认同公司企业文化；遵守国家法律法规，无违法违纪记录,页面未说明,listing_page,false,not_available,https://www.cdxctz.com/giftedinfo.aspx?t=52&contentid=335,https://www.cdxctz.com/giftedinfo.aspx?t=52&contentid=335,是,true,A类·企业官方,2026-09-30,2026-09-30,待人工复核,待人工复核,2026-09-30,岗位所属部门为科技质量部（技术中心、信息中心），投递邮箱 hr@cdceg.com.cn。公告报名时间2026年6月24日至7月8日，核验日已过截止日但页面未标注关闭，按契约保留并记为待人工复核。,A
CD0332|成都兴城投资集团有限公司|项目成本核算岗|成都,CD0332,833,成都兴城投资集团有限公司,是,A,建筑与工程,项目成本核算岗,成都,公告正文未逐岗位标注工作地点；用人单位为成都建工第六建筑工程有限公司（成都，系成都兴城集团三级全资子公司）,四川省,成都市,,成都,page_title,财务,社会招聘,页面未说明,5-10万元/年,页面未说明,页面未说明,页面未说明,页面未说明,页面未说明,公告统一要求：政治素质好、职业素养高、业务能力强、作风品德正；认同公司企业文化,页面未说明,listing_page,false,not_available,https://www.cdxctz.com/giftedinfo.aspx?t=52&contentid=335,https://www.cdxctz.com/giftedinfo.aspx?t=52&contentid=335,是,true,A类·企业官方,2026-09-30,2026-09-30,待人工复核,待人工复核,2026-09-30,报名已于2026年7月8日截止，页面未标注关闭，记为待人工复核。,A
CD0332|成都兴城投资集团有限公司|法务管理岗（成都建工第八建筑工程有限公司）|成都,CD0332,834,成都兴城投资集团有限公司,是,A,建筑与工程,法务管理岗（成都建工第八建筑工程有限公司）,成都,公告正文：成都建工第八建筑工程有限公司「公司总部设于成都，下设华北和华南两家分公司」,四川省,成都市,,成都,page_title,法务,社会招聘,页面未说明,12-14万元/年,页面未说明,页面未说明,页面未说明,页面未说明,页面未说明,公告统一要求：政治素质好、职业素养高、业务能力强、作风品德正；身体健康，具有正常履行岗位职责的身体条件,页面未说明,listing_page,false,not_available,https://www.cdxctz.com/giftedinfo.aspx?t=52&contentid=335,https://www.cdxctz.com/giftedinfo.aspx?t=52&contentid=335,是,true,A类·企业官方,2026-09-30,2026-09-30,待人工复核,待人工复核,2026-09-30,岗位原文名称为「法务管理岗」，括号内为公告所列用人单位，用于与绿色建材板块同名岗位区分。报名已于2026年7月8日截止，记为待人工复核。,A
CD0332|成都兴城投资集团有限公司|法务管理岗（成都建工绿色建材板块）|成都,CD0332,835,成都兴城投资集团有限公司,是,A,建筑与工程,法务管理岗（成都建工绿色建材板块）,成都,公告正文未逐岗位标注工作地点；用人单位成都建工绿色建材板块由成都建工赛利混凝土有限公司、成都建工预筑科技有限公司、成都建工工业化建筑有限公司等整合形成（成都建工集团所属）,四川省,成都市,,成都,page_title,法务,社会招聘,页面未说明,10-15万元/年,页面未说明,页面未说明,页面未说明,页面未说明,页面未说明,公告统一要求：政治素质好、职业素养高、业务能力强、作风品德正,页面未说明,listing_page,false,not_available,https://www.cdxctz.com/giftedinfo.aspx?t=52&contentid=335,https://www.cdxctz.com/giftedinfo.aspx?t=52&contentid=335,是,true,A类·企业官方,2026-09-30,2026-09-30,待人工复核,待人工复核,2026-09-30,岗位原文名称为「法务管理岗」。报名已于2026年7月8日截止，记为待人工复核。,A
